Περιοχή,ΤΚ,"Νέες συνδέσεις","Μήνας σύνδεσης"
"ΠΛΑΤΕΙΑ ΒΙΚΤΩΡΙΑΣ",10434,2,01/2023
ΜΕΤΑΞΟΥΡΓΕΙΟ,10435,2,01/2023
ΜΕΤΑΞΟΥΡΓΕΙΟ,10437,4,01/2023
"ΑΚΑΔ. ΠΛΑΤΩΝΟΣ",10441,2,01/2023
"ΑΚΑΔ. ΠΛΑΤΩΝΟΣ",10442,1,01/2023
ΚΟΛΩΝΟΣ,10444,8,01/2023
ΘΥΜΑΡΑΚΙΑ,10445,1,01/2023
"ΠΛΑΤΕΙΑ ΑΤΤΙΚΗΣ",10445,10,01/2023
"ΠΡΟΦ. ΔΑΝΙΗΛ",10447,5,01/2023
ΨΥΡΡΗ,10554,3,01/2023
ΠΛΑΚΑ,10556,2,01/2023
ΚΕΝΤΡΟ,10563,2,01/2023
ΕΞΑΡΧΕΙΑ,10678,1,01/2023
ΚΥΠΡΙΑΔΟΥ,11141,1,01/2023
ΓΑΛΑΤΣΙ,11146,1,01/2023
ΚΟΛΙΑΤΣΟΥ,11254,1,01/2023
"ΠΛΑΤΕΙΑ ΚΟΛΙΑΤΣΟΥ",11255,1,01/2023
ΚΕΦΑΛΛΗΝΙΑΣ,11257,19,01/2023
"ΝΕΑ ΚΥΨΕΛΗ",11363,4,01/2023
ΚΕΝΤΡΟ,11471,1,01/2023
ΝΕΑΠΟΛΗ,11471,2,01/2023
ΑΒΕΡΩΦ,11522,1,01/2023
ΑΜΠΕΛΟΚΗΠΟΙ,11523,1,01/2023
ΓΗΡΟΚΟΜΕΙΟ,11524,2,01/2023
"ΝΕΑ ΦΙΛΟΘΕΗ",11524,1,01/2023
ΑΘΗΝΑ,11632,1,01/2023
ΓΟΥΒΑ,11632,1,01/2023
ΠΑΓΚΡΑΤΙ,11632,1,01/2023
ΠΑΓΚΡΑΤΙ,11633,1,01/2023
ΚΟΥΚΑΚΙ,11741,1,01/2023
"ΚΥΝΟΣΑΡΓΟΥΣ ΝΕΟΣ ΚΟΣΜΟΣ",11743,1,01/2023
"ΑΓ. ΓΕΩΡΓΙΟΣ",11744,1,01/2023
"ΝΕΟΣ ΚΟΣΜΟΣ",11744,1,01/2023
ΘΗΣΕΙΟ,11851,1,01/2023
"ΚΑΤΩ ΠΕΤΡΑΛΩΝΑ",11853,1,01/2023
"ΚΑΤΩ ΠΕΤΡΑΛΩΝΑ",11854,1,01/2023
ΠΕΡΙΣΤΕΡΙ,12131,2,01/2023
"Ν. ΚΟΛΟΚΥΝΘΟΥ",12132,2,01/2023
ΠΕΡΙΣΤΕΡΙ,12132,7,01/2023
ΜΠΟΥΡΝΑΖΙ,12133,4,01/2023
ΠΕΡΙΣΤΕΡΙ,12134,4,01/2023
ΑΝΘΟΥΠΟΛΗ,12135,4,01/2023
"ΑΣΠΡΑ ΧΩΜΑΤΑ",12135,1,01/2023
ΠΕΡΙΣΤΕΡΙ,12135,2,01/2023
ΠΕΡΙΣΤΕΡΙ,12136,14,01/2023
"ΑΣΠΡΑ ΧΩΜΑΤΑ",12137,5,01/2023
ΠΕΡΙΣΤΕΡΙ,12137,1,01/2023
"ΑΓ. ΣΑΒΒΑΣ",12241,1,01/2023
"ΑΡ. ΙΕΡΑΣ ΟΔΟΥ",12241,2,01/2023
ΝΤΑΜΑΡΑΚΙΑ,12241,1,01/2023
"ΔΕΞ. ΙΕΡΑΣ ΟΔΟΥ",12242,3,01/2023
"ΔΕΞ. ΙΕΡΑΣ ΟΔΟΥ",12243,1,01/2023
ΛΙΟΥΜΗ,12243,1,01/2023
"ΑΓ. ΒΑΡΒΑΡΑ",12351,1,01/2023
"ΑΡ. ΕΛ. ΒΕΝΙΖΕΛΟΥ",12351,2,01/2023
ΙΛΙΟΝ,13121,1,01/2023
ΠΑΛΑΤΙΑΝΗ,13121,2,01/2023
ΙΛΙΟΝ,13122,2,01/2023
ΡΑΔΙΟΦΩΝΙΑ,13122,2,01/2023
ΙΛΙΟΝ,13123,4,01/2023
ΜΙΧΕΛΗ,13123,1,01/2023
ΡΑΔΙΟΦΩΝΙΑ,13123,1,01/2023
ΚΗΠΟΥΠΟΛΗ,13231,2,01/2023
ΠΕΤΡΟΥΠΟΛΗ,13231,5,01/2023
ΠΕΤΡΟΥΠΟΛΗ,13232,2,01/2023
"ΑΓ. ΝΙΚΟΛΑΟΣ",13451,3,01/2023
ΓΕΡΟΒΟΥΝΟ,13451,4,01/2023
ΚΑΜΑΤΕΡΟ,13451,1,01/2023
"Ν. ΟΛΥΜΠΙΑ",13451,1,01/2023
"ΑΓ. ΑΝΑΡΓΥΡΟΙ",13561,5,01/2023
"ΑΓ. ΑΝΑΡΓΥΡΟΙ",13562,1,01/2023
ΓΕΡΟΒΟΥΝΟ,13671,2,01/2023
ΛΥΚΟΤΡΥΠΑ,13671,4,01/2023
ΧΑΡΑΥΓΗ,13671,1,01/2023
"ΑΓ. ΑΘΑΝΑΣΙΟΣ",13672,1,01/2023
"ΑΓ. ΠΕΤΡΟΣ",13672,1,01/2023
ΝΕΑΠΟΛΗ,13672,1,01/2023
"ΠΡΟΦ. ΗΛΙΑΣ",13672,1,01/2023
ΛΑΘΕΑ,13674,1,01/2023
"ΠΑΛ. ΜΕΝΙΔΙ",13674,11,01/2023
"ΑΓ. ΠΕΤΡΟΣ",13675,2,01/2023
ΝΕΑΠΟΛΗ,13675,3,01/2023
ΘΡΑΚΟΜΑΚΕΔΟΝΕΣ,13676,4,01/2023
"ΜΕΓ. ΣΧΙΝΑ",13679,5,01/2023
ΜΠΟΣΚΙΖΑ,13679,2,01/2023
ΠΑΝΟΡΑΜΑ,13679,1,01/2023
ΗΡΑΚΛΕΙΟ,14121,1,01/2023
"ΝΕΟ ΗΡΑΚΛΕΙΟ",14121,1,01/2023
ΗΡΑΚΛΕΙΟ,14122,6,01/2023
"ΝΕΟ ΗΡΑΚΛΕΙΟ",14122,1,01/2023
ΠΕΡΙΣΣΟΣ,14232,2,01/2023
ΝΕΑΠΟΛΗ,14233,2,01/2023
ΣΑΦΡΑΜΠΟΛΙΣ,14233,6,01/2023
ΚΑΛΟΓΡΕΖΑ,14234,1,01/2023
"ΝΕΑ ΙΩΝΙΑ",14234,2,01/2023
ΑΛΣΟΥΠΟΛΗ,14235,12,01/2023
ΜΕΤΑΜΟΡΦΩΣΗ,14451,1,01/2023
ΜΕΤΑΜΟΡΦΩΣΗ,14452,13,01/2023
ΑΛΩΝΙΑ,14562,3,01/2023
ΑΔΑΜΕΣ,14564,1,01/2023
ΠΕΥΚΗ,15121,4,01/2023
ΜΑΡΟΥΣΙ,15124,3,01/2023
ΜΑΡΟΥΣΙ,15125,2,01/2023
ΠΑΡΑΔΕΙΣΟΣ,15125,1,01/2023
ΜΑΡΟΥΣΙ,15126,1,01/2023
"ΣΤΟΥΝΤΙΟ ΑΛΦΑ",15126,1,01/2023
ΜΕΛΙΣΣΙΑ,15127,1,01/2023
ΧΑΛΑΝΔΡΙ,15231,1,01/2023
ΧΑΛΑΝΔΡΙ,15232,8,01/2023
ΠΟΛΥΔΡΟΣΟ,15233,1,01/2023
ΧΑΛΑΝΔΡΙ,15233,31,01/2023
ΧΑΛΑΝΔΡΙ,15234,8,01/2023
"ΝΕΑ ΠΕΝΤΕΛΗ",15236,1,01/2023
ΠΕΝΤΕΛΗ,15236,1,01/2023
ΦΙΛΟΘΕΗ,15237,2,01/2023
ΠΑΤΗΜΑ,15238,2,01/2023
"ΑΓ. ΠΑΡΑΣΚΕΥΗ",15341,1,01/2023
"ΝΕΑ ΖΩΗ",15341,3,01/2023
"ΑΓ. ΠΑΡΑΣΚΕΥΗ",15342,1,01/2023
ΠΕΥΚΑΚΙΑ,15343,2,01/2023
ΠΑΛΛΗΝΗ,15351,15,01/2023
"ΓΛΥΚΑ ΝΕΡΑ",15354,1,01/2023
"ΝΕΟ ΨΥΧΙΚΟ",15451,1,01/2023
ΨΥΧΙΚΟ,15452,3,01/2023
ΧΟΛΑΡΓΟΣ,15561,1,01/2023
ΧΟΛΑΡΓΟΣ,15562,1,01/2023
ΠΑΠΑΓΟΣ,15669,7,01/2023
ΖΩΓΡΑΦΟΥ,15771,1,01/2023
ΖΩΓΡΑΦΟΥ,15772,6,01/2023
ΖΩΓΡΑΦΟΥ,15773,3,01/2023
ΜΕΤΑΜΟΡΦΩΣΗ,16232,1,01/2023
ΚΑΡΕΑΣ,16233,1,01/2023
ΗΛΙΟΥΠΟΛΗ,16341,2,01/2023
ΑΣΤΥΝΟΜΙΚΑ,16342,4,01/2023
"ΑΓ. ΜΑΡΙΝΑ",16343,7,01/2023
"ΑΓ. ΜΑΡΙΝΑ",16344,1,01/2023
ΗΛΙΟΥΠΟΛΗ,16345,1,01/2023
ΚΑΝΑΡΙΑ,16345,2,01/2023
"ΑΓ. ΚΩΝΣΤΑΝΤΙΝΟΣ",16346,3,01/2023
ΗΛΙΟΥΠΟΛΗ,16346,1,01/2023
ΑΡΓΥΡΟΥΠΟΛΗ,16451,10,01/2023
ΑΡΓΥΡΟΥΠΟΛΗ,16452,6,01/2023
ΓΛΥΦΑΔΑ,16561,1,01/2023
ΤΕΡΨΙΘΕΑ,16561,4,01/2023
ΓΛΥΦΑΔΑ,16562,1,01/2023
ΑΣΥΡΜΑΤΟΣ,16672,1,01/2023
ΒΑΡΗ,16672,4,01/2023
ΒΑΡΚΙΖΑ,16672,3,01/2023
ΜΗΛΑΔΕΖΑ,16672,1,01/2023
ΒΟΥΛΑ,16673,2,01/2023
ΔΙΚΗΓΟΡΙΚΑ,16673,2,01/2023
ΚΑΛΥΜΝΙΩΝ,16673,3,01/2023
ΠΑΝΟΡΑΜΑ,16673,2,01/2023
ΓΛΥΦΑΔΑ,16674,7,01/2023
ΚΑΡΒΕΛΑΣ,16674,5,01/2023
ΤΕΡΨΙΘΕΑ,16674,2,01/2023
ΓΛΥΦΑΔΑ,16675,16,01/2023
ΕΛΛΗΝΙΚΟ,16777,2,01/2023
ΧΑΣΑΝΙ,16777,3,01/2023
"ΝΕΑ ΣΜΥΡΝΗ",17123,4,01/2023
ΔΑΦΝΗ,17234,1,01/2023
ΔΑΦΝΗ,17235,2,01/2023
"ΑΓ. ΔΗΜΗΤΡΙΟΣ",17236,1,01/2023
ΔΑΦΝΗ,17237,4,01/2023
ΥΜΗΤΤΟΣ,17237,6,01/2023
"ΑΓ. ΔΗΜΗΤΡΙΟΣ",17341,1,01/2023
ΑΣΥΡΜΑΤΟΣ,17341,6,01/2023
ΣΑΡΩΝΙΚΟΣ,17341,2,01/2023
ΑΓΡΙΛΙΟΣ,17342,1,01/2023
ΑΝΟΙΞΗ,17342,1,01/2023
"ΕΘΝΙΚΗΣ ΑΝΤΙΣΤΑΣΗΣ",17342,1,01/2023
"ΑΓ. ΔΗΜΗΤΡΙΟΣ",17343,1,01/2023
ΑΛΙΜΟΣ,17455,1,01/2023
ΚΑΛΑΜΑΚΙ,17455,12,01/2023
ΕΚΤΕΛΩΝΙΣΤΩΝ,17456,4,01/2023
ΚΥΘΗΡΙΩΝ,17456,9,01/2023
"ΠΑΛΑΙΟ ΦΑΛΗΡΟ",17561,2,01/2023
"ΠΑΛΑΙΟ ΦΑΛΗΡΟ",17562,7,01/2023
"ΑΓ. ΒΑΡΒΑΡΑ",17563,1,01/2023
ΚΑΛΛΙΘΕΑ,17672,1,01/2023
ΚΑΛΛΙΘΕΑ,17673,1,01/2023
ΤΖΙΤΖΙΦΙΕΣ,17674,1,01/2023
"ΑΓ. ΕΛΕΟΥΣΑ",17675,1,01/2023
ΤΖΙΤΖΙΦΙΕΣ,17675,2,01/2023
ΤΑΥΡΟΣ,17778,1,01/2023
ΚΟΡΥΔΑΛΛΟΣ,18120,2,01/2023
"ΠΛΑΤΕΙΑ ΕΛΕΥΘΕΡΙΑΣ",18120,2,01/2023
"ΑΝΩ ΚΟΡΥΔΑΛΛΟΣ",18121,4,01/2023
"Γ ΝΕΚΡΟΤΑΦΕΙΟ",18121,3,01/2023
"ΑΝΩ ΚΟΡΥΔΑΛΛΟΣ",18122,3,01/2023
ΣΧΙΣΤΟ,18122,2,01/2023
"ΑΓ. Ι. ΡΕΝΤΗΣ",18233,5,01/2023
"Π. ΚΟΚΚΙΝΙΑ",18233,3,01/2023
ΜΕΤΑΜΟΡΦΩΣΗ,18344,4,01/2023
ΠΑΡΑΛΙΑ,18344,7,01/2023
ΜΕΤΑΜΟΡΦΩΣΗ,18345,1,01/2023
ΠΑΡΑΛΙΑ,18345,1,01/2023
ΑΡΜΕΝΙΚΑ,18450,1,01/2023
"ΟΣΙΑ ΞΕΝΗ",18450,1,01/2023
ΓΗΠΕΔΟ,18451,1,01/2023
ΝΕΑΠΟΛΗ,18452,7,01/2023
"ΑΓ. ΓΕΩΡΓΙΟΣ",18453,1,01/2023
"ΟΣΙΑ ΞΕΝΗ",18453,2,01/2023
"Π. ΚΟΚΚΙΝΙΑ",18454,1,01/2023
"ΛΑΚΚΑ ΒΑΒΟΥΛΑ",18532,1,01/2023
ΒΡΥΩΝΗ,18537,1,01/2023
ΦΡΕΑΤΤΥΔΑ,18537,1,01/2023
ΒΡΥΩΝΗ,18538,1,01/2023
ΧΑΤΖΗΚΥΡΙΑΚΕΙΟ,18538,1,01/2023
ΚΑΜΙΝΙΑ,18540,1,01/2023
ΑΠΟΛΛΩΝ,18541,1,01/2023
ΚΑΜΙΝΙΑ,18541,3,01/2023
ΚΑΡΑΒΑΣ,18543,1,01/2023
ΜΑΝΙΑΤΙΚΑ,18544,8,01/2023
"ΑΓ. ΣΟΦΙΑ",18545,19,01/2023
"ΝΕΟ ΦΑΛΗΡΟ",18547,1,01/2023
ΔΡΑΠΕΤΣΩΝΑ,18648,2,01/2023
ΚΟΠΗ,18755,1,01/2023
ΧΑΡΑΥΓΗ,18755,1,01/2023
"ΑΓ. ΑΝΤΩΝΙΟΣ",18757,1,01/2023
ΑΜΦΙΑΛΗ,18757,1,01/2023
ΚΟΚΚΙΝΟΒΡΑΧΟΣ,18757,1,01/2023
"ΑΓ. ΑΝΤΩΝΙΟΣ",18758,2,01/2023
ΑΜΦΙΑΛΗ,18758,1,01/2023
ΠΑΠΑΔΟΠΟΥΛΟΥ,18863,1,01/2023
"ΠΡΟΦ. ΗΛΙΑΣ",18863,2,01/2023
"ΑΓ. ΧΑΡΑΛΑΜΠΟΣ",18900,1,01/2023
ΜΠΟΣΧΟΥ,18900,1,01/2023
ΠΑΤΡΙΣ,18900,1,01/2023
ΤΣΑΜΗ,18900,2,01/2023
ΑΙΑΝΤΕΙΟ,18903,1,01/2023
"ΑΙΑΝΤΕΙΟ ΜΑΙΝΕΜΕΝΗ",18903,1,01/2023
ΚΑΤΣΟΥΛΗ,18903,1,01/2023
ΕΛΕΥΣΙΝΑ,19200,2,01/2023
ΑΣΠΡΟΠΥΡΓΟΣ,19300,3,01/2023
ΝΕΟΚΤΙΣΤΑ,19300,1,01/2023
"ΤΡΥΠΑ ΑΛΕΠΟΥ (Θ. 14)",19300,1,01/2023
"ΑΓ. ΑΝΑΡΓΥΡΟΙ",13561,7,01/2024
"ΑΓ. ΑΝΤΩΝΙΟΣ",18757,2,01/2024
"ΑΓ. ΑΝΤΩΝΙΟΣ",18758,1,01/2024
"ΑΓ. ΒΑΡΒΑΡΑ",17235,2,01/2024
"ΑΓ. ΒΑΣΙΛΕΙΟΣ",18537,5,01/2024
"ΑΓ. ΓΕΩΡΓΙΟΣ",11744,2,01/2024
"ΑΓ. ΓΕΩΡΓΙΟΣ",18756,2,01/2024
"ΑΓ. ΓΡΗΓΟΡΟΥΣΑ",12461,3,01/2024
"ΑΓ. ΔΗΜΗΤΡΙΟΣ",17343,11,01/2024
"ΑΓ. ΘΩΜΑΣ",15124,1,01/2024
"ΑΓ. ΙΕΡΟΘΕΟΣ",12137,4,01/2024
"ΑΓ. ΚΩΝΣΤΑΝΤΙΝΟΣ",16346,6,01/2024
"ΑΓ. ΜΑΡΙΝΑ",16343,1,01/2024
"ΑΓ. ΜΑΡΙΝΑ",16344,1,01/2024
"ΑΓ. ΜΑΡΙΝΑ",16345,1,01/2024
"ΑΓ. ΜΗΝΑΣ",18758,1,01/2024
"ΑΓ. ΜΗΝΑΣ",18900,2,01/2024
"ΑΓ. ΝΙΚΟΛΑΟΣ",13451,2,01/2024
"ΑΓ. ΝΙΚΟΛΑΟΣ",18900,2,01/2024
"ΑΓ. ΠΑΝΤΕΛΕΗΜΩΝ",17456,11,01/2024
"ΑΓ. ΠΑΡΑΣΚΕΥΗ",15342,3,01/2024
"ΑΓ. ΠΕΤΡΟΣ",13675,9,01/2024
"ΑΓ. ΣΑΒΒΑΣ",12241,1,01/2024
ΑΓΡΙΛΙΟΣ,17342,3,01/2024
ΑΙΑΝΤΕΙΟ,18903,2,01/2024
"ΑΚΑΔ. ΠΛΑΤΩΝΟΣ",10441,4,01/2024
ΑΛΩΝΙΑ,14562,3,01/2024
"ΑΜΠΕΛΑΚΙΑ ΝΕΑ ΠΟΛΙΤΕΙΑ",18902,1,01/2024
"ΑΜΠΕΛΑΚΙΑ ΟΤΕ",18902,1,01/2024
ΑΜΠΕΛΟΚΗΠΟΙ,11523,1,01/2024
ΑΜΠΕΛΟΚΗΠΟΙ,11527,1,01/2024
ΑΜΦΙΑΛΗ,18757,4,01/2024
ΑΜΦΙΘΕΑ,17563,2,01/2024
ΑΜΦΙΘΕΑ,17564,1,01/2024
ΑΝΑΓΕΝΝΗΣΗ,12243,3,01/2024
ΑΝΑΚΑΣΑ,13562,3,01/2024
ΑΝΑΛΗΨΗ,18452,10,01/2024
ΑΝΘΕΩΝ,17343,1,01/2024
ΑΝΘΟΥΠΟΛΗ,12135,1,01/2024
ΑΝΟΙΞΗ,17342,1,01/2024
ΑΝΟΙΞΗ,17343,2,01/2024
"ΑΝΩ ΚΟΡΥΔΑΛΛΟΣ",18122,2,01/2024
"ΑΝΩ ΚΥΨΕΛΗ",11364,1,01/2024
"ΑΝΩ ΛΙΟΥΜΗ",12243,1,01/2024
"ΑΝΩ ΠΑΤΗΣΙΑ",11143,1,01/2024
"ΑΝΩ ΠΕΤΡΑΛΩΝΑ",11851,12,01/2024
"ΑΝΩ ΠΕΤΡΑΛΩΝΑ",11852,1,01/2024
ΑΠΟΛΛΩΝ,18541,2,01/2024
"ΑΡ. ΕΛ. ΒΕΝΙΖΕΛΟΥ",12351,1,01/2024
"ΑΡ. ΙΕΡΑΣ ΟΔΟΥ",12241,1,01/2024
ΑΡΓΥΡΟΥΠΟΛΗ,16451,7,01/2024
ΑΡΓΥΡΟΥΠΟΛΗ,16452,2,01/2024
ΑΡΜΕΝΙΚΑ,18450,1,01/2024
"ΑΣΠΡΑ ΧΩΜΑΤΑ",12135,1,01/2024
"ΑΣΠΡΑ ΧΩΜΑΤΑ",12137,2,01/2024
"ΑΣΠΡΑ ΧΩΜΑΤΑ",18454,3,01/2024
ΑΣΠΡΟΠΥΡΓΟΣ,19300,4,01/2024
ΑΣΥΡΜΑΤΟΣ,16672,2,01/2024
ΑΣΥΡΜΑΤΟΣ,17341,2,01/2024
"ΑΥΛΩΝΑ ΑΝΑΤΟΛΙΚΗΣ ΑΤΤΙΚΗΣ",19011,1,01/2024
ΒΑΡΗ,16672,4,01/2024
ΒΑΡΚΙΖΑ,16672,1,01/2024
ΒΛΑΧΙΚΑ,16672,3,01/2024
ΒΟΥΛΑ,16673,4,01/2024
ΒΡΟΝΤΟΥ,18900,1,01/2024
ΒΡΥΩΝΗ,18538,3,01/2024
ΒΥΡΩΝΑΣ,16232,1,01/2024
ΒΥΡΩΝΑΣ,16233,1,01/2024
ΓΑΛΑΤΣΙ,11146,10,01/2024
ΓΑΛΑΤΣΙ,11147,1,01/2024
ΓΕΡΜΑΝΙΚΑ,19300,1,01/2024
"ΓΕΡΜΑΝΙΚΟΣ ΔΡΟΜΟΣ ΒΟΡΕΙΟ",19100,1,01/2024
ΓΕΡΟΒΟΥΝΟ,13451,3,01/2024
ΓΕΡΟΒΟΥΝΟ,13671,1,01/2024
"ΓΗΠΕΔΟ-ΝΕΟ ΜΕΛΙ",19100,1,01/2024
ΓΚΑΖΟΧΩΡΙ,11854,7,01/2024
ΓΚΥΖΗ,11476,1,01/2024
"ΓΛΥΚΑ ΝΕΡΑ",15354,1,01/2024
ΓΛΥΦΑΔΑ,16562,1,01/2024
ΓΛΥΦΑΔΑ,16674,8,01/2024
ΓΛΥΦΑΔΑ,16675,1,01/2024
ΓΟΥΔΙ,11527,1,01/2024
ΔΑΣΟΣ,12462,7,01/2024
ΔΑΦΝΗ,17234,2,01/2024
ΔΑΦΝΗ,17235,1,01/2024
"ΔΕΞ. ΕΛ. ΒΕΝΙΖΕΛΟΥ",12351,5,01/2024
ΔΗΜΟΤΙΚΟ,18534,1,01/2024
ΔΙΚΗΓΟΡΙΚΑ,16673,2,01/2024
ΔΡΑΠΕΤΣΩΝΑ,18648,1,01/2024
"ΕΘΝΙΚΗΣ ΑΝΤΙΣΤΑΣΗΣ",17342,5,01/2024
ΕΚΤΕΛΩΝΙΣΤΩΝ,17456,5,01/2024
ΕΛΕΥΣΙΝΑ,19200,2,01/2024
ΕΞΑΡΧΕΙΑ,10678,1,01/2024
ΕΞΑΡΧΕΙΑ,10681,1,01/2024
ΕΦΟΡΙΑΚΩΝ,17456,1,01/2024
ΖΕΦΥΡΙ,13461,1,01/2024
ΖΩΓΡΑΦΟΥ,15772,8,01/2024
ΗΛΙΟΥΠΟΛΗ,16341,8,01/2024
ΗΛΙΟΥΠΟΛΗ,16346,4,01/2024
ΗΡΑΚΛΕΙΟ,14121,2,01/2024
ΗΡΑΚΛΕΙΟ,14122,11,01/2024
ΘΡΑΚΟΜΑΚΕΔΟΝΕΣ,13676,3,01/2024
ΘΥΜΑΡΑΚΙΑ,10445,10,01/2024
ΙΕΡΑΠΟΛΗ,12244,1,01/2024
ΙΛΙΟΝ,13121,2,01/2024
ΙΛΙΟΝ,13122,8,01/2024
ΙΛΙΟΝ,13123,3,01/2024
ΚΑΛΑΜΑΚΙ,17455,19,01/2024
ΚΑΛΛΙΘΕΑ,17673,1,01/2024
ΚΑΛΛΙΠΟΛΗ,18539,1,01/2024
ΚΑΛΟΓΡΕΖΑ,14234,3,01/2024
ΚΑΜΑΤΕΡΟ,13451,1,01/2024
ΚΑΜΙΝΙ,16672,1,01/2024
ΚΑΜΙΝΙΑ,18541,1,01/2024
ΚΑΝΑΡΙΑ,16345,1,01/2024
ΚΑΝΤΖΑ,15351,4,01/2024
ΚΑΡΒΕΛΑΣ,16674,5,01/2024
ΚΑΣΤΕΛΛΑ,18533,1,01/2024
"ΚΑΤΩ ΠΑΤΗΣΙΑ",10445,1,01/2024
"ΚΑΤΩ ΠΑΤΗΣΙΑ",11144,1,01/2024
ΚΕΝΤΡΟ,10437,1,01/2024
ΚΕΝΤΡΟ,10554,1,01/2024
ΚΕΝΤΡΟ,10557,1,01/2024
ΚΕΝΤΡΟ,10560,4,01/2024
ΚΕΝΤΡΟ,10562,1,01/2024
ΚΕΝΤΡΟ,10563,1,01/2024
ΚΕΝΤΡΟ,18531,7,01/2024
ΚΕΝΤΡΟ,18536,2,01/2024
ΚΗΠΟΥΠΟΛΗ,13231,4,01/2024
ΚΗΦΙΣΙΑ,14561,1,01/2024
"ΚΟΚ. ΜΥΛΟΣ",14342,1,01/2024
ΚΟΛΩΝΟΣ,10444,2,01/2024
ΚΟΝΤΟΠΕΥΚΟ,15343,8,01/2024
"ΚΟΡΜΠΙ ΠΗΓΑΔΙ",16672,1,01/2024
ΚΟΥΚΑΚΙ,11742,4,01/2024
ΚΟΥΦΟΥ,18900,1,01/2024
ΚΡΗΝΗ,18453,2,01/2024
ΚΥΘΗΡΙΩΝ,17456,1,01/2024
ΚΥΝΟΣΑΡΓΟΥΣ,11743,1,01/2024
ΚΥΝΟΣΑΡΓΟΥΣ,11744,1,01/2024
ΛΑΘΕΑ,13674,2,01/2024
ΛΑΘΕΑ,13678,1,01/2024
"ΛΑΚΚΑ ΒΑΒΟΥΛΑ",18532,9,01/2024
ΛΑΜΠΡΙΝΗ,11142,2,01/2024
ΛΑΧΑΝΑΓΟΡΑ,18346,1,01/2024
ΛΥΚΟΤΡΥΠΑ,13671,1,01/2024
ΜΑΝΙΑΤΙΚΑ,18450,2,01/2024
ΜΑΝΙΑΤΙΚΑ,18546,1,01/2024
ΜΑΡΟΥΣΙ,15122,3,01/2024
ΜΑΡΟΥΣΙ,15124,7,01/2024
ΜΑΡΟΥΣΙ,15126,1,01/2024
"ΜΕΓ. ΣΧΙΝΑ",13679,1,01/2024
ΜΕΛΙΣΣΙΑ,15127,2,01/2024
ΜΕΤΑΜΟΡΦΩΣΗ,14451,4,01/2024
ΜΕΤΑΜΟΡΦΩΣΗ,14452,1,01/2024
ΜΕΤΑΜΟΡΦΩΣΗ,16231,7,01/2024
ΜΕΤΑΜΟΡΦΩΣΗ,16232,5,01/2024
ΜΕΤΑΜΟΡΦΩΣΗ,18344,2,01/2024
ΜΕΤΑΜΟΡΦΩΣΗ,18345,2,01/2024
ΜΙΧΕΛΗ,13123,5,01/2024
ΜΟΣΧΑΤΟ,18345,1,01/2024
ΜΟΥΣΕΙΟ,10683,1,01/2024
ΜΠΟΥΡΝΑΖΙ,12133,2,01/2024
"Ν. ΟΛΥΜΠΙΑ",13451,1,01/2024
"ΝΕΑ ΙΩΝΙΑ",14231,1,01/2024
"ΝΕΑ ΙΩΝΙΑ",14234,1,01/2024
"ΝΕΑ ΚΗΦΙΣΙΑ",14564,1,01/2024
"ΝΕΑ ΠΕΡΑΜΟΣ",19006,5,01/2024
"ΝΕΑ ΣΜΥΡΝΗ",17122,5,01/2024
"ΝΕΑ ΣΜΥΡΝΗ",17124,7,01/2024
"ΝΕΑ ΦΙΛΟΘΕΗ",11524,3,01/2024
"ΝΕΑ ΧΑΛΚΗΔΟΝΑ",14343,1,01/2024
ΝΕΑΠΟΛΗ,14232,1,01/2024
ΝΕΑΠΟΛΗ,18452,6,01/2024
"ΝΕΟ ΨΥΧΙΚΟ",15451,4,01/2024
ΝΕΟΚΤΙΣΤΑ,19300,1,01/2024
"ΝΕΟΣ ΚΟΣΜΟΣ",11744,1,01/2024
ΝΤΑΜΑΡΑΚΙΑ,12241,1,01/2024
ΝΤΑΜΑΡΑΚΙΑ,12244,2,01/2024
"ΟΣΙΑ ΞΕΝΗ",18453,1,01/2024
"Π. ΚΟΚΚΙΝΙΑ",18542,3,01/2024
ΠΑΓΚΡΑΤΙ,11633,2,01/2024
ΠΑΓΚΡΑΤΙ,11634,17,01/2024
ΠΑΓΚΡΑΤΙ,16232,12,01/2024
"ΠΑΙΔΙΚΗ ΣΤΕΓΗ",18454,1,01/2024
"ΠΑΛ. ΜΕΝΙΔΙ",13674,1,01/2024
"ΠΑΛΑΙΟ ΦΑΛΗΡΟ",17561,1,01/2024
"ΠΑΛΑΙΟ ΦΑΛΗΡΟ",17562,9,01/2024
ΠΑΛΑΤΙΑΝΗ,13121,6,01/2024
ΠΑΛΙΑΓΙΑΝΝΗ,14562,1,01/2024
ΠΑΝΟΡΑΜΑ,16673,1,01/2024
ΠΑΠΑΓΟΣ,15669,8,01/2024
ΠΑΡΑΔΕΙΣΟΣ,15125,4,01/2024
ΠΑΡΑΛΙΑ,19010,1,01/2024
ΠΑΤΗΜΑ,15238,4,01/2024
"ΠΕΔΙΟΝ ΑΡΕΩΣ",11474,1,01/2024
ΠΕΝΤΕΛΗ,15236,1,01/2024
ΠΕΡΙΒΟΛΑΚΙ,18454,1,01/2024
ΠΕΡΙΣΣΟΣ,14232,1,01/2024
ΠΕΡΙΣΤΕΡΙ,12131,2,01/2024
ΠΕΡΙΣΤΕΡΙ,12132,4,01/2024
ΠΕΡΙΣΤΕΡΙ,12134,1,01/2024
ΠΕΡΙΣΤΕΡΙ,12135,2,01/2024
ΠΕΡΙΣΤΕΡΙ,12136,2,01/2024
ΠΕΤΡΟΥΠΟΛΗ,13231,9,01/2024
ΠΕΤΡΟΥΠΟΛΗ,13232,2,01/2024
ΠΕΥΚΑΚΙΑ,15343,2,01/2024
ΠΕΥΚΗ,15121,2,01/2024
ΠΛΑΚΑ,10555,1,01/2024
"ΠΛΑΤΕΙΑ ΑΜΕΡΙΚΗΣ",11257,2,01/2024
"ΠΛΑΤΕΙΑ ΑΤΤΙΚΗΣ",10445,1,01/2024
"ΠΛΑΤΕΙΑ ΕΛΕΥΘΕΡΙΑΣ",18120,1,01/2024
"ΠΛΑΤΕΙΑ ΚΟΛΙΑΤΣΟΥ",11255,3,01/2024
ΠΟΛΥΔΡΟΣΟ,15125,1,01/2024
"ΠΡΟΦ. ΗΛΙΑΣ",13672,1,01/2024
ΡΑΔΙΟΦΩΝΙΑ,13122,4,01/2024
ΣΕΛΗΝΙΑ,18902,1,01/2024
ΣΕΠΟΛΙΑ,10443,2,01/2024
ΣΤΑΘΜΟΣ,18345,1,01/2024
ΣΤΑΘΜΟΣ,18346,1,01/2024
"ΣΥΝ ΠΕΛΟΠΟΝΝΗΣΙΩΝ",14564,1,01/2024
"ΣΥΝ. ΣΙΔΗΡΟΠΟΥΛΟΥ",12461,1,01/2024
ΣΩΡΟΥ,15125,10,01/2024
ΤΑΞΙΑΡΧΕΣ,18121,2,01/2024
ΤΑΥΡΟΣ,17778,3,01/2024
ΤΕΡΜΑ,18863,1,01/2024
ΤΕΡΨΙΘΕΑ,16561,2,01/2024
ΤΕΡΨΙΘΕΑ,16562,13,01/2024
ΤΖΙΤΖΙΦΙΕΣ,17675,3,01/2024
ΤΡΑΥΜΑΤΙΩΝ,17456,1,01/2024
ΤΣΑΜΗ,18900,2,01/2024
ΥΜΗΤΤΟΣ,17237,1,01/2024
ΦΙΛΟΘΕΗ,15123,2,01/2024
ΦΙΛΟΘΕΗ,15237,1,01/2024
ΧΑΙΔΑΡΙ,12461,5,01/2024
ΧΑΛΑΝΔΡΙ,15231,8,01/2024
ΧΑΛΑΝΔΡΙ,15232,4,01/2024
ΧΑΛΑΝΔΡΙ,15233,2,01/2024
ΧΑΛΚΗΔΟΝΑ,18451,2,01/2024
ΧΑΛΚΗΔΩΝ,18756,1,01/2024
ΧΑΡΑΥΓΗ,17236,1,01/2024
ΧΑΡΑΥΓΗ,18755,1,01/2024
ΧΑΤΖΗΚΥΡΙΑΚΕΙΟ,18538,1,01/2024
ΧΟΛΑΡΓΟΣ,15561,5,01/2024
ΧΟΛΑΡΓΟΣ,15562,6,01/2024
ΨΥΡΡΗ,10554,1,01/2024
ΨΥΧΙΚΟ,15452,2,01/2024
ΑΒΕΡΩΦ,11522,1,01/2025
"ΑΓ. ΑΝΑΡΓΥΡΟΙ",13561,3,01/2025
"ΑΓ. ΑΝΑΡΓΥΡΟΙ",13562,3,01/2025
"ΑΓ. ΑΝΝΑ",13671,1,01/2025
"ΑΓ. ΑΝΝΑ",13672,1,01/2025
"ΑΓ. ΑΝΤΩΝΙΟΣ",18758,6,01/2025
"ΑΓ. ΒΑΡΒΑΡΑ",17235,2,01/2025
"ΑΓ. ΓΕΩΡΓΙΟΣ",18120,1,01/2025
"ΑΓ. ΓΕΩΡΓΙΟΣ",18755,1,01/2025
"ΑΓ. ΓΕΩΡΓΙΟΣ",18756,3,01/2025
"ΑΓ. ΓΕΩΡΓΙΟΣ ΣΤΕΝΟΥ",18900,1,01/2025
"ΑΓ. ΓΡΗΓΟΡΟΥΣΑ",12461,2,01/2025
"ΑΓ. ΔΗΜΗΤΡΙΟΣ",17343,2,01/2025
"ΑΓ. ΕΛΕΟΥΣΑ",17675,1,01/2025
"ΑΓ. Ι. ΡΕΝΤΗΣ",18233,2,01/2025
"ΑΓ. ΙΕΡΟΘΕΟΣ",12137,1,01/2025
"ΑΓ. ΙΩΑΝΝΗΣ ΡΩΣΟΣ",13675,1,01/2025
"ΑΓ. ΚΩΝΣΤΑΝΤΙΝΟΣ",16346,5,01/2025
"ΑΓ. ΜΑΡΙΝΑ",16343,10,01/2025
"ΑΓ. ΜΑΡΙΝΑ",16344,2,01/2025
"ΑΓ. ΜΑΥΡΑ",13672,3,01/2025
"ΑΓ. ΜΗΝΑΣ",18758,1,01/2025
"ΑΓ. ΝΕΙΛΟΣ",18538,4,01/2025
"ΑΓ. ΝΕΙΛΟΣ",18539,1,01/2025
"ΑΓ. ΝΙΚΟΛΑΟΣ",13451,1,01/2025
"ΑΓ. ΝΙΚΟΛΑΟΣ",18450,2,01/2025
"ΑΓ. ΝΙΚΟΛΑΟΣ",18863,1,01/2025
"ΑΓ. ΠΑΡΑΣΚΕΥΗ",15341,2,01/2025
"ΑΓ. ΠΑΡΑΣΚΕΥΗ",15342,19,01/2025
"ΑΓ. ΠΑΡΑΣΚΕΥΗ",15343,18,01/2025
"ΑΓ. ΠΕΤΡΟΣ",13678,1,01/2025
"ΑΓ. ΣΟΦΙΑ",18544,1,01/2025
"ΑΓ. ΣΟΦΙΑ",18546,2,01/2025
ΑΓΡΙΛΙΟΣ,17342,2,01/2025
"ΑΚΑΔ. ΠΛΑΤΩΝΟΣ",10441,1,01/2025
ΑΛΙΜΟΣ,17455,1,01/2025
ΑΜΠΕΛΟΚΗΠΟΙ,11527,5,01/2025
ΑΜΦΙΑΛΗ,18757,2,01/2025
ΑΜΦΙΑΛΗ,18758,2,01/2025
ΑΜΦΙΘΕΑ,17564,3,01/2025
ΑΝΑΓΕΝΝΗΣΗ,12243,2,01/2025
ΑΝΑΛΗΨΗ,18452,1,01/2025
ΑΝΘΟΥΠΟΛΗ,12135,7,01/2025
ΑΝΟΙΞΗ,17342,6,01/2025
"ΑΝΩ ΚΟΡΥΔΑΛΛΟΣ",18122,2,01/2025
"ΑΝΩ ΚΥΨΕΛΗ",11364,1,01/2025
"ΑΝΩ ΛΙΟΥΜΗ",12243,5,01/2025
ΑΠΟΛΛΩΝ,18233,5,01/2025
"ΑΡ. ΕΛ. ΒΕΝΙΖΕΛΟΥ",12351,2,01/2025
"ΑΡ. ΙΕΡΑΣ ΟΔΟΥ",12241,2,01/2025
ΑΡΓΥΡΟΥΠΟΛΗ,16451,1,01/2025
ΑΡΓΥΡΟΥΠΟΛΗ,16452,2,01/2025
ΑΡΜΕΝΙΚΑ,18450,1,01/2025
ΑΡΜΕΝΙΚΑ,18454,1,01/2025
"ΑΣΠΡΑ ΧΩΜΑΤΑ",12134,1,01/2025
"ΑΣΠΡΑ ΧΩΜΑΤΑ",12135,3,01/2025
"ΑΣΠΡΑ ΧΩΜΑΤΑ",12137,7,01/2025
"ΑΣΠΡΑ ΧΩΜΑΤΑ",18454,1,01/2025
ΑΣΠΡΟΠΥΡΓΟΣ,19300,7,01/2025
ΑΣΤΥΝΟΜΙΚΑ,16342,6,01/2025
ΑΣΥΡΜΑΤΟΣ,17341,29,01/2025
ΒΑΘΗΣ,10438,1,01/2025
ΒΑΡΗ,16672,2,01/2025
ΒΑΣΙΛΙΚΑ,18900,1,01/2025
ΒΙΑΜΑΞ,12242,1,01/2025
ΒΟΤΑΝΙΚΟΣ,11855,5,01/2025
ΒΟΥΛΑ,16673,7,01/2025
ΒΟΥΛΙΑΓΜΕΝΗ,16671,1,01/2025
ΒΥΡΩΝΑΣ,16231,1,01/2025
ΓΑΛΑΤΣΙ,11146,2,01/2025
ΓΕΡΑΚΑΣ,15344,5,01/2025
"ΓΕΡΜΑΝΙΚΟΣ ΔΡΟΜΟΣ ΒΟΡΕΙΟ",19100,4,01/2025
ΓΕΡΟΒΟΥΝΟ,13451,3,01/2025
ΓΕΡΟΒΟΥΝΟ,13671,2,01/2025
ΓΕΦΥΡΑ,18450,1,01/2025
ΓΗΡΟΚΟΜΕΙΟ,11524,2,01/2025
ΓΚΥΖΗ,11474,1,01/2025
"ΓΛΥΚΑ ΝΕΡΑ",15354,4,01/2025
ΓΛΥΦΑΔΑ,16561,1,01/2025
ΓΛΥΦΑΔΑ,16674,26,01/2025
ΓΛΥΦΑΔΑ,16675,9,01/2025
ΔΑΣΟΣ,12462,7,01/2025
ΔΑΦΝΗ,17235,1,01/2025
"ΔΕΞ. ΕΛ. ΒΕΝΙΖΕΛΟΥ",12351,1,01/2025
"ΔΕΞ. ΙΕΡΑΣ ΟΔΟΥ",12242,15,01/2025
ΔΡΑΠΕΤΣΩΝΑ,18648,1,01/2025
"ΕΘΝΙΚΗΣ ΑΝΤΙΣΤΑΣΗΣ",17342,2,01/2025
ΕΛΕΥΣΙΝΑ,19200,6,01/2025
ΕΛΗΑ,17343,1,01/2025
ΕΛΛΗΝΟΡΩΣΩΝ,11525,1,01/2025
ΕΞΑΡΧΕΙΑ,10677,11,01/2025
ΕΞΑΡΧΕΙΑ,10678,2,01/2025
ΕΥΑΓΓΕΛΙΣΤΡΙΑ,18533,1,01/2025
ΕΥΓΕΝΕΙΑ,18755,4,01/2025
ΕΦΟΡΙΑΚΩΝ,17456,9,01/2025
ΖΑΝΕΙΟ,18536,1,01/2025
ΖΕΦΥΡΙ,13461,2,01/2025
ΖΩΓΡΑΦΟΥ,15772,1,01/2025
"ΖΩΟΔΟΧΟΥ ΠΗΓΗΣ",16233,1,01/2025
ΗΛΙΟΥΠΟΛΗ,16341,2,01/2025
ΗΛΙΟΥΠΟΛΗ,16342,4,01/2025
ΗΛΙΟΥΠΟΛΗ,16343,1,01/2025
ΗΛΙΟΥΠΟΛΗ,16344,3,01/2025
ΗΛΙΟΥΠΟΛΗ,16345,1,01/2025
ΗΛΙΟΥΠΟΛΗ,16346,1,01/2025
ΗΡΑΚΛΕΙΟ,14121,5,01/2025
ΗΡΑΚΛΕΙΟ,14122,4,01/2025
"ΗΡΕΜΟ ΚΥΜΑ",19100,1,01/2025
ΘΡΑΚΟΜΑΚΕΔΟΝΕΣ,13676,8,01/2025
ΘΥΜΑΡΑΚΙΑ,10445,1,01/2025
ΙΛΙΟΝ,13121,7,01/2025
ΙΛΙΟΝ,13122,9,01/2025
ΙΛΙΟΝ,13123,7,01/2025
ΙΛΙΣΣΟΣ,18345,5,01/2025
ΚΑΙΣΑΡΙΑΝΗ,16122,5,01/2025
ΚΑΛΑΜΑΚΙ,17455,6,01/2025
ΚΑΛΑΜΑΚΙ,18532,7,01/2025
ΚΑΛΛΙΘΕΑ,17673,2,01/2025
ΚΑΛΛΙΘΕΑ,17674,2,01/2025
ΚΑΛΛΙΠΟΛΗ,18539,1,01/2025
ΚΑΛΥΜΝΙΩΝ,16673,11,01/2025
ΚΑΜΑΤΕΡΟ,13451,2,01/2025
ΚΑΝΤΖΑ,15351,3,01/2025
ΚΑΡΒΕΛΑΣ,16674,9,01/2025
"ΚΑΤΩ ΚΗΦΙΣΙΑ",14561,1,01/2025
"ΚΑΤΩ ΠΕΤΡΑΛΩΝΑ",11853,1,01/2025
ΚΕΝΤΡΟ,10552,2,01/2025
ΚΕΝΤΡΟ,10559,2,01/2025
ΚΕΝΤΡΟ,10562,3,01/2025
ΚΕΝΤΡΟ,18531,7,01/2025
ΚΗΦΙΣΙΑ,14561,2,01/2025
ΚΟΚΚΙΝΟΒΡΑΧΟΣ,18757,1,01/2025
ΚΟΚΚΙΝΟΠΟΥΛΟΥ,13561,1,01/2025
ΚΟΛΟΚΥΝΘΟΥ,10442,1,01/2025
ΚΟΛΟΚΥΝΘΟΥ,10443,1,01/2025
ΚΟΝΤΟΠΕΥΚΟ,15343,1,01/2025
ΚΡΗΤΙΚΑ,18534,1,01/2025
ΚΥΝΟΣΑΡΓΟΥΣ,11743,1,01/2025
ΚΥΨΕΛΗ,11363,1,01/2025
ΛΑΘΕΑ,13674,4,01/2025
"ΛΑΚΚΑ ΒΑΒΟΥΛΑ",18532,18,01/2025
ΛΑΜΠΡΙΝΗ,11142,1,01/2025
ΛΙΟΥΜΗ,12243,4,01/2025
ΛΙΠΑΣΜΑΤΑ,18648,1,01/2025
"ΛΟΦΟΣ ΣΙΚΕΛΙΑΣ",17675,1,01/2025
ΛΥΚΟΒΡΥΣΗ,14123,2,01/2025
ΛΥΚΟΤΡΥΠΑ,13671,1,01/2025
ΜΑΓΟΥΛΑ,19018,1,01/2025
ΜΑΚΡΥΓΙΑΝΝΗ,11742,1,01/2025
ΜΑΝΙΑΤΙΚΑ,18544,1,01/2025
ΜΑΡΟΥΣΙ,15124,13,01/2025
ΜΑΡΟΥΣΙ,15126,11,01/2025
"ΜΕΓΑΡΑ ΔΥΤΙΚΗΣ ΑΤΤΙΚΗΣ",19100,8,01/2025
ΜΕΛΙΣΣΙΑ,15127,2,01/2025
ΜΕΤΑΜΟΡΦΩΣΗ,14451,1,01/2025
ΜΕΤΑΜΟΡΦΩΣΗ,14452,2,01/2025
ΜΕΤΑΜΟΡΦΩΣΗ,16232,5,01/2025
ΜΕΤΑΞΟΥΡΓΕΙΟ,10435,3,01/2025
ΜΕΤΑΞΟΥΡΓΕΙΟ,10436,1,01/2025
ΜΕΤΣ,11636,14,01/2025
ΜΕΤΣ,11743,1,01/2025
ΜΙΧΕΛΗ,13123,2,01/2025
ΜΠΟΥΡΝΑΖΙ,12133,2,01/2025
"Ν. ΚΟΛΟΚΥΝΘΟΥ",12132,1,01/2025
"Ν. ΟΛΥΜΠΙΑ",13451,1,01/2025
"ΝΕΑ ΙΩΝΙΑ",14231,3,01/2025
"ΝΕΑ ΙΩΝΙΑ",14233,1,01/2025
"ΝΕΑ ΙΩΝΙΑ",14234,2,01/2025
"ΝΕΑ ΚΗΦΙΣΙΑ",14564,4,01/2025
"ΝΕΑ ΛΕΣΒΟΣ",15126,4,01/2025
"ΝΕΑ ΠΕΡΑΜΟΣ",19006,1,01/2025
"ΝΕΑ ΣΜΥΡΝΗ",17121,2,01/2025
"ΝΕΑ ΣΜΥΡΝΗ",17124,2,01/2025
"ΝΕΑ ΧΑΛΚΗΔΟΝΑ",14343,7,01/2025
ΝΕΑΠΟΛΗ,13672,3,01/2025
ΝΕΑΠΟΛΗ,18452,1,01/2025
"ΝΕΟ ΦΑΛΗΡΟ",18547,26,01/2025
"ΝΕΟ ΨΥΧΙΚΟ",15451,2,01/2025
"ΝΕΟΣ ΚΟΣΜΟΣ",11744,2,01/2025
ΝΙΚΑΙΑ,18450,8,01/2025
ΝΤΑΜΑΡΑΚΙΑ,12241,10,01/2025
ΝΤΑΜΑΡΑΚΙΑ,12244,1,01/2025
ΞΕΝΟ,18900,1,01/2025
ΠΑΓΚΡΑΤΙ,11634,1,01/2025
"ΠΑΓΚΡΑΤΙ ΣΤΑΔΙΟ",11635,1,01/2025
"ΠΑΙΔΙΚΗ ΣΤΕΓΗ",18120,1,01/2025
"ΠΑΙΔΙΚΗ ΣΤΕΓΗ",18454,1,01/2025
"ΠΑΛ. ΜΕΝΙΔΙ",13673,10,01/2025
"ΠΑΛ. ΜΕΝΙΔΙ",13674,2,01/2025
"ΠΑΛ. ΜΕΝΙΔΙ",13678,1,01/2025
"ΠΑΛΑΙΟ ΦΑΛΗΡΟ",17562,1,01/2025
ΠΑΛΑΤΙΑΝΗ,13121,6,01/2025
ΠΑΝΟΡΑΜΑ,16673,4,01/2025
ΠΑΝΤΕΙΟΣ,17671,9,01/2025
ΠΑΠΑΓΟΣ,15669,10,01/2025
ΠΑΠΑΔΟΠΟΥΛΟΥ,18863,2,01/2025
ΠΑΤΗΜΑ,15238,7,01/2025
ΠΕΡΑΜΑ,18863,1,01/2025
ΠΕΡΙΣΤΕΡΙ,12131,1,01/2025
ΠΕΡΙΣΤΕΡΙ,12132,3,01/2025
ΠΕΡΙΣΤΕΡΙ,12134,9,01/2025
ΠΕΡΙΣΤΕΡΙ,12136,3,01/2025
ΠΕΡΙΣΤΕΡΙ,12137,3,01/2025
ΠΕΤΡΟΥΠΟΛΗ,13231,2,01/2025
ΠΕΤΡΟΥΠΟΛΗ,13232,12,01/2025
ΠΕΥΚΑΚΙΑ,15343,1,01/2025
ΠΕΥΚΗ,15121,2,01/2025
ΠΛΑΚΑ,10557,3,01/2025
"ΠΛΑΤΕΙΑ ΑΤΤΙΚΗΣ",10439,1,01/2025
"ΠΛΑΤΕΙΑ ΒΑΘΗΣ",10437,1,01/2025
ΠΟΛΥΓΩΝΟ,11476,2,01/2025
ΠΟΛΥΔΡΟΣΟ,15233,13,01/2025
ΡΑΔΙΟΦΩΝΙΑ,13123,1,01/2025
"ΣΑΜΙΩΝ ΙΚΑΡΙΩΝ",16561,1,01/2025
ΣΑΡΩΝΙΚΟΣ,17341,1,01/2025
ΣΑΦΡΑΜΠΟΛΙΣ,14233,1,01/2025
ΣΙΔΕΡΑ,19300,1,01/2025
ΣΤΡΕΦΗ,11473,1,01/2025
"ΣΥΝ ΚΑΡΠΑΘΙΩΝ",15125,8,01/2025
"ΣΥΝ ΚΑΡΠΑΘΙΩΝ",15126,2,01/2025
"ΣΥΝ. ΤΥΠΟΓΡΑΦΩΝ",16346,3,01/2025
ΣΧΙΣΤΟ,18122,1,01/2025
ΣΩΡΟΥ,15125,1,01/2025
ΤΑΜΠΟΥΡΙΑ,18756,1,01/2025
ΤΑΞΙΑΡΧΕΣ,18121,2,01/2025
ΤΕΡΨΙΘΕΑ,16561,3,01/2025
ΤΖΙΤΖΙΦΙΕΣ,17674,2,01/2025
ΤΖΙΤΖΙΦΙΕΣ,17675,1,01/2025
ΤΡΑΥΜΑΤΙΩΝ,17456,2,01/2025
ΤΣΑΚΟΣ,15341,17,01/2025
ΦΙΛΟΠΑΠΠΟΥ,11741,2,01/2025
ΧΑΙΔΑΡΙ,12461,3,01/2025
ΧΑΛΑΝΔΡΙ,15231,9,01/2025
ΧΑΛΑΝΔΡΙ,15233,6,01/2025
ΧΑΛΑΝΔΡΙ,15234,8,01/2025
ΧΑΛΚΗΔΟΝΑ,18450,1,01/2025
ΧΑΡΑΥΓΗ,17236,1,01/2025
ΧΑΡΑΥΓΗ,17237,1,01/2025
ΧΑΡΑΥΓΗ,18755,4,01/2025
ΧΑΣΑΝΙ,16452,4,01/2025
ΧΑΤΖΗΚΥΡΙΑΚΕΙΟ,18538,1,01/2025
ΧΟΛΑΡΓΟΣ,15561,11,01/2025
ΧΟΛΑΡΓΟΣ,15562,2,01/2025
ΨΥΡΡΗ,10554,1,01/2025
ΨΥΧΙΚΟ,15452,3,01/2025
ΚΕΝΤΡΟ,10431,1,02/2023
"ΠΛΑΤΕΙΑ ΒΙΚΤΩΡΙΑΣ",10434,3,02/2023
ΚΕΝΤΡΟ,10437,1,02/2023
"ΑΚΑΔ. ΠΛΑΤΩΝΟΣ",10441,4,02/2023
ΚΟΛΩΝΟΣ,10444,1,02/2023
ΨΥΡΡΗ,10554,2,02/2023
ΠΛΑΚΑ,10555,1,02/2023
ΠΛΑΚΑ,10556,1,02/2023
ΚΕΝΤΡΟ,10560,8,02/2023
ΚΟΛΩΝΑΚΙ,10675,1,02/2023
"ΠΛΑΤΕΙΑ ΚΑΝΙΓΓΟΣ",10677,2,02/2023
ΝΕΑΠΟΛΗ,10680,1,02/2023
ΜΟΥΣΕΙΟ,10682,1,02/2023
ΚΥΠΡΙΑΔΟΥ,11141,12,02/2023
ΛΑΜΠΡΙΝΗ,11142,2,02/2023
"ΚΑΤΩ ΠΑΤΗΣΙΑ",11145,7,02/2023
ΓΑΛΑΤΣΙ,11146,1,02/2023
ΚΟΛΙΑΤΣΟΥ,11255,2,02/2023
"ΝΕΑ ΚΥΨΕΛΗ",11363,1,02/2023
"ΑΝΩ ΚΥΨΕΛΗ",11364,1,02/2023
ΚΟΛΙΑΤΣΟΥ,11364,2,02/2023
ΓΚΥΖΗ,11475,1,02/2023
ΓΚΥΖΗ,11476,1,02/2023
ΠΟΛΥΓΩΝΟ,11476,5,02/2023
ΑΒΕΡΩΦ,11522,1,02/2023
ΑΒΕΡΩΦ,11524,23,02/2023
"ΝΕΑ ΦΙΛΟΘΕΗ",11524,3,02/2023
ΕΛΛΗΝΟΡΩΣΩΝ,11525,25,02/2023
ΓΟΥΒΑ,11632,3,02/2023
ΓΟΥΒΑ,11636,1,02/2023
ΦΙΛΟΠΑΠΠΟΥ,11741,2,02/2023
ΚΥΝΟΣΑΡΓΟΥΣ,11743,2,02/2023
ΘΗΣΕΙΟ,11851,3,02/2023
"ΑΝΩ ΠΕΤΡΑΛΩΝΑ",11852,1,02/2023
"ΚΑΤΩ ΠΕΤΡΑΛΩΝΑ",11853,4,02/2023
ΓΚΑΖΟΧΩΡΙ,11854,4,02/2023
ΒΟΤΑΝΙΚΟΣ,11855,2,02/2023
ΠΕΡΙΣΤΕΡΙ,12131,4,02/2023
ΜΠΟΥΡΝΑΖΙ,12133,5,02/2023
ΠΕΡΙΣΤΕΡΙ,12134,2,02/2023
ΑΝΘΟΥΠΟΛΗ,12135,3,02/2023
ΠΕΡΙΣΤΕΡΙ,12135,1,02/2023
ΠΕΡΙΣΤΕΡΙ,12136,2,02/2023
"ΑΓ. ΙΕΡΟΘΕΟΣ",12137,1,02/2023
"ΑΣΠΡΑ ΧΩΜΑΤΑ",12137,6,02/2023
"ΑΡ. ΙΕΡΑΣ ΟΔΟΥ",12241,3,02/2023
"ΔΕΞ. ΙΕΡΑΣ ΟΔΟΥ",12242,7,02/2023
"ΑΝΩ ΛΙΟΥΜΗ",12243,2,02/2023
ΛΙΟΥΜΗ,12243,1,02/2023
ΙΕΡΑΠΟΛΗ,12244,4,02/2023
ΝΤΑΜΑΡΑΚΙΑ,12244,1,02/2023
"ΑΓ. ΒΑΡΒΑΡΑ",12351,2,02/2023
"ΔΕΞ. ΕΛ. ΒΕΝΙΖΕΛΟΥ",12351,2,02/2023
"ΑΓ. ΓΡΗΓΟΡΟΥΣΑ",12461,4,02/2023
ΧΑΙΔΑΡΙ,12461,8,02/2023
ΔΑΣΟΣ,12462,2,02/2023
ΙΛΙΟΝ,13121,3,02/2023
ΠΑΛΑΤΙΑΝΗ,13121,4,02/2023
ΙΛΙΟΝ,13122,7,02/2023
ΡΑΔΙΟΦΩΝΙΑ,13122,1,02/2023
ΙΛΙΟΝ,13123,2,02/2023
ΜΙΧΕΛΗ,13123,5,02/2023
ΚΗΠΟΥΠΟΛΗ,13231,2,02/2023
ΠΕΤΡΟΥΠΟΛΗ,13231,10,02/2023
ΠΕΤΡΟΥΠΟΛΗ,13232,14,02/2023
"ΑΓ. ΝΙΚΟΛΑΟΣ",13451,1,02/2023
ΓΕΡΟΒΟΥΝΟ,13451,3,02/2023
"ΑΓ. ΑΝΑΡΓΥΡΟΙ",13561,4,02/2023
"ΑΓ. ΑΝΑΡΓΥΡΟΙ",13562,1,02/2023
ΑΝΑΚΑΣΑ,13562,1,02/2023
"ΑΓ. ΠΕΤΡΟΣ",13672,1,02/2023
ΧΑΡΑΥΓΗ,13673,1,02/2023
"ΠΑΛ. ΜΕΝΙΔΙ",13674,1,02/2023
"ΑΓ. ΠΕΤΡΟΣ",13675,1,02/2023
ΝΕΑΠΟΛΗ,13675,2,02/2023
ΘΡΑΚΟΜΑΚΕΔΟΝΕΣ,13676,5,02/2023
ΗΡΑΚΛΕΙΟ,14121,2,02/2023
ΗΡΑΚΛΕΙΟ,14122,3,02/2023
ΛΥΚΟΒΡΥΣΗ,14123,2,02/2023
"ΝΕΑ ΙΩΝΙΑ",14231,1,02/2023
ΚΑΛΟΓΡΕΖΑ,14234,1,02/2023
ΑΛΣΟΥΠΟΛΗ,14235,1,02/2023
ΚΑΛΟΓΡΕΖΑ,14235,1,02/2023
"ΚΟΚ. ΜΥΛΟΣ",14342,1,02/2023
"ΝΕΑ ΜΑΔΥΤΟΣ",14342,2,02/2023
ΜΕΤΑΜΟΡΦΩΣΗ,14451,1,02/2023
"ΚΑΤΩ ΚΗΦΙΣΙΑ",14561,2,02/2023
ΚΗΦΙΣΙΑ,14561,1,02/2023
ΑΔΑΜΕΣ,14564,3,02/2023
"ΚΑΤΩ ΚΗΦΙΣΙΑ",14564,1,02/2023
"ΗΛΙΑΚΟ ΧΩΡΙΟ",15121,1,02/2023
ΠΕΥΚΗ,15121,1,02/2023
ΜΑΡΟΥΣΙ,15122,1,02/2023
"ΑΓ. ΘΩΜΑΣ",15124,1,02/2023
ΜΑΡΟΥΣΙ,15124,1,02/2023
ΜΑΡΟΥΣΙ,15125,2,02/2023
ΠΑΡΑΔΕΙΣΟΣ,15125,1,02/2023
ΜΑΡΟΥΣΙ,15126,1,02/2023
"ΣΥΝ ΚΑΡΠΑΘΙΩΝ",15126,8,02/2023
ΜΕΛΙΣΣΙΑ,15127,4,02/2023
"ΚΑΤΩ ΧΑΛΑΝΔΡΙ",15231,1,02/2023
ΧΑΛΑΝΔΡΙ,15231,2,02/2023
ΧΑΛΑΝΔΡΙ,15232,2,02/2023
ΧΑΛΑΝΔΡΙ,15234,4,02/2023
ΒΡΙΛΗΣΣΙΑ,15235,1,02/2023
ΠΑΤΗΜΑ,15238,6,02/2023
"ΝΕΑ ΠΕΝΤΕΛΗ",15239,1,02/2023
"ΑΓ. ΠΑΡΑΣΚΕΥΗ",15341,6,02/2023
"ΑΓ. ΠΑΡΑΣΚΕΥΗ",15342,7,02/2023
ΠΕΥΚΑΚΙΑ,15343,1,02/2023
ΓΕΡΑΚΑΣ,15344,2,02/2023
ΚΑΝΤΖΑ,15351,5,02/2023
ΠΑΛΛΗΝΗ,15351,6,02/2023
"ΓΛΥΚΑ ΝΕΡΑ",15354,1,02/2023
"ΝΕΟ ΨΥΧΙΚΟ",15451,10,02/2023
ΧΟΛΑΡΓΟΣ,15561,10,02/2023
ΧΟΛΑΡΓΟΣ,15562,1,02/2023
ΠΑΠΑΓΟΣ,15669,1,02/2023
ΖΩΓΡΑΦΟΥ,15772,3,02/2023
ΖΩΓΡΑΦΟΥ,15773,1,02/2023
ΚΑΙΣΑΡΙΑΝΗ,16121,16,02/2023
ΑΝΑΛΗΨΗ,16231,3,02/2023
ΒΥΡΩΝΑΣ,16232,2,02/2023
"ΖΩΟΔΟΧΟΥ ΠΗΓΗΣ",16233,1,02/2023
ΚΑΡΕΑΣ,16233,1,02/2023
ΗΛΙΟΥΠΟΛΗ,16341,9,02/2023
ΗΛΙΟΥΠΟΛΗ,16342,5,02/2023
ΗΛΙΟΥΠΟΛΗ,16343,2,02/2023
"ΑΓ. ΜΑΡΙΝΑ",16344,2,02/2023
ΗΛΙΟΥΠΟΛΗ,16345,1,02/2023
"ΣΥΝ. ΤΥΠΟΓΡΑΦΩΝ",16346,1,02/2023
ΑΡΓΥΡΟΥΠΟΛΗ,16451,2,02/2023
ΑΡΓΥΡΟΥΠΟΛΗ,16452,3,02/2023
ΧΑΣΑΝΙ,16452,4,02/2023
ΓΛΥΦΑΔΑ,16561,1,02/2023
ΤΕΡΨΙΘΕΑ,16561,7,02/2023
ΤΕΡΨΙΘΕΑ,16562,2,02/2023
ΒΟΥΛΙΑΓΜΕΝΗ,16671,2,02/2023
ΑΣΥΡΜΑΤΟΣ,16672,1,02/2023
ΒΑΡΗ,16672,8,02/2023
ΜΗΛΑΔΕΖΑ,16672,1,02/2023
ΑΥΤΟΚΙΝΗΤΙΣΤΩΝ,16673,1,02/2023
ΒΟΥΛΑ,16673,17,02/2023
ΚΑΛΥΜΝΙΩΝ,16673,4,02/2023
ΠΑΝΟΡΑΜΑ,16673,4,02/2023
ΠΗΓΑΔΑΚΙΑ,16673,5,02/2023
ΕΛΛΗΝΙΚΟ,16777,1,02/2023
ΧΑΣΑΝΙ,16777,1,02/2023
"ΝΕΑ ΣΜΥΡΝΗ",17122,1,02/2023
"ΝΕΑ ΣΜΥΡΝΗ",17123,1,02/2023
"ΝΕΑ ΣΜΥΡΝΗ",17124,32,02/2023
ΔΑΦΝΗ,17236,2,02/2023
ΔΑΦΝΗ,17237,3,02/2023
ΥΜΗΤΤΟΣ,17237,1,02/2023
ΑΣΥΡΜΑΤΟΣ,17341,1,02/2023
ΑΓΡΙΛΙΟΣ,17342,1,02/2023
ΑΝΟΙΞΗ,17342,1,02/2023
"ΕΘΝΙΚΗΣ ΑΝΤΙΣΤΑΣΗΣ",17342,2,02/2023
"ΑΓ. ΔΗΜΗΤΡΙΟΣ",17343,2,02/2023
ΑΝΘΕΩΝ,17343,6,02/2023
ΣΑΡΩΝΙΚΟΣ,17343,1,02/2023
ΑΛΙΜΟΣ,17455,4,02/2023
ΚΑΛΑΜΑΚΙ,17455,2,02/2023
ΕΦΟΡΙΑΚΩΝ,17456,1,02/2023
ΤΡΑΥΜΑΤΙΩΝ,17456,2,02/2023
"ΠΑΛΑΙΟ ΦΑΛΗΡΟ",17561,1,02/2023
"ΠΑΛΑΙΟ ΦΑΛΗΡΟ",17562,12,02/2023
ΑΜΦΙΘΕΑ,17563,2,02/2023
ΚΑΛΛΙΘΕΑ,17673,1,02/2023
ΤΖΙΤΖΙΦΙΕΣ,17673,5,02/2023
ΚΑΛΛΙΘΕΑ,17676,4,02/2023
"ΑΝΩ ΚΟΡΥΔΑΛΛΟΣ",18121,2,02/2023
"ΑΝΩ ΚΟΡΥΔΑΛΛΟΣ",18122,1,02/2023
"Π. ΚΟΚΚΙΝΙΑ",18233,2,02/2023
ΠΑΡΑΛΙΑ,18344,4,02/2023
ΓΗΠΕΔΟ,18345,8,02/2023
"ΑΓ. ΝΙΚΟΛΑΟΣ",18450,1,02/2023
ΑΡΜΕΝΙΚΑ,18450,1,02/2023
ΚΡΗΝΗ,18451,3,02/2023
ΑΝΑΛΗΨΗ,18452,7,02/2023
ΝΕΑΠΟΛΗ,18452,1,02/2023
ΚΡΗΝΗ,18453,1,02/2023
ΔΗΜΟΤΙΚΟ,18531,1,02/2023
ΔΗΜΟΤΙΚΟ,18534,1,02/2023
ΠΕΙΡΑΙΚΗ,18537,1,02/2023
ΚΑΛΛΙΠΟΛΗ,18539,3,02/2023
ΧΑΤΖΗΚΥΡΙΑΚΕΙΟ,18539,1,02/2023
ΚΑΜΙΝΙΑ,18540,1,02/2023
ΑΠΟΛΛΩΝ,18541,2,02/2023
ΚΑΜΙΝΙΑ,18541,5,02/2023
ΛΕΥΚΑ,18543,1,02/2023
"ΑΓ. ΣΟΦΙΑ",18544,3,02/2023
ΜΑΝΙΑΤΙΚΑ,18544,10,02/2023
ΜΑΝΙΑΤΙΚΑ,18546,2,02/2023
ΠΑΠΑΣΤΡΑΤΟΥ,18546,2,02/2023
ΕΥΓΕΝΕΙΑ,18755,7,02/2023
ΚΕΡΑΤΣΙΝΙ,18755,1,02/2023
ΧΑΡΑΥΓΗ,18755,1,02/2023
ΑΜΦΙΑΛΗ,18756,1,02/2023
ΤΑΜΠΟΥΡΙΑ,18756,1,02/2023
ΚΟΚΚΙΝΟΒΡΑΧΟΣ,18757,4,02/2023
ΧΑΛΚΗΔΩΝ,18757,1,02/2023
"ΑΓ. ΝΙΚΟΛΑΟΣ",18863,1,02/2023
ΠΑΠΑΔΟΠΟΥΛΟΥ,18863,1,02/2023
ΠΕΡΑΜΑ,18863,1,02/2023
ΤΣΑΜΗ,18900,4,02/2023
"ΨΙΛΗ ΑΜΜΟΣ",18900,1,02/2023
ΠΑΛΟΥΚΙΑ,18901,2,02/2023
ΑΙΑΝΤΕΙΟ,18903,1,02/2023
"ΑΙΑΝΤΕΙΟ ΚΑΚΗ ΒΙΓΛΑ",18903,1,02/2023
ΓΙΑΛΑ,18903,1,02/2023
ΜΑΓΟΥΛΑ,19018,1,02/2023
ΕΛΕΥΣΙΝΑ,19200,3,02/2023
ΑΣΠΡΟΠΥΡΓΟΣ,19300,2,02/2023
ΓΕΡΜΑΝΙΚΑ,19300,1,02/2023
ΣΙΔΕΡΑ,19300,2,02/2023
"ΑΓ. ΑΝΑΡΓΥΡΟΙ",13561,6,02/2024
"ΑΓ. ΑΝΑΡΓΥΡΟΙ",13562,4,02/2024
"ΑΓ. ΑΝΔΡΕΑΣ",18900,1,02/2024
"ΑΓ. ΑΝΤΩΝΙΟΣ",18757,1,02/2024
"ΑΓ. ΒΑΡΒΑΡΑ",17235,1,02/2024
"ΑΓ. ΒΑΡΒΑΡΑ",17563,7,02/2024
"ΑΓ. ΓΕΩΡΓΙΟΣ ΣΤΕΝΟΥ",18900,1,02/2024
"ΑΓ. ΓΡΗΓΟΡΟΥΣΑ",12461,4,02/2024
"ΑΓ. ΔΗΜΗΤΡΙΟΣ",17343,8,02/2024
"ΑΓ. ΕΛΕΥΘΕΡΙΟΣ",11145,1,02/2024
"ΑΓ. ΖΩΝΗ",11364,1,02/2024
"ΑΓ. ΘΩΜΑΣ",15124,5,02/2024
"ΑΓ. ΙΕΡΟΘΕΟΣ",12137,2,02/2024
"ΑΓ. ΙΩΑΝΝΗΣ",17234,1,02/2024
"ΑΓ. ΙΩΑΝΝΗΣ ΡΩΣΟΣ",13675,1,02/2024
"ΑΓ. ΛΟΥΚΑΣ",11255,1,02/2024
"ΑΓ. ΜΑΡΙΝΑ",16344,2,02/2024
"ΑΓ. ΜΗΝΑΣ",18758,9,02/2024
"ΑΓ. ΝΕΙΛΟΣ",18538,2,02/2024
"ΑΓ. ΝΙΚΟΛΑΟΣ",13451,1,02/2024
"ΑΓ. ΝΙΚΟΛΑΟΣ",18450,1,02/2024
"ΑΓ. ΝΙΚΟΛΑΟΣ",18453,3,02/2024
"ΑΓ. ΝΙΚΟΛΑΟΣ",18454,2,02/2024
"ΑΓ. ΝΙΚΟΛΑΟΣ",18863,2,02/2024
"ΑΓ. ΠΑΝΤΕΛΕΗΜΩΝ",17456,2,02/2024
"ΑΓ. ΠΑΡΑΣΚΕΥΗ",15341,1,02/2024
"ΑΓ. ΠΑΡΑΣΚΕΥΗ",15342,1,02/2024
"ΑΓ. ΠΕΤΡΟΣ",13675,1,02/2024
"ΑΓ. ΣΟΦΙΑ",18544,2,02/2024
ΑΓΡΙΛΙΟΣ,17342,1,02/2024
ΑΔΑΜΕΣ,14564,2,02/2024
"ΑΙΑΝΤΕΙΟ ΑΓ. ΜΑΡΙΝΑ",18903,1,02/2024
"ΑΙΑΝΤΕΙΟ ΚΑΚΗ ΒΙΓΛΑ",18903,1,02/2024
"ΑΙΑΝΤΕΙΟ ΜΑΙΝΕΜΕΝΗ",18903,6,02/2024
"ΑΚΑΔ. ΠΛΑΤΩΝΟΣ",10441,4,02/2024
ΑΛΙΜΟΣ,17455,1,02/2024
ΑΛΩΝΙΑ,14562,10,02/2024
ΑΜΠΕΛΑΚΙΑ,17455,5,02/2024
ΑΜΠΕΛΑΚΙΑ,18902,1,02/2024
ΑΜΠΕΛΟΚΗΠΟΙ,11523,2,02/2024
ΑΜΠΕΛΟΚΗΠΟΙ,11527,1,02/2024
ΑΜΦΙΑΛΗ,18757,3,02/2024
ΑΜΦΙΘΕΑ,17564,73,02/2024
ΑΝΑΓΕΝΝΗΣΗ,12243,3,02/2024
ΑΝΑΛΗΨΗ,18452,1,02/2024
ΑΝΘΕΩΝ,17343,1,02/2024
ΑΝΘΟΥΠΟΛΗ,12135,2,02/2024
ΑΝΟΙΞΗ,17342,4,02/2024
ΑΝΟΙΞΗ,17343,1,02/2024
"ΑΝΩ ΚΟΡΥΔΑΛΛΟΣ",18122,1,02/2024
"ΑΝΩ ΠΕΤΡΑΛΩΝΑ",11851,1,02/2024
"ΑΝΩ ΠΕΤΡΑΛΩΝΑ",11852,1,02/2024
"ΑΡ. ΕΛ. ΒΕΝΙΖΕΛΟΥ",12351,3,02/2024
"ΑΡ. ΙΕΡΑΣ ΟΔΟΥ",12241,2,02/2024
ΑΡΓΥΡΟΥΠΟΛΗ,16451,3,02/2024
ΑΡΓΥΡΟΥΠΟΛΗ,16452,3,02/2024
"ΑΣΠΡΑ ΧΩΜΑΤΑ",12135,1,02/2024
"ΑΣΠΡΑ ΧΩΜΑΤΑ",12136,1,02/2024
"ΑΣΠΡΑ ΧΩΜΑΤΑ",12137,3,02/2024
"ΑΣΠΡΑ ΧΩΜΑΤΑ",18454,4,02/2024
ΑΣΠΡΟΠΥΡΓΟΣ,19300,6,02/2024
ΑΣΥΡΜΑΤΟΣ,16672,3,02/2024
ΑΣΥΡΜΑΤΟΣ,17341,5,02/2024
ΒΑΡΗ,16672,5,02/2024
ΒΑΡΚΙΖΑ,16672,1,02/2024
ΒΙΑΜΑΞ,12242,4,02/2024
ΒΟΣΠΟΡΟΣ,16675,1,02/2024
ΒΟΤΑΝΙΚΟΣ,11855,3,02/2024
ΒΟΥΛΑ,16673,4,02/2024
ΒΟΥΛΙΑΓΜΕΝΗ,16671,1,02/2024
ΒΡΥΩΝΗ,18536,1,02/2024
ΒΥΡΩΝΑΣ,16231,1,02/2024
ΒΥΡΩΝΑΣ,16232,4,02/2024
ΓΑΛΑΤΣΙ,11146,2,02/2024
ΓΕΡΑΚΑΣ,15344,2,02/2024
ΓΕΡΜΑΝΙΚΑ,19300,2,02/2024
"ΓΕΡΜΑΝΙΚΟΣ ΔΡΟΜΟΣ ΒΟΡΕΙΟ",19100,1,02/2024
ΓΕΡΟΒΟΥΝΟ,13451,2,02/2024
ΓΕΦΥΡΑ,18450,5,02/2024
"ΓΗΠΕΔΟ-ΝΕΟ ΜΕΛΙ",19100,2,02/2024
ΓΗΡΟΚΟΜΕΙΟ,11476,2,02/2024
ΓΚΑΖΟΧΩΡΙ,11854,1,02/2024
ΓΚΥΖΗ,11474,7,02/2024
"ΓΛΥΚΑ ΝΕΡΑ",15354,3,02/2024
ΓΛΥΦΑΔΑ,16561,2,02/2024
ΓΛΥΦΑΔΑ,16674,3,02/2024
ΓΛΥΦΑΔΑ,16675,7,02/2024
ΔΑΣΟΣ,12462,4,02/2024
ΔΑΦΝΗ,17234,5,02/2024
ΔΑΦΝΗ,17235,9,02/2024
ΔΑΦΝΗ,17237,5,02/2024
"ΔΕΞ. ΕΛ. ΒΕΝΙΖΕΛΟΥ",12351,3,02/2024
"ΔΕΞ. ΙΕΡΑΣ ΟΔΟΥ",12242,1,02/2024
ΔΙΚΗΓΟΡΙΚΑ,16673,1,02/2024
ΔΙΚΗΓΟΡΙΚΑ,16675,2,02/2024
ΔΡΑΠΕΤΣΩΝΑ,18648,1,02/2024
"ΕΘΝΙΚΗΣ ΑΝΤΙΣΤΑΣΗΣ",17342,7,02/2024
ΕΚΤΕΛΩΝΙΣΤΩΝ,17456,1,02/2024
ΕΛΕΥΣΙΝΑ,19200,2,02/2024
ΕΛΛΗΝΙΚΟ,16777,8,02/2024
ΕΞΑΡΧΕΙΑ,10678,1,02/2024
"ΕΡΥΘΡΟΣ ΣΤΑΥΡΟΣ",11526,1,02/2024
ΕΥΓΕΝΕΙΑ,18755,3,02/2024
ΕΦΟΡΙΑΚΩΝ,17456,3,02/2024
ΖΑΝΕΙΟ,18536,1,02/2024
ΖΕΦΥΡΙ,13461,1,02/2024
ΖΩΓΡΑΦΟΥ,15773,2,02/2024
ΗΛΙΑΚΤΗ,18900,1,02/2024
ΗΛΙΟΥΠΟΛΗ,16341,2,02/2024
ΗΛΙΟΥΠΟΛΗ,16345,4,02/2024
ΗΛΙΟΥΠΟΛΗ,16346,3,02/2024
ΗΡΑΚΛΕΙΟ,14121,3,02/2024
ΗΡΑΚΛΕΙΟ,14122,4,02/2024
ΘΗΣΕΙΟ,11851,1,02/2024
ΘΡΑΚΟΜΑΚΕΔΟΝΕΣ,13676,6,02/2024
ΘΥΜΑΡΑΚΙΑ,10445,2,02/2024
ΘΥΜΑΡΑΚΙΑ,10446,1,02/2024
ΙΕΡΑΠΟΛΗ,12244,1,02/2024
ΙΛΙΟΝ,13121,8,02/2024
ΙΛΙΟΝ,13122,7,02/2024
ΙΛΙΟΝ,13123,5,02/2024
ΙΛΙΣΙΑ,11528,1,02/2024
ΙΛΙΣΙΑ,15771,1,02/2024
ΚΑΛΑΜΑΚΙ,17455,12,02/2024
ΚΑΛΑΜΑΚΙ,18540,1,02/2024
ΚΑΛΛΙΘΕΑ,17671,1,02/2024
ΚΑΛΛΙΘΕΑ,17672,8,02/2024
ΚΑΛΟΓΡΕΖΑ,14234,1,02/2024
ΚΑΛΥΜΝΙΩΝ,16673,3,02/2024
ΚΑΜΑΤΕΡΟ,13451,1,02/2024
ΚΑΜΙΝΙΑ,18541,1,02/2024
ΚΑΜΠΟΛΙ,18903,1,02/2024
ΚΑΝΑΚΙΑ,18903,1,02/2024
ΚΑΝΤΖΑ,15351,2,02/2024
ΚΑΡΑΒΑΣ,18543,1,02/2024
ΚΑΡΒΕΛΑΣ,16675,1,02/2024
ΚΑΣΤΕΛΛΑ,18533,4,02/2024
"ΚΑΤΩ ΚΗΦΙΣΙΑ",14561,3,02/2024
"ΚΑΤΩ ΠΕΤΡΑΛΩΝΑ",11854,1,02/2024
ΚΕΝΤΡΟ,10432,1,02/2024
ΚΕΝΤΡΟ,10559,2,02/2024
ΚΕΝΤΡΟ,10560,6,02/2024
ΚΕΝΤΡΟ,10561,1,02/2024
ΚΕΝΤΡΟ,10563,1,02/2024
ΚΕΝΤΡΟ,18535,3,02/2024
ΚΕΝΤΡΟ,18536,1,02/2024
ΚΕΦΑΛΛΗΝΙΑΣ,11252,1,02/2024
ΚΗΠΟΥΠΟΛΗ,13231,2,02/2024
ΚΗΦΙΣΙΑ,14561,2,02/2024
ΚΗΦΙΣΙΑ,14563,2,02/2024
ΚΟΚΚΙΝΟΒΡΑΧΟΣ,18757,1,02/2024
ΚΟΚΚΙΝΟΠΟΥΛΟΥ,13561,1,02/2024
ΚΟΛΟΚΥΝΘΟΥ,10442,2,02/2024
ΚΟΛΩΝΟΣ,10443,1,02/2024
ΚΟΛΩΝΟΣ,10444,2,02/2024
ΚΟΝΤΟΠΕΥΚΟ,15343,3,02/2024
"ΚΟΡΜΠΙ ΣΟΥΡΙΖΑ",16672,1,02/2024
"ΚΟΡΜΠΙ ΦΑΡΟΥ",16672,1,02/2024
ΚΟΥΦΟΥ,18900,1,02/2024
ΚΥΘΗΡΙΩΝ,17456,1,02/2024
ΚΥΝΟΣΑΡΓΟΥΣ,11743,1,02/2024
ΚΥΠΡΙΑΔΟΥ,11141,1,02/2024
ΚΥΨΕΛΗ,11361,1,02/2024
ΚΥΨΕΛΗ,11363,5,02/2024
ΛΑΘΕΑ,13678,3,02/2024
ΛΑΧΑΝΑΓΟΡΑ,18233,1,02/2024
ΛΙΟΥΜΗ,12243,4,02/2024
"ΛΟΦΟΣ ΣΙΚΕΛΙΑΣ",17675,1,02/2024
ΛΥΚΟΒΡΥΣΗ,14123,1,02/2024
ΜΑΓΟΥΛΑ,19018,1,02/2024
ΜΑΝΙΑΤΙΚΑ,18450,1,02/2024
ΜΑΝΙΑΤΙΚΑ,18546,2,02/2024
ΜΑΡΟΥΣΙ,15122,11,02/2024
ΜΑΡΟΥΣΙ,15123,5,02/2024
ΜΑΡΟΥΣΙ,15124,5,02/2024
ΜΑΡΟΥΣΙ,15126,4,02/2024
"ΜΕΓ. ΣΧΙΝΑ",13679,1,02/2024
"ΜΕΓΑΡΑ ΔΥΤΙΚΗΣ ΑΤΤΙΚΗΣ",19100,1,02/2024
ΜΕΛΙΣΣΙΑ,15127,1,02/2024
ΜΕΣΟΝΥΧΙ,13675,2,02/2024
ΜΕΤΑΜΟΡΦΩΣΗ,14451,3,02/2024
ΜΕΤΑΜΟΡΦΩΣΗ,16232,2,02/2024
ΜΙΧΕΛΗ,13123,1,02/2024
ΜΟΣΧΑΤΟ,18345,2,02/2024
ΜΠΟΣΚΙΖΑ,13679,1,02/2024
ΜΠΟΥΡΝΑΖΙ,12133,5,02/2024
"Ν. ΚΟΛΟΚΥΝΘΟΥ",12132,1,02/2024
"Ν. ΜΑΡΟΥΣΙ",15126,1,02/2024
"Ν. ΟΛΥΜΠΙΑ",13451,2,02/2024
"ΝΕΑ ΖΩΗ",15341,1,02/2024
"ΝΕΑ ΙΩΝΙΑ",14231,6,02/2024
"ΝΕΑ ΙΩΝΙΑ",14234,1,02/2024
"ΝΕΑ ΚΗΦΙΣΙΑ",14561,1,02/2024
"ΝΕΑ ΚΗΦΙΣΙΑ",14564,1,02/2024
"ΝΕΑ ΚΥΨΕΛΗ",11363,1,02/2024
"ΝΕΑ ΜΑΔΥΤΟΣ",14342,2,02/2024
"ΝΕΑ ΠΕΝΤΕΛΗ",15236,1,02/2024
"ΝΕΑ ΣΜΥΡΝΗ",17121,3,02/2024
"ΝΕΑ ΣΜΥΡΝΗ",17124,9,02/2024
"ΝΕΑ ΦΙΛΟΘΕΗ",11524,3,02/2024
"ΝΕΑ ΧΑΛΚΗΔΟΝΑ",14343,1,02/2024
ΝΕΑΠΟΛΗ,13672,1,02/2024
ΝΕΑΠΟΛΗ,14233,1,02/2024
ΝΕΑΠΟΛΗ,18451,1,02/2024
ΝΕΑΠΟΛΗ,18452,3,02/2024
"ΝΕΟ ΦΑΛΗΡΟ",18547,2,02/2024
"ΝΕΟ ΨΥΧΙΚΟ",15451,3,02/2024
ΝΕΟΚΤΙΣΤΑ,18863,1,02/2024
ΝΙΚΑΙΑ,18451,3,02/2024
ΝΤΑΜΑΡΑΚΙΑ,12244,5,02/2024
"Π. ΚΟΚΚΙΝΙΑ",18450,1,02/2024
"Π. ΚΟΚΚΙΝΙΑ",18542,3,02/2024
ΠΑΓΚΡΑΤΙ,11633,1,02/2024
ΠΑΓΚΡΑΤΙ,11635,4,02/2024
"ΠΑΓΚΡΑΤΙ ΣΤΑΔΙΟ",11633,1,02/2024
"ΠΑΛ. ΜΕΝΙΔΙ",13673,1,02/2024
"ΠΑΛ. ΜΕΝΙΔΙ",13674,5,02/2024
"ΠΑΛΑΙΟ ΦΑΛΗΡΟ",17561,7,02/2024
ΠΑΛΑΤΙΑΝΗ,13121,3,02/2024
ΠΑΝΟΡΑΜΑ,16673,1,02/2024
ΠΑΝΤΕΙΟΣ,17671,3,02/2024
ΠΑΠΑΓΟΣ,15669,10,02/2024
ΠΑΠΑΔΟΠΟΥΛΟΥ,18863,1,02/2024
ΠΑΠΑΣΤΡΑΤΟΥ,18546,2,02/2024
ΠΑΡΑΔΕΙΣΟΣ,15343,1,02/2024
ΠΑΡΑΛΙΑ,18344,2,02/2024
ΠΑΣΑΛΙΜΑΝΙ,18534,1,02/2024
ΠΑΤΗΜΑ,15238,5,02/2024
ΠΕΙΡΑΙΑΣ,18546,3,02/2024
ΠΕΙΡΑΙΚΗ,18537,1,02/2024
ΠΕΙΡΑΙΚΗ,18539,1,02/2024
ΠΕΝΤΕΛΗ,15236,1,02/2024
ΠΕΡΑΜΑ,18863,2,02/2024
ΠΕΡΑΝΙ,18903,1,02/2024
ΠΕΡΙΒΟΛΑΚΙ,18453,1,02/2024
ΠΕΡΙΒΟΛΑΚΙ,18454,14,02/2024
ΠΕΡΙΣΣΟΣ,14232,2,02/2024
ΠΕΡΙΣΤΕΡΙ,12131,7,02/2024
ΠΕΡΙΣΤΕΡΙ,12132,1,02/2024
ΠΕΡΙΣΤΕΡΙ,12134,3,02/2024
ΠΕΡΙΣΤΕΡΙ,12136,6,02/2024
ΠΕΤΡΟΥΠΟΛΗ,13231,11,02/2024
ΠΕΤΡΟΥΠΟΛΗ,13232,10,02/2024
ΠΕΥΚΑΚΙΑ,15343,4,02/2024
ΠΕΥΚΗ,15121,2,02/2024
ΠΛΑΚΑ,10563,2,02/2024
"ΠΛΑΤΕΙΑ ΒΙΚΤΩΡΙΑΣ",10434,2,02/2024
"ΠΛΑΤΕΙΑ ΚΟΛΙΑΤΣΟΥ",11254,5,02/2024
ΡΕΣΤΗ,18900,1,02/2024
ΣΑΦΡΑΜΠΟΛΙΣ,14233,2,02/2024
ΣΙΔΕΡΑ,19300,1,02/2024
ΣΟΥΛΙ,17342,1,02/2024
ΣΟΥΡΜΕΝΑ,16777,5,02/2024
"ΣΤΑΘΜΟΣ ΛΑΡΙΣΗΣ",10440,1,02/2024
ΣΧΙΣΤΟ,18122,2,02/2024
ΣΩΡΟΥ,15125,3,02/2024
ΤΑΜΠΟΥΡΙΑ,18756,1,02/2024
ΤΑΞΙΑΡΧΕΣ,18121,1,02/2024
ΤΑΥΡΟΣ,17778,5,02/2024
ΤΕΡΨΙΘΕΑ,16561,1,02/2024
ΤΕΡΨΙΘΕΑ,16562,1,02/2024
ΤΕΡΨΙΘΕΑ,18535,1,02/2024
ΤΕΡΨΙΘΕΑ,18536,1,02/2024
ΤΡΑΥΜΑΤΙΩΝ,17456,1,02/2024
ΤΣΑΚΟΣ,15341,1,02/2024
ΤΣΑΜΗ,18900,1,02/2024
ΥΜΗΤΤΟΣ,17236,1,02/2024
ΥΜΗΤΤΟΣ,17237,2,02/2024
ΦΙΛΟΘΕΗ,15123,12,02/2024
ΦΙΛΟΠΑΠΠΟΥ,11741,2,02/2024
ΧΑΙΔΑΡΙ,12461,2,02/2024
ΧΑΛΑΝΔΡΙ,15231,19,02/2024
ΧΑΛΑΝΔΡΙ,15232,12,02/2024
ΧΑΛΑΝΔΡΙ,15233,6,02/2024
ΧΑΛΑΝΔΡΙ,15234,11,02/2024
ΧΑΛΚΗΔΟΝΑ,18450,1,02/2024
ΧΑΡΟΚΟΠΟΥ,17676,1,02/2024
ΧΑΣΑΝΙ,16452,2,02/2024
ΧΑΣΑΝΙ,16777,1,02/2024
ΧΑΤΖΗΚΥΡΙΑΚΕΙΟ,18539,1,02/2024
ΧΕΡΩΜΑ,16672,1,02/2024
ΧΟΛΑΡΓΟΣ,15562,8,02/2024
ΧΡΥΣΟΥΠΟΛΗ,12137,1,02/2024
ΨΥΡΡΗ,10554,3,02/2024
"40 ΜΑΡΤΥΡΩΝ",13675,1,02/2025
ΑΒΕΡΩΦ,11522,17,02/2025
"ΑΓ. ΑΝΑΡΓΥΡΟΙ",13561,3,02/2025
"ΑΓ. ΑΝΤΩΝΙΟΣ",18758,1,02/2025
"ΑΓ. ΒΑΡΒΑΡΑ",17563,2,02/2025
"ΑΓ. ΓΕΩΡΓΙΟΣ",18756,1,02/2025
"ΑΓ. ΓΡΗΓΟΡΟΥΣΑ",12461,1,02/2025
"ΑΓ. ΔΗΜΗΤΡΙΟΣ",17341,2,02/2025
"ΑΓ. ΔΗΜΗΤΡΙΟΣ",17343,6,02/2025
"ΑΓ. ΕΛΕΟΥΣΑ",17675,1,02/2025
"ΑΓ. ΕΛΕΥΘΕΡΙΟΣ",11143,1,02/2025
"ΑΓ. ΙΕΡΟΘΕΟΣ",12137,5,02/2025
"ΑΓ. ΚΩΝΣΤΑΝΤΙΝΟΣ",16346,2,02/2025
"ΑΓ. ΛΑΥΡΕΝΤΙΟΣ",18900,1,02/2025
"ΑΓ. ΛΟΥΚΑΣ",11254,1,02/2025
"ΑΓ. ΜΑΡΙΝΑ",16345,4,02/2025
"ΑΓ. ΜΗΝΑΣ",18757,1,02/2025
"ΑΓ. ΜΗΝΑΣ",18758,1,02/2025
"ΑΓ. ΝΕΙΛΟΣ",18538,1,02/2025
"ΑΓ. ΝΕΙΛΟΣ",18539,1,02/2025
"ΑΓ. ΝΙΚΟΛΑΟΣ",13451,2,02/2025
"ΑΓ. ΠΑΝΤΕΛΕΗΜΟΝΑΣ",18756,1,02/2025
"ΑΓ. ΠΑΡΑΣΚΕΥΗ",13679,1,02/2025
"ΑΓ. ΠΑΡΑΣΚΕΥΗ",15341,1,02/2025
"ΑΓ. ΠΕΤΡΟΣ",13675,2,02/2025
"ΑΓ. ΣΟΦΙΑ",18543,1,02/2025
ΑΓΓΕΛΟΠΟΥΛΟΥ,11257,1,02/2025
"ΑΓΙΟΣ ΝΙΚΟΛΑΟΣ",15122,1,02/2025
ΑΓΡΙΛΙΟΣ,17342,3,02/2025
ΑΔΑΜΕΣ,14564,18,02/2025
ΑΙΑΝΤΕΙΟ,18903,2,02/2025
"ΑΙΑΝΤΕΙΟ 17Η",18903,1,02/2025
"ΑΚΑΔ. ΠΛΑΤΩΝΟΣ",10441,2,02/2025
ΑΛΙΜΟΣ,17455,3,02/2025
ΑΜΠΕΛΟΚΗΠΟΙ,11525,1,02/2025
ΑΜΠΕΛΟΚΗΠΟΙ,11527,9,02/2025
ΑΜΥΓΔΑΛΕΖΑ,13679,1,02/2025
ΑΜΦΙΑΛΗ,18757,1,02/2025
ΑΜΦΙΑΛΗ,18758,2,02/2025
ΑΜΦΙΘΕΑ,17564,5,02/2025
ΑΝΑΓΕΝΝΗΣΗ,12243,2,02/2025
ΑΝΑΛΗΨΗ,16231,4,02/2025
ΑΝΑΛΗΨΗ,18452,4,02/2025
ΑΝΑΣΤΑΣΗ,18755,2,02/2025
ΑΝΘΕΩΝ,17343,1,02/2025
ΑΝΘΟΥΠΟΛΗ,12135,4,02/2025
ΑΝΟΙΞΗ,17342,1,02/2025
"ΑΝΩ ΚΟΡΥΔΑΛΛΟΣ",18122,5,02/2025
"ΑΝΩ ΚΥΨΕΛΗ",11364,2,02/2025
"ΑΝΩ ΛΙΟΥΜΗ",12243,4,02/2025
"ΑΝΩ ΠΑΤΗΣΙΑ",11143,1,02/2025
"ΑΝΩ ΠΕΤΡΑΛΩΝΑ",11851,8,02/2025
ΑΠΟΛΛΩΝ,18233,1,02/2025
ΑΠΟΛΛΩΝ,18541,4,02/2025
"ΑΡ. ΕΛ. ΒΕΝΙΖΕΛΟΥ",12351,2,02/2025
"ΑΡ. ΙΕΡΑΣ ΟΔΟΥ",12241,3,02/2025
ΑΡΓΥΡΟΥΠΟΛΗ,16451,3,02/2025
ΑΡΓΥΡΟΥΠΟΛΗ,16452,44,02/2025
"ΑΣΠΡΑ ΧΩΜΑΤΑ",12135,8,02/2025
"ΑΣΠΡΑ ΧΩΜΑΤΑ",12137,5,02/2025
"ΑΣΠΡΑ ΧΩΜΑΤΑ",18454,1,02/2025
ΑΣΠΡΟΠΥΡΓΟΣ,19300,4,02/2025
ΑΣΥΡΜΑΤΟΣ,16672,2,02/2025
ΑΣΥΡΜΑΤΟΣ,17341,10,02/2025
ΑΥΤΟΚΙΝΗΤΙΣΤΩΝ,16673,4,02/2025
ΒΑΡΚΙΖΑ,16672,1,02/2025
ΒΛΥΧΑΔΑ,19100,1,02/2025
ΒΟΣΠΟΡΟΣ,16675,2,02/2025
ΒΟΤΑΝΙΚΟΣ,11855,6,02/2025
ΒΟΥΛΙΑΓΜΕΝΗ,16671,1,02/2025
ΒΥΡΩΝΑΣ,16232,3,02/2025
ΓΑΛΑΤΣΙ,11146,1,02/2025
ΓΑΛΑΤΣΙ,11147,5,02/2025
"ΓΕΡΜΑΝΙΚΟΣ ΔΡΟΜΟΣ ΒΟΡΕΙΟ",19100,3,02/2025
ΓΕΡΟΒΟΥΝΟ,13451,2,02/2025
ΓΕΡΟΒΟΥΝΟ,13671,1,02/2025
ΓΕΦΥΡΑ,18450,1,02/2025
"ΓΗΠΕΔΟ-ΝΕΟ ΜΕΛΙ",19100,5,02/2025
ΓΗΡΟΚΟΜΕΙΟ,11524,1,02/2025
ΓΚΑΖΟΧΩΡΙ,11854,2,02/2025
ΓΚΥΖΗ,11474,2,02/2025
ΓΚΥΖΗ,11475,1,02/2025
ΓΚΥΖΗ,11476,1,02/2025
ΓΛΥΦΑΔΑ,16561,5,02/2025
ΓΛΥΦΑΔΑ,16674,4,02/2025
ΓΛΥΦΑΔΑ,16675,17,02/2025
ΓΟΥΒΑ,11631,2,02/2025
ΓΟΥΒΑ,11632,3,02/2025
ΔΑΣΟΣ,12462,3,02/2025
ΔΑΦΝΗ,17235,1,02/2025
ΔΑΦΝΗ,17237,4,02/2025
ΔΑΦΝΙ,12462,2,02/2025
"ΔΕΞ. ΕΛ. ΒΕΝΙΖΕΛΟΥ",12351,3,02/2025
"ΔΕΞ. ΙΕΡΑΣ ΟΔΟΥ",12242,3,02/2025
ΔΗΜΗΤΡΑΝΙ,18903,1,02/2025
ΔΗΜΟΤΙΚΟ,18531,1,02/2025
ΔΙΚΗΓΟΡΙΚΑ,16673,2,02/2025
"ΕΘΝΙΚΗΣ ΑΝΤΙΣΤΑΣΗΣ",17342,6,02/2025
ΕΚΤΕΛΩΝΙΣΤΩΝ,17456,1,02/2025
ΕΛΕΥΣΙΝΑ,19200,7,02/2025
ΕΛΛΗΝΟΡΩΣΩΝ,11525,2,02/2025
ΕΞΑΡΧΕΙΑ,10678,1,02/2025
ΕΞΑΡΧΕΙΑ,10680,1,02/2025
ΕΞΑΡΧΕΙΑ,10681,8,02/2025
ΕΥΑΓΓΕΛΙΣΤΡΙΑ,18533,1,02/2025
ΕΦΟΡΙΑΚΩΝ,17456,8,02/2025
ΖΕΦΥΡΙ,13461,2,02/2025
ΖΩΓΡΑΦΟΥ,15771,4,02/2025
ΖΩΓΡΑΦΟΥ,15772,5,02/2025
"ΖΩΟΔΟΧΟΥ ΠΗΓΗΣ",16233,2,02/2025
ΗΛΙΟΥΠΟΛΗ,16341,3,02/2025
ΗΛΙΟΥΠΟΛΗ,16342,1,02/2025
ΗΛΙΟΥΠΟΛΗ,16346,4,02/2025
ΗΡΑΚΛΕΙΟ,14121,3,02/2025
ΗΡΑΚΛΕΙΟ,14122,1,02/2025
ΘΗΣΕΙΟ,11851,1,02/2025
ΘΡΑΚΟΜΑΚΕΔΟΝΕΣ,13676,8,02/2025
ΙΕΡΑΠΟΛΗ,12244,1,02/2025
ΙΛΙΟΝ,13121,4,02/2025
ΙΛΙΟΝ,13122,9,02/2025
ΙΛΙΟΝ,13123,8,02/2025
ΙΛΙΣΙΑ,11528,11,02/2025
ΚΑΛΑΜΑΚΙ,17455,1,02/2025
ΚΑΛΑΜΑΚΙ,18532,10,02/2025
ΚΑΛΑΜΑΚΙ,18540,3,02/2025
ΚΑΛΛΙΘΕΑ,17672,1,02/2025
ΚΑΛΛΙΘΕΑ,17673,1,02/2025
ΚΑΛΛΙΠΟΛΗ,18539,1,02/2025
ΚΑΛΟΓΡΕΖΑ,14234,4,02/2025
ΚΑΛΥΜΝΙΩΝ,16673,4,02/2025
ΚΑΜΑΤΕΡΟ,13451,2,02/2025
ΚΑΜΙΝΙ,16672,1,02/2025
ΚΑΜΙΝΙΑ,18541,2,02/2025
ΚΑΝΑΡΙΑ,16346,1,02/2025
ΚΑΡΒΕΛΑΣ,16674,2,02/2025
"ΚΑΤΩ ΚΗΦΙΣΙΑ",14561,4,02/2025
"ΚΑΤΩ ΚΗΦΙΣΙΑ",14564,1,02/2025
"ΚΑΤΩ ΠΑΤΗΣΙΑ",10445,1,02/2025
"ΚΑΤΩ ΧΑΛΑΝΔΡΙ",15232,6,02/2025
ΚΑΦΕΠΩΛΕΣ,16561,3,02/2025
ΚΕΝΤΡΟ,10437,1,02/2025
ΚΕΝΤΡΟ,10551,1,02/2025
ΚΕΝΤΡΟ,10552,8,02/2025
ΚΕΝΤΡΟ,10559,2,02/2025
ΚΕΝΤΡΟ,10560,4,02/2025
ΚΕΝΤΡΟ,10561,3,02/2025
ΚΕΝΤΡΟ,10562,1,02/2025
ΚΕΝΤΡΟ,10563,7,02/2025
ΚΕΝΤΡΟ,18531,10,02/2025
ΚΗΠΟΥΠΟΛΗ,13231,1,02/2025
ΚΗΦΙΣΙΑ,14562,2,02/2025
ΚΟΛΙΑΤΣΟΥ,11255,16,02/2025
ΚΟΛΟΚΥΝΘΟΥ,10442,1,02/2025
ΚΟΛΟΚΥΝΘΟΥ,12132,1,02/2025
ΚΟΛΩΝΟΣ,10444,2,02/2025
ΚΟΝΤΟΠΕΥΚΟ,15343,5,02/2025
ΚΟΡΥΔΑΛΛΟΣ,18120,4,02/2025
ΚΟΡΥΔΑΛΛΟΣ,18121,1,02/2025
ΚΟΡΥΔΑΛΛΟΣ,18122,2,02/2025
ΚΟΥΚΑΚΙ,11741,1,02/2025
ΚΡΑΤΙΚΟ,18454,1,02/2025
ΚΡΗΝΗ,18453,1,02/2025
ΚΡΗΤΙΚΑ,18534,15,02/2025
ΚΥΝΟΣΑΡΓΟΥΣ,11743,1,02/2025
ΚΥΝΟΣΑΡΓΟΥΣ,11745,6,02/2025
ΚΥΨΕΛΗ,11361,1,02/2025
ΚΥΨΕΛΗ,11363,1,02/2025
"ΚΥΨΕΛΗ Ν. ΚΩΝ/ΠΟΛΗ",11363,1,02/2025
ΛΑΘΕΑ,13678,2,02/2025
ΛΙΟΥΜΗ,12243,3,02/2025
ΛΙΠΑΣΜΑΤΑ,18648,1,02/2025
ΜΑΓΟΥΛΑ,19018,2,02/2025
"ΜΑΚΡΥ ΛΙΘΑΡΙ",19300,1,02/2025
ΜΑΚΡΥΓΙΑΝΝΗ,11741,1,02/2025
ΜΑΝΙΑΤΙΚΑ,18544,2,02/2025
ΜΑΝΙΑΤΙΚΑ,18546,6,02/2025
ΜΑΡΟΥΣΙ,15122,1,02/2025
ΜΑΡΟΥΣΙ,15124,1,02/2025
ΜΑΡΟΥΣΙ,15125,5,02/2025
ΜΑΡΟΥΣΙ,15126,1,02/2025
"ΜΕΓ. ΣΧΙΝΑ",13679,1,02/2025
"ΜΕΓΑΡΑ ΔΥΤΙΚΗΣ ΑΤΤΙΚΗΣ",19100,7,02/2025
ΜΕΛΙΣΣΙΑ,15127,5,02/2025
ΜΕΤΑΜΟΡΦΩΣΗ,14451,7,02/2025
ΜΕΤΑΜΟΡΦΩΣΗ,14452,3,02/2025
ΜΕΤΑΜΟΡΦΩΣΗ,16231,1,02/2025
ΜΕΤΑΜΟΡΦΩΣΗ,16232,2,02/2025
ΜΕΤΑΜΟΡΦΩΣΗ,18344,1,02/2025
ΜΕΤΑΜΟΡΦΩΣΗ,18345,1,02/2025
ΜΕΤΑΞΟΥΡΓΕΙΟ,10435,3,02/2025
ΜΕΤΣ,11636,3,02/2025
ΜΗΛΑΔΕΖΑ,16672,1,02/2025
ΜΙΧΕΛΗ,13123,4,02/2025
ΜΟΝΑΣΤΗΡΑΚΙ,10555,1,02/2025
ΜΟΣΧΑΤΟ,18344,1,02/2025
ΜΠΟΥΡΝΑΖΙ,12133,1,02/2025
"Ν. ΚΟΛΟΚΥΝΘΟΥ",12132,1,02/2025
"Ν. ΜΑΡΟΥΣΙ",15126,3,02/2025
"ΝΕΑ ΙΩΝΙΑ",14231,11,02/2025
"ΝΕΑ ΚΗΦΙΣΙΑ",14564,1,02/2025
"ΝΕΑ ΛΕΣΒΟΣ",15126,2,02/2025
"ΝΕΑ ΠΕΡΑΜΟΣ",19006,1,02/2025
"ΝΕΑ ΣΜΥΡΝΗ",17121,3,02/2025
"ΝΕΑ ΣΜΥΡΝΗ",17122,2,02/2025
"ΝΕΑ ΣΜΥΡΝΗ",17124,22,02/2025
ΝΕΑΠΟΛΗ,13672,2,02/2025
ΝΕΑΠΟΛΗ,14233,1,02/2025
ΝΕΑΠΟΛΗ,18452,5,02/2025
"ΝΕΟ ΦΑΛΗΡΟ",18547,5,02/2025
"ΝΕΟ ΨΥΧΙΚΟ",15451,4,02/2025
ΝΕΟΚΤΙΣΤΑ,18863,1,02/2025
"ΝΕΟΣ ΚΟΣΜΟΣ",11744,8,02/2025
"ΝΕΟΣ ΚΟΣΜΟΣ",11745,1,02/2025
"Π. ΚΟΚΚΙΝΙΑ",18542,3,02/2025
ΠΑΓΚΡΑΤΙ,11633,1,02/2025
"ΠΑΛ. ΜΕΝΙΔΙ",13673,2,02/2025
"ΠΑΛ. ΜΕΝΙΔΙ",13674,2,02/2025
"ΠΑΛΑΙΟ ΦΑΛΗΡΟ",17561,2,02/2025
"ΠΑΛΑΙΟ ΦΑΛΗΡΟ",17562,9,02/2025
ΠΑΛΑΤΙΑΝΗ,13121,1,02/2025
ΠΑΛΑΤΙΑΝΗ,13122,2,02/2025
ΠΑΛΛΗΝΗ,15351,2,02/2025
ΠΑΛΟΥΚΙΑ,18901,2,02/2025
ΠΑΝΟΡΑΜΑ,13679,1,02/2025
ΠΑΝΟΡΑΜΑ,16673,4,02/2025
ΠΑΠΑΓΟΣ,15669,2,02/2025
ΠΑΠΑΣΤΡΑΤΟΥ,18546,1,02/2025
ΠΑΡΑΔΕΙΣΟΣ,15125,4,02/2025
ΠΑΡΑΛΙΑ,18345,5,02/2025
ΠΑΤΗΜΑ,15238,3,02/2025
ΠΑΤΡΙΣ,18900,2,02/2025
ΠΕΝΤΕΛΗ,15236,1,02/2025
ΠΕΡΑΜΑ,18863,1,02/2025
ΠΕΡΙΒΟΛΑΚΙ,18450,1,02/2025
ΠΕΡΙΣΤΕΡΙ,12131,21,02/2025
ΠΕΡΙΣΤΕΡΙ,12132,1,02/2025
ΠΕΡΙΣΤΕΡΙ,12134,6,02/2025
ΠΕΡΙΣΤΕΡΙ,12135,1,02/2025
ΠΕΡΙΣΤΕΡΙ,12136,8,02/2025
ΠΕΡΙΣΤΕΡΙ,12137,2,02/2025
ΠΕΤΡΟΥΠΟΛΗ,13231,3,02/2025
ΠΕΤΡΟΥΠΟΛΗ,13232,1,02/2025
ΠΕΥΚΑΚΙΑ,15343,6,02/2025
ΠΕΥΚΗ,15121,11,02/2025
ΠΗΓΑΔΑΚΙΑ,16673,1,02/2025
ΠΛΑΚΑ,10558,1,02/2025
"ΠΛΑΤΕΙΑ ΑΜΕΡΙΚΗΣ",11257,2,02/2025
"ΠΛΑΤΕΙΑ ΑΤΤΙΚΗΣ",10445,3,02/2025
"ΠΛΑΤΕΙΑ ΒΑΘΗΣ",10433,1,02/2025
"ΠΛΑΤΕΙΑ ΕΛΕΥΘΕΡΙΑΣ",18120,4,02/2025
"ΠΛΑΤΕΙΑ ΚΑΝΙΓΓΟΣ",10677,1,02/2025
ΡΕΤΣΙΝΑ,18545,1,02/2025
ΣΑΡΩΝΙΚΟΣ,17341,1,02/2025
ΣΑΦΡΑΜΠΟΛΙΣ,14233,3,02/2025
ΣΟΥΡΜΕΝΑ,16777,1,02/2025
ΣΤΡΕΦΗ,11473,1,02/2025
"ΣΥΝ. ΤΥΠΟΓΡΑΦΩΝ",16346,1,02/2025
ΣΧΙΣΤΟ,18122,2,02/2025
ΤΑΜΠΟΥΡΙΑ,18756,4,02/2025
ΤΑΞΙΑΡΧΕΣ,18121,2,02/2025
ΤΑΥΡΟΣ,17778,1,02/2025
ΤΕΡΨΙΘΕΑ,16561,3,02/2025
ΤΕΡΨΙΘΕΑ,16562,24,02/2025
ΤΖΙΤΖΙΦΙΕΣ,17674,17,02/2025
ΤΖΙΤΖΙΦΙΕΣ,17675,6,02/2025
ΤΟΥΡΚΟΛΙΜΑΝΟ,18533,1,02/2025
ΤΡΑΥΜΑΤΙΩΝ,17456,8,02/2025
ΤΣΑΚΟΣ,15341,1,02/2025
ΤΣΑΜΗ,18900,1,02/2025
ΥΜΗΤΤΟΣ,17237,1,02/2025
ΦΙΛΟΘΕΗ,15237,2,02/2025
ΦΙΛΟΠΑΠΠΟΥ,11741,1,02/2025
ΧΑΙΔΑΡΙ,12461,5,02/2025
ΧΑΛΑΝΔΡΙ,15232,8,02/2025
ΧΑΛΑΝΔΡΙ,15233,2,02/2025
ΧΑΛΑΝΔΡΙ,15234,2,02/2025
ΧΑΛΑΝΔΡΙ,15235,1,02/2025
ΧΑΛΚΗΔΟΝΑ,18451,1,02/2025
ΧΑΛΚΗΔΩΝ,18757,1,02/2025
ΧΑΡΑΥΓΗ,13673,1,02/2025
ΧΑΡΑΥΓΗ,17237,1,02/2025
"ΧΑΡΑΥΓΗ ΣΠΙΘΑΡΙ",17236,1,02/2025
ΧΑΤΖΗΚΥΡΙΑΚΕΙΟ,18538,1,02/2025
ΧΑΤΖΗΚΥΡΙΑΚΕΙΟ,18539,1,02/2025
ΧΟΛΑΡΓΟΣ,15561,1,02/2025
ΨΥΡΡΗ,10554,1,02/2025
ΨΥΧΙΚΟ,15452,3,02/2025
"ΠΛΑΤΕΙΑ ΒΙΚΤΩΡΙΑΣ",10434,5,03/2023
"ΑΚΑΔ. ΠΛΑΤΩΝΟΣ",10442,1,03/2023
"ΛΟΦΟΣ ΣΚΟΥΖΕ",10443,1,03/2023
ΚΟΛΩΝΟΣ,10444,6,03/2023
"ΠΡΟΦ. ΔΑΝΙΗΛ",10447,1,03/2023
ΚΕΝΤΡΟ,10551,1,03/2023
ΚΕΝΤΡΟ,10552,1,03/2023
ΨΥΡΡΗ,10554,3,03/2023
ΠΛΑΚΑ,10556,3,03/2023
ΠΛΑΚΑ,10557,1,03/2023
ΚΕΝΤΡΟ,10562,1,03/2023
ΚΕΝΤΡΟ,10563,3,03/2023
ΚΟΛΩΝΑΚΙ,10673,1,03/2023
ΚΕΝΤΡΟ,10677,1,03/2023
ΜΟΥΣΕΙΟ,10682,3,03/2023
"ΑΓ. ΕΛΕΥΘΕΡΙΟΣ",11145,1,03/2023
ΓΑΛΑΤΣΙ,11146,3,03/2023
ΓΑΛΑΤΣΙ,11147,12,03/2023
"ΠΛΑΤΕΙΑ ΚΟΛΙΑΤΣΟΥ",11254,1,03/2023
"ΚΥΨΕΛΗ Ν. ΚΩΝ/ΠΟΛΗ",11363,1,03/2023
"ΝΕΑ ΚΥΨΕΛΗ",11363,2,03/2023
ΚΕΝΤΡΟ,11471,1,03/2023
"ΠΕΔΙΟΝ ΑΡΕΩΣ",11473,3,03/2023
ΣΤΡΕΦΗ,11473,1,03/2023
ΓΚΥΖΗ,11475,28,03/2023
ΑΒΕΡΩΦ,11524,1,03/2023
"ΝΕΑ ΦΙΛΟΘΕΗ",11524,1,03/2023
ΑΜΠΕΛΟΚΗΠΟΙ,11525,7,03/2023
ΑΜΠΕΛΟΚΗΠΟΙ,11526,1,03/2023
ΑΜΠΕΛΟΚΗΠΟΙ,11527,1,03/2023
ΓΟΥΒΑ,11631,4,03/2023
ΠΑΓΚΡΑΤΙ,11632,1,03/2023
ΠΑΓΚΡΑΤΙ,11634,1,03/2023
ΠΑΓΚΡΑΤΙ,11635,1,03/2023
"ΠΑΓΚΡΑΤΙ ΣΤΑΔΙΟ",11635,1,03/2023
ΠΑΓΚΡΑΤΙ,11636,1,03/2023
ΜΕΤΣ,11743,1,03/2023
"ΝΕΟΣ ΚΟΣΜΟΣ",11744,16,03/2023
ΜΑΚΡΥΓΙΑΝΝΗ,11745,1,03/2023
"ΑΝΩ ΠΕΤΡΑΛΩΝΑ",11851,2,03/2023
"ΑΝΩ ΠΕΤΡΑΛΩΝΑ",11852,1,03/2023
ΓΚΑΖΟΧΩΡΙ,11854,1,03/2023
ΒΟΤΑΝΙΚΟΣ,11855,1,03/2023
ΠΕΡΙΣΤΕΡΙ,12131,2,03/2023
"Ν. ΚΟΛΟΚΥΝΘΟΥ",12132,1,03/2023
ΠΕΡΙΣΤΕΡΙ,12132,1,03/2023
ΜΠΟΥΡΝΑΖΙ,12133,6,03/2023
ΑΝΘΟΥΠΟΛΗ,12134,1,03/2023
ΠΕΡΙΣΤΕΡΙ,12134,9,03/2023
ΑΝΘΟΥΠΟΛΗ,12135,1,03/2023
"ΑΣΠΡΑ ΧΩΜΑΤΑ",12135,2,03/2023
ΠΕΡΙΣΤΕΡΙ,12135,1,03/2023
ΠΕΡΙΣΤΕΡΙ,12136,5,03/2023
"ΑΓ. ΙΕΡΟΘΕΟΣ",12137,3,03/2023
ΠΕΡΙΣΤΕΡΙ,12137,1,03/2023
ΑΙΓΑΛΕΩ,12241,5,03/2023
"ΑΡ. ΙΕΡΑΣ ΟΔΟΥ",12241,4,03/2023
ΒΙΑΜΑΞ,12242,3,03/2023
"ΔΕΞ. ΙΕΡΑΣ ΟΔΟΥ",12242,15,03/2023
ΑΙΓΑΛΕΩ,12243,1,03/2023
ΑΝΑΓΕΝΝΗΣΗ,12243,3,03/2023
ΛΙΟΥΜΗ,12243,3,03/2023
ΙΕΡΑΠΟΛΗ,12244,2,03/2023
ΝΤΑΜΑΡΑΚΙΑ,12244,2,03/2023
"ΑΓ. ΒΑΡΒΑΡΑ",12351,2,03/2023
"ΔΕΞ. ΕΛ. ΒΕΝΙΖΕΛΟΥ",12351,2,03/2023
ΧΑΙΔΑΡΙ,12461,7,03/2023
ΔΑΣΟΣ,12462,6,03/2023
ΙΛΙΟΝ,13121,4,03/2023
ΠΑΛΑΤΙΑΝΗ,13121,3,03/2023
ΙΛΙΟΝ,13122,10,03/2023
ΡΑΔΙΟΦΩΝΙΑ,13122,1,03/2023
ΙΛΙΟΝ,13123,5,03/2023
ΜΙΧΕΛΗ,13123,7,03/2023
ΠΕΤΡΟΥΠΟΛΗ,13231,5,03/2023
ΜΙΧΕΛΗ,13232,1,03/2023
ΠΕΤΡΟΥΠΟΛΗ,13232,7,03/2023
"ΑΓ. ΝΙΚΟΛΑΟΣ",13451,4,03/2023
ΓΕΡΟΒΟΥΝΟ,13451,6,03/2023
ΚΑΜΑΤΕΡΟ,13451,4,03/2023
"Ν. ΟΛΥΜΠΙΑ",13451,1,03/2023
"ΑΓ. ΑΝΑΡΓΥΡΟΙ",13561,3,03/2023
ΚΟΚΚΙΝΟΠΟΥΛΟΥ,13561,1,03/2023
ΑΝΑΚΑΣΑ,13562,1,03/2023
"ΠΥΡΓΟΣ ΒΑΣΙΛΙΣΣΗΣ",13562,1,03/2023
ΓΕΡΟΒΟΥΝΟ,13671,2,03/2023
ΛΥΚΟΤΡΥΠΑ,13671,3,03/2023
"ΑΓ. ΑΘΑΝΑΣΙΟΣ",13672,1,03/2023
ΝΕΑΠΟΛΗ,13672,4,03/2023
ΝΕΑΠΟΛΗ,13675,5,03/2023
ΘΡΑΚΟΜΑΚΕΔΟΝΕΣ,13676,6,03/2023
"ΜΕΓ. ΣΧΙΝΑ",13679,1,03/2023
ΜΠΟΣΚΙΖΑ,13679,1,03/2023
ΠΑΝΟΡΑΜΑ,13679,1,03/2023
ΗΡΑΚΛΕΙΟ,14121,6,03/2023
"Π. ΗΡΑΚΛΕΙΟ",14121,1,03/2023
ΗΡΑΚΛΕΙΟ,14122,5,03/2023
"ΝΕΑ ΙΩΝΙΑ",14231,4,03/2023
ΝΕΑΠΟΛΗ,14232,1,03/2023
ΠΕΡΙΣΣΟΣ,14232,2,03/2023
ΝΕΑΠΟΛΗ,14233,1,03/2023
ΣΑΦΡΑΜΠΟΛΙΣ,14233,7,03/2023
ΚΑΛΟΓΡΕΖΑ,14234,1,03/2023
"ΝΕΑ ΙΩΝΙΑ",14234,1,03/2023
ΑΛΣΟΥΠΟΛΗ,14235,1,03/2023
"ΝΕΑ ΦΙΛΑΔΕΛΦΕΙΑ",14341,1,03/2023
"ΚΟΚ. ΜΥΛΟΣ",14342,3,03/2023
"ΝΕΑ ΧΑΛΚΗΔΟΝΑ",14343,2,03/2023
ΜΕΤΑΜΟΡΦΩΣΗ,14451,5,03/2023
ΜΕΤΑΜΟΡΦΩΣΗ,14452,1,03/2023
ΚΕΦΑΛΑΡΙ,14562,1,03/2023
ΑΔΑΜΕΣ,14564,2,03/2023
"ΝΕΑ ΚΗΦΙΣΙΑ",14564,2,03/2023
ΠΕΥΚΗ,15121,2,03/2023
ΜΑΡΟΥΣΙ,15122,2,03/2023
ΨΑΛΙΔΙ,15122,2,03/2023
"ΑΓ. ΘΩΜΑΣ",15123,1,03/2023
ΦΙΛΟΘΕΗ,15123,2,03/2023
"ΑΓ. ΘΩΜΑΣ",15124,1,03/2023
ΜΑΡΟΥΣΙ,15124,5,03/2023
ΠΑΡΑΔΕΙΣΟΣ,15125,2,03/2023
ΣΩΡΟΥ,15125,1,03/2023
ΜΑΡΟΥΣΙ,15126,6,03/2023
"ΝΕΑ ΛΕΣΒΟΣ",15126,2,03/2023
"ΣΥΝ ΔΩΔΩΝΗΣ",15126,1,03/2023
"ΣΥΝ ΚΑΡΠΑΘΙΩΝ",15126,1,03/2023
ΜΕΛΙΣΣΙΑ,15127,1,03/2023
"ΚΑΤΩ ΧΑΛΑΝΔΡΙ",15231,4,03/2023
ΧΑΛΑΝΔΡΙ,15232,9,03/2023
ΠΟΛΥΔΡΟΣΟ,15233,1,03/2023
ΧΑΛΑΝΔΡΙ,15234,8,03/2023
"ΝΕΑ ΠΕΝΤΕΛΗ",15236,1,03/2023
ΠΕΝΤΕΛΗ,15236,1,03/2023
ΦΙΛΟΘΕΗ,15237,1,03/2023
ΠΑΤΗΜΑ,15238,5,03/2023
"ΑΓ. ΠΑΡΑΣΚΕΥΗ",15341,1,03/2023
"ΝΕΑ ΖΩΗ",15341,2,03/2023
ΤΣΑΚΟΣ,15341,2,03/2023
"ΑΓ. ΠΑΡΑΣΚΕΥΗ",15342,2,03/2023
ΚΟΝΤΟΠΕΥΚΟ,15343,9,03/2023
ΠΑΡΑΔΕΙΣΟΣ,15343,3,03/2023
ΠΕΥΚΑΚΙΑ,15343,5,03/2023
ΓΕΡΑΚΑΣ,15344,1,03/2023
ΚΑΝΤΖΑ,15351,5,03/2023
ΠΑΛΛΗΝΗ,15351,2,03/2023
"ΓΛΥΚΑ ΝΕΡΑ",15354,2,03/2023
"ΝΕΟ ΨΥΧΙΚΟ",15451,14,03/2023
ΨΥΧΙΚΟ,15452,2,03/2023
ΧΟΛΑΡΓΟΣ,15561,1,03/2023
ΧΟΛΑΡΓΟΣ,15562,14,03/2023
ΠΑΠΑΓΟΣ,15669,13,03/2023
ΖΩΓΡΑΦΟΥ,15771,1,03/2023
ΖΩΓΡΑΦΟΥ,15772,4,03/2023
ΚΑΙΣΑΡΙΑΝΗ,16121,2,03/2023
ΚΑΙΣΑΡΙΑΝΗ,16122,1,03/2023
ΑΝΑΛΗΨΗ,16231,1,03/2023
ΒΥΡΩΝΑΣ,16231,2,03/2023
ΒΥΡΩΝΑΣ,16232,10,03/2023
"ΖΩΟΔΟΧΟΥ ΠΗΓΗΣ",16233,5,03/2023
ΚΑΡΕΑΣ,16233,1,03/2023
ΑΣΤΥΝΟΜΙΚΑ,16342,2,03/2023
ΗΛΙΟΥΠΟΛΗ,16342,6,03/2023
"ΑΓ. ΜΑΡΙΝΑ",16343,5,03/2023
"ΑΓ. ΜΑΡΙΝΑ",16344,1,03/2023
"ΑΓ. ΜΑΡΙΝΑ",16345,1,03/2023
ΗΛΙΟΥΠΟΛΗ,16345,1,03/2023
"ΑΓ. ΚΩΝΣΤΑΝΤΙΝΟΣ",16346,8,03/2023
ΑΡΓΥΡΟΥΠΟΛΗ,16451,5,03/2023
ΑΡΓΥΡΟΥΠΟΛΗ,16452,4,03/2023
ΓΛΥΦΑΔΑ,16561,6,03/2023
ΤΕΡΨΙΘΕΑ,16561,5,03/2023
ΓΛΥΦΑΔΑ,16562,1,03/2023
ΤΕΡΨΙΘΕΑ,16562,7,03/2023
ΒΟΥΛΙΑΓΜΕΝΗ,16671,2,03/2023
ΒΑΡΚΙΖΑ,16672,6,03/2023
ΒΛΑΧΙΚΑ,16672,1,03/2023
ΚΟΡΜΠΙ,16672,3,03/2023
"ΚΟΡΜΠΙ ΦΑΡΟΥ",16672,1,03/2023
ΛΑΘΟΥΡΙΖΑ,16672,1,03/2023
ΜΗΛΑΔΕΖΑ,16672,2,03/2023
ΒΟΥΛΑ,16673,3,03/2023
ΠΑΝΟΡΑΜΑ,16673,6,03/2023
ΓΛΥΦΑΔΑ,16674,6,03/2023
ΚΑΡΒΕΛΑΣ,16674,1,03/2023
ΒΟΣΠΟΡΟΣ,16675,3,03/2023
ΓΛΥΦΑΔΑ,16675,5,03/2023
ΔΙΚΗΓΟΡΙΚΑ,16675,1,03/2023
"ΝΕΑ ΣΜΥΡΝΗ",17123,32,03/2023
"ΝΕΑ ΣΜΥΡΝΗ",17124,14,03/2023
ΔΑΦΝΗ,17234,1,03/2023
ΔΑΦΝΗ,17235,4,03/2023
"ΑΓ. ΔΗΜΗΤΡΙΟΣ",17236,10,03/2023
ΔΑΦΝΗ,17236,3,03/2023
ΧΑΡΑΥΓΗ,17237,1,03/2023
ΑΣΥΡΜΑΤΟΣ,17341,3,03/2023
ΣΑΡΩΝΙΚΟΣ,17341,3,03/2023
ΑΓΡΙΛΙΟΣ,17342,5,03/2023
"ΕΘΝΙΚΗΣ ΑΝΤΙΣΤΑΣΗΣ",17342,2,03/2023
"ΑΓ. ΔΗΜΗΤΡΙΟΣ",17343,9,03/2023
ΑΝΘΕΩΝ,17343,1,03/2023
ΕΛΗΑ,17343,1,03/2023
ΣΑΡΩΝΙΚΟΣ,17343,1,03/2023
ΚΑΛΑΜΑΚΙ,17455,12,03/2023
"ΑΓ. ΠΑΝΤΕΛΕΗΜΩΝ",17456,4,03/2023
ΑΛΙΜΟΣ,17456,1,03/2023
ΕΦΟΡΙΑΚΩΝ,17456,2,03/2023
ΤΡΑΥΜΑΤΙΩΝ,17456,1,03/2023
"ΠΑΛΑΙΟ ΦΑΛΗΡΟ",17561,3,03/2023
"ΠΑΛΑΙΟ ΦΑΛΗΡΟ",17562,7,03/2023
"ΑΓ. ΒΑΡΒΑΡΑ",17563,3,03/2023
ΑΜΦΙΘΕΑ,17563,1,03/2023
ΑΜΦΙΘΕΑ,17564,13,03/2023
ΧΑΡΟΚΟΠΟΥ,17671,1,03/2023
ΤΖΙΤΖΙΦΙΕΣ,17674,2,03/2023
ΚΑΛΛΙΘΕΑ,17675,1,03/2023
ΤΑΥΡΟΣ,17778,4,03/2023
"ΑΓ. ΒΑΡΒΑΡΑ",18120,1,03/2023
ΚΟΡΥΔΑΛΛΟΣ,18120,2,03/2023
"ΠΛΑΤΕΙΑ ΕΛΕΥΘΕΡΙΑΣ",18120,1,03/2023
"ΑΝΩ ΚΟΡΥΔΑΛΛΟΣ",18121,2,03/2023
ΚΟΡΥΔΑΛΛΟΣ,18121,2,03/2023
ΤΑΞΙΑΡΧΕΣ,18121,7,03/2023
"ΑΝΩ ΚΟΡΥΔΑΛΛΟΣ",18122,1,03/2023
ΣΧΙΣΤΟ,18122,6,03/2023
"ΑΓ. Ι. ΡΕΝΤΗΣ",18233,2,03/2023
"Π. ΚΟΚΚΙΝΙΑ",18233,1,03/2023
ΜΕΤΑΜΟΡΦΩΣΗ,18344,1,03/2023
ΠΑΡΑΛΙΑ,18344,3,03/2023
ΜΟΣΧΑΤΟ,18345,1,03/2023
ΠΑΡΑΛΙΑ,18345,1,03/2023
"ΑΓ. ΝΙΚΟΛΑΟΣ",18450,1,03/2023
ΓΕΦΥΡΑ,18450,1,03/2023
ΝΙΚΑΙΑ,18450,1,03/2023
"ΟΣΙΑ ΞΕΝΗ",18450,1,03/2023
"Π. ΚΟΚΚΙΝΙΑ",18450,2,03/2023
ΑΝΑΛΗΨΗ,18452,1,03/2023
ΝΕΑΠΟΛΗ,18452,8,03/2023
"ΑΓ. ΝΙΚΟΛΑΟΣ",18453,1,03/2023
ΑΡΜΕΝΙΚΑ,18454,1,03/2023
"ΑΣΠΡΑ ΧΩΜΑΤΑ",18454,2,03/2023
"Γ ΝΕΚΡΟΤΑΦΕΙΟ",18454,1,03/2023
"Π. ΚΟΚΚΙΝΙΑ",18454,2,03/2023
"ΛΑΚΚΑ ΒΑΒΟΥΛΑ",18532,2,03/2023
ΚΡΗΤΙΚΑ,18533,1,03/2023
"ΑΓ. ΝΕΙΛΟΣ",18537,1,03/2023
"ΑΓ. ΝΕΙΛΟΣ",18538,2,03/2023
"ΒΑΣ. ΠΕΡΙΠΤΕΡΟ",18538,1,03/2023
ΥΔΡΑΙΙΚΑ,18538,5,03/2023
ΚΑΛΛΙΠΟΛΗ,18539,2,03/2023
ΑΠΟΛΛΩΝ,18541,5,03/2023
ΚΑΜΙΝΙΑ,18541,1,03/2023
ΜΑΝΙΑΤΙΚΑ,18543,1,03/2023
"ΑΓ. ΣΟΦΙΑ",18544,1,03/2023
ΜΑΝΙΑΤΙΚΑ,18544,3,03/2023
ΜΑΝΙΑΤΙΚΑ,18546,3,03/2023
ΠΕΙΡΑΙΑΣ,18546,3,03/2023
"ΝΕΟ ΦΑΛΗΡΟ",18547,1,03/2023
ΔΡΑΠΕΤΣΩΝΑ,18648,1,03/2023
ΑΝΑΣΤΑΣΗ,18755,1,03/2023
ΕΥΓΕΝΕΙΑ,18755,2,03/2023
ΧΑΡΑΥΓΗ,18755,1,03/2023
"ΑΓ. ΓΕΩΡΓΙΟΣ",18756,2,03/2023
ΑΜΦΙΑΛΗ,18757,1,03/2023
ΚΟΚΚΙΝΟΒΡΑΧΟΣ,18757,5,03/2023
ΧΑΛΚΗΔΩΝ,18757,1,03/2023
"ΑΓ. ΑΝΤΩΝΙΟΣ",18758,1,03/2023
"ΑΓ. ΜΗΝΑΣ",18758,1,03/2023
ΑΜΦΙΑΛΗ,18758,2,03/2023
ΜΠΛΑΖΑΚΗ,18863,1,03/2023
"ΝΕΟ ΙΚΟΝΙΟ",18863,1,03/2023
ΠΕΡΑΜΑ,18863,1,03/2023
"ΑΓ. ΑΘΑΝΑΣΙΟΣ",18900,1,03/2023
ΤΣΑΜΗ,18900,1,03/2023
ΠΑΛΟΥΚΙΑ,18901,1,03/2023
ΑΙΑΝΤΕΙΟ,18903,1,03/2023
"ΑΙΑΝΤΕΙΟ ΚΑΚΗ ΒΙΓΛΑ",18903,1,03/2023
ΓΙΑΛΑ,18903,1,03/2023
ΜΑΓΟΥΛΑ,19018,4,03/2023
ΕΛΕΥΣΙΝΑ,19200,5,03/2023
ΑΣΠΡΟΠΥΡΓΟΣ,19300,10,03/2023
"ΑΓ. ΑΝΑΡΓΥΡΟΙ",13561,2,03/2024
"ΑΓ. ΑΝΑΡΓΥΡΟΙ",13562,1,03/2024
"ΑΓ. ΑΝΝΑ",13671,1,03/2024
"ΑΓ. ΑΝΝΑ",18233,1,03/2024
"ΑΓ. ΑΝΤΩΝΙΟΣ",18758,1,03/2024
"ΑΓ. ΒΑΡΒΑΡΑ",18120,1,03/2024
"ΑΓ. ΒΑΣΙΛΕΙΟΣ",18537,3,03/2024
"ΑΓ. ΓΕΩΡΓΙΟΣ",18120,1,03/2024
"ΑΓ. ΔΗΜΗΤΡΙΟΣ",17341,11,03/2024
"ΑΓ. ΔΗΜΗΤΡΙΟΣ",17343,4,03/2024
"ΑΓ. ΕΛΕΟΥΣΑ",17675,1,03/2024
"ΑΓ. Ι. ΡΕΝΤΗΣ",18233,2,03/2024
"ΑΓ. ΚΩΝΣΤΑΝΤΙΝΟΣ",16346,2,03/2024
"ΑΓ. ΜΑΡΙΝΑ",16343,2,03/2024
"ΑΓ. ΜΑΡΙΝΑ",16344,3,03/2024
"ΑΓ. ΜΑΡΙΝΑ",16345,1,03/2024
"ΑΓ. ΜΗΝΑΣ",18758,2,03/2024
"ΑΓ. ΝΕΙΛΟΣ",18539,2,03/2024
"ΑΓ. ΝΙΚΟΛΑΟΣ",13123,1,03/2024
"ΑΓ. ΝΙΚΟΛΑΟΣ",13451,1,03/2024
"ΑΓ. ΝΙΚΟΛΑΟΣ",18450,2,03/2024
"ΑΓ. ΝΙΚΟΛΑΟΣ",18453,1,03/2024
"ΑΓ. ΝΙΚΟΛΑΟΣ",18863,1,03/2024
"ΑΓ. ΠΑΝΤΕΛΕΗΜΩΝ",17456,2,03/2024
"ΑΓ. ΠΕΤΡΟΣ",13675,2,03/2024
"ΑΓ. ΣΟΦΙΑ",18543,1,03/2024
"ΑΓ. ΣΟΦΙΑ",18544,1,03/2024
"ΑΓ. ΣΟΦΙΑ",18546,1,03/2024
ΑΓΡΙΛΙΟΣ,17342,1,03/2024
ΑΔΑΜΕΣ,14564,4,03/2024
"ΑΙΑΝΤΕΙΟ ΚΑΤΣΟΥΛΗ",18903,1,03/2024
"ΑΚΑΔ. ΠΛΑΤΩΝΟΣ",10441,1,03/2024
"ΑΚΑΔ. ΠΛΑΤΩΝΟΣ",10442,2,03/2024
ΑΛΙΜΟΣ,17455,2,03/2024
ΑΛΣΟΥΠΟΛΗ,14235,2,03/2024
ΑΜΠΕΛΟΚΗΠΟΙ,11522,5,03/2024
ΑΜΠΕΛΟΚΗΠΟΙ,11523,2,03/2024
ΑΜΦΙΘΕΑ,17563,7,03/2024
ΑΜΦΙΘΕΑ,17564,6,03/2024
ΑΝΘΕΩΝ,17343,2,03/2024
ΑΝΘΟΥΠΟΛΗ,12134,1,03/2024
ΑΝΘΟΥΠΟΛΗ,12135,3,03/2024
ΑΝΟΙΞΗ,17342,4,03/2024
"ΑΝΩ ΚΟΡΥΔΑΛΛΟΣ",18122,6,03/2024
"ΑΝΩ ΛΙΟΥΜΗ",12243,1,03/2024
"ΑΡ. ΕΛ. ΒΕΝΙΖΕΛΟΥ",12351,3,03/2024
"ΑΡ. ΙΕΡΑΣ ΟΔΟΥ",12241,1,03/2024
ΑΡΓΥΡΟΥΠΟΛΗ,16451,1,03/2024
ΑΡΓΥΡΟΥΠΟΛΗ,16452,1,03/2024
ΑΡΜΕΝΙΚΑ,18450,4,03/2024
"ΑΣΠΡΑ ΧΩΜΑΤΑ",12135,3,03/2024
"ΑΣΠΡΑ ΧΩΜΑΤΑ",12137,8,03/2024
"ΑΣΠΡΑ ΧΩΜΑΤΑ",18233,1,03/2024
ΑΣΠΡΟΠΥΡΓΟΣ,19300,6,03/2024
ΑΣΤΥΝΟΜΙΚΑ,16342,1,03/2024
ΑΣΥΡΜΑΤΟΣ,17341,4,03/2024
ΒΑΡΗ,16672,1,03/2024
ΒΑΡΚΙΖΑ,16672,14,03/2024
ΒΟΣΠΟΡΟΣ,16675,1,03/2024
ΒΟΥΛΑ,16673,4,03/2024
ΒΟΥΛΙΑΓΜΕΝΗ,16671,1,03/2024
ΒΡΟΝΤΟΥ,18900,2,03/2024
ΒΥΡΩΝΑΣ,16232,2,03/2024
ΓΑΛΑΤΣΙ,11146,12,03/2024
ΓΑΛΑΤΣΙ,11147,1,03/2024
"ΓΕΡΜΑΝΙΚΟΣ ΔΡΟΜΟΣ ΒΟΡΕΙΟ",19100,2,03/2024
ΓΕΡΟΒΟΥΝΟ,13451,7,03/2024
"ΓΗΠΕΔΟ-ΝΕΟ ΜΕΛΙ",19100,1,03/2024
ΓΚΥΖΗ,11475,2,03/2024
ΓΚΥΖΗ,11524,1,03/2024
"ΓΛΥΚΑ ΝΕΡΑ",15354,3,03/2024
ΓΛΥΦΑΔΑ,16561,10,03/2024
ΓΛΥΦΑΔΑ,16562,1,03/2024
ΓΛΥΦΑΔΑ,16674,6,03/2024
ΓΛΥΦΑΔΑ,16675,11,03/2024
ΓΟΥΒΑ,11632,2,03/2024
ΔΑΣΟΣ,12462,2,03/2024
ΔΑΦΝΗ,17234,2,03/2024
ΔΑΦΝΗ,17235,9,03/2024
"ΔΕΞ. ΙΕΡΑΣ ΟΔΟΥ",12242,10,03/2024
ΔΡΑΠΕΤΣΩΝΑ,18648,2,03/2024
"ΕΘΝΙΚΗΣ ΑΝΤΙΣΤΑΣΗΣ",17342,10,03/2024
ΕΚΤΕΛΩΝΙΣΤΩΝ,17456,3,03/2024
ΕΛΕΥΣΙΝΑ,19200,4,03/2024
ΕΛΗΑ,17343,1,03/2024
ΕΛΛΗΝΙΚΟ,16777,5,03/2024
ΕΛΛΗΝΟΡΩΣΩΝ,11525,2,03/2024
"ΕΡΥΘΡΟΣ ΣΤΑΥΡΟΣ",11526,1,03/2024
ΕΥΓΕΝΕΙΑ,18755,2,03/2024
"ΕΦ. ΟΠΛΙΤΩΝ",13671,1,03/2024
ΕΦΟΡΙΑΚΩΝ,17456,16,03/2024
ΖΕΦΥΡΙ,13461,2,03/2024
"ΖΩΟΔΟΧΟΥ ΠΗΓΗΣ",16233,1,03/2024
ΗΛΙΟΥΠΟΛΗ,16341,1,03/2024
ΗΛΙΟΥΠΟΛΗ,16343,1,03/2024
ΗΡΑΚΛΕΙΟ,14121,10,03/2024
ΗΡΑΚΛΕΙΟ,14122,2,03/2024
ΘΗΣΕΙΟ,11851,1,03/2024
ΘΡΑΚΟΜΑΚΕΔΟΝΕΣ,13676,1,03/2024
ΙΕΡΑΠΟΛΗ,12244,7,03/2024
ΙΛΙΟΝ,13121,2,03/2024
ΙΛΙΟΝ,13122,19,03/2024
ΙΛΙΟΝ,13123,1,03/2024
ΚΑΙΣΑΡΙΑΝΗ,16121,6,03/2024
ΚΑΛΑΜΑΚΙ,17455,7,03/2024
ΚΑΛΛΙΘΕΑ,17672,1,03/2024
ΚΑΛΛΙΘΕΑ,17673,1,03/2024
ΚΑΛΛΙΘΕΑ,17676,1,03/2024
ΚΑΛΟΓΡΕΖΑ,14235,2,03/2024
ΚΑΛΥΜΝΙΩΝ,16673,1,03/2024
ΚΑΜΑΤΕΡΟ,13451,2,03/2024
ΚΑΜΙΝΙ,16672,1,03/2024
ΚΑΜΙΝΙΑ,18540,1,03/2024
ΚΑΜΙΝΙΑ,18541,1,03/2024
ΚΑΝΤΖΑ,15351,1,03/2024
ΚΑΡΑΒΑΣ,18543,1,03/2024
ΚΑΡΒΕΛΑΣ,16674,6,03/2024
ΚΑΣΤΕΛΛΑ,18533,1,03/2024
"ΚΑΤΩ ΠΕΤΡΑΛΩΝΑ",11853,7,03/2024
ΚΕΝΤΡΟ,10431,2,03/2024
ΚΕΝΤΡΟ,10551,1,03/2024
ΚΕΝΤΡΟ,10552,1,03/2024
ΚΕΝΤΡΟ,10563,1,03/2024
ΚΕΝΤΡΟ,10679,1,03/2024
ΚΗΠΟΥΠΟΛΗ,13231,4,03/2024
ΚΟΛΙΑΤΣΟΥ,11255,1,03/2024
ΚΟΛΩΝΑΚΙ,10672,1,03/2024
ΚΟΛΩΝΑΚΙ,11521,3,03/2024
ΚΟΛΩΝΟΣ,10444,2,03/2024
ΚΟΝΤΟΠΕΥΚΟ,15343,1,03/2024
ΚΟΡΥΔΑΛΛΟΣ,18120,1,03/2024
ΚΥΘΗΡΙΩΝ,17456,1,03/2024
ΚΥΝΟΣΑΡΓΟΥΣ,11743,1,03/2024
ΚΥΠΡΙΑΔΟΥ,11141,1,03/2024
"ΚΥΨΕΛΗ Ν. ΚΩΝ/ΠΟΛΗ",11363,1,03/2024
ΛΑΘΕΑ,13678,2,03/2024
"ΛΑΚΚΑ ΒΑΒΟΥΛΑ",18532,1,03/2024
"ΛΑΚΚΑ ΒΑΒΟΥΛΑ",18533,6,03/2024
ΛΑΜΠΡΙΝΗ,11142,1,03/2024
ΛΑΧΑΝΑΓΟΡΑ,18233,1,03/2024
ΛΕΥΚΑ,18541,1,03/2024
ΛΙΟΥΜΗ,12243,1,03/2024
ΛΥΚΟΒΡΥΣΗ,14123,4,03/2024
ΛΥΚΟΤΡΥΠΑ,13671,1,03/2024
ΜΑΓΟΥΛΑ,19018,1,03/2024
ΜΑΚΡΥΓΙΑΝΝΗ,11743,1,03/2024
ΜΑΝΙΑΤΙΚΑ,18544,1,03/2024
ΜΑΝΙΑΤΙΚΑ,18546,1,03/2024
ΜΑΡΟΥΣΙ,15124,2,03/2024
ΜΑΡΟΥΣΙ,15126,2,03/2024
"ΜΕΓΑΡΑ ΔΥΤΙΚΗΣ ΑΤΤΙΚΗΣ",19100,6,03/2024
ΜΕΛΙΣΣΙΑ,15127,11,03/2024
ΜΕΤΑΜΟΡΦΩΣΗ,14451,1,03/2024
ΜΕΤΑΜΟΡΦΩΣΗ,14452,1,03/2024
ΜΕΤΑΜΟΡΦΩΣΗ,16231,1,03/2024
ΜΕΤΑΜΟΡΦΩΣΗ,16232,1,03/2024
ΜΕΤΑΜΟΡΦΩΣΗ,18344,1,03/2024
ΜΕΤΑΜΟΡΦΩΣΗ,18345,3,03/2024
ΜΗΛΑΔΕΖΑ,16672,1,03/2024
ΜΙΧΕΛΗ,13123,3,03/2024
ΜΠΛΑΖΑΚΗ,18863,3,03/2024
ΜΠΟΣΚΙΖΑ,13679,1,03/2024
ΜΠΟΥΡΝΑΖΙ,12133,5,03/2024
"Ν. ΚΟΛΟΚΥΝΘΟΥ",12132,1,03/2024
"Ν. ΛΙΟΣΙΑ",13122,1,03/2024
"Ν. ΟΛΥΜΠΙΑ",13451,4,03/2024
"ΝΕΑ ΖΩΗ",15341,14,03/2024
"ΝΕΑ ΙΩΝΙΑ",14231,7,03/2024
"ΝΕΑ ΛΕΣΒΟΣ",15126,1,03/2024
"ΝΕΑ ΠΕΝΤΕΛΗ",15236,1,03/2024
"ΝΕΑ ΠΕΝΤΕΛΗ",15239,1,03/2024
"ΝΕΑ ΠΕΡΑΜΟΣ",19006,2,03/2024
"ΝΕΑ ΣΜΥΡΝΗ",17121,2,03/2024
"ΝΕΑ ΣΜΥΡΝΗ",17123,3,03/2024
"ΝΕΑ ΧΑΛΚΗΔΟΝΑ",14343,1,03/2024
ΝΕΑΠΟΛΗ,11473,1,03/2024
ΝΕΑΠΟΛΗ,18452,2,03/2024
"ΝΕΟ ΨΥΧΙΚΟ",15451,9,03/2024
ΝΤΑΜΑΡΑΚΙΑ,12241,1,03/2024
ΝΤΑΜΑΡΑΚΙΑ,12244,3,03/2024
ΞΕΝΟ,18900,1,03/2024
"ΟΣΙΑ ΞΕΝΗ",18451,1,03/2024
"Π. ΚΟΚΚΙΝΙΑ",18542,3,03/2024
ΠΑΓΚΡΑΤΙ,11633,1,03/2024
"ΠΑΙΔΙΚΗ ΣΤΕΓΗ",18454,1,03/2024
"ΠΑΛ. ΜΕΝΙΔΙ",13672,1,03/2024
"ΠΑΛ. ΜΕΝΙΔΙ",13673,6,03/2024
"ΠΑΛ. ΜΕΝΙΔΙ",13674,10,03/2024
ΠΑΛΑΤΙΑΝΗ,13121,3,03/2024
ΠΑΛΛΗΝΗ,15351,11,03/2024
ΠΑΝΟΡΑΜΑ,14564,1,03/2024
ΠΑΝΟΡΑΜΑ,16673,3,03/2024
ΠΑΠΑΓΟΣ,15669,6,03/2024
ΠΑΡΑΔΕΙΣΟΣ,15343,1,03/2024
ΠΑΤΗΜΑ,15238,3,03/2024
ΠΕΝΤΕΛΗ,15236,1,03/2024
ΠΕΡΙΣΤΕΡΙ,12132,6,03/2024
ΠΕΡΙΣΤΕΡΙ,12134,1,03/2024
ΠΕΡΙΣΤΕΡΙ,12135,2,03/2024
ΠΕΡΙΣΤΕΡΙ,12136,1,03/2024
ΠΕΤΡΟΥΠΟΛΗ,13231,3,03/2024
ΠΕΤΡΟΥΠΟΛΗ,13232,14,03/2024
ΠΕΥΚΑΚΙΑ,15343,1,03/2024
ΠΕΥΚΗ,15121,2,03/2024
ΠΥΡΓΟΥΘΙ,13672,3,03/2024
ΣΑΡΩΝΙΚΟΣ,17341,2,03/2024
ΣΕΛΗΝΙΑ,18902,1,03/2024
ΣΙΔΕΡΑ,19300,1,03/2024
"ΣΤΟΥΝΤΙΟ ΑΛΦΑ",15126,1,03/2024
"ΣΥΝ. ΤΥΠΟΓΡΑΦΩΝ",16346,1,03/2024
ΣΧΙΣΤΟ,18122,2,03/2024
ΤΑΜΠΟΥΡΙΑ,18756,3,03/2024
ΤΑΞΙΑΡΧΕΣ,18121,1,03/2024
ΤΑΥΡΟΣ,17778,3,03/2024
ΤΕΡΨΙΘΕΑ,16561,1,03/2024
ΤΕΡΨΙΘΕΑ,16562,4,03/2024
ΤΡΑΥΜΑΤΙΩΝ,17456,2,03/2024
"ΤΡΕΙΣ ΓΕΦΥΡΕΣ",10445,1,03/2024
"ΤΡΕΙΣ ΓΕΦΥΡΕΣ",11145,4,03/2024
ΤΣΑΜΗ,18900,2,03/2024
ΥΜΗΤΤΟΣ,17237,3,03/2024
ΦΙΛΟΘΕΗ,15123,1,03/2024
ΧΑΙΔΑΡΙ,12461,4,03/2024
ΧΑΛΑΝΔΡΙ,15232,3,03/2024
ΧΑΛΑΝΔΡΙ,15233,5,03/2024
ΧΑΛΑΝΔΡΙ,15234,24,03/2024
ΧΑΛΚΗΔΟΝΑ,18451,1,03/2024
ΧΑΜΟΜΗΛΟ,13678,1,03/2024
ΧΑΡΑΥΓΗ,13671,1,03/2024
ΧΑΡΑΥΓΗ,13673,1,03/2024
ΧΑΤΖΗΚΥΡΙΑΚΕΙΟ,18538,2,03/2024
"ΨΙΛΗ ΑΜΜΟΣ",18900,1,03/2024
ΑΒΕΡΩΦ,11522,1,03/2025
"ΑΓ. ΑΘΑΝΑΣΙΟΣ",13672,1,03/2025
"ΑΓ. ΑΝΑΡΓΥΡΟΙ",13561,1,03/2025
"ΑΓ. ΑΝΝΑ",13671,2,03/2025
"ΑΓ. ΑΝΤΩΝΙΟΣ",18758,1,03/2025
"ΑΓ. ΒΑΡΒΑΡΑ",12351,2,03/2025
"ΑΓ. ΒΑΡΒΑΡΑ",17235,2,03/2025
"ΑΓ. ΒΑΡΒΑΡΑ",17563,5,03/2025
"ΑΓ. ΒΑΡΒΑΡΑ",18120,1,03/2025
"ΑΓ. ΓΕΩΡΓΙΟΣ",18120,1,03/2025
"ΑΓ. ΓΕΩΡΓΙΟΣ",18755,1,03/2025
"ΑΓ. ΓΕΩΡΓΙΟΣ",18756,1,03/2025
"ΑΓ. ΓΡΗΓΟΡΟΥΣΑ",12461,1,03/2025
"ΑΓ. ΔΗΜΗΤΡΙΟΣ",11631,1,03/2025
"ΑΓ. ΔΗΜΗΤΡΙΟΣ",17341,4,03/2025
"ΑΓ. ΔΗΜΗΤΡΙΟΣ",17343,12,03/2025
"ΑΓ. ΘΩΜΑΣ",15124,1,03/2025
"ΑΓ. ΙΕΡΟΘΕΟΣ",12137,6,03/2025
"ΑΓ. ΙΩΑΝΝΗΣ",17234,1,03/2025
"ΑΓ. ΚΩΝΣΤΑΝΤΙΝΟΣ",16346,1,03/2025
"ΑΓ. ΜΑΡΙΝΑ",16343,5,03/2025
"ΑΓ. ΜΑΡΙΝΑ",16344,2,03/2025
"ΑΓ. ΜΑΡΙΝΑ",16345,1,03/2025
"ΑΓ. ΜΗΝΑΣ",18757,1,03/2025
"ΑΓ. ΝΕΙΛΟΣ",18538,1,03/2025
"ΑΓ. ΝΙΚΟΛΑΟΣ",13451,1,03/2025
"ΑΓ. ΝΙΚΟΛΑΟΣ",18450,1,03/2025
"ΑΓ. ΝΙΚΟΛΑΟΣ",18453,1,03/2025
"ΑΓ. ΝΙΚΟΛΑΟΣ",18863,1,03/2025
"ΑΓ. ΠΑΝΤΕΛΕΗΜΟΝΑΣ",19006,1,03/2025
"ΑΓ. ΠΑΡΑΣΚΕΥΗ",15341,4,03/2025
"ΑΓ. ΠΑΡΑΣΚΕΥΗ",15342,16,03/2025
"ΑΓ. ΠΕΤΡΟΣ",13672,1,03/2025
"ΑΓ. ΠΕΤΡΟΣ",13675,1,03/2025
"ΑΓ. ΣΟΦΙΑ",18545,2,03/2025
"ΑΓ. ΣΟΦΙΑ",18546,1,03/2025
"ΑΓ. ΦΑΝΟΥΡΙΟΣ",18900,1,03/2025
"ΑΓΙΟΣ ΝΙΚΟΛΑΟΣ",15122,7,03/2025
ΑΔΑΜΕΣ,14564,1,03/2025
"ΑΙΑΝΤΕΙΟ ΖΑΡΜΠΑΛΑ",18903,1,03/2025
"ΑΚΑΔ. ΠΛΑΤΩΝΟΣ",10441,1,03/2025
"ΑΚΑΔ. ΠΛΑΤΩΝΟΣ",10442,2,03/2025
ΑΛΙΜΟΣ,17455,4,03/2025
ΑΛΣΟΥΠΟΛΗ,14235,1,03/2025
ΑΛΩΝΙΑ,14562,6,03/2025
ΑΜΠΕΛΟΚΗΠΟΙ,11527,1,03/2025
ΑΜΦΙΘΕΑ,17563,9,03/2025
ΑΜΦΙΘΕΑ,17564,3,03/2025
ΑΝΑΓΕΝΝΗΣΗ,12243,5,03/2025
ΑΝΑΚΑΣΑ,13562,3,03/2025
ΑΝΑΛΗΨΗ,18452,4,03/2025
ΑΝΑΣΤΑΣΗ,18755,1,03/2025
ΑΝΘΕΩΝ,17343,3,03/2025
ΑΝΘΟΥΠΟΛΗ,12135,3,03/2025
ΑΝΟΙΞΗ,17342,6,03/2025
"ΑΝΩ ΚΟΡΥΔΑΛΛΟΣ",18121,3,03/2025
"ΑΝΩ ΚΟΡΥΔΑΛΛΟΣ",18122,2,03/2025
"ΑΝΩ ΚΥΨΕΛΗ",11364,5,03/2025
"ΑΝΩ ΛΙΟΥΜΗ",12243,5,03/2025
ΑΠΟΛΛΩΝ,18233,1,03/2025
ΑΠΟΛΛΩΝ,18541,5,03/2025
"ΑΡ. ΕΛ. ΒΕΝΙΖΕΛΟΥ",12351,3,03/2025
"ΑΡ. ΙΕΡΑΣ ΟΔΟΥ",12241,4,03/2025
ΑΡΓΥΡΟΥΠΟΛΗ,16451,24,03/2025
ΑΡΓΥΡΟΥΠΟΛΗ,16452,12,03/2025
ΑΡΜΕΝΙΚΑ,18450,2,03/2025
"ΑΣΠΡΑ ΧΩΜΑΤΑ",12135,3,03/2025
"ΑΣΠΡΑ ΧΩΜΑΤΑ",12137,6,03/2025
"ΑΣΠΡΑ ΧΩΜΑΤΑ",18454,1,03/2025
ΑΣΠΡΟΠΥΡΓΟΣ,19300,5,03/2025
ΑΣΤΥΝΟΜΙΚΑ,16342,9,03/2025
ΑΣΥΡΜΑΤΟΣ,16672,1,03/2025
ΑΣΥΡΜΑΤΟΣ,17341,1,03/2025
ΒΑΡΗ,16672,2,03/2025
ΒΑΡΚΙΖΑ,16672,2,03/2025
ΒΕΙΚΟΥ,11742,1,03/2025
ΒΛΥΧΑΔΑ,19100,1,03/2025
ΒΟΥΛΑ,16673,20,03/2025
ΒΟΥΛΙΑΓΜΕΝΗ,16671,1,03/2025
ΒΡΥΩΝΗ,18536,1,03/2025
ΒΥΡΩΝΑΣ,16231,2,03/2025
ΓΑΛΑΤΣΙ,11146,1,03/2025
ΓΕΡΑΚΑΣ,15344,2,03/2025
"ΓΕΡΜΑΝΙΚΟΣ ΔΡΟΜΟΣ ΒΟΡΕΙΟ",19100,8,03/2025
ΓΕΡΟΒΟΥΝΟ,13451,10,03/2025
ΓΕΦΥΡΑ,18450,2,03/2025
ΓΗΠΕΔΟ,18451,1,03/2025
"ΓΗΠΕΔΟ-ΝΕΟ ΜΕΛΙ",19100,5,03/2025
ΓΗΡΟΚΟΜΕΙΟ,11524,2,03/2025
ΓΚΥΖΗ,11475,15,03/2025
"ΓΛΥΚΑ ΝΕΡΑ",15354,2,03/2025
ΓΛΥΦΑΔΑ,16561,1,03/2025
ΓΛΥΦΑΔΑ,16674,4,03/2025
ΓΛΥΦΑΔΑ,16675,9,03/2025
ΓΟΥΒΑ,11631,9,03/2025
ΓΟΥΒΑ,11632,1,03/2025
ΔΑΣΟΣ,12462,7,03/2025
ΔΑΦΝΗ,17234,3,03/2025
ΔΑΦΝΗ,17235,16,03/2025
ΔΑΦΝΗ,17236,1,03/2025
"ΔΕΞ. ΕΛ. ΒΕΝΙΖΕΛΟΥ",12351,1,03/2025
"ΔΕΞ. ΙΕΡΑΣ ΟΔΟΥ",12242,9,03/2025
ΔΗΜΟΤΙΚΟ,18531,7,03/2025
ΔΗΜΟΤΙΚΟ,18534,1,03/2025
ΔΗΜΟΤΙΚΟ,18535,1,03/2025
ΔΙΚΗΓΟΡΙΚΑ,16673,2,03/2025
ΔΡΑΠΕΤΣΩΝΑ,18648,1,03/2025
"ΕΘΝΙΚΗΣ ΑΝΤΙΣΤΑΣΗΣ",17342,6,03/2025
ΕΚΤΕΛΩΝΙΣΤΩΝ,17456,8,03/2025
ΕΛΕΥΣΙΝΑ,19200,5,03/2025
ΕΞΑΡΧΕΙΑ,10680,1,03/2025
ΕΥΓΕΝΕΙΑ,18755,6,03/2025
ΕΦΟΡΙΑΚΩΝ,17456,1,03/2025
ΖΑΝΕΙΟ,18537,3,03/2025
ΖΕΦΥΡΙ,13461,1,03/2025
ΖΩΓΡΑΦΟΥ,15772,1,03/2025
ΖΩΓΡΑΦΟΥ,15773,1,03/2025
ΗΛΙΟΥΠΟΛΗ,16342,3,03/2025
ΗΛΙΟΥΠΟΛΗ,16346,1,03/2025
ΗΡΑΚΛΕΙΟ,14121,14,03/2025
ΗΡΑΚΛΕΙΟ,14122,7,03/2025
ΘΗΣΕΙΟ,11851,2,03/2025
ΘΡΑΚΟΜΑΚΕΔΟΝΕΣ,13676,1,03/2025
ΙΕΡΑΠΟΛΗ,12244,1,03/2025
ΙΛΙΟΝ,13121,5,03/2025
ΙΛΙΟΝ,13122,3,03/2025
ΙΛΙΟΝ,13123,1,03/2025
ΚΑΙΣΑΡΙΑΝΗ,16121,1,03/2025
ΚΑΙΣΑΡΙΑΝΗ,16122,1,03/2025
ΚΑΛΑΜΑΚΙ,17455,6,03/2025
ΚΑΛΑΜΑΚΙ,18532,5,03/2025
ΚΑΛΛΙΘΕΑ,17671,2,03/2025
ΚΑΛΛΙΘΕΑ,17673,2,03/2025
ΚΑΛΛΙΠΟΛΗ,18539,5,03/2025
ΚΑΛΛΙΦΡΟΝΑ,11256,1,03/2025
ΚΑΛΥΜΝΙΩΝ,16673,2,03/2025
ΚΑΜΑΤΕΡΟ,13451,1,03/2025
ΚΑΜΕΝΑ,18452,1,03/2025
ΚΑΜΙΝΙΑ,18540,1,03/2025
ΚΑΜΙΝΙΑ,18541,2,03/2025
ΚΑΝΑΚΙΑ,18903,1,03/2025
ΚΑΝΑΡΙΑ,16345,1,03/2025
ΚΑΡΒΕΛΑΣ,16674,1,03/2025
ΚΑΡΕΑΣ,16233,1,03/2025
"ΚΑΤΩ ΕΛΛΗΝΙΚΟ",16777,1,03/2025
"ΚΑΤΩ ΚΗΦΙΣΙΑ",14561,1,03/2025
"ΚΑΤΩ ΠΑΤΗΣΙΑ",10445,1,03/2025
"ΚΑΤΩ ΠΕΤΡΑΛΩΝΑ",11853,7,03/2025
"ΚΑΤΩ ΧΑΛΑΝΔΡΙ",15232,1,03/2025
ΚΕΝΤΡΟ,10551,1,03/2025
ΚΕΝΤΡΟ,10552,1,03/2025
ΚΕΝΤΡΟ,10560,1,03/2025
ΚΕΝΤΡΟ,10562,2,03/2025
ΚΕΝΤΡΟ,10563,3,03/2025
ΚΕΝΤΡΟ,10677,19,03/2025
ΚΕΝΤΡΟ,10680,1,03/2025
ΚΕΝΤΡΟ,18535,1,03/2025
ΚΕΝΤΡΟ,18536,1,03/2025
ΚΗΦΙΣΙΑ,14561,2,03/2025
ΚΗΦΙΣΙΑ,14562,2,03/2025
"ΚΟΚ. ΜΥΛΟΣ",14342,1,03/2025
ΚΟΚΚΙΝΟΒΡΑΧΟΣ,18757,1,03/2025
ΚΟΛΙΑΤΣΟΥ,11254,1,03/2025
ΚΟΝΤΟΠΕΥΚΟ,15343,2,03/2025
"ΚΟΡΜΠΙ ΦΑΡΟΥ",16672,1,03/2025
ΚΟΡΥΔΑΛΛΟΣ,18122,2,03/2025
ΚΟΥΚΑΚΙ,11741,3,03/2025
ΚΟΥΚΑΚΙ,11742,1,03/2025
ΚΡΑΤΙΚΟ,18454,2,03/2025
ΚΡΗΝΗ,18453,6,03/2025
ΚΥΘΗΡΙΩΝ,17456,1,03/2025
ΚΥΨΕΛΗ,11362,1,03/2025
ΚΥΨΕΛΗ,11363,1,03/2025
"ΚΥΨΕΛΗ Ν. ΚΩΝ/ΠΟΛΗ",11363,1,03/2025
"ΛΑΚΚΑ ΒΑΒΟΥΛΑ",18532,1,03/2025
ΛΑΜΠΡΙΝΗ,11142,10,03/2025
ΛΕΥΚΑ,18543,1,03/2025
ΛΙΒΑΔΙ-ΜΥΛΟΙ,18900,1,03/2025
ΛΙΟΥΜΗ,12243,4,03/2025
ΛΥΚΟΒΡΥΣΗ,14123,2,03/2025
ΜΑΓΟΥΛΑ,19018,1,03/2025
ΜΑΝΙΑΤΙΚΑ,18543,5,03/2025
ΜΑΝΙΑΤΙΚΑ,18546,4,03/2025
ΜΑΡΟΥΣΙ,15124,5,03/2025
ΜΑΡΟΥΣΙ,15125,3,03/2025
"ΜΕΓ. ΣΧΙΝΑ",13679,1,03/2025
"ΜΕΓΑΡΑ ΔΥΤΙΚΗΣ ΑΤΤΙΚΗΣ",19100,6,03/2025
ΜΕΛΙΣΣΙΑ,15127,7,03/2025
ΜΕΤΑΜΟΡΦΩΣΗ,14451,3,03/2025
ΜΕΤΑΜΟΡΦΩΣΗ,14452,6,03/2025
ΜΕΤΑΜΟΡΦΩΣΗ,16232,1,03/2025
ΜΕΤΑΜΟΡΦΩΣΗ,18345,4,03/2025
ΜΕΤΑΞΟΥΡΓΕΙΟ,10436,4,03/2025
ΜΕΤΣ,11636,6,03/2025
ΜΗΛΑΔΕΖΑ,16672,1,03/2025
ΜΙΧΕΛΗ,13123,3,03/2025
ΜΟΣΧΑΤΟ,18345,1,03/2025
ΜΟΥΣΕΙΟ,10683,1,03/2025
ΜΠΟΥΡΝΑΖΙ,12133,9,03/2025
ΜΥΚΟΝΙΑΤΙΚΑ,13561,10,03/2025
"ΝΕΑ ΖΩΗ",15341,1,03/2025
"ΝΕΑ ΖΩΗ",19300,1,03/2025
"ΝΕΑ ΙΩΝΙΑ",14231,1,03/2025
"ΝΕΑ ΙΩΝΙΑ",14234,1,03/2025
"ΝΕΑ ΚΗΦΙΣΙΑ",14564,2,03/2025
"ΝΕΑ ΜΑΔΥΤΟΣ",14342,4,03/2025
"ΝΕΑ ΠΕΝΤΕΛΗ",15236,1,03/2025
"ΝΕΑ ΠΕΡΑΜΟΣ",19006,1,03/2025
"ΝΕΑ ΣΜΥΡΝΗ",17122,14,03/2025
"ΝΕΑ ΣΜΥΡΝΗ",17124,13,03/2025
"ΝΕΑ ΦΙΛΟΘΕΗ",11524,1,03/2025
ΝΕΑΠΟΛΗ,13672,1,03/2025
ΝΕΑΠΟΛΗ,13675,1,03/2025
ΝΕΑΠΟΛΗ,14233,1,03/2025
ΝΕΑΠΟΛΗ,18451,1,03/2025
ΝΕΑΠΟΛΗ,18452,2,03/2025
"ΝΕΟ ΗΡΑΚΛΕΙΟ",14121,2,03/2025
"ΝΕΟ ΗΡΑΚΛΕΙΟ",14122,2,03/2025
"ΝΕΟΣ ΚΟΣΜΟΣ",11744,2,03/2025
ΝΙΚΑΙΑ,18542,2,03/2025
ΝΤΑΜΑΡΑΚΙΑ,12244,1,03/2025
ΟΔΗΓΗΤΡΙΑ,18543,1,03/2025
"ΟΣΙΑ ΞΕΝΗ",18450,2,03/2025
"Π. ΗΡΑΚΛΕΙΟ",14122,1,03/2025
"Π. ΚΟΚΚΙΝΙΑ",18454,4,03/2025
"Π. ΚΟΚΚΙΝΙΑ",18542,2,03/2025
ΠΑΓΚΡΑΤΙ,11633,1,03/2025
ΠΑΓΚΡΑΤΙ,11634,1,03/2025
"ΠΑΛ. ΜΕΝΙΔΙ",13674,5,03/2025
"ΠΑΛΑΙΟ ΦΑΛΗΡΟ",17561,5,03/2025
"ΠΑΛΑΙΟ ΦΑΛΗΡΟ",17562,1,03/2025
ΠΑΛΑΤΙΑΝΗ,13121,3,03/2025
ΠΑΛΑΤΙΑΝΗ,13122,12,03/2025
ΠΑΛΛΗΝΗ,15351,14,03/2025
ΠΑΝΟΡΑΜΑ,14564,1,03/2025
ΠΑΝΟΡΑΜΑ,16673,3,03/2025
ΠΑΠΑΓΟΣ,15669,5,03/2025
ΠΑΠΑΔΟΠΟΥΛΟΥ,18863,1,03/2025
ΠΑΠΑΣΤΡΑΤΟΥ,18545,1,03/2025
ΠΑΡΑΔΕΙΣΟΣ,15343,2,03/2025
ΠΑΡΑΛΙΑ,18345,1,03/2025
ΠΑΤΗΜΑ,15238,21,03/2025
ΠΕΙΡΑΙΚΗ,18539,5,03/2025
ΠΕΝΤΕΛΗ,15236,3,03/2025
ΠΕΡΑΜΑ,18863,3,03/2025
ΠΕΡΙΒΟΛΑΚΙ,18454,1,03/2025
ΠΕΡΙΣΣΟΣ,14232,3,03/2025
ΠΕΡΙΣΤΕΡΙ,12131,4,03/2025
ΠΕΡΙΣΤΕΡΙ,12132,4,03/2025
ΠΕΡΙΣΤΕΡΙ,12134,5,03/2025
ΠΕΡΙΣΤΕΡΙ,12135,3,03/2025
ΠΕΡΙΣΤΕΡΙ,12136,12,03/2025
ΠΕΡΙΣΤΕΡΙ,12137,1,03/2025
ΠΕΤΡΟΥΠΟΛΗ,13231,9,03/2025
ΠΕΤΡΟΥΠΟΛΗ,13232,3,03/2025
ΠΕΥΚΑΚΙΑ,15343,5,03/2025
ΠΕΥΚΗ,15121,8,03/2025
ΠΛΑΚΑ,10557,1,03/2025
"ΠΛΑΤΕΙΑ ΕΛΕΥΘΕΡΙΑΣ",18120,1,03/2025
ΠΟΛΥΔΡΟΣΟ,15125,2,03/2025
ΠΟΛΥΔΡΟΣΟ,15233,9,03/2025
"ΠΡΟΦ. ΔΑΝΙΗΛ",10447,1,03/2025
"ΠΡΟΦ. ΗΛΙΑΣ",18531,3,03/2025
"ΠΡΟΦ. ΗΛΙΑΣ",18534,3,03/2025
"ΠΥΡΓΟΣ ΒΑΣΙΛΙΣΣΗΣ",13562,1,03/2025
ΣΑΡΩΝΙΚΟΣ,17341,3,03/2025
ΣΑΡΩΝΙΚΟΣ,17343,1,03/2025
ΣΑΦΡΑΜΠΟΛΙΣ,14233,10,03/2025
ΣΕΛΗΝΙΑ,18902,2,03/2025
ΣΕΠΟΛΙΑ,10443,5,03/2025
ΣΙΔΕΡΑ,19300,2,03/2025
ΣΤΑΘΜΟΣ,18346,1,03/2025
"ΣΤΑΘΜΟΣ ΛΑΡΙΣΗΣ",10440,1,03/2025
"ΣΥΝ ΔΩΔΩΝΗΣ",15126,2,03/2025
"ΣΥΝ. ΤΥΠΟΓΡΑΦΩΝ",16346,1,03/2025
ΣΩΡΟΥ,15125,1,03/2025
ΤΑΜΠΟΥΡΙΑ,18546,1,03/2025
ΤΑΞΙΑΡΧΕΣ,18121,2,03/2025
ΤΑΥΡΟΣ,17778,13,03/2025
ΤΕΡΨΙΘΕΑ,16561,7,03/2025
ΤΕΡΨΙΘΕΑ,16562,4,03/2025
ΤΖΙΤΖΙΦΙΕΣ,17673,1,03/2025
ΤΡΑΥΜΑΤΙΩΝ,17456,1,03/2025
ΥΜΗΤΤΟΣ,17237,1,03/2025
ΦΙΛΟΘΕΗ,15123,4,03/2025
ΦΙΛΟΘΕΗ,15237,1,03/2025
ΧΑΙΔΑΡΙ,12461,15,03/2025
ΧΑΛΑΝΔΡΙ,15231,8,03/2025
ΧΑΛΑΝΔΡΙ,15232,9,03/2025
ΧΑΛΑΝΔΡΙ,15233,2,03/2025
ΧΑΛΑΝΔΡΙ,15234,10,03/2025
ΧΑΛΑΝΔΡΙ,15235,1,03/2025
ΧΑΡΑΥΓΗ,13673,2,03/2025
ΧΑΡΑΥΓΗ,17236,1,03/2025
ΧΑΡΑΥΓΗ,18755,3,03/2025
ΧΑΣΑΝΙ,16452,1,03/2025
ΧΑΤΖΗΚΥΡΙΑΚΕΙΟ,18538,1,03/2025
ΧΟΛΑΡΓΟΣ,15561,12,03/2025
ΧΟΛΑΡΓΟΣ,15562,1,03/2025
ΨΑΡΙ,19300,1,03/2025
"ΑΓ. ΠΑΝΤΕΛΕΗΜΩΝ",10440,1,04/2023
"ΑΚΑΔ. ΠΛΑΤΩΝΟΣ",10441,1,04/2023
ΣΕΠΟΛΙΑ,10443,4,04/2023
"ΠΡΟΦ. ΔΑΝΙΗΛ",10447,1,04/2023
ΚΕΝΤΡΟ,10551,1,04/2023
ΨΥΡΡΗ,10554,1,04/2023
ΚΕΝΤΡΟ,10555,1,04/2023
ΠΛΑΚΑ,10557,1,04/2023
ΚΕΝΤΡΟ,10561,2,04/2023
ΚΕΝΤΡΟ,10562,3,04/2023
ΚΕΝΤΡΟ,10671,1,04/2023
ΚΟΛΩΝΑΚΙ,10676,1,04/2023
ΣΤΡΕΦΗ,10678,2,04/2023
ΛΑΜΠΡΙΝΗ,11142,1,04/2023
"ΑΓ. ΕΛΕΥΘΕΡΙΟΣ",11143,1,04/2023
"ΑΝΩ ΠΑΤΗΣΙΑ",11143,3,04/2023
ΚΛΩΝΑΡΙΔΟΥ,11144,1,04/2023
ΓΑΛΑΤΣΙ,11146,3,04/2023
ΓΑΛΑΤΣΙ,11147,3,04/2023
"ΑΓ. ΝΙΚΟΛΑΟΣ",11253,1,04/2023
ΚΥΨΕΛΗ,11363,1,04/2023
"ΝΕΑ ΚΥΨΕΛΗ",11363,1,04/2023
ΝΕΑΠΟΛΗ,11473,1,04/2023
"ΝΕΑ ΚΥΨΕΛΗ",11476,1,04/2023
ΑΒΕΡΩΦ,11522,9,04/2023
ΕΛΛΗΝΟΡΩΣΩΝ,11525,1,04/2023
ΑΜΠΕΛΟΚΗΠΟΙ,11527,31,04/2023
ΓΟΥΔΙ,11527,1,04/2023
ΓΟΥΒΑ,11631,11,04/2023
"ΑΓ. ΑΡΤΕΜΙΟΣ",11632,10,04/2023
ΜΕΤΣ,11636,1,04/2023
ΦΙΛΟΠΑΠΠΟΥ,11741,1,04/2023
ΚΥΝΟΣΑΡΓΟΥΣ,11743,6,04/2023
"ΑΝΩ ΠΕΤΡΑΛΩΝΑ",11851,1,04/2023
"ΚΑΤΩ ΠΕΤΡΑΛΩΝΑ",11853,3,04/2023
ΓΚΑΖΟΧΩΡΙ,11854,5,04/2023
ΒΟΤΑΝΙΚΟΣ,11855,8,04/2023
ΠΕΡΙΣΤΕΡΙ,12131,8,04/2023
"Ν. ΚΟΛΟΚΥΝΘΟΥ",12132,3,04/2023
ΠΕΡΙΣΤΕΡΙ,12132,1,04/2023
ΜΠΟΥΡΝΑΖΙ,12133,4,04/2023
ΠΕΡΙΣΤΕΡΙ,12134,6,04/2023
"ΑΣΠΡΑ ΧΩΜΑΤΑ",12135,3,04/2023
ΠΕΡΙΣΤΕΡΙ,12135,1,04/2023
ΠΕΡΙΣΤΕΡΙ,12136,3,04/2023
"ΑΓ. ΙΕΡΟΘΕΟΣ",12137,4,04/2023
"ΑΣΠΡΑ ΧΩΜΑΤΑ",12137,2,04/2023
ΠΕΡΙΣΤΕΡΙ,12137,4,04/2023
"ΑΓ. ΣΑΒΒΑΣ",12241,1,04/2023
ΑΙΓΑΛΕΩ,12241,2,04/2023
"ΑΡ. ΙΕΡΑΣ ΟΔΟΥ",12241,2,04/2023
"ΑΓ. ΣΠΥΡΙΔΩΝ",12242,1,04/2023
"ΑΝΩ ΛΙΟΥΜΗ",12243,1,04/2023
ΛΙΟΥΜΗ,12243,1,04/2023
ΙΕΡΑΠΟΛΗ,12244,3,04/2023
"ΔΕΞ. ΕΛ. ΒΕΝΙΖΕΛΟΥ",12351,1,04/2023
"ΑΓ. ΓΡΗΓΟΡΟΥΣΑ",12461,1,04/2023
ΧΑΙΔΑΡΙ,12461,3,04/2023
ΔΑΣΟΣ,12462,2,04/2023
ΙΛΙΟΝ,13121,1,04/2023
ΠΑΛΑΤΙΑΝΗ,13121,2,04/2023
ΙΛΙΟΝ,13122,5,04/2023
ΙΛΙΟΝ,13123,11,04/2023
ΜΙΧΕΛΗ,13123,3,04/2023
ΠΕΤΡΟΥΠΟΛΗ,13231,6,04/2023
ΠΕΤΡΟΥΠΟΛΗ,13232,1,04/2023
ΓΕΡΟΒΟΥΝΟ,13451,5,04/2023
ΚΑΜΑΤΕΡΟ,13451,3,04/2023
ΖΕΦΥΡΙ,13461,1,04/2023
"ΑΓ. ΑΝΑΡΓΥΡΟΙ",13561,4,04/2023
"ΑΓ. ΑΝΑΡΓΥΡΟΙ",13562,1,04/2023
ΑΝΑΚΑΣΑ,13562,4,04/2023
"ΠΥΡΓΟΣ ΒΑΣΙΛΙΣΣΗΣ",13562,1,04/2023
"ΠΑΛ. ΜΕΝΙΔΙ",13673,1,04/2023
ΧΑΡΑΥΓΗ,13673,1,04/2023
ΝΕΑΠΟΛΗ,13674,1,04/2023
"ΠΑΛ. ΜΕΝΙΔΙ",13674,2,04/2023
"ΑΓ. ΠΕΤΡΟΣ",13675,2,04/2023
ΝΕΑΠΟΛΗ,13675,1,04/2023
ΘΡΑΚΟΜΑΚΕΔΟΝΕΣ,13676,3,04/2023
ΛΑΘΕΑ,13678,1,04/2023
"ΜΕΓ. ΣΧΙΝΑ",13679,1,04/2023
ΜΠΟΣΚΙΖΑ,13679,2,04/2023
ΠΑΝΟΡΑΜΑ,13679,2,04/2023
ΗΡΑΚΛΕΙΟ,14121,8,04/2023
"ΝΕΟ ΗΡΑΚΛΕΙΟ",14121,1,04/2023
ΗΡΑΚΛΕΙΟ,14122,4,04/2023
"ΝΕΟ ΗΡΑΚΛΕΙΟ",14122,2,04/2023
"Π. ΗΡΑΚΛΕΙΟ",14122,2,04/2023
ΛΥΚΟΒΡΥΣΗ,14123,6,04/2023
"ΝΕΑ ΙΩΝΙΑ",14231,7,04/2023
ΝΕΑΠΟΛΗ,14232,4,04/2023
ΠΕΡΙΣΣΟΣ,14232,1,04/2023
"ΝΕΑ ΙΩΝΙΑ",14233,6,04/2023
ΝΕΑΠΟΛΗ,14233,3,04/2023
ΣΑΦΡΑΜΠΟΛΙΣ,14233,2,04/2023
ΑΛΣΟΥΠΟΛΗ,14235,2,04/2023
"ΝΕΑ ΦΙΛΑΔΕΛΦΕΙΑ",14341,3,04/2023
"ΚΟΚ. ΜΥΛΟΣ",14342,1,04/2023
"ΝΕΑ ΦΙΛΑΔΕΛΦΕΙΑ",14342,1,04/2023
"ΝΕΑ ΧΑΛΚΗΔΟΝΑ",14343,1,04/2023
ΜΕΤΑΜΟΡΦΩΣΗ,14452,6,04/2023
ΚΗΦΙΣΙΑ,14561,1,04/2023
ΠΑΛΙΑΓΙΑΝΝΗ,14562,1,04/2023
"ΚΑΤΩ ΚΗΦΙΣΙΑ",14564,1,04/2023
"ΝΕΑ ΚΗΦΙΣΙΑ",14564,3,04/2023
ΠΕΥΚΗ,15121,5,04/2023
ΜΑΡΟΥΣΙ,15122,1,04/2023
"ΑΓ. ΘΩΜΑΣ",15123,1,04/2023
ΜΑΡΟΥΣΙ,15124,2,04/2023
ΜΑΡΟΥΣΙ,15125,1,04/2023
ΠΟΛΥΔΡΟΣΟ,15125,4,04/2023
ΣΩΡΟΥ,15125,1,04/2023
ΜΑΡΟΥΣΙ,15126,1,04/2023
"ΝΕΑ ΛΕΣΒΟΣ",15126,1,04/2023
ΜΕΛΙΣΣΙΑ,15127,4,04/2023
ΧΑΛΑΝΔΡΙ,15232,6,04/2023
ΧΑΛΑΝΔΡΙ,15233,1,04/2023
ΧΑΛΑΝΔΡΙ,15234,3,04/2023
ΧΑΛΑΝΔΡΙ,15235,1,04/2023
ΦΙΛΟΘΕΗ,15237,3,04/2023
ΠΑΤΗΜΑ,15238,9,04/2023
"ΑΓ. ΠΑΡΑΣΚΕΥΗ",15341,1,04/2023
"ΑΓ. ΠΑΡΑΣΚΕΥΗ",15342,4,04/2023
ΚΟΝΤΟΠΕΥΚΟ,15343,1,04/2023
ΠΑΡΑΔΕΙΣΟΣ,15343,2,04/2023
ΠΕΥΚΑΚΙΑ,15343,4,04/2023
ΓΕΡΑΚΑΣ,15344,1,04/2023
ΚΑΝΤΖΑ,15351,1,04/2023
ΠΑΛΛΗΝΗ,15351,1,04/2023
"ΓΛΥΚΑ ΝΕΡΑ",15354,1,04/2023
ΨΥΧΙΚΟ,15452,1,04/2023
ΧΟΛΑΡΓΟΣ,15561,1,04/2023
ΧΟΛΑΡΓΟΣ,15562,2,04/2023
ΠΑΠΑΓΟΣ,15669,6,04/2023
ΖΩΓΡΑΦΟΥ,15771,11,04/2023
ΖΩΓΡΑΦΟΥ,15772,2,04/2023
ΚΑΙΣΑΡΙΑΝΗ,16121,1,04/2023
ΚΑΙΣΑΡΙΑΝΗ,16122,30,04/2023
ΒΥΡΩΝΑΣ,16232,1,04/2023
ΜΕΤΑΜΟΡΦΩΣΗ,16232,2,04/2023
ΗΛΙΟΥΠΟΛΗ,16341,5,04/2023
ΑΣΤΥΝΟΜΙΚΑ,16342,2,04/2023
"ΑΓ. ΜΑΡΙΝΑ",16343,4,04/2023
ΗΛΙΟΥΠΟΛΗ,16345,1,04/2023
ΚΑΝΑΡΙΑ,16345,1,04/2023
ΝΗΣΑΚΙ,16345,1,04/2023
"ΑΓ. ΚΩΝΣΤΑΝΤΙΝΟΣ",16346,1,04/2023
ΗΛΙΟΥΠΟΛΗ,16346,5,04/2023
ΑΡΓΥΡΟΥΠΟΛΗ,16451,10,04/2023
ΑΡΓΥΡΟΥΠΟΛΗ,16452,11,04/2023
ΓΛΥΦΑΔΑ,16561,1,04/2023
ΤΕΡΨΙΘΕΑ,16561,2,04/2023
ΓΛΥΦΑΔΑ,16562,2,04/2023
ΤΕΡΨΙΘΕΑ,16562,32,04/2023
ΒΑΡΗ,16672,1,04/2023
ΒΟΥΛΑ,16673,3,04/2023
ΔΙΚΗΓΟΡΙΚΑ,16673,2,04/2023
ΚΑΛΥΜΝΙΩΝ,16673,2,04/2023
ΠΑΝΟΡΑΜΑ,16673,3,04/2023
"ΑΓ. ΝΙΚΟΛΑΟΣ",16674,4,04/2023
ΚΑΡΒΕΛΑΣ,16674,18,04/2023
ΓΛΥΦΑΔΑ,16675,1,04/2023
ΕΛΛΗΝΙΚΟ,16777,11,04/2023
ΣΟΥΡΜΕΝΑ,16777,1,04/2023
"ΝΕΑ ΣΜΥΡΝΗ",17121,14,04/2023
"ΝΕΑ ΣΜΥΡΝΗ",17124,3,04/2023
ΔΑΦΝΗ,17234,3,04/2023
ΔΑΦΝΗ,17236,1,04/2023
ΔΑΦΝΗ,17237,1,04/2023
ΥΜΗΤΤΟΣ,17237,1,04/2023
"ΑΓ. ΔΗΜΗΤΡΙΟΣ",17341,1,04/2023
ΑΣΥΡΜΑΤΟΣ,17341,2,04/2023
"ΕΘΝΙΚΗΣ ΑΝΤΙΣΤΑΣΗΣ",17342,1,04/2023
"ΑΓ. ΔΗΜΗΤΡΙΟΣ",17343,1,04/2023
ΕΛΗΑ,17343,1,04/2023
ΚΑΛΑΜΑΚΙ,17455,9,04/2023
ΚΥΘΗΡΙΩΝ,17456,1,04/2023
"ΠΑΛΑΙΟ ΦΑΛΗΡΟ",17561,10,04/2023
"ΠΑΛΑΙΟ ΦΑΛΗΡΟ",17562,1,04/2023
"ΠΑΛΑΙΟ ΦΑΛΗΡΟ",17563,1,04/2023
ΚΑΛΛΙΘΕΑ,17672,1,04/2023
ΧΑΡΟΚΟΠΟΥ,17672,12,04/2023
ΤΖΙΤΖΙΦΙΕΣ,17673,1,04/2023
ΤΖΙΤΖΙΦΙΕΣ,17674,6,04/2023
ΚΑΛΛΙΘΕΑ,17676,12,04/2023
"ΠΛΑΤΕΙΑ ΕΛΕΥΘΕΡΙΑΣ",18120,1,04/2023
"ΑΝΩ ΚΟΡΥΔΑΛΛΟΣ",18121,1,04/2023
ΚΟΡΥΔΑΛΛΟΣ,18121,1,04/2023
ΣΧΙΣΤΟ,18122,1,04/2023
"ΑΓ. Ι. ΡΕΝΤΗΣ",18233,1,04/2023
ΑΠΟΛΛΩΝ,18233,1,04/2023
ΠΑΡΑΛΙΑ,18344,1,04/2023
"ΑΓ. ΝΙΚΟΛΑΟΣ",18450,1,04/2023
ΝΙΚΑΙΑ,18450,3,04/2023
ΚΡΗΝΗ,18451,1,04/2023
ΧΑΛΚΗΔΟΝΑ,18451,2,04/2023
ΑΝΑΛΗΨΗ,18452,1,04/2023
ΝΕΑΠΟΛΗ,18452,3,04/2023
"ΟΣΙΑ ΞΕΝΗ",18453,1,04/2023
"ΑΣΠΡΑ ΧΩΜΑΤΑ",18454,7,04/2023
"Π. ΚΟΚΚΙΝΙΑ",18454,1,04/2023
ΠΕΡΙΒΟΛΑΚΙ,18454,1,04/2023
ΔΗΜΟΤΙΚΟ,18531,1,04/2023
ΚΕΝΤΡΟ,18531,3,04/2023
"ΛΑΚΚΑ ΒΑΒΟΥΛΑ",18532,1,04/2023
"ΛΑΚΚΑ ΒΑΒΟΥΛΑ",18533,1,04/2023
ΜΥΡΤΙΔΙΩΤΙΣΣΑ,18533,3,04/2023
ΔΗΜΟΤΙΚΟ,18534,1,04/2023
ΚΡΗΤΙΚΑ,18534,2,04/2023
ΔΗΜΟΤΙΚΟ,18535,1,04/2023
ΚΕΝΤΡΟ,18535,6,04/2023
ΖΑΝΕΙΟ,18537,1,04/2023
ΚΑΛΛΙΠΟΛΗ,18539,2,04/2023
ΑΠΟΛΛΩΝ,18541,2,04/2023
"ΑΓ. ΣΟΦΙΑ",18543,2,04/2023
ΜΑΝΙΑΤΙΚΑ,18544,6,04/2023
"ΑΓ. ΓΕΩΡΓΙΟΣ",18755,1,04/2023
ΕΥΓΕΝΕΙΑ,18755,2,04/2023
ΧΑΡΑΥΓΗ,18755,1,04/2023
"ΑΓ. ΓΕΩΡΓΙΟΣ",18756,4,04/2023
"ΑΓ. ΠΑΝΤΕΛΕΗΜΟΝΑΣ",18756,1,04/2023
ΧΑΛΚΗΔΩΝ,18756,1,04/2023
ΑΜΦΙΑΛΗ,18757,1,04/2023
ΚΟΚΚΙΝΟΒΡΑΧΟΣ,18757,2,04/2023
"ΑΓ. ΜΗΝΑΣ",18758,1,04/2023
ΑΜΦΙΑΛΗ,18758,2,04/2023
"ΑΓ. ΝΙΚΟΛΑΟΣ",18863,2,04/2023
ΜΠΛΑΖΑΚΗ,18863,2,04/2023
ΠΑΠΑΔΟΠΟΥΛΟΥ,18863,1,04/2023
"ΝΕΟ ΙΚΟΝΙΟ",18883,1,04/2023
"ΑΓ. ΝΙΚΟΛΑΟΣ",18900,1,04/2023
ΗΛΙΑΚΤΗ,18900,1,04/2023
ΤΣΑΜΗ,18900,1,04/2023
ΠΑΛΟΥΚΙΑ,18901,1,04/2023
"ΑΙΑΝΤΕΙΟ ΚΑΚΗ ΒΙΓΛΑ",18903,1,04/2023
ΚΑΝΑΚΙΑ,18903,1,04/2023
ΠΕΡΑΝΙ,18903,1,04/2023
"ΝΕΑ ΠΕΡΑΜΟΣ",19006,1,04/2023
ΜΑΓΟΥΛΑ,19018,3,04/2023
ΕΛΕΥΣΙΝΑ,19200,4,04/2023
"ΑΓ. ΓΕΩΡΓΙΟΣ",19300,1,04/2023
"ΑΓ. ΠΑΡΑΣΚΕΥΗ",19300,1,04/2023
ΑΣΠΡΟΠΥΡΓΟΣ,19300,2,04/2023
ΣΙΔΕΡΑ,19300,2,04/2023
ΒΑΘΗΣ,10438,1,04/2024
"ΑΓ. ΠΑΝΤΕΛΕΗΜΩΝ",10440,1,04/2024
"ΑΚΑΔ. ΠΛΑΤΩΝΟΣ",10441,26,04/2024
"ΑΚΑΔ. ΠΛΑΤΩΝΟΣ",10442,5,04/2024
ΚΟΛΟΚΥΝΘΟΥ,10442,1,04/2024
ΚΟΛΟΚΥΝΘΟΥ,10443,1,04/2024
ΚΟΛΩΝΟΣ,10444,3,04/2024
"ΑΓ. ΜΕΛΕΤΙΟΥ",10446,2,04/2024
"ΠΡΟΦ. ΔΑΝΙΗΛ",10447,2,04/2024
ΚΕΝΤΡΟ,10551,3,04/2024
ΚΕΝΤΡΟ,10552,1,04/2024
ΨΥΡΡΗ,10553,1,04/2024
ΚΕΝΤΡΟ,10554,4,04/2024
ΨΥΡΡΗ,10554,4,04/2024
ΚΕΝΤΡΟ,10559,1,04/2024
ΚΕΝΤΡΟ,10562,5,04/2024
ΣΤΡΕΦΗ,10677,1,04/2024
ΕΞΑΡΧΕΙΑ,10678,5,04/2024
ΚΕΝΤΡΟ,10678,1,04/2024
ΕΞΑΡΧΕΙΑ,10681,1,04/2024
ΜΟΥΣΕΙΟ,10682,2,04/2024
ΚΥΠΡΙΑΔΟΥ,11141,1,04/2024
ΓΑΛΑΤΣΙ,11142,1,04/2024
ΛΑΜΠΡΙΝΗ,11142,8,04/2024
ΡΙΖΟΥΠΟΛΗ,11142,1,04/2024
ΚΛΩΝΑΡΙΔΟΥ,11144,4,04/2024
"ΑΓ. ΕΛΕΥΘΕΡΙΟΣ",11145,1,04/2024
"ΚΑΤΩ ΠΑΤΗΣΙΑ",11145,1,04/2024
"ΤΡΕΙΣ ΓΕΦΥΡΕΣ",11145,1,04/2024
ΓΑΛΑΤΣΙ,11146,4,04/2024
ΓΑΛΑΤΣΙ,11147,8,04/2024
"ΠΛΑΤΕΙΑ ΑΜΕΡΙΚΗΣ",11252,1,04/2024
ΚΟΛΙΑΤΣΟΥ,11255,1,04/2024
ΚΟΛΙΑΤΣΟΥ,11256,5,04/2024
ΚΥΨΕΛΗ,11362,2,04/2024
ΚΥΨΕΛΗ,11363,1,04/2024
"ΑΝΩ ΚΥΨΕΛΗ",11364,1,04/2024
ΚΑΛΛΙΦΡΟΝΑ,11364,7,04/2024
ΕΞΑΡΧΕΙΑ,11473,1,04/2024
ΣΤΡΕΦΗ,11473,1,04/2024
ΑΜΠΕΛΟΚΗΠΟΙ,11521,1,04/2024
ΚΟΛΩΝΑΚΙ,11521,1,04/2024
ΑΜΠΕΛΟΚΗΠΟΙ,11522,5,04/2024
ΓΚΥΖΗ,11524,2,04/2024
ΕΛΛΗΝΟΡΩΣΩΝ,11525,6,04/2024
ΑΜΠΕΛΟΚΗΠΟΙ,11526,1,04/2024
"ΕΡΥΘΡΟΣ ΣΤΑΥΡΟΣ",11526,1,04/2024
ΑΜΠΕΛΟΚΗΠΟΙ,11527,1,04/2024
ΠΑΓΚΡΑΤΙ,11633,2,04/2024
ΠΑΓΚΡΑΤΙ,11635,3,04/2024
"ΠΑΓΚΡΑΤΙ ΣΤΑΔΙΟ",11635,2,04/2024
ΜΕΤΣ,11636,3,04/2024
"ΠΑΓΚΡΑΤΙ ΣΤΑΔΙΟ",11636,1,04/2024
ΜΑΚΡΥΓΙΑΝΝΗ,11743,1,04/2024
"ΑΓ. ΣΩΣΤΗΣ",11745,1,04/2024
ΜΑΚΡΥΓΙΑΝΝΗ,11745,2,04/2024
"ΑΝΩ ΠΕΤΡΑΛΩΝΑ",11851,1,04/2024
"ΑΝΩ ΠΕΤΡΑΛΩΝΑ",11852,1,04/2024
ΒΟΤΑΝΙΚΟΣ,11855,6,04/2024
ΠΕΡΙΣΤΕΡΙ,12131,2,04/2024
"Ν. ΚΟΛΟΚΥΝΘΟΥ",12132,2,04/2024
ΠΕΡΙΣΤΕΡΙ,12132,4,04/2024
ΜΠΟΥΡΝΑΖΙ,12133,14,04/2024
ΠΕΡΙΣΤΕΡΙ,12134,8,04/2024
ΑΝΘΟΥΠΟΛΗ,12135,7,04/2024
"ΑΣΠΡΑ ΧΩΜΑΤΑ",12135,3,04/2024
ΠΕΡΙΣΤΕΡΙ,12136,4,04/2024
"ΑΓ. ΙΕΡΟΘΕΟΣ",12137,2,04/2024
"ΑΣΠΡΑ ΧΩΜΑΤΑ",12137,2,04/2024
ΠΕΡΙΣΤΕΡΙ,12137,2,04/2024
"ΑΓ. ΣΑΒΒΑΣ",12241,1,04/2024
"ΑΡ. ΙΕΡΑΣ ΟΔΟΥ",12241,1,04/2024
"ΑΓ. ΣΠΥΡΙΔΩΝ",12242,1,04/2024
"ΔΕΞ. ΙΕΡΑΣ ΟΔΟΥ",12242,4,04/2024
ΛΙΟΥΜΗ,12243,11,04/2024
ΙΕΡΑΠΟΛΗ,12244,4,04/2024
ΝΤΑΜΑΡΑΚΙΑ,12244,6,04/2024
"ΑΡ. ΕΛ. ΒΕΝΙΖΕΛΟΥ",12351,2,04/2024
"ΔΕΞ. ΕΛ. ΒΕΝΙΖΕΛΟΥ",12351,2,04/2024
"ΣΥΝ. ΣΙΔΗΡΟΠΟΥΛΟΥ",12461,1,04/2024
ΧΑΙΔΑΡΙ,12461,6,04/2024
ΔΑΣΟΣ,12462,13,04/2024
ΙΛΙΟΝ,13121,1,04/2024
ΠΑΛΑΤΙΑΝΗ,13121,8,04/2024
ΙΛΙΟΝ,13122,7,04/2024
ΡΑΔΙΟΦΩΝΙΑ,13122,1,04/2024
ΙΛΙΟΝ,13123,3,04/2024
ΜΙΧΕΛΗ,13123,4,04/2024
ΠΕΤΡΟΥΠΟΛΗ,13231,16,04/2024
ΜΙΧΕΛΗ,13232,1,04/2024
ΠΕΤΡΟΥΠΟΛΗ,13232,2,04/2024
"ΑΓ. ΝΙΚΟΛΑΟΣ",13451,3,04/2024
ΓΕΡΟΒΟΥΝΟ,13451,6,04/2024
ΚΑΜΑΤΕΡΟ,13451,4,04/2024
"Ν. ΟΛΥΜΠΙΑ",13451,1,04/2024
ΖΕΦΥΡΙ,13461,1,04/2024
"ΑΓ. ΑΝΑΡΓΥΡΟΙ",13562,2,04/2024
"ΠΥΡΓΟΣ ΒΑΣΙΛΙΣΣΗΣ",13562,1,04/2024
"ΑΓ. ΑΝΝΑ",13671,3,04/2024
ΓΕΡΟΒΟΥΝΟ,13671,1,04/2024
ΛΥΚΟΤΡΥΠΑ,13671,2,04/2024
"ΑΓ. ΑΘΑΝΑΣΙΟΣ",13672,1,04/2024
"ΑΓ. ΜΑΡΙΝΑ",13672,1,04/2024
ΑΥΛΙΖΑ,13672,2,04/2024
ΝΕΑΠΟΛΗ,13672,2,04/2024
"ΑΓ. ΠΕΤΡΟΣ",13675,5,04/2024
ΒΑΡΥΜΠΟΜΠΗ,13677,1,04/2024
"ΑΓ. ΠΕΤΡΟΣ",13678,1,04/2024
ΛΑΘΕΑ,13678,4,04/2024
ΑΓΡΙΛΕΖΑ,13679,1,04/2024
"ΜΕΓ. ΣΧΙΝΑ",13679,1,04/2024
ΠΑΝΟΡΑΜΑ,13679,1,04/2024
ΗΡΑΚΛΕΙΟ,14121,4,04/2024
"ΝΕΟ ΗΡΑΚΛΕΙΟ",14121,1,04/2024
ΗΡΑΚΛΕΙΟ,14122,2,04/2024
"ΝΕΑ ΙΩΝΙΑ",14231,5,04/2024
"ΝΕΑ ΙΩΝΙΑ",14233,1,04/2024
ΝΕΑΠΟΛΗ,14233,1,04/2024
ΚΑΛΟΓΡΕΖΑ,14234,1,04/2024
ΑΛΣΟΥΠΟΛΗ,14235,2,04/2024
"ΚΟΚ. ΜΥΛΟΣ",14342,2,04/2024
"ΝΕΑ ΜΑΔΥΤΟΣ",14342,1,04/2024
"ΝΕΑ ΧΑΛΚΗΔΟΝΑ",14343,3,04/2024
ΜΕΤΑΜΟΡΦΩΣΗ,14451,1,04/2024
ΜΕΤΑΜΟΡΦΩΣΗ,14452,1,04/2024
ΚΕΦΑΛΑΡΙ,14562,1,04/2024
ΚΟΚΚΙΝΑΡΑΣ,14562,2,04/2024
ΚΗΦΙΣΙΑ,14563,1,04/2024
ΑΔΑΜΕΣ,14564,1,04/2024
"ΝΕΑ ΚΗΦΙΣΙΑ",14564,3,04/2024
ΠΕΥΚΗ,15121,11,04/2024
ΜΑΡΟΥΣΙ,15122,2,04/2024
"ΑΓ. ΘΩΜΑΣ",15123,4,04/2024
ΜΑΡΟΥΣΙ,15124,5,04/2024
ΜΑΡΟΥΣΙ,15125,3,04/2024
ΣΩΡΟΥ,15125,1,04/2024
"Ν. ΜΑΡΟΥΣΙ",15126,2,04/2024
"ΝΕΑ ΛΕΣΒΟΣ",15126,1,04/2024
"ΣΥΝ ΚΑΡΠΑΘΙΩΝ",15126,1,04/2024
ΜΕΛΙΣΣΙΑ,15127,13,04/2024
ΧΑΛΑΝΔΡΙ,15231,3,04/2024
"ΚΑΤΩ ΧΑΛΑΝΔΡΙ",15232,1,04/2024
ΧΑΛΑΝΔΡΙ,15233,5,04/2024
ΧΑΛΑΝΔΡΙ,15234,11,04/2024
"ΝΕΑ ΠΕΝΤΕΛΗ",15236,2,04/2024
ΠΕΝΤΕΛΗ,15236,1,04/2024
ΦΙΛΟΘΕΗ,15237,4,04/2024
ΠΑΤΗΜΑ,15238,6,04/2024
"ΑΓ. ΠΑΡΑΣΚΕΥΗ",15341,14,04/2024
"ΝΕΑ ΖΩΗ",15341,2,04/2024
"ΑΓ. ΠΑΡΑΣΚΕΥΗ",15342,2,04/2024
ΚΟΝΤΟΠΕΥΚΟ,15343,1,04/2024
ΠΑΡΑΔΕΙΣΟΣ,15343,1,04/2024
ΠΕΥΚΑΚΙΑ,15343,3,04/2024
"ΓΛΥΚΑ ΝΕΡΑ",15354,2,04/2024
"ΝΕΟ ΨΥΧΙΚΟ",15451,11,04/2024
ΨΥΧΙΚΟ,15452,3,04/2024
ΧΟΛΑΡΓΟΣ,15561,9,04/2024
ΖΩΓΡΑΦΟΥ,15773,1,04/2024
ΚΑΙΣΑΡΙΑΝΗ,16121,1,04/2024
ΧΙΛΤΟΝ,16121,1,04/2024
ΚΑΙΣΑΡΙΑΝΗ,16122,6,04/2024
ΑΝΑΛΗΨΗ,16231,3,04/2024
ΒΥΡΩΝΑΣ,16231,2,04/2024
"ΖΩΟΔΟΧΟΥ ΠΗΓΗΣ",16231,1,04/2024
ΒΥΡΩΝΑΣ,16232,11,04/2024
ΗΛΙΟΥΠΟΛΗ,16341,1,04/2024
ΑΣΤΥΝΟΜΙΚΑ,16342,1,04/2024
"ΑΓ. ΜΑΡΙΝΑ",16343,8,04/2024
ΝΗΣΑΚΙ,16343,7,04/2024
"ΑΓ. ΜΑΡΙΝΑ",16344,2,04/2024
ΗΛΙΟΥΠΟΛΗ,16344,1,04/2024
"ΑΓ. ΜΑΡΙΝΑ",16345,2,04/2024
"ΑΓ. ΚΩΝΣΤΑΝΤΙΝΟΣ",16346,3,04/2024
ΗΛΙΟΥΠΟΛΗ,16346,1,04/2024
ΑΡΓΥΡΟΥΠΟΛΗ,16451,3,04/2024
ΑΡΓΥΡΟΥΠΟΛΗ,16452,1,04/2024
ΧΑΣΑΝΙ,16452,2,04/2024
ΓΛΥΦΑΔΑ,16561,13,04/2024
ΚΑΦΕΠΩΛΕΣ,16561,1,04/2024
"ΣΑΜΙΩΝ ΙΚΑΡΙΩΝ",16561,1,04/2024
ΤΕΡΨΙΘΕΑ,16561,25,04/2024
ΓΛΥΦΑΔΑ,16562,1,04/2024
ΤΕΡΨΙΘΕΑ,16562,3,04/2024
ΒΑΡΗ,16672,1,04/2024
ΜΗΛΑΔΕΖΑ,16672,7,04/2024
ΒΟΥΛΑ,16673,12,04/2024
ΔΙΚΗΓΟΡΙΚΑ,16673,2,04/2024
ΚΑΛΥΜΝΙΩΝ,16673,1,04/2024
ΠΑΝΟΡΑΜΑ,16673,4,04/2024
ΓΛΥΦΑΔΑ,16674,12,04/2024
ΚΑΡΒΕΛΑΣ,16674,3,04/2024
ΒΟΣΠΟΡΟΣ,16675,1,04/2024
ΓΛΥΦΑΔΑ,16675,6,04/2024
ΕΛΛΗΝΙΚΟ,16777,12,04/2024
"ΝΕΑ ΣΜΥΡΝΗ",17121,2,04/2024
"ΝΕΑ ΣΜΥΡΝΗ",17122,4,04/2024
"ΝΕΑ ΣΜΥΡΝΗ",17123,1,04/2024
"ΝΕΑ ΣΜΥΡΝΗ",17124,13,04/2024
ΔΑΦΝΗ,17234,1,04/2024
"ΑΓ. ΒΑΡΒΑΡΑ",17235,6,04/2024
ΔΑΦΝΗ,17235,17,04/2024
ΔΑΦΝΗ,17236,1,04/2024
ΧΑΡΑΥΓΗ,17236,2,04/2024
ΥΜΗΤΤΟΣ,17237,2,04/2024
ΑΣΥΡΜΑΤΟΣ,17341,5,04/2024
ΣΑΡΩΝΙΚΟΣ,17341,3,04/2024
ΑΓΡΙΛΙΟΣ,17342,4,04/2024
ΑΝΟΙΞΗ,17342,1,04/2024
"ΕΘΝΙΚΗΣ ΑΝΤΙΣΤΑΣΗΣ",17342,2,04/2024
"ΑΓ. ΔΗΜΗΤΡΙΟΣ",17343,2,04/2024
ΣΑΡΩΝΙΚΟΣ,17343,1,04/2024
ΑΛΙΜΟΣ,17455,1,04/2024
ΚΑΛΑΜΑΚΙ,17455,3,04/2024
ΤΡΑΥΜΑΤΙΩΝ,17455,3,04/2024
ΧΑΣΑΝΙ,17455,1,04/2024
"ΑΓ. ΠΑΝΤΕΛΕΗΜΩΝ",17456,1,04/2024
ΚΥΘΗΡΙΩΝ,17456,2,04/2024
ΤΡΑΥΜΑΤΙΩΝ,17456,3,04/2024
"ΠΑΛΑΙΟ ΦΑΛΗΡΟ",17561,2,04/2024
"ΠΑΛΑΙΟ ΦΑΛΗΡΟ",17562,13,04/2024
ΑΜΦΙΘΕΑ,17563,2,04/2024
ΑΜΦΙΘΕΑ,17564,2,04/2024
ΠΑΝΤΕΙΟΣ,17671,3,04/2024
ΚΑΛΛΙΘΕΑ,17673,7,04/2024
ΤΖΙΤΖΙΦΙΕΣ,17673,1,04/2024
ΤΖΙΤΖΙΦΙΕΣ,17674,2,04/2024
ΚΑΛΛΙΘΕΑ,17675,5,04/2024
ΤΖΙΤΖΙΦΙΕΣ,17675,1,04/2024
ΚΑΛΛΙΘΕΑ,17676,9,04/2024
ΤΑΥΡΟΣ,17778,2,04/2024
"ΑΓ. ΒΑΡΒΑΡΑ",18120,1,04/2024
"ΑΓ. ΓΕΩΡΓΙΟΣ",18120,1,04/2024
"ΑΝΩ ΚΟΡΥΔΑΛΛΟΣ",18120,1,04/2024
ΚΟΡΥΔΑΛΛΟΣ,18120,1,04/2024
"ΠΛΑΤΕΙΑ ΕΛΕΥΘΕΡΙΑΣ",18120,1,04/2024
"ΑΝΩ ΚΟΡΥΔΑΛΛΟΣ",18121,1,04/2024
"Γ ΝΕΚΡΟΤΑΦΕΙΟ",18121,1,04/2024
ΣΧΙΣΤΟ,18121,1,04/2024
ΤΑΞΙΑΡΧΕΣ,18121,2,04/2024
"ΑΝΩ ΚΟΡΥΔΑΛΛΟΣ",18122,2,04/2024
ΣΧΙΣΤΟ,18122,3,04/2024
"ΑΓ. Ι. ΡΕΝΤΗΣ",18233,2,04/2024
ΑΠΟΛΛΩΝ,18233,1,04/2024
ΜΕΤΑΜΟΡΦΩΣΗ,18344,2,04/2024
ΠΑΡΑΛΙΑ,18344,3,04/2024
ΜΕΤΑΜΟΡΦΩΣΗ,18345,5,04/2024
ΣΤΑΘΜΟΣ,18345,1,04/2024
"ΑΓ. ΝΙΚΟΛΑΟΣ",18450,1,04/2024
"Π. ΚΟΚΚΙΝΙΑ",18450,1,04/2024
ΝΕΑΠΟΛΗ,18451,1,04/2024
ΑΝΑΛΗΨΗ,18452,2,04/2024
ΝΕΑΠΟΛΗ,18452,10,04/2024
"ΑΓ. ΝΙΚΟΛΑΟΣ",18453,1,04/2024
ΚΡΗΝΗ,18453,1,04/2024
"ΑΣΠΡΑ ΧΩΜΑΤΑ",18454,3,04/2024
"Γ ΝΕΚΡΟΤΑΦΕΙΟ",18454,1,04/2024
ΚΡΑΤΙΚΟ,18454,3,04/2024
ΠΕΡΙΒΟΛΑΚΙ,18454,1,04/2024
ΔΗΜΟΤΙΚΟ,18531,1,04/2024
ΚΕΝΤΡΟ,18531,1,04/2024
"ΠΛΑΤΕΙΑ ΙΠΠΟΔΑΜΕΙΑΣ",18531,3,04/2024
ΚΕΝΤΡΟ,18535,4,04/2024
ΠΑΣΑΛΙΜΑΝΙ,18536,1,04/2024
ΖΑΝΕΙΟ,18537,1,04/2024
ΦΡΕΑΤΤΥΔΑ,18537,5,04/2024
"ΑΓ. ΝΕΙΛΟΣ",18538,2,04/2024
ΛΕΥΚΑ,18540,5,04/2024
ΡΕΤΣΙΝΑ,18540,12,04/2024
ΑΠΟΛΛΩΝ,18541,2,04/2024
ΚΑΜΙΝΙΑ,18541,5,04/2024
"Π. ΚΟΚΚΙΝΙΑ",18542,2,04/2024
ΛΕΥΚΑ,18543,1,04/2024
ΜΑΝΙΑΤΙΚΑ,18543,2,04/2024
ΟΔΗΓΗΤΡΙΑ,18543,1,04/2024
ΜΑΝΙΑΤΙΚΑ,18544,1,04/2024
ΠΑΠΑΣΤΡΑΤΟΥ,18545,2,04/2024
ΜΑΝΙΑΤΙΚΑ,18546,7,04/2024
ΠΑΠΑΣΤΡΑΤΟΥ,18546,2,04/2024
ΤΑΜΠΟΥΡΙΑ,18546,1,04/2024
"ΝΕΟ ΦΑΛΗΡΟ",18547,23,04/2024
ΔΡΑΠΕΤΣΩΝΑ,18648,2,04/2024
ΑΝΑΣΤΑΣΗ,18755,1,04/2024
ΕΥΓΕΝΕΙΑ,18755,3,04/2024
ΧΑΡΑΥΓΗ,18755,1,04/2024
"ΑΓ. ΓΕΩΡΓΙΟΣ",18756,2,04/2024
ΧΑΛΚΗΔΩΝ,18756,1,04/2024
ΑΜΦΙΑΛΗ,18757,3,04/2024
"ΑΓ. ΑΝΤΩΝΙΟΣ",18758,1,04/2024
"ΑΓ. ΜΗΝΑΣ",18758,1,04/2024
ΜΠΛΑΖΑΚΗ,18863,4,04/2024
ΠΑΠΑΔΟΠΟΥΛΟΥ,18863,1,04/2024
ΠΕΡΑΜΑ,18863,2,04/2024
"ΠΡΟΦ. ΗΛΙΑΣ",18863,4,04/2024
"ΑΓ. ΑΝΔΡΕΑΣ",18900,1,04/2024
ΑΛΩΝΙΑ,18900,1,04/2024
"ΠΡΟΦΗΤΗΣ ΗΛΙΑΣ",18900,1,04/2024
ΣΤΕΝΟ,18900,1,04/2024
ΣΤΡΟΦΗ,18900,1,04/2024
ΠΑΛΟΥΚΙΑ,18901,4,04/2024
ΣΕΛΗΝΙΑ,18902,2,04/2024
"ΑΙΑΝΤΕΙΟ ΝΑΤΟ",18903,2,04/2024
ΓΙΑΛΑ,18903,1,04/2024
"ΝΕΑ ΠΕΡΑΜΟΣ",19006,2,04/2024
ΜΑΓΟΥΛΑ,19018,1,04/2024
"ΓΕΡΜΑΝΙΚΟΣ ΔΡΟΜΟΣ ΒΟΡΕΙΟ",19100,1,04/2024
"ΓΗΠΕΔΟ-ΝΕΟ ΜΕΛΙ",19100,4,04/2024
"ΜΕΓΑΡΑ ΔΥΤΙΚΗΣ ΑΤΤΙΚΗΣ",19100,11,04/2024
ΕΛΕΥΣΙΝΑ,19200,3,04/2024
ΒΕΛΑΝΙΔΙΕΣ,19300,1,04/2024
"ΝΕΑ ΖΩΗ",19300,1,04/2024
"ΑΓ. ΑΝΑΡΓΥΡΟΙ",13561,8,04/2025
"ΑΓ. ΑΝΑΡΓΥΡΟΙ",13562,1,04/2025
"ΑΓ. ΑΝΝΑ",18758,3,04/2025
"ΑΓ. ΑΝΤΩΝΙΟΣ",18758,1,04/2025
"ΑΓ. ΒΑΡΒΑΡΑ",18120,7,04/2025
"ΑΓ. ΓΕΩΡΓΙΟΣ",11744,2,04/2025
"ΑΓ. ΓΕΩΡΓΙΟΣ",18120,2,04/2025
"ΑΓ. ΓΕΩΡΓΙΟΣ",18756,2,04/2025
"ΑΓ. ΓΡΗΓΟΡΟΥΣΑ",12461,5,04/2025
"ΑΓ. ΔΗΜΗΤΡΙΟΣ",17341,4,04/2025
"ΑΓ. Ι. ΡΕΝΤΗΣ",18233,2,04/2025
"ΑΓ. ΙΩΑΝΝΗΣ ΡΩΣΟΣ",13675,1,04/2025
"ΑΓ. ΚΩΝΣΤΑΝΤΙΝΟΣ",16342,1,04/2025
"ΑΓ. ΚΩΝΣΤΑΝΤΙΝΟΣ",16346,2,04/2025
"ΑΓ. ΛΑΥΡΕΝΤΙΟΣ",18900,1,04/2025
"ΑΓ. ΜΑΡΙΝΑ",16344,2,04/2025
"ΑΓ. ΜΑΡΙΝΑ",16345,2,04/2025
"ΑΓ. ΜΗΝΑΣ",18758,2,04/2025
"ΑΓ. ΜΗΝΑΣ",18900,1,04/2025
"ΑΓ. ΝΙΚΟΛΑΟΣ",13451,1,04/2025
"ΑΓ. ΝΙΚΟΛΑΟΣ",18450,1,04/2025
"ΑΓ. ΝΙΚΟΛΑΟΣ",18863,1,04/2025
"ΑΓ. ΝΙΚΟΛΑΟΣ",18900,2,04/2025
"ΑΓ. ΠΑΝΤΕΛΕΗΜΩΝ",17456,12,04/2025
"ΑΓ. ΠΑΡΑΣΚΕΥΗ",15341,2,04/2025
"ΑΓ. ΠΑΡΑΣΚΕΥΗ",15342,15,04/2025
"ΑΓ. ΠΕΤΡΟΣ",13675,4,04/2025
"ΑΓ. ΣΟΦΙΑ",18543,3,04/2025
"ΑΓ. ΣΟΦΙΑ",18546,3,04/2025
ΑΓΡΙΛΙΟΣ,17342,3,04/2025
"ΑΚΑΔ. ΠΛΑΤΩΝΟΣ",10441,5,04/2025
ΑΛΙΜΟΣ,17455,4,04/2025
ΑΜΠΕΛΑΚΙΑ,17455,1,04/2025
"ΑΜΠΕΛΑΚΙΑ ΦΟΙΝΙΞ",18902,1,04/2025
ΑΜΦΙΑΛΗ,18757,2,04/2025
ΑΜΦΙΑΛΗ,18758,2,04/2025
ΑΜΦΙΘΕΑ,17563,7,04/2025
ΑΜΦΙΘΕΑ,17564,1,04/2025
ΑΝΑΚΑΣΑ,13562,2,04/2025
ΑΝΑΛΗΨΗ,16231,3,04/2025
ΑΝΑΣΤΑΣΗ,18755,1,04/2025
ΑΝΘΟΥΠΟΛΗ,12135,1,04/2025
"ΑΝΩ ΚΟΡΥΔΑΛΛΟΣ",18122,1,04/2025
"ΑΝΩ ΠΕΤΡΑΛΩΝΑ",11851,2,04/2025
"ΑΝΩ ΠΕΤΡΑΛΩΝΑ",11852,1,04/2025
ΑΠΟΛΛΩΝ,18541,1,04/2025
"ΑΡ. ΕΛ. ΒΕΝΙΖΕΛΟΥ",12351,3,04/2025
"ΑΡ. ΙΕΡΑΣ ΟΔΟΥ",12241,4,04/2025
ΑΡΓΥΡΟΥΠΟΛΗ,16451,1,04/2025
ΑΡΓΥΡΟΥΠΟΛΗ,16452,5,04/2025
ΑΡΜΕΝΙΚΑ,18450,1,04/2025
"ΑΣΠΡΑ ΧΩΜΑΤΑ",12135,1,04/2025
"ΑΣΠΡΑ ΧΩΜΑΤΑ",12137,2,04/2025
"ΑΣΠΡΑ ΧΩΜΑΤΑ",18233,1,04/2025
ΑΣΠΡΟΠΥΡΓΟΣ,19300,7,04/2025
ΑΣΥΡΜΑΤΟΣ,16672,1,04/2025
ΑΣΥΡΜΑΤΟΣ,17341,1,04/2025
ΑΧΑΡΝΕΣ,13672,1,04/2025
ΒΑΡΚΙΖΑ,16672,7,04/2025
ΒΑΡΥΜΠΟΜΠΗ,13677,1,04/2025
"ΒΑΣ. ΠΕΡΙΠΤΕΡΟ",18538,1,04/2025
ΒΟΣΠΟΡΟΣ,16675,1,04/2025
ΒΟΤΑΝΙΚΟΣ,11855,14,04/2025
ΒΟΥΛΑ,16673,23,04/2025
ΒΟΥΛΙΑΓΜΕΝΗ,16671,4,04/2025
ΒΡΟΝΤΟΥ,18900,1,04/2025
ΒΥΡΩΝΑΣ,16231,2,04/2025
ΓΑΛΑΤΣΙ,11146,1,04/2025
ΓΑΛΑΤΣΙ,11147,8,04/2025
ΓΕΡΟΒΟΥΝΟ,13451,3,04/2025
ΓΕΡΟΒΟΥΝΟ,13671,1,04/2025
ΓΗΠΕΔΟ,18345,1,04/2025
"ΓΗΠΕΔΟ-ΝΕΟ ΜΕΛΙ",19100,2,04/2025
ΓΙΑΛΑ,18903,1,04/2025
ΓΚΥΖΗ,11474,1,04/2025
ΓΚΥΖΗ,11476,1,04/2025
ΓΚΥΖΗ,11522,1,04/2025
ΓΛΥΦΑΔΑ,16561,7,04/2025
ΓΛΥΦΑΔΑ,16562,6,04/2025
ΓΛΥΦΑΔΑ,16674,2,04/2025
ΓΛΥΦΑΔΑ,16675,2,04/2025
ΓΟΥΒΑ,11631,1,04/2025
ΔΑΣΟΣ,12462,2,04/2025
ΔΑΦΝΗ,17234,6,04/2025
ΔΑΦΝΗ,17235,12,04/2025
ΔΑΦΝΗ,17237,1,04/2025
"ΔΕΞ. ΕΛ. ΒΕΝΙΖΕΛΟΥ",12351,2,04/2025
"ΔΕΞ. ΙΕΡΑΣ ΟΔΟΥ",12242,2,04/2025
"ΔΕΞ. ΙΕΡΑΣ ΟΔΟΥ",12243,2,04/2025
ΔΗΜΗΤΡΑΝΙ,18903,1,04/2025
ΔΗΜΟΤΙΚΟ,18531,2,04/2025
ΔΗΜΟΤΙΚΟ,18535,4,04/2025
ΔΙΚΗΓΟΡΙΚΑ,16673,2,04/2025
ΔΡΑΠΕΤΣΩΝΑ,18648,4,04/2025
"ΕΘΝΙΚΗΣ ΑΝΤΙΣΤΑΣΗΣ",17342,12,04/2025
ΕΚΤΕΛΩΝΙΣΤΩΝ,17456,6,04/2025
ΕΛΕΥΣΙΝΑ,19200,5,04/2025
ΕΞΑΡΧΕΙΑ,10680,1,04/2025
ΕΥΑΓΓΕΛΙΣΤΡΙΑ,18534,1,04/2025
ΕΥΓΕΝΕΙΑ,18755,3,04/2025
ΕΦΟΡΙΑΚΩΝ,17456,7,04/2025
ΖΕΦΥΡΙ,13461,2,04/2025
ΖΩΓΡΑΦΟΥ,15772,4,04/2025
ΗΛ.ΣΤΑΘΜΟΣ,17676,37,04/2025
ΗΛΙΟΥΠΟΛΗ,16341,1,04/2025
ΗΛΙΟΥΠΟΛΗ,16342,1,04/2025
ΗΛΙΟΥΠΟΛΗ,16345,1,04/2025
ΗΛΙΟΥΠΟΛΗ,16346,3,04/2025
ΗΡΑΚΛΕΙΟ,14121,1,04/2025
ΗΡΑΚΛΕΙΟ,14122,3,04/2025
ΘΗΣΕΙΟ,11851,1,04/2025
ΘΡΑΚΟΜΑΚΕΔΟΝΕΣ,13676,2,04/2025
ΘΥΜΑΡΑΚΙΑ,10445,5,04/2025
ΙΕΡΑΠΟΛΗ,12244,5,04/2025
ΙΛΙΟΝ,13121,3,04/2025
ΙΛΙΟΝ,13122,1,04/2025
ΙΛΙΟΝ,13123,3,04/2025
ΚΑΙΣΑΡΙΑΝΗ,16121,1,04/2025
ΚΑΙΣΑΡΙΑΝΗ,16122,3,04/2025
ΚΑΛΑΜΑΚΙ,17455,2,04/2025
ΚΑΛΥΜΝΙΩΝ,16673,38,04/2025
ΚΑΜΙΝΙΑ,18541,7,04/2025
ΚΑΝΑΡΙΑ,16345,1,04/2025
ΚΑΝΤΖΑ,15351,5,04/2025
ΚΑΡΑΒΑΣ,18543,1,04/2025
"ΚΑΤΩ ΚΗΦΙΣΙΑ",14561,1,04/2025
"ΚΑΤΩ ΚΗΦΙΣΙΑ",14564,1,04/2025
"ΚΑΤΩ ΠΑΤΗΣΙΑ",10446,1,04/2025
"ΚΑΤΩ ΠΑΤΗΣΙΑ",11254,6,04/2025
"ΚΑΤΩ ΧΑΛΑΝΔΡΙ",15231,1,04/2025
ΚΕΝΤΡΟ,10551,1,04/2025
ΚΕΝΤΡΟ,10552,1,04/2025
ΚΕΝΤΡΟ,10560,5,04/2025
ΚΕΝΤΡΟ,10562,1,04/2025
ΚΕΝΤΡΟ,10563,1,04/2025
ΚΕΝΤΡΟ,18535,1,04/2025
ΚΕΝΤΡΟ,18536,2,04/2025
ΚΗΠΟΥΠΟΛΗ,13231,6,04/2025
ΚΗΦΙΣΙΑ,14564,1,04/2025
"ΚΟΚ. ΜΥΛΟΣ",14342,2,04/2025
ΚΟΚΚΙΝΟΒΡΑΧΟΣ,18757,2,04/2025
ΚΟΛΩΝΟΣ,10444,10,04/2025
"ΚΟΡΜΠΙ ΠΡ. ΗΛΙΑΣ",16672,2,04/2025
"ΚΟΡΜΠΙ ΦΑΡΟΥ",16672,1,04/2025
ΚΟΡΥΔΑΛΛΟΣ,18120,1,04/2025
ΚΟΡΥΔΑΛΛΟΣ,18121,3,04/2025
ΚΡΗΝΗ,18453,3,04/2025
ΚΡΗΤΙΚΑ,18534,2,04/2025
ΚΥΘΗΡΙΩΝ,17456,1,04/2025
ΚΥΝΟΣΑΡΓΟΥΣ,11743,2,04/2025
"ΚΥΨΕΛΗ Ν. ΚΩΝ/ΠΟΛΗ",11363,1,04/2025
"ΛΑΚΚΑ ΒΑΒΟΥΛΑ",18532,9,04/2025
ΛΕΥΚΑ,18543,1,04/2025
ΛΙΟΥΜΗ,12243,1,04/2025
"ΛΟΦΟΣ ΣΚΟΥΖΕ",10443,1,04/2025
ΛΥΚΟΒΡΥΣΗ,14123,1,04/2025
ΛΥΚΟΤΡΥΠΑ,13671,2,04/2025
ΜΑΓΟΥΛΑ,19018,1,04/2025
ΜΑΝΙΑΤΙΚΑ,18543,1,04/2025
ΜΑΝΙΑΤΙΚΑ,18544,4,04/2025
ΜΑΝΙΑΤΙΚΑ,18546,1,04/2025
ΜΑΡΟΥΣΙ,15122,10,04/2025
ΜΑΡΟΥΣΙ,15124,3,04/2025
"ΜΕΓ. ΣΧΙΝΑ",13679,4,04/2025
"ΜΕΓΑΡΑ ΔΥΤΙΚΗΣ ΑΤΤΙΚΗΣ",19100,5,04/2025
ΜΕΛΙΣΣΙΑ,15127,5,04/2025
ΜΕΣΟΝΥΧΙ,13675,3,04/2025
ΜΕΤΑΜΟΡΦΩΣΗ,14451,1,04/2025
ΜΕΤΑΜΟΡΦΩΣΗ,14452,3,04/2025
ΜΕΤΑΜΟΡΦΩΣΗ,16232,1,04/2025
ΜΕΤΑΜΟΡΦΩΣΗ,18344,4,04/2025
ΜΕΤΑΜΟΡΦΩΣΗ,18345,1,04/2025
ΜΕΤΑΞΟΥΡΓΕΙΟ,10435,7,04/2025
ΜΗΛΑΔΕΖΑ,16672,1,04/2025
ΜΙΧΕΛΗ,13123,1,04/2025
ΜΠΟΥΡΝΑΖΙ,12133,4,04/2025
ΜΥΡΤΙΔΙΩΤΙΣΣΑ,18533,2,04/2025
"ΝΕΑ ΖΩΗ",15341,1,04/2025
"ΝΕΑ ΙΩΝΙΑ",14231,15,04/2025
"ΝΕΑ ΙΩΝΙΑ",14233,1,04/2025
"ΝΕΑ ΚΗΦΙΣΙΑ",14564,1,04/2025
"ΝΕΑ ΛΕΣΒΟΣ",15126,3,04/2025
"ΝΕΑ ΜΑΔΥΤΟΣ",14342,1,04/2025
"ΝΕΑ ΠΕΝΤΕΛΗ",15236,1,04/2025
"ΝΕΑ ΠΕΝΤΕΛΗ",15239,2,04/2025
"ΝΕΑ ΠΕΡΑΜΟΣ",19006,2,04/2025
"ΝΕΑ ΣΜΥΡΝΗ",17121,2,04/2025
"ΝΕΑ ΣΜΥΡΝΗ",17123,9,04/2025
"ΝΕΑ ΣΜΥΡΝΗ",17124,1,04/2025
"ΝΕΑ ΦΙΛΑΔΕΛΦΕΙΑ",14341,5,04/2025
ΝΕΑΠΟΛΗ,13672,1,04/2025
"ΝΕΟ ΗΡΑΚΛΕΙΟ",14122,2,04/2025
"ΝΕΟ ΦΑΛΗΡΟ",18547,2,04/2025
ΝΕΟΚΤΙΣΤΑ,19300,1,04/2025
"ΝΕΟΣ ΚΟΣΜΟΣ",11744,2,04/2025
"ΝΕΟΣ ΚΟΣΜΟΣ",11745,10,04/2025
ΝΤΑΜΑΡΑΚΙΑ,12241,3,04/2025
ΝΤΑΜΑΡΑΚΙΑ,12244,3,04/2025
"Π. ΚΟΚΚΙΝΙΑ",18454,1,04/2025
"ΠΑΛ. ΜΕΝΙΔΙ",13673,1,04/2025
"ΠΑΛ. ΜΕΝΙΔΙ",13674,4,04/2025
"ΠΑΛΑΙΑ ΦΩΚΑΙΑ ΑΝΑΤΟΛΙΚΗΣ ΑΤΤΙΚΗΣ",19013,1,04/2025
"ΠΑΛΑΙΟ ΦΑΛΗΡΟ",17561,7,04/2025
"ΠΑΛΑΙΟ ΦΑΛΗΡΟ",17562,1,04/2025
"ΠΑΛΑΙΟ ΦΑΛΗΡΟ",17563,2,04/2025
ΠΑΛΟΥΚΙΑ,18901,1,04/2025
ΠΑΝΟΡΑΜΑ,16673,8,04/2025
ΠΑΠΑΓΟΣ,15669,9,04/2025
ΠΑΠΑΔΟΠΟΥΛΟΥ,18863,2,04/2025
ΠΑΡΑΔΕΙΣΟΣ,15125,1,04/2025
ΠΑΡΑΔΕΙΣΟΣ,15343,2,04/2025
ΠΑΡΑΛΙΑ,18344,2,04/2025
ΠΑΡΑΛΙΑ,18345,3,04/2025
ΠΑΤΗΜΑ,15238,8,04/2025
ΠΕΙΡΑΙΚΗ,18539,1,04/2025
ΠΕΡΙΒΟΛΑΚΙ,18120,1,04/2025
ΠΕΡΙΣΤΕΡΙ,12131,7,04/2025
ΠΕΡΙΣΤΕΡΙ,12132,2,04/2025
ΠΕΡΙΣΤΕΡΙ,12134,4,04/2025
ΠΕΡΙΣΤΕΡΙ,12135,3,04/2025
ΠΕΡΙΣΤΕΡΙ,12136,8,04/2025
ΠΕΡΙΣΤΕΡΙ,12137,1,04/2025
ΠΕΤΡΟΥΠΟΛΗ,13231,9,04/2025
ΠΕΤΡΟΥΠΟΛΗ,13232,6,04/2025
ΠΕΥΚΑΚΙΑ,15343,3,04/2025
ΠΕΥΚΗ,15121,1,04/2025
ΠΛΑΚΑ,10556,1,04/2025
"ΠΛΑΤΕΙΑ ΑΜΕΡΙΚΗΣ",11252,1,04/2025
"ΠΛΑΤΕΙΑ ΑΜΕΡΙΚΗΣ",11256,5,04/2025
"ΠΛΑΤΕΙΑ ΑΤΤΙΚΗΣ",10445,1,04/2025
"ΠΛΑΤΕΙΑ ΕΛΕΥΘΕΡΙΑΣ",18120,1,04/2025
ΠΟΛΥΔΡΟΣΟ,15125,9,04/2025
ΡΑΔΙΟΦΩΝΙΑ,13122,2,04/2025
ΡΑΔΙΟΦΩΝΙΑ,13451,1,04/2025
ΡΙΖΟΥΠΟΛΗ,11142,3,04/2025
ΡΟΥΦ,11854,1,04/2025
"ΣΑΜΙΩΝ ΙΚΑΡΙΩΝ",16561,3,04/2025
ΣΑΡΩΝΙΚΟΣ,17343,1,04/2025
ΣΑΦΡΑΜΠΟΛΙΣ,14233,6,04/2025
ΣΕΠΟΛΙΑ,10443,1,04/2025
ΣΟΥΡΜΕΝΑ,16777,28,04/2025
ΣΤΑΘΜΟΣ,18345,14,04/2025
ΣΧΙΣΤΟ,18122,1,04/2025
ΣΩΡΟΥ,15125,1,04/2025
ΤΑΥΡΟΣ,17778,1,04/2025
ΤΕΡΨΙΘΕΑ,16562,12,04/2025
ΤΕΡΨΙΘΕΑ,18535,1,04/2025
ΤΕΡΨΙΘΕΑ,18536,1,04/2025
ΤΖΙΤΖΙΦΙΕΣ,17674,3,04/2025
ΤΡΑΥΜΑΤΙΩΝ,17456,1,04/2025
ΤΣΑΚΟΣ,15341,1,04/2025
ΥΜΗΤΤΟΣ,17237,8,04/2025
ΦΙΛΟΘΕΗ,15237,1,04/2025
ΦΙΛΟΠΑΠΠΟΥ,11741,2,04/2025
ΧΑΙΔΑΡΙ,12461,7,04/2025
ΧΑΛΑΝΔΡΙ,15232,6,04/2025
ΧΑΛΑΝΔΡΙ,15233,1,04/2025
ΧΑΛΑΝΔΡΙ,15234,1,04/2025
ΧΑΛΚΗΔΟΝΑ,18451,8,04/2025
ΧΑΡΑΥΓΗ,13673,3,04/2025
ΧΑΡΟΚΟΠΟΥ,17671,2,04/2025
ΧΙΛΤΟΝ,11528,1,04/2025
ΧΟΛΑΡΓΟΣ,15561,2,04/2025
ΨΥΡΡΗ,10553,3,04/2025
ΨΥΡΡΗ,10554,1,04/2025
ΨΥΧΙΚΟ,15452,3,04/2025
"ΑΓ. ΠΑΝΤΕΛΕΗΜΩΝ",10434,1,05/2023
"ΠΛΑΤΕΙΑ ΒΙΚΤΩΡΙΑΣ",10434,3,05/2023
ΜΕΤΑΞΟΥΡΓΕΙΟ,10435,9,05/2023
ΒΑΘΗΣ,10438,1,05/2023
"ΑΓ. ΠΑΝΤΕΛΕΗΜΩΝ",10439,1,05/2023
"ΑΚΑΔ. ΠΛΑΤΩΝΟΣ",10441,1,05/2023
"ΑΚΑΔ. ΠΛΑΤΩΝΟΣ",10442,1,05/2023
ΚΟΛΩΝΟΣ,10443,8,05/2023
ΣΕΠΟΛΙΑ,10443,1,05/2023
ΚΟΛΩΝΟΣ,10444,6,05/2023
ΚΕΝΤΡΟ,10551,2,05/2023
ΚΕΝΤΡΟ,10552,3,05/2023
ΚΕΝΤΡΟ,10560,3,05/2023
ΚΕΝΤΡΟ,10561,1,05/2023
ΚΟΛΩΝΑΚΙ,10671,1,05/2023
ΚΕΝΤΡΟ,10677,2,05/2023
ΕΞΑΡΧΕΙΑ,10681,24,05/2023
ΜΟΥΣΕΙΟ,10682,33,05/2023
ΜΟΥΣΕΙΟ,10683,1,05/2023
"ΑΓ. ΛΟΥΚΑΣ",11144,3,05/2023
ΓΑΛΑΤΣΙ,11146,1,05/2023
ΓΑΛΑΤΣΙ,11147,4,05/2023
ΑΓΓΕΛΟΠΟΥΛΟΥ,11251,1,05/2023
"ΠΛΑΤΕΙΑ ΑΜΕΡΙΚΗΣ",11252,1,05/2023
"ΝΕΑ ΚΥΨΕΛΗ",11363,1,05/2023
ΝΕΑΠΟΛΗ,11471,1,05/2023
ΝΕΑΠΟΛΗ,11473,5,05/2023
"ΝΕΑ ΚΥΨΕΛΗ",11476,1,05/2023
ΑΒΕΡΩΦ,11522,1,05/2023
"Ν. ΦΙΛΟΘΕΗ",11524,1,05/2023
ΕΛΛΗΝΟΡΩΣΩΝ,11525,11,05/2023
ΓΟΥΒΑ,11631,4,05/2023
ΠΑΓΚΡΑΤΙ,11633,2,05/2023
ΚΥΝΟΣΑΡΓΟΥΣ,11743,4,05/2023
"ΝΕΟΣ ΚΟΣΜΟΣ",11744,3,05/2023
"ΑΝΩ ΠΕΤΡΑΛΩΝΑ",11851,25,05/2023
ΘΗΣΕΙΟ,11851,1,05/2023
"ΚΑΤΩ ΠΕΤΡΑΛΩΝΑ",11853,6,05/2023
ΠΕΡΙΣΤΕΡΙ,12131,3,05/2023
ΠΕΡΙΣΤΕΡΙ,12132,3,05/2023
ΜΠΟΥΡΝΑΖΙ,12133,12,05/2023
ΠΕΡΙΣΤΕΡΙ,12134,4,05/2023
ΑΝΘΟΥΠΟΛΗ,12135,5,05/2023
ΠΕΡΙΣΤΕΡΙ,12135,1,05/2023
"ΑΣΠΡΑ ΧΩΜΑΤΑ",12136,3,05/2023
ΠΕΡΙΣΤΕΡΙ,12136,5,05/2023
"ΑΓ. ΙΕΡΟΘΕΟΣ",12137,2,05/2023
"ΑΣΠΡΑ ΧΩΜΑΤΑ",12137,3,05/2023
ΠΕΡΙΣΤΕΡΙ,12137,2,05/2023
"ΑΓ. ΣΑΒΒΑΣ",12241,1,05/2023
"ΑΡ. ΙΕΡΑΣ ΟΔΟΥ",12241,3,05/2023
"ΔΕΞ. ΙΕΡΑΣ ΟΔΟΥ",12242,4,05/2023
"ΑΝΩ ΛΙΟΥΜΗ",12243,1,05/2023
ΛΙΟΥΜΗ,12243,14,05/2023
ΝΤΑΜΑΡΑΚΙΑ,12244,1,05/2023
"ΑΓ. ΒΑΡΒΑΡΑ",12351,1,05/2023
"ΑΡ. ΕΛ. ΒΕΝΙΖΕΛΟΥ",12351,2,05/2023
"ΔΕΞ. ΕΛ. ΒΕΝΙΖΕΛΟΥ",12351,1,05/2023
ΔΑΣΟΣ,12462,1,05/2023
ΙΛΙΟΝ,13121,3,05/2023
ΠΑΛΑΤΙΑΝΗ,13121,2,05/2023
ΙΛΙΟΝ,13122,5,05/2023
ΠΑΛΑΤΙΑΝΗ,13122,1,05/2023
ΙΛΙΟΝ,13123,2,05/2023
ΜΙΧΕΛΗ,13123,4,05/2023
ΚΗΠΟΥΠΟΛΗ,13231,1,05/2023
ΠΕΤΡΟΥΠΟΛΗ,13231,6,05/2023
"ΑΓ. ΝΙΚΟΛΑΟΣ",13451,1,05/2023
ΓΕΡΟΒΟΥΝΟ,13451,3,05/2023
ΚΑΜΑΤΕΡΟ,13451,8,05/2023
"ΑΓ. ΑΝΑΡΓΥΡΟΙ",13561,3,05/2023
"ΑΓ. ΑΝΑΡΓΥΡΟΙ",13562,3,05/2023
ΑΝΑΚΑΣΑ,13562,1,05/2023
ΓΕΡΟΒΟΥΝΟ,13671,2,05/2023
ΛΥΚΟΤΡΥΠΑ,13671,1,05/2023
ΠΥΡΓΟΥΘΙ,13672,1,05/2023
"ΠΑΛ. ΜΕΝΙΔΙ",13674,3,05/2023
"ΑΓ. ΠΕΤΡΟΣ",13675,3,05/2023
ΜΕΣΟΝΥΧΙ,13675,2,05/2023
ΝΕΑΠΟΛΗ,13675,1,05/2023
ΘΡΑΚΟΜΑΚΕΔΟΝΕΣ,13676,5,05/2023
ΒΑΡΥΜΠΟΜΠΗ,13677,1,05/2023
ΛΑΘΕΑ,13678,2,05/2023
"ΜΕΓ. ΣΧΙΝΑ",13679,1,05/2023
ΜΠΟΣΚΙΖΑ,13679,1,05/2023
"ΝΕΟ ΗΡΑΚΛΕΙΟ",14121,3,05/2023
ΗΡΑΚΛΕΙΟ,14122,8,05/2023
"ΝΕΟ ΗΡΑΚΛΕΙΟ",14122,4,05/2023
"ΛΥΚΟΒΡΥΣΗ ΠΕΥΚΗ",14123,1,05/2023
"ΝΕΑ ΙΩΝΙΑ",14231,1,05/2023
ΠΕΥΚΑΚΙΑ,14231,1,05/2023
ΝΕΑΠΟΛΗ,14232,1,05/2023
ΝΕΑΠΟΛΗ,14233,7,05/2023
"ΝΕΑ ΙΩΝΙΑ",14234,2,05/2023
ΑΛΣΟΥΠΟΛΗ,14235,1,05/2023
ΚΑΛΟΓΡΕΖΑ,14235,2,05/2023
"ΝΕΑ ΦΙΛΑΔΕΛΦΕΙΑ",14341,2,05/2023
"ΝΕΑ ΜΑΔΥΤΟΣ",14342,7,05/2023
"ΝΕΑ ΧΑΛΚΗΔΟΝΑ",14343,2,05/2023
ΜΕΤΑΜΟΡΦΩΣΗ,14451,2,05/2023
ΚΗΦΙΣΙΑ,14561,1,05/2023
ΑΛΩΝΙΑ,14562,1,05/2023
ΚΟΚΚΙΝΑΡΑΣ,14562,1,05/2023
ΠΑΛΙΑΓΙΑΝΝΗ,14562,4,05/2023
ΑΔΑΜΕΣ,14564,4,05/2023
"ΝΕΑ ΚΗΦΙΣΙΑ",14564,4,05/2023
"ΣΥΝ ΠΕΛΟΠΟΝΝΗΣΙΩΝ",14564,1,05/2023
"ΑΓ. ΘΩΜΑΣ",15124,1,05/2023
ΠΟΛΥΔΡΟΣΟ,15125,1,05/2023
"ΣΥΝ ΚΑΡΠΑΘΙΩΝ",15125,1,05/2023
ΣΩΡΟΥ,15125,1,05/2023
ΜΑΡΟΥΣΙ,15126,1,05/2023
"ΝΕΑ ΛΕΣΒΟΣ",15126,2,05/2023
"ΣΤΟΥΝΤΙΟ ΑΛΦΑ",15126,1,05/2023
ΜΕΛΙΣΣΙΑ,15127,12,05/2023
ΧΑΛΑΝΔΡΙ,15231,2,05/2023
"ΚΑΤΩ ΧΑΛΑΝΔΡΙ",15232,1,05/2023
ΧΑΛΑΝΔΡΙ,15232,9,05/2023
ΧΑΛΑΝΔΡΙ,15233,8,05/2023
ΤΟΥΦΑ,15234,1,05/2023
ΧΑΛΑΝΔΡΙ,15234,1,05/2023
ΠΕΝΤΕΛΗ,15236,5,05/2023
ΦΙΛΟΘΕΗ,15237,2,05/2023
ΠΑΤΗΜΑ,15238,3,05/2023
"ΑΓ. ΠΑΡΑΣΚΕΥΗ",15341,1,05/2023
"ΝΕΑ ΖΩΗ",15341,1,05/2023
ΤΣΑΚΟΣ,15341,2,05/2023
"ΑΓ. ΠΑΡΑΣΚΕΥΗ",15342,2,05/2023
"ΑΓ. ΠΑΡΑΣΚΕΥΗ",15343,2,05/2023
ΚΟΝΤΟΠΕΥΚΟ,15343,11,05/2023
ΠΑΡΑΔΕΙΣΟΣ,15343,9,05/2023
ΠΕΥΚΑΚΙΑ,15343,4,05/2023
ΓΕΡΑΚΑΣ,15344,1,05/2023
ΠΑΛΛΗΝΗ,15351,1,05/2023
"ΓΛΥΚΑ ΝΕΡΑ",15354,6,05/2023
"ΝΕΟ ΨΥΧΙΚΟ",15451,6,05/2023
ΨΥΧΙΚΟ,15452,4,05/2023
ΧΟΛΑΡΓΟΣ,15562,1,05/2023
ΠΑΠΑΓΟΣ,15669,4,05/2023
ΖΩΓΡΑΦΟΥ,15771,17,05/2023
ΖΩΓΡΑΦΟΥ,15772,11,05/2023
"ΖΩΟΔΟΧΟΥ ΠΗΓΗΣ",16121,1,05/2023
ΚΑΙΣΑΡΙΑΝΗ,16121,1,05/2023
ΚΑΙΣΑΡΙΑΝΗ,16122,3,05/2023
ΑΝΑΛΗΨΗ,16231,8,05/2023
ΒΥΡΩΝΑΣ,16231,2,05/2023
ΒΥΡΩΝΑΣ,16232,1,05/2023
ΜΕΤΑΜΟΡΦΩΣΗ,16232,2,05/2023
ΚΑΡΕΑΣ,16233,2,05/2023
ΗΛΙΟΥΠΟΛΗ,16341,1,05/2023
ΑΣΤΥΝΟΜΙΚΑ,16342,6,05/2023
"ΑΓ. ΜΑΡΙΝΑ",16344,3,05/2023
ΗΛΙΟΥΠΟΛΗ,16344,5,05/2023
"ΑΓ. ΜΑΡΙΝΑ",16345,1,05/2023
ΗΛΙΟΥΠΟΛΗ,16345,1,05/2023
ΚΑΝΑΡΙΑ,16345,2,05/2023
ΗΛΙΟΥΠΟΛΗ,16346,5,05/2023
"ΣΥΝ. ΤΥΠΟΓΡΑΦΩΝ",16346,2,05/2023
ΑΡΓΥΡΟΥΠΟΛΗ,16451,1,05/2023
ΑΡΓΥΡΟΥΠΟΛΗ,16452,2,05/2023
ΓΛΥΦΑΔΑ,16561,1,05/2023
ΤΕΡΨΙΘΕΑ,16561,13,05/2023
ΓΛΥΦΑΔΑ,16562,1,05/2023
ΤΕΡΨΙΘΕΑ,16562,8,05/2023
ΒΟΥΛΙΑΓΜΕΝΗ,16671,2,05/2023
ΒΑΡΗ,16672,1,05/2023
ΒΑΡΚΙΖΑ,16672,8,05/2023
ΜΗΛΑΔΕΖΑ,16672,2,05/2023
ΒΟΥΛΑ,16673,4,05/2023
ΔΙΚΗΓΟΡΙΚΑ,16673,2,05/2023
ΚΑΛΥΜΝΙΩΝ,16673,3,05/2023
ΠΑΝΟΡΑΜΑ,16673,2,05/2023
ΓΛΥΦΑΔΑ,16674,8,05/2023
ΚΑΡΒΕΛΑΣ,16674,4,05/2023
ΓΛΥΦΑΔΑ,16675,15,05/2023
ΔΙΚΗΓΟΡΙΚΑ,16675,9,05/2023
ΕΛΛΗΝΙΚΟ,16777,2,05/2023
"ΚΑΤΩ ΕΛΛΗΝΙΚΟ",16777,1,05/2023
ΧΑΣΑΝΙ,16777,1,05/2023
"ΝΕΑ ΣΜΥΡΝΗ",17121,1,05/2023
"ΝΕΑ ΣΜΥΡΝΗ",17122,2,05/2023
"ΝΕΑ ΣΜΥΡΝΗ",17123,3,05/2023
"ΝΕΑ ΣΜΥΡΝΗ",17124,7,05/2023
ΔΑΦΝΗ,17234,4,05/2023
"ΑΓ. ΒΑΡΒΑΡΑ",17235,2,05/2023
"ΑΓ. ΔΗΜΗΤΡΙΟΣ",17236,2,05/2023
ΧΑΡΑΥΓΗ,17236,4,05/2023
ΔΑΦΝΗ,17237,1,05/2023
ΥΜΗΤΤΟΣ,17237,3,05/2023
"ΑΓ. ΔΗΜΗΤΡΙΟΣ",17341,1,05/2023
ΣΑΡΩΝΙΚΟΣ,17341,4,05/2023
"ΑΓ. ΔΗΜΗΤΡΙΟΣ",17342,15,05/2023
ΑΓΡΙΛΙΟΣ,17342,4,05/2023
"ΕΘΝΙΚΗΣ ΑΝΤΙΣΤΑΣΗΣ",17342,8,05/2023
"ΑΓ. ΔΗΜΗΤΡΙΟΣ",17343,2,05/2023
ΕΛΗΑ,17343,1,05/2023
ΑΛΙΜΟΣ,17455,1,05/2023
ΚΑΛΑΜΑΚΙ,17455,5,05/2023
"ΑΓ. ΠΑΝΤΕΛΕΗΜΩΝ",17456,1,05/2023
ΕΚΤΕΛΩΝΙΣΤΩΝ,17456,11,05/2023
ΕΦΟΡΙΑΚΩΝ,17456,1,05/2023
ΚΑΛΑΜΑΚΙ,17456,1,05/2023
ΚΥΘΗΡΙΩΝ,17456,1,05/2023
ΑΜΦΙΘΕΑ,17564,2,05/2023
"ΛΟΦΟΣ ΣΙΚΕΛΙΑΣ",17671,5,05/2023
ΠΑΝΤΕΙΟΣ,17671,3,05/2023
ΧΑΡΟΚΟΠΟΥ,17671,1,05/2023
ΚΑΛΛΙΘΕΑ,17672,1,05/2023
ΤΖΙΤΖΙΦΙΕΣ,17674,2,05/2023
ΚΟΡΥΔΑΛΛΟΣ,18120,2,05/2023
"Γ ΝΕΚΡΟΤΑΦΕΙΟ",18121,1,05/2023
ΚΟΡΥΔΑΛΛΟΣ,18122,1,05/2023
ΜΕΤΑΜΟΡΦΩΣΗ,18344,1,05/2023
ΜΟΣΧΑΤΟ,18344,5,05/2023
ΓΗΠΕΔΟ,18345,1,05/2023
ΜΟΣΧΑΤΟ,18345,1,05/2023
ΣΤΑΘΜΟΣ,18345,4,05/2023
"ΑΓ. ΝΙΚΟΛΑΟΣ",18450,4,05/2023
ΑΡΜΕΝΙΚΑ,18450,4,05/2023
ΓΕΦΥΡΑ,18450,1,05/2023
"ΟΣΙΑ ΞΕΝΗ",18450,2,05/2023
"Π. ΚΟΚΚΙΝΙΑ",18450,1,05/2023
ΓΗΠΕΔΟ,18451,1,05/2023
ΚΡΗΝΗ,18451,1,05/2023
ΝΕΑΠΟΛΗ,18451,2,05/2023
ΝΙΚΑΙΑ,18451,1,05/2023
"ΟΣΙΑ ΞΕΝΗ",18451,9,05/2023
ΧΑΛΚΗΔΟΝΑ,18451,2,05/2023
ΝΕΑΠΟΛΗ,18452,1,05/2023
"ΑΓ. ΓΕΩΡΓΙΟΣ",18453,1,05/2023
"ΑΓ. ΝΙΚΟΛΑΟΣ",18453,2,05/2023
"Π. ΚΟΚΚΙΝΙΑ",18454,3,05/2023
ΚΑΣΤΕΛΛΑ,18533,4,05/2023
ΚΡΗΤΙΚΑ,18534,1,05/2023
ΠΑΣΑΛΙΜΑΝΙ,18534,1,05/2023
ΚΕΝΤΡΟ,18536,3,05/2023
ΖΑΝΕΙΟ,18537,1,05/2023
ΧΑΤΖΗΚΥΡΙΑΚΕΙΟ,18538,1,05/2023
ΚΑΛΛΙΠΟΛΗ,18539,1,05/2023
ΠΕΙΡΑΙΚΗ,18539,1,05/2023
ΑΠΟΛΛΩΝ,18541,11,05/2023
"Π. ΚΟΚΚΙΝΙΑ",18542,1,05/2023
ΚΑΡΑΒΑΣ,18543,1,05/2023
ΛΕΥΚΑ,18543,3,05/2023
ΜΑΝΙΑΤΙΚΑ,18543,1,05/2023
"ΑΓ. ΔΙΟΝΥΣΙΟΣ",18545,7,05/2023
"ΑΓ. ΣΟΦΙΑ",18545,5,05/2023
"ΑΓ. ΣΟΦΙΑ",18546,2,05/2023
ΜΑΝΙΑΤΙΚΑ,18546,2,05/2023
ΤΑΜΠΟΥΡΙΑ,18546,1,05/2023
ΔΡΑΠΕΤΣΩΝΑ,18648,7,05/2023
ΛΙΠΑΣΜΑΤΑ,18648,1,05/2023
ΕΥΓΕΝΕΙΑ,18755,4,05/2023
"ΑΓ. ΓΕΩΡΓΙΟΣ",18756,3,05/2023
"ΑΓ. ΠΑΝΤΕΛΕΗΜΟΝΑΣ",18756,1,05/2023
"ΑΓ. ΜΗΝΑΣ",18757,1,05/2023
ΑΜΦΙΑΛΗ,18757,3,05/2023
"ΑΓ. ΜΗΝΑΣ",18758,1,05/2023
ΑΜΦΙΑΛΗ,18758,2,05/2023
ΠΑΠΑΔΟΠΟΥΛΟΥ,18863,1,05/2023
"ΠΡΟΦ. ΗΛΙΑΣ",18863,2,05/2023
ΤΕΡΜΑ,18863,1,05/2023
"ΑΓ. ΓΕΩΡΓΙΟΣ ΣΤΕΝΟΥ",18900,1,05/2023
"ΑΓ. ΜΗΝΑΣ",18900,1,05/2023
ΣΕΛΗΝΙΑ,18902,1,05/2023
"ΑΙΑΝΤΕΙΟ ΚΑΚΗ ΒΙΓΛΑ",18903,3,05/2023
ΠΕΡΑΝΙ,18903,1,05/2023
"ΜΑΡΑΘΩΝΑΣ ΑΝΑΤΟΛΙΚΗΣ ΑΤΤΙΚΗΣ",19007,1,05/2023
ΜΑΓΟΥΛΑ,19018,1,05/2023
ΒΛΥΧΑΔΑ,19100,1,05/2023
ΕΛΕΥΣΙΝΑ,19200,4,05/2023
ΑΣΠΡΟΠΥΡΓΟΣ,19300,5,05/2023
ΚΑΜΠΟΛΗ,19300,1,05/2023
ΨΑΡΙ,19300,1,05/2023
"ΑΓ. ΜΑΡΙΝΑ",19400,1,05/2023
"ΠΛΑΤΕΙΑ ΒΑΘΗΣ",10432,1,05/2024
ΜΕΤΑΞΟΥΡΓΕΙΟ,10435,1,05/2024
"ΑΓ. ΠΑΝΤΕΛΕΗΜΩΝ",10440,1,05/2024
"ΑΚΑΔ. ΠΛΑΤΩΝΟΣ",10441,6,05/2024
"ΑΚΑΔ. ΠΛΑΤΩΝΟΣ",10442,3,05/2024
ΣΕΠΟΛΙΑ,10443,1,05/2024
ΘΥΜΑΡΑΚΙΑ,10445,1,05/2024
ΘΥΜΑΡΑΚΙΑ,10446,1,05/2024
ΚΕΝΤΡΟ,10551,1,05/2024
ΚΕΝΤΡΟ,10552,1,05/2024
ΨΥΡΡΗ,10553,1,05/2024
ΨΥΡΡΗ,10554,1,05/2024
ΠΛΑΚΑ,10557,2,05/2024
ΚΕΝΤΡΟ,10559,3,05/2024
ΠΛΑΚΑ,10559,1,05/2024
ΚΕΝΤΡΟ,10560,1,05/2024
ΚΕΝΤΡΟ,10562,2,05/2024
ΚΕΝΤΡΟ,10677,1,05/2024
"ΑΓ. ΛΟΥΚΑΣ",11141,1,05/2024
ΚΥΠΡΙΑΔΟΥ,11141,3,05/2024
"ΑΓ. ΕΛΕΥΘΕΡΙΟΣ",11145,2,05/2024
"ΤΡΕΙΣ ΓΕΦΥΡΕΣ",11145,1,05/2024
ΓΑΛΑΤΣΙ,11147,2,05/2024
"ΚΑΤΩ ΠΑΤΗΣΙΑ",11254,1,05/2024
"ΠΛΑΤΕΙΑ ΚΟΛΙΑΤΣΟΥ",11255,1,05/2024
"ΠΛΑΤΕΙΑ ΑΜΕΡΙΚΗΣ",11257,9,05/2024
ΚΥΨΕΛΗ,11362,2,05/2024
ΚΥΨΕΛΗ,11363,1,05/2024
"ΝΕΑ ΚΥΨΕΛΗ",11363,2,05/2024
ΚΕΝΤΡΟ,11471,3,05/2024
ΝΕΑΠΟΛΗ,11471,1,05/2024
ΣΤΡΕΦΗ,11473,3,05/2024
ΓΚΥΖΗ,11476,4,05/2024
ΑΒΕΡΩΦ,11522,1,05/2024
ΕΛΛΗΝΟΡΩΣΩΝ,11525,1,05/2024
"ΕΡΥΘΡΟΣ ΣΤΑΥΡΟΣ",11526,1,05/2024
ΓΟΥΔΙ,11527,26,05/2024
ΙΛΙΣΙΑ,11528,12,05/2024
ΓΟΥΒΑ,11631,2,05/2024
ΓΟΥΒΑ,11632,1,05/2024
ΠΑΓΚΡΑΤΙ,11633,2,05/2024
ΠΑΓΚΡΑΤΙ,11634,2,05/2024
ΠΑΓΚΡΑΤΙ,11635,2,05/2024
ΚΟΥΚΑΚΙ,11741,1,05/2024
ΦΙΛΟΠΑΠΠΟΥ,11741,1,05/2024
ΚΥΝΟΣΑΡΓΟΥΣ,11743,1,05/2024
ΜΕΤΣ,11743,2,05/2024
"ΑΓ. ΓΕΩΡΓΙΟΣ",11744,1,05/2024
"ΑΓ. ΣΩΣΤΗΣ",11745,1,05/2024
"ΑΝΩ ΠΕΤΡΑΛΩΝΑ",11852,2,05/2024
"ΚΑΤΩ ΠΕΤΡΑΛΩΝΑ",11853,8,05/2024
"ΚΑΤΩ ΠΕΤΡΑΛΩΝΑ",11854,1,05/2024
ΒΟΤΑΝΙΚΟΣ,11855,1,05/2024
ΠΕΡΙΣΤΕΡΙ,12131,5,05/2024
"Ν. ΚΟΛΟΚΥΝΘΟΥ",12132,1,05/2024
ΠΕΡΙΣΤΕΡΙ,12132,10,05/2024
ΜΠΟΥΡΝΑΖΙ,12133,1,05/2024
ΠΕΡΙΣΤΕΡΙ,12134,4,05/2024
ΑΝΘΟΥΠΟΛΗ,12135,2,05/2024
"ΑΣΠΡΑ ΧΩΜΑΤΑ",12135,3,05/2024
ΠΕΡΙΣΤΕΡΙ,12135,2,05/2024
ΠΕΡΙΣΤΕΡΙ,12136,5,05/2024
"ΑΓ. ΙΕΡΟΘΕΟΣ",12137,1,05/2024
"ΑΣΠΡΑ ΧΩΜΑΤΑ",12137,3,05/2024
"ΑΓ. ΣΑΒΒΑΣ",12241,1,05/2024
"ΑΡ. ΙΕΡΑΣ ΟΔΟΥ",12241,2,05/2024
"ΔΕΞ. ΙΕΡΑΣ ΟΔΟΥ",12242,1,05/2024
ΑΝΑΓΕΝΝΗΣΗ,12243,6,05/2024
ΛΙΟΥΜΗ,12243,2,05/2024
ΙΕΡΑΠΟΛΗ,12244,5,05/2024
"ΑΡ. ΕΛ. ΒΕΝΙΖΕΛΟΥ",12351,1,05/2024
"ΔΕΞ. ΕΛ. ΒΕΝΙΖΕΛΟΥ",12351,2,05/2024
"ΑΓ. ΓΡΗΓΟΡΟΥΣΑ",12461,1,05/2024
ΧΑΙΔΑΡΙ,12461,1,05/2024
ΔΑΣΟΣ,12462,1,05/2024
ΙΛΙΟΝ,13121,14,05/2024
ΠΑΛΑΤΙΑΝΗ,13121,2,05/2024
ΡΑΔΙΟΦΩΝΙΑ,13122,1,05/2024
ΙΛΙΟΝ,13123,2,05/2024
ΚΗΠΟΥΠΟΛΗ,13231,4,05/2024
ΠΕΤΡΟΥΠΟΛΗ,13231,11,05/2024
ΜΙΧΕΛΗ,13232,1,05/2024
ΠΕΤΡΟΥΠΟΛΗ,13232,6,05/2024
"ΑΓ. ΝΙΚΟΛΑΟΣ",13451,4,05/2024
ΚΑΜΑΤΕΡΟ,13451,4,05/2024
ΡΑΔΙΟΦΩΝΙΑ,13451,1,05/2024
ΖΕΦΥΡΙ,13461,1,05/2024
"ΑΓ. ΑΝΑΡΓΥΡΟΙ",13561,3,05/2024
"ΑΓ. ΑΝΑΡΓΥΡΟΙ",13562,1,05/2024
ΑΝΑΚΑΣΑ,13562,1,05/2024
ΓΕΡΟΒΟΥΝΟ,13671,2,05/2024
ΛΥΚΟΤΡΥΠΑ,13671,2,05/2024
ΑΥΛΙΖΑ,13672,1,05/2024
ΜΠΟΣΚΙΖΑ,13672,1,05/2024
ΑΥΛΙΖΑ,13674,1,05/2024
"ΠΑΛ. ΜΕΝΙΔΙ",13674,1,05/2024
"ΑΓ. ΠΕΤΡΟΣ",13675,3,05/2024
ΝΕΑΠΟΛΗ,13675,2,05/2024
ΘΡΑΚΟΜΑΚΕΔΟΝΕΣ,13676,4,05/2024
ΒΑΡΥΜΠΟΜΠΗ,13677,1,05/2024
"ΟΛΥΜΠΙΑΚΟ ΧΩΡΙΟ",13677,1,05/2024
"ΜΕΓ. ΣΧΙΝΑ",13679,4,05/2024
ΗΡΑΚΛΕΙΟ,14121,4,05/2024
ΗΡΑΚΛΕΙΟ,14122,6,05/2024
"ΝΕΟ ΗΡΑΚΛΕΙΟ",14122,1,05/2024
ΛΥΚΟΒΡΥΣΗ,14123,1,05/2024
"ΝΕΑ ΙΩΝΙΑ",14231,6,05/2024
ΠΕΡΙΣΣΟΣ,14232,5,05/2024
ΣΑΦΡΑΜΠΟΛΙΣ,14233,1,05/2024
ΚΑΛΟΓΡΕΖΑ,14235,1,05/2024
"ΝΕΑ ΦΙΛΑΔΕΛΦΕΙΑ",14341,4,05/2024
"ΝΕΑ ΜΑΔΥΤΟΣ",14342,4,05/2024
"ΝΕΑ ΧΑΛΚΗΔΟΝΑ",14343,1,05/2024
ΜΕΤΑΜΟΡΦΩΣΗ,14451,1,05/2024
ΜΕΤΑΜΟΡΦΩΣΗ,14452,5,05/2024
"ΑΓ. ΚΥΡΙΑΚΗ",14561,1,05/2024
ΑΛΩΝΙΑ,14562,1,05/2024
ΚΕΦΑΛΑΡΙ,14562,2,05/2024
ΑΔΑΜΕΣ,14564,1,05/2024
ΚΗΦΙΣΙΑ,14564,1,05/2024
"ΝΕΑ ΚΗΦΙΣΙΑ",14564,4,05/2024
"ΗΛΙΑΚΟ ΧΩΡΙΟ",15121,1,05/2024
ΠΕΥΚΗ,15121,3,05/2024
ΜΑΡΟΥΣΙ,15122,1,05/2024
"ΑΓ. ΘΩΜΑΣ",15124,1,05/2024
ΜΑΡΟΥΣΙ,15124,2,05/2024
ΠΑΡΑΔΕΙΣΟΣ,15125,2,05/2024
ΜΑΡΟΥΣΙ,15126,1,05/2024
"ΝΕΑ ΛΕΣΒΟΣ",15126,2,05/2024
ΜΕΛΙΣΣΙΑ,15127,7,05/2024
"ΚΑΤΩ ΧΑΛΑΝΔΡΙ",15231,1,05/2024
ΧΑΛΑΝΔΡΙ,15231,5,05/2024
ΧΑΛΑΝΔΡΙ,15232,4,05/2024
ΠΟΛΥΔΡΟΣΟ,15233,1,05/2024
ΧΑΛΑΝΔΡΙ,15233,7,05/2024
ΧΑΛΑΝΔΡΙ,15234,1,05/2024
ΠΕΝΤΕΛΗ,15236,1,05/2024
ΠΑΤΗΜΑ,15238,7,05/2024
"ΑΓ. ΠΑΡΑΣΚΕΥΗ",15341,6,05/2024
"ΑΓ. ΠΑΡΑΣΚΕΥΗ",15342,23,05/2024
"ΑΓ. ΠΑΡΑΣΚΕΥΗ",15343,1,05/2024
ΠΑΡΑΔΕΙΣΟΣ,15343,4,05/2024
ΠΕΥΚΑΚΙΑ,15343,6,05/2024
ΚΑΝΤΖΑ,15351,1,05/2024
ΠΑΛΛΗΝΗ,15351,12,05/2024
"ΓΛΥΚΑ ΝΕΡΑ",15354,1,05/2024
"ΝΕΟ ΨΥΧΙΚΟ",15451,1,05/2024
ΧΟΛΑΡΓΟΣ,15561,7,05/2024
ΧΟΛΑΡΓΟΣ,15562,1,05/2024
ΖΩΓΡΑΦΟΥ,15771,2,05/2024
ΖΩΓΡΑΦΟΥ,15773,1,05/2024
ΚΑΙΣΑΡΙΑΝΗ,16122,1,05/2024
ΑΝΑΛΗΨΗ,16231,1,05/2024
"ΖΩΟΔΟΧΟΥ ΠΗΓΗΣ",16231,1,05/2024
ΜΕΤΑΜΟΡΦΩΣΗ,16231,1,05/2024
ΒΥΡΩΝΑΣ,16232,7,05/2024
"ΖΩΟΔΟΧΟΥ ΠΗΓΗΣ",16233,3,05/2024
ΚΑΡΕΑΣ,16233,4,05/2024
ΗΛΙΟΥΠΟΛΗ,16341,9,05/2024
"ΑΓ. ΜΑΡΙΝΑ",16344,2,05/2024
"ΑΓ. ΚΩΝΣΤΑΝΤΙΝΟΣ",16346,1,05/2024
"ΣΥΝ. ΤΥΠΟΓΡΑΦΩΝ",16346,1,05/2024
ΑΡΓΥΡΟΥΠΟΛΗ,16451,4,05/2024
ΑΡΓΥΡΟΥΠΟΛΗ,16452,1,05/2024
ΓΛΥΦΑΔΑ,16561,1,05/2024
ΚΑΡΒΕΛΑΣ,16561,1,05/2024
ΚΑΦΕΠΩΛΕΣ,16561,1,05/2024
ΤΕΡΨΙΘΕΑ,16561,1,05/2024
ΤΕΡΨΙΘΕΑ,16562,31,05/2024
ΑΣΥΡΜΑΤΟΣ,16672,1,05/2024
ΒΑΡΗ,16672,1,05/2024
ΒΑΡΚΙΖΑ,16672,4,05/2024
"ΚΟΡΜΠΙ ΦΑΡΟΥ",16672,1,05/2024
ΜΗΛΑΔΕΖΑ,16672,1,05/2024
ΒΟΥΛΑ,16673,12,05/2024
ΚΑΛΥΜΝΙΩΝ,16673,1,05/2024
ΠΑΝΟΡΑΜΑ,16673,2,05/2024
ΠΗΓΑΔΑΚΙΑ,16673,1,05/2024
ΓΛΥΦΑΔΑ,16674,1,05/2024
ΚΑΡΒΕΛΑΣ,16674,5,05/2024
ΒΟΣΠΟΡΟΣ,16675,4,05/2024
ΓΛΥΦΑΔΑ,16675,13,05/2024
"ΚΑΤΩ ΕΛΛΗΝΙΚΟ",16777,3,05/2024
ΣΟΥΡΜΕΝΑ,16777,1,05/2024
"ΝΕΑ ΣΜΥΡΝΗ",17121,1,05/2024
"ΝΕΑ ΣΜΥΡΝΗ",17122,1,05/2024
"ΝΕΑ ΣΜΥΡΝΗ",17123,1,05/2024
"ΝΕΑ ΣΜΥΡΝΗ",17124,13,05/2024
ΔΑΦΝΗ,17234,1,05/2024
ΔΑΦΝΗ,17235,1,05/2024
ΧΑΡΑΥΓΗ,17236,3,05/2024
ΥΜΗΤΤΟΣ,17237,2,05/2024
ΧΑΡΑΥΓΗ,17237,1,05/2024
"ΑΓ. ΔΗΜΗΤΡΙΟΣ",17341,5,05/2024
ΑΣΥΡΜΑΤΟΣ,17341,1,05/2024
ΣΑΡΩΝΙΚΟΣ,17341,1,05/2024
ΑΝΟΙΞΗ,17342,11,05/2024
"ΕΘΝΙΚΗΣ ΑΝΤΙΣΤΑΣΗΣ",17342,1,05/2024
"ΑΓ. ΔΗΜΗΤΡΙΟΣ",17343,3,05/2024
ΚΑΛΑΜΑΚΙ,17455,15,05/2024
ΕΚΤΕΛΩΝΙΣΤΩΝ,17456,1,05/2024
ΚΑΛΑΜΑΚΙ,17456,1,05/2024
ΚΥΘΗΡΙΩΝ,17456,1,05/2024
"ΠΑΛΑΙΟ ΦΑΛΗΡΟ",17561,1,05/2024
"ΠΑΛΑΙΟ ΦΑΛΗΡΟ",17562,5,05/2024
ΑΜΦΙΘΕΑ,17563,7,05/2024
ΑΜΦΙΘΕΑ,17564,13,05/2024
ΚΑΛΛΙΘΕΑ,17671,7,05/2024
"ΛΟΦΟΣ ΣΙΚΕΛΙΑΣ",17671,1,05/2024
ΚΑΛΛΙΘΕΑ,17673,5,05/2024
ΤΖΙΤΖΙΦΙΕΣ,17674,11,05/2024
ΤΑΥΡΟΣ,17778,4,05/2024
ΚΟΡΥΔΑΛΛΟΣ,18120,9,05/2024
ΠΕΡΙΒΟΛΑΚΙ,18120,1,05/2024
ΤΑΞΙΑΡΧΕΣ,18121,3,05/2024
"ΑΝΩ ΚΟΡΥΔΑΛΛΟΣ",18122,1,05/2024
"ΑΣΠΡΑ ΧΩΜΑΤΑ",18233,1,05/2024
ΜΕΤΑΜΟΡΦΩΣΗ,18344,1,05/2024
ΠΑΡΑΛΙΑ,18344,24,05/2024
"ΑΓ. ΝΙΚΟΛΑΟΣ",18450,1,05/2024
ΝΙΚΑΙΑ,18450,1,05/2024
ΧΑΛΚΗΔΟΝΑ,18451,1,05/2024
ΝΕΑΠΟΛΗ,18452,3,05/2024
ΠΕΡΙΒΟΛΑΚΙ,18453,1,05/2024
"Γ ΝΕΚΡΟΤΑΦΕΙΟ",18454,1,05/2024
ΔΗΜΟΤΙΚΟ,18531,19,05/2024
ΚΕΝΤΡΟ,18531,1,05/2024
"ΠΛΑΤΕΙΑ ΙΠΠΟΔΑΜΕΙΑΣ",18531,2,05/2024
"ΛΑΚΚΑ ΒΑΒΟΥΛΑ",18532,9,05/2024
"ΠΡΟΦ. ΗΛΙΑΣ",18533,2,05/2024
ΤΟΥΡΚΟΛΙΜΑΝΟ,18533,2,05/2024
ΠΑΣΑΛΙΜΑΝΙ,18534,1,05/2024
ΚΕΝΤΡΟ,18535,2,05/2024
ΚΕΝΤΡΟ,18536,3,05/2024
"ΑΓ. ΒΑΣΙΛΕΙΟΣ",18537,1,05/2024
ΚΑΛΛΙΠΟΛΗ,18537,3,05/2024
ΚΑΜΙΝΙΑ,18541,1,05/2024
"ΑΓ. ΣΟΦΙΑ",18543,1,05/2024
"ΑΓ. ΣΟΦΙΑ",18545,1,05/2024
"ΑΓ. ΣΟΦΙΑ",18546,1,05/2024
ΜΑΝΙΑΤΙΚΑ,18546,7,05/2024
ΔΡΑΠΕΤΣΩΝΑ,18648,2,05/2024
ΚΟΠΗ,18648,1,05/2024
"ΑΓ. ΠΑΝΤΕΛΕΗΜΟΝΑΣ",18756,1,05/2024
"ΑΓ. ΜΗΝΑΣ",18757,1,05/2024
ΑΜΦΙΑΛΗ,18757,1,05/2024
"ΑΓ. ΜΗΝΑΣ",18758,2,05/2024
ΜΠΛΑΖΑΚΗ,18863,1,05/2024
ΠΕΡΑΜΑ,18863,1,05/2024
ΞΕΝΟ,18900,1,05/2024
ΡΕΣΤΗ,18900,1,05/2024
ΠΑΛΟΥΚΙΑ,18901,1,05/2024
"ΑΙΑΝΤΕΙΟ ΖΑΡΜΠΑΛΑ",18903,1,05/2024
"ΝΕΑ ΠΕΡΑΜΟΣ",19006,1,05/2024
"ΜΑΡΑΘΩΝΑΣ ΑΝΑΤΟΛΙΚΗΣ ΑΤΤΙΚΗΣ",19007,1,05/2024
ΜΑΓΟΥΛΑ,19018,5,05/2024
"ΓΕΡΜΑΝΙΚΟΣ ΔΡΟΜΟΣ ΒΟΡΕΙΟ",19100,3,05/2024
"ΓΗΠΕΔΟ-ΝΕΟ ΜΕΛΙ",19100,1,05/2024
"ΜΕΓΑΡΑ ΔΥΤΙΚΗΣ ΑΤΤΙΚΗΣ",19100,8,05/2024
ΕΛΕΥΣΙΝΑ,19200,6,05/2024
ΑΣΠΡΟΠΥΡΓΟΣ,19300,3,05/2024
ΝΕΟΚΤΙΣΤΑ,19300,1,05/2024
ΑΒΕΡΩΦ,11522,2,05/2025
"ΑΓ. ΑΝΑΡΓΥΡΟΙ",13561,3,05/2025
"ΑΓ. ΑΝΑΡΓΥΡΟΙ",13562,1,05/2025
"ΑΓ. ΑΝΝΑ",13671,1,05/2025
"ΑΓ. ΒΑΡΒΑΡΑ",18120,1,05/2025
"ΑΓ. ΓΕΩΡΓΙΟΣ",11744,9,05/2025
"ΑΓ. ΓΕΩΡΓΙΟΣ",18120,2,05/2025
"ΑΓ. ΓΕΩΡΓΙΟΣ ΣΤΕΝΟΥ",18900,2,05/2025
"ΑΓ. ΓΡΗΓΟΡΟΥΣΑ",12461,1,05/2025
"ΑΓ. ΔΗΜΗΤΡΙΟΣ",17343,1,05/2025
"ΑΓ. ΕΛΕΟΥΣΑ",17675,1,05/2025
"ΑΓ. ΖΩΝΗ ΚΑΚΗ ΒΙΓΛΑ",18903,2,05/2025
"ΑΓ. ΘΩΜΑΣ",15123,1,05/2025
"ΑΓ. Ι. ΡΕΝΤΗΣ",18233,3,05/2025
"ΑΓ. ΙΕΡΟΘΕΟΣ",12137,3,05/2025
"ΑΓ. ΙΩΑΝΝΗΣ ΡΩΣΟΣ",13675,1,05/2025
"ΑΓ. ΚΩΝΣΤΑΝΤΙΝΟΣ",16346,3,05/2025
"ΑΓ. ΛΟΥΚΑΣ",11144,1,05/2025
"ΑΓ. ΜΑΡΙΝΑ",16343,2,05/2025
"ΑΓ. ΜΑΡΙΝΑ",16344,1,05/2025
"ΑΓ. ΜΑΡΙΝΑ",16345,1,05/2025
"ΑΓ. ΜΕΛΕΤΙΟΥ",10446,1,05/2025
"ΑΓ. ΜΗΝΑΣ",18758,1,05/2025
"ΑΓ. ΝΕΙΛΟΣ",18538,1,05/2025
"ΑΓ. ΝΙΚΟΛΑΟΣ",13451,1,05/2025
"ΑΓ. ΝΙΚΟΛΑΟΣ",16674,1,05/2025
"ΑΓ. ΝΙΚΟΛΑΟΣ",18450,4,05/2025
"ΑΓ. ΝΙΚΟΛΑΟΣ",18453,1,05/2025
"ΑΓ. ΝΙΚΟΛΑΟΣ",18454,1,05/2025
"ΑΓ. ΝΙΚΟΛΑΟΣ",18863,2,05/2025
"ΑΓ. ΠΑΝΤΕΛΕΗΜΩΝ",17456,1,05/2025
"ΑΓ. ΠΑΡΑΣΚΕΥΗ",15341,2,05/2025
"ΑΓ. ΠΑΡΑΣΚΕΥΗ",15342,1,05/2025
"ΑΓ. ΠΕΤΡΟΣ",13675,1,05/2025
"ΑΓ. ΤΡΙΑΔΑ",19100,1,05/2025
"ΑΚΑΔ. ΠΛΑΤΩΝΟΣ",10441,1,05/2025
ΑΛΣΟΥΠΟΛΗ,14235,1,05/2025
ΑΛΩΝΙΑ,14562,1,05/2025
ΑΜΠΕΛΑΚΙΑ,17455,1,05/2025
"ΑΜΠΕΛΑΚΙΑ ΝΕΑ ΠΟΛΙΤΕΙΑ",18902,1,05/2025
ΑΜΦΙΘΕΑ,17563,13,05/2025
ΑΜΦΙΘΕΑ,17564,23,05/2025
ΑΝΑΓΕΝΝΗΣΗ,12243,2,05/2025
ΑΝΑΚΑΣΑ,13562,1,05/2025
ΑΝΑΛΗΨΗ,16231,2,05/2025
ΑΝΑΣΤΑΣΗ,18755,1,05/2025
ΑΝΘΟΥΠΟΛΗ,12135,3,05/2025
ΑΝΘΟΥΠΟΛΗ,12137,1,05/2025
"ΑΝΩ ΚΟΡΥΔΑΛΛΟΣ",18122,2,05/2025
"ΑΝΩ ΛΙΟΥΜΗ",12243,8,05/2025
"ΑΝΩ ΠΑΤΗΣΙΑ",11143,1,05/2025
"ΑΝΩ ΠΕΤΡΑΛΩΝΑ",11851,1,05/2025
"ΑΝΩ ΠΕΤΡΑΛΩΝΑ",11852,2,05/2025
ΑΠΟΛΛΩΝ,18233,1,05/2025
"ΑΡ. ΕΛ. ΒΕΝΙΖΕΛΟΥ",12351,2,05/2025
"ΑΡ. ΙΕΡΑΣ ΟΔΟΥ",12241,2,05/2025
ΑΡΓΥΡΟΥΠΟΛΗ,16451,4,05/2025
ΑΡΜΕΝΙΚΑ,18454,1,05/2025
"ΑΣΠΡΑ ΧΩΜΑΤΑ",12137,5,05/2025
"ΑΣΠΡΑ ΧΩΜΑΤΑ",18454,1,05/2025
ΑΣΠΡΟΠΥΡΓΟΣ,19300,15,05/2025
ΑΣΤΥΝΟΜΙΚΑ,16342,3,05/2025
ΒΟΥΛΑ,16673,26,05/2025
ΒΟΥΛΙΑΓΜΕΝΗ,16671,3,05/2025
"Γ ΝΕΚΡΟΤΑΦΕΙΟ",18454,2,05/2025
ΓΑΛΑΤΣΙ,11146,4,05/2025
ΓΑΛΑΤΣΙ,11147,3,05/2025
ΓΕΡΜΑΝΙΚΑ,19300,2,05/2025
"ΓΕΡΜΑΝΙΚΟΣ ΔΡΟΜΟΣ ΒΟΡΕΙΟ",19100,3,05/2025
ΓΕΡΟΒΟΥΝΟ,13451,1,05/2025
"ΓΗΠΕΔΟ-ΝΕΟ ΜΕΛΙ",19100,2,05/2025
ΓΗΡΟΚΟΜΕΙΟ,11524,2,05/2025
ΓΚΥΖΗ,11474,1,05/2025
ΓΚΥΖΗ,11476,1,05/2025
"ΓΛΥΚΑ ΝΕΡΑ",15354,1,05/2025
ΓΛΥΦΑΔΑ,16561,10,05/2025
ΓΛΥΦΑΔΑ,16674,8,05/2025
ΓΛΥΦΑΔΑ,16675,2,05/2025
ΓΟΥΒΑ,11636,1,05/2025
ΓΟΥΔΙ,11527,10,05/2025
ΔΑΣΟΣ,12462,9,05/2025
ΔΑΦΝΗ,17234,2,05/2025
ΔΑΦΝΗ,17235,1,05/2025
ΔΑΦΝΗ,17237,1,05/2025
"ΔΕΞ. ΕΛ. ΒΕΝΙΖΕΛΟΥ",12351,2,05/2025
"ΔΕΞ. ΙΕΡΑΣ ΟΔΟΥ",12242,1,05/2025
ΔΗΜΗΤΡΑΝΙ,18903,1,05/2025
ΔΙΚΗΓΟΡΙΚΑ,16673,3,05/2025
"ΕΘΝΙΚΗΣ ΑΝΤΙΣΤΑΣΗΣ",17342,1,05/2025
ΕΚΤΕΛΩΝΙΣΤΩΝ,17456,12,05/2025
ΕΛΕΥΣΙΝΑ,19200,10,05/2025
ΕΛΛΗΝΙΚΟ,16777,13,05/2025
ΕΛΛΗΝΟΡΩΣΩΝ,11525,22,05/2025
ΕΞΑΡΧΕΙΑ,10681,6,05/2025
ΕΥΑΓΓΕΛΙΣΤΡΙΑ,18533,1,05/2025
ΕΦΟΡΙΑΚΩΝ,17456,5,05/2025
ΖΑΝΕΙΟ,18537,3,05/2025
ΖΕΦΥΡΙ,13461,2,05/2025
ΖΩΓΡΑΦΟΥ,15771,5,05/2025
ΖΩΓΡΑΦΟΥ,15772,2,05/2025
"ΖΩΟΔΟΧΟΥ ΠΗΓΗΣ",16121,15,05/2025
"ΖΩΟΔΟΧΟΥ ΠΗΓΗΣ",16233,1,05/2025
ΗΛΙΟΥΠΟΛΗ,16341,1,05/2025
ΗΛΙΟΥΠΟΛΗ,16344,1,05/2025
ΗΛΙΟΥΠΟΛΗ,16345,9,05/2025
ΗΡΑΚΛΕΙΟ,14121,2,05/2025
ΗΡΑΚΛΕΙΟ,14122,2,05/2025
"ΘΕΣΗ ΒΛΑΒΙΑΝΟΥ",19300,2,05/2025
ΘΡΑΚΟΜΑΚΕΔΟΝΕΣ,13676,2,05/2025
ΙΕΡΑΠΟΛΗ,12244,1,05/2025
ΙΛΙΟΝ,13121,5,05/2025
ΙΛΙΟΝ,13122,11,05/2025
ΙΛΙΟΝ,13123,2,05/2025
ΚΑΙΣΑΡΙΑΝΗ,16121,1,05/2025
ΚΑΙΣΑΡΙΑΝΗ,16122,2,05/2025
ΚΑΛΑΜΑΚΙ,18532,1,05/2025
ΚΑΛΛΙΘΕΑ,17672,14,05/2025
ΚΑΛΛΙΘΕΑ,17673,7,05/2025
ΚΑΛΛΙΘΕΑ,17675,1,05/2025
ΚΑΛΥΜΝΙΩΝ,16673,7,05/2025
ΚΑΜΑΤΕΡΟ,13451,2,05/2025
ΚΑΝΤΖΑ,15351,6,05/2025
ΚΑΝΤΗΛΙ,19100,2,05/2025
ΚΑΣΤΕΛΛΑ,18533,1,05/2025
"ΚΑΤΩ ΠΑΤΗΣΙΑ",10445,1,05/2025
"ΚΑΤΩ ΠΕΤΡΑΛΩΝΑ",11853,1,05/2025
"ΚΑΤΩ ΠΕΤΡΑΛΩΝΑ",11854,2,05/2025
ΚΕΝΤΡΟ,10431,1,05/2025
ΚΕΝΤΡΟ,10437,1,05/2025
ΚΕΝΤΡΟ,10551,1,05/2025
ΚΕΝΤΡΟ,10560,3,05/2025
ΚΕΝΤΡΟ,10563,1,05/2025
ΚΕΝΤΡΟ,10678,9,05/2025
ΚΕΝΤΡΟ,11471,2,05/2025
ΚΕΝΤΡΟ,18535,1,05/2025
ΚΗΠΟΥΠΟΛΗ,13231,7,05/2025
ΚΗΦΙΣΙΑ,14561,1,05/2025
ΚΗΦΙΣΣΟΣ,18346,9,05/2025
"ΚΟΚ. ΜΥΛΟΣ",14342,6,05/2025
ΚΟΚΚΙΝΟΒΡΑΧΟΣ,18757,1,05/2025
ΚΟΛΩΝΑΚΙ,10675,1,05/2025
ΚΟΛΩΝΟΣ,10443,11,05/2025
ΚΟΛΩΝΟΣ,10444,1,05/2025
ΚΟΝΤΟΠΕΥΚΟ,15343,1,05/2025
ΚΟΡΥΔΑΛΛΟΣ,18121,3,05/2025
ΚΡΗΝΗ,18453,1,05/2025
ΚΥΘΗΡΙΩΝ,17456,2,05/2025
ΚΥΠΡΙΑΔΟΥ,11141,6,05/2025
ΚΥΨΕΛΗ,11361,5,05/2025
ΚΥΨΕΛΗ,11363,1,05/2025
ΚΥΨΕΛΗ,11364,1,05/2025
ΛΑΘΕΑ,13678,2,05/2025
"ΛΑΚΚΑ ΒΑΒΟΥΛΑ",18532,4,05/2025
ΛΙΟΥΜΗ,12243,16,05/2025
ΛΙΠΑΣΜΑΤΑ,18648,1,05/2025
ΛΥΚΟΒΡΥΣΗ,14123,4,05/2025
ΛΥΚΟΤΡΥΠΑ,13671,1,05/2025
ΜΑΓΟΥΛΑ,19018,2,05/2025
"ΜΑΚΡΥ ΛΙΘΑΡΙ",19300,1,05/2025
ΜΑΝΙΑΤΙΚΑ,18450,1,05/2025
ΜΑΝΙΑΤΙΚΑ,18545,1,05/2025
ΜΑΡΟΥΣΙ,15122,4,05/2025
ΜΑΡΟΥΣΙ,15124,4,05/2025
"ΜΕΓ. ΣΧΙΝΑ",13674,1,05/2025
"ΜΕΓ. ΣΧΙΝΑ",13679,1,05/2025
"ΜΕΓΑΡΑ ΔΥΤΙΚΗΣ ΑΤΤΙΚΗΣ",19100,5,05/2025
ΜΕΛΙΣΣΙΑ,15127,12,05/2025
ΜΕΣΟΝΥΧΙ,13675,1,05/2025
ΜΕΤΑΜΟΡΦΩΣΗ,14451,4,05/2025
ΜΕΤΑΜΟΡΦΩΣΗ,14452,2,05/2025
ΜΕΤΑΜΟΡΦΩΣΗ,16232,6,05/2025
ΜΕΤΑΜΟΡΦΩΣΗ,18344,4,05/2025
ΜΕΤΣ,11636,3,05/2025
ΜΙΧΕΛΗ,13123,1,05/2025
ΜΟΣΧΑΤΟ,18344,1,05/2025
ΜΟΣΧΑΤΟ,18345,6,05/2025
ΜΟΥΣΕΙΟ,10682,4,05/2025
ΜΠΟΣΚΙΖΑ,13679,2,05/2025
ΜΠΟΥΡΝΑΖΙ,12133,2,05/2025
"Ν. ΚΟΛΟΚΥΝΘΟΥ",12132,1,05/2025
"Ν. ΟΛΥΜΠΙΑ",13451,1,05/2025
"ΝΕΑ ΖΩΗ",15341,1,05/2025
"ΝΕΑ ΙΩΝΙΑ",14231,1,05/2025
"ΝΕΑ ΙΩΝΙΑ",14234,2,05/2025
"ΝΕΑ ΚΗΦΙΣΙΑ",14564,5,05/2025
"ΝΕΑ ΛΕΣΒΟΣ",15126,1,05/2025
"ΝΕΑ ΠΕΝΤΕΛΗ",15239,1,05/2025
"ΝΕΑ ΠΕΡΑΜΟΣ",19006,1,05/2025
"ΝΕΑ ΣΜΥΡΝΗ",17122,4,05/2025
"ΝΕΑ ΧΑΛΚΗΔΟΝΑ",14343,4,05/2025
ΝΕΑΠΟΛΗ,11471,3,05/2025
ΝΕΑΠΟΛΗ,11472,1,05/2025
ΝΕΑΠΟΛΗ,13672,1,05/2025
ΝΕΑΠΟΛΗ,13674,1,05/2025
ΝΕΑΠΟΛΗ,13675,1,05/2025
ΝΕΑΠΟΛΗ,14233,7,05/2025
ΝΕΑΠΟΛΗ,18452,14,05/2025
"ΝΕΟ ΨΥΧΙΚΟ",15451,3,05/2025
ΝΙΚΑΙΑ,18450,1,05/2025
ΝΙΚΑΙΑ,18452,1,05/2025
"ΟΣΙΑ ΞΕΝΗ",18451,2,05/2025
"ΟΣΙΑ ΞΕΝΗ",18453,4,05/2025
"Π. ΗΡΑΚΛΕΙΟ",14122,5,05/2025
"Π. ΚΟΚΚΙΝΙΑ",18454,4,05/2025
ΠΑΓΚΡΑΤΙ,11634,1,05/2025
ΠΑΓΚΡΑΤΙ,11635,1,05/2025
"ΠΑΛ. ΜΕΝΙΔΙ",13674,1,05/2025
"ΠΑΛΑΙΟ ΦΑΛΗΡΟ",17562,4,05/2025
"ΠΑΛΑΙΟ ΦΑΛΗΡΟ",17563,1,05/2025
ΠΑΛΑΤΙΑΝΗ,13121,2,05/2025
ΠΑΛΑΤΙΑΝΗ,13122,1,05/2025
ΠΑΛΛΗΝΗ,15351,4,05/2025
ΠΑΛΟΥΚΙΑ,18901,5,05/2025
ΠΑΠΑΓΟΣ,15669,9,05/2025
ΠΑΡΑΔΕΙΣΟΣ,15125,8,05/2025
ΠΑΡΑΔΕΙΣΟΣ,15343,2,05/2025
ΠΑΣΑΛΙΜΑΝΙ,18534,1,05/2025
ΠΑΤΗΜΑ,15238,3,05/2025
ΠΕΙΡΑΙΚΗ,18537,2,05/2025
ΠΕΡΑΜΑ,18863,1,05/2025
ΠΕΡΙΒΟΛΑΚΙ,18450,1,05/2025
ΠΕΡΙΣΣΟΣ,14232,7,05/2025
ΠΕΡΙΣΣΟΣ,14233,2,05/2025
ΠΕΡΙΣΤΕΡΙ,12131,14,05/2025
ΠΕΡΙΣΤΕΡΙ,12132,3,05/2025
ΠΕΡΙΣΤΕΡΙ,12134,3,05/2025
ΠΕΡΙΣΤΕΡΙ,12136,10,05/2025
ΠΕΡΙΣΤΕΡΙ,12137,2,05/2025
ΠΕΤΡΑΛΩΝΑ,11851,1,05/2025
ΠΕΤΡΟΥΠΟΛΗ,13231,19,05/2025
ΠΕΤΡΟΥΠΟΛΗ,13232,2,05/2025
ΠΕΥΚΑΚΙΑ,15343,3,05/2025
ΠΕΥΚΗ,15121,19,05/2025
ΠΗΓΑΔΑΚΙΑ,16673,7,05/2025
ΠΛΑΚΑ,10557,1,05/2025
"ΠΛΑΤΕΙΑ ΑΜΕΡΙΚΗΣ",11252,1,05/2025
ΠΟΛΥΔΡΟΣΟ,15125,2,05/2025
"ΠΡΟΦ. ΔΑΝΙΗΛ",10447,6,05/2025
"ΠΡΟΦ. ΗΛΙΑΣ",18531,1,05/2025
"ΠΡΟΦ. ΗΛΙΑΣ",18532,1,05/2025
ΡΑΔΙΟΦΩΝΙΑ,13122,2,05/2025
ΡΕΣΤΗ,18900,1,05/2025
ΡΙΖΟΥΠΟΛΗ,11142,1,05/2025
ΣΑΡΩΝΙΚΟΣ,17341,1,05/2025
ΣΑΡΩΝΙΚΟΣ,17343,1,05/2025
ΣΕΛΗΝΙΑ,18902,1,05/2025
ΣΕΠΟΛΙΑ,10443,1,05/2025
ΣΟΥΛΙ,17342,1,05/2025
ΣΟΥΡΜΕΝΑ,16777,13,05/2025
ΣΤΑΘΜΟΣ,18345,1,05/2025
ΣΧΙΣΤΟ,18122,2,05/2025
ΣΩΡΟΥ,15125,2,05/2025
ΤΑΞΙΑΡΧΕΣ,18121,1,05/2025
ΤΑΥΡΟΣ,17778,1,05/2025
ΤΕΡΜΑ,18863,1,05/2025
ΤΕΡΨΙΘΕΑ,16561,1,05/2025
ΤΕΡΨΙΘΕΑ,16562,20,05/2025
ΤΕΡΨΙΘΕΑ,18535,3,05/2025
ΤΕΡΨΙΘΕΑ,18536,3,05/2025
ΤΖΙΤΖΙΦΙΕΣ,17673,28,05/2025
ΤΡΑΥΜΑΤΙΩΝ,17456,5,05/2025
ΤΣΑΚΟΣ,15341,1,05/2025
ΤΣΑΜΗ,18900,1,05/2025
ΥΜΗΤΤΟΣ,17236,1,05/2025
ΥΜΗΤΤΟΣ,17237,2,05/2025
ΦΙΛΟΘΕΗ,15237,2,05/2025
ΦΙΛΟΠΑΠΠΟΥ,11741,1,05/2025
ΧΑΙΔΑΡΙ,12461,9,05/2025
ΧΑΛΑΝΔΡΙ,15232,3,05/2025
ΧΑΛΑΝΔΡΙ,15233,2,05/2025
ΧΑΛΑΝΔΡΙ,15234,1,05/2025
ΧΑΛΑΝΔΡΙ,15238,1,05/2025
ΧΑΡΑΥΓΗ,13673,1,05/2025
ΧΑΡΑΥΓΗ,18755,1,05/2025
ΧΑΡΟΚΟΠΟΥ,17671,1,05/2025
ΧΑΡΟΚΟΠΟΥ,17672,5,05/2025
ΧΑΣΑΝΙ,16777,2,05/2025
ΧΟΛΑΡΓΟΣ,15562,4,05/2025
ΨΥΧΙΚΟ,15452,1,05/2025
ΚΕΝΤΡΟ,10432,1,06/2023
"ΑΚΑΔ. ΠΛΑΤΩΝΟΣ",10441,8,06/2023
ΚΟΛΟΚΥΝΘΟΥ,10442,1,06/2023
ΚΟΛΩΝΟΣ,10443,5,06/2023
ΣΕΠΟΛΙΑ,10443,3,06/2023
ΚΟΛΩΝΟΣ,10444,18,06/2023
"ΑΚΑΔ. ΠΛΑΤΩΝΟΣ",10447,1,06/2023
"ΠΡΟΦ. ΔΑΝΙΗΛ",10447,1,06/2023
ΚΕΝΤΡΟ,10551,1,06/2023
ΨΥΡΡΗ,10554,2,06/2023
ΠΛΑΚΑ,10555,1,06/2023
ΠΛΑΚΑ,10556,1,06/2023
ΠΛΑΚΑ,10557,1,06/2023
ΚΕΝΤΡΟ,10560,1,06/2023
ΚΕΝΤΡΟ,10563,1,06/2023
ΚΟΛΩΝΑΚΙ,10673,1,06/2023
ΕΞΑΡΧΕΙΑ,10680,1,06/2023
ΝΕΑΠΟΛΗ,10680,1,06/2023
ΕΞΑΡΧΕΙΑ,10681,1,06/2023
ΜΟΥΣΕΙΟ,10682,3,06/2023
ΡΙΖΟΥΠΟΛΗ,11142,2,06/2023
"ΑΓ. ΕΛΕΥΘΕΡΙΟΣ",11145,2,06/2023
"ΚΑΤΩ ΠΑΤΗΣΙΑ",11145,4,06/2023
"ΤΡΕΙΣ ΓΕΦΥΡΕΣ",11145,1,06/2023
ΓΑΛΑΤΣΙ,11146,1,06/2023
ΓΑΛΑΤΣΙ,11147,2,06/2023
"ΠΛΑΤΕΙΑ ΑΜΕΡΙΚΗΣ",11252,3,06/2023
ΚΟΛΙΑΤΣΟΥ,11255,7,06/2023
ΚΕΝΤΡΟ,11471,2,06/2023
ΝΕΑΠΟΛΗ,11471,1,06/2023
ΝΕΑΠΟΛΗ,11472,1,06/2023
ΓΚΥΖΗ,11474,1,06/2023
"ΝΕΑ ΚΥΨΕΛΗ",11476,1,06/2023
ΑΜΠΕΛΟΚΗΠΟΙ,11521,1,06/2023
ΓΗΡΟΚΟΜΕΙΟ,11524,1,06/2023
"ΝΕΑ ΦΙΛΟΘΕΗ",11524,1,06/2023
ΕΛΛΗΝΟΡΩΣΩΝ,11525,1,06/2023
ΑΜΠΕΛΟΚΗΠΟΙ,11527,8,06/2023
ΙΛΙΣΙΑ,11528,1,06/2023
ΓΟΥΒΑ,11632,1,06/2023
ΠΑΓΚΡΑΤΙ,11632,1,06/2023
ΚΥΝΟΣΑΡΓΟΥΣ,11743,1,06/2023
"ΑΝΩ ΠΕΤΡΑΛΩΝΑ",11851,1,06/2023
"ΑΝΩ ΠΕΤΡΑΛΩΝΑ",11852,4,06/2023
"ΚΑΤΩ ΠΕΤΡΑΛΩΝΑ",11853,2,06/2023
ΠΕΡΙΣΤΕΡΙ,12131,11,06/2023
"Ν. ΚΟΛΟΚΥΝΘΟΥ",12132,3,06/2023
ΠΕΡΙΣΤΕΡΙ,12132,3,06/2023
ΜΠΟΥΡΝΑΖΙ,12133,5,06/2023
ΠΕΡΙΣΤΕΡΙ,12134,6,06/2023
ΑΝΘΟΥΠΟΛΗ,12135,1,06/2023
"ΑΣΠΡΑ ΧΩΜΑΤΑ",12136,2,06/2023
ΠΕΡΙΣΤΕΡΙ,12136,8,06/2023
"ΑΓ. ΙΕΡΟΘΕΟΣ",12137,1,06/2023
ΑΝΘΟΥΠΟΛΗ,12137,1,06/2023
"ΑΣΠΡΑ ΧΩΜΑΤΑ",12137,7,06/2023
ΠΕΡΙΣΤΕΡΙ,12137,3,06/2023
ΒΙΑΜΑΞ,12242,1,06/2023
"ΔΕΞ. ΙΕΡΑΣ ΟΔΟΥ",12242,4,06/2023
ΑΝΑΓΕΝΝΗΣΗ,12243,4,06/2023
"ΑΝΩ ΛΙΟΥΜΗ",12243,2,06/2023
ΛΙΟΥΜΗ,12243,5,06/2023
ΙΕΡΑΠΟΛΗ,12244,6,06/2023
ΝΤΑΜΑΡΑΚΙΑ,12244,3,06/2023
"ΑΡ. ΕΛ. ΒΕΝΙΖΕΛΟΥ",12351,3,06/2023
"ΔΕΞ. ΕΛ. ΒΕΝΙΖΕΛΟΥ",12351,3,06/2023
"ΣΥΝ. ΣΙΔΗΡΟΠΟΥΛΟΥ",12461,1,06/2023
ΧΑΙΔΑΡΙ,12461,2,06/2023
ΔΑΣΟΣ,12462,2,06/2023
ΣΚΑΡΑΜΑΓΚΑΣ,12462,1,06/2023
ΙΛΙΟΝ,13121,3,06/2023
ΠΑΛΑΤΙΑΝΗ,13121,8,06/2023
ΙΛΙΟΝ,13122,9,06/2023
ΠΑΛΑΤΙΑΝΗ,13122,3,06/2023
ΙΛΙΟΝ,13123,3,06/2023
ΜΙΧΕΛΗ,13123,2,06/2023
ΚΗΠΟΥΠΟΛΗ,13231,1,06/2023
ΠΕΤΡΟΥΠΟΛΗ,13231,9,06/2023
ΠΕΤΡΟΥΠΟΛΗ,13232,1,06/2023
"ΑΓ. ΝΙΚΟΛΑΟΣ",13451,1,06/2023
ΓΕΡΟΒΟΥΝΟ,13451,4,06/2023
ΚΑΜΑΤΕΡΟ,13451,4,06/2023
"Ν. ΟΛΥΜΠΙΑ",13451,3,06/2023
ΡΑΔΙΟΦΩΝΙΑ,13451,1,06/2023
"ΑΓ. ΑΝΑΡΓΥΡΟΙ",13561,4,06/2023
"ΑΓ. ΑΝΑΡΓΥΡΟΙ",13562,1,06/2023
"ΣΥΝ. ΣΕΚ",13562,1,06/2023
"ΑΓ. ΑΝΝΑ",13671,1,06/2023
ΛΥΚΟΤΡΥΠΑ,13671,2,06/2023
ΝΕΑΠΟΛΗ,13672,3,06/2023
"ΠΑΛ. ΜΕΝΙΔΙ",13673,1,06/2023
ΧΑΡΑΥΓΗ,13673,1,06/2023
ΛΑΘΕΑ,13674,2,06/2023
ΝΕΑΠΟΛΗ,13674,1,06/2023
"ΠΑΛ. ΜΕΝΙΔΙ",13674,2,06/2023
"ΑΓ. ΙΩΑΝΝΗΣ ΡΩΣΟΣ",13675,1,06/2023
"ΑΓ. ΠΕΤΡΟΣ",13675,1,06/2023
ΝΕΑΠΟΛΗ,13675,1,06/2023
ΘΡΑΚΟΜΑΚΕΔΟΝΕΣ,13676,2,06/2023
ΛΑΘΕΑ,13678,4,06/2023
ΜΠΟΣΚΙΖΑ,13679,1,06/2023
ΠΑΝΟΡΑΜΑ,13679,1,06/2023
ΗΡΑΚΛΕΙΟ,14121,5,06/2023
ΗΡΑΚΛΕΙΟ,14122,1,06/2023
ΛΥΚΟΒΡΥΣΗ,14123,12,06/2023
ΠΕΥΚΑΚΙΑ,14231,1,06/2023
ΠΕΡΙΣΣΟΣ,14232,2,06/2023
ΝΕΑΠΟΛΗ,14233,1,06/2023
ΚΑΛΟΓΡΕΖΑ,14234,2,06/2023
"ΝΕΑ ΙΩΝΙΑ",14234,2,06/2023
"ΝΕΑ ΦΙΛΑΔΕΛΦΕΙΑ",14341,2,06/2023
"ΝΕΑ ΜΑΔΥΤΟΣ",14342,1,06/2023
ΜΕΤΑΜΟΡΦΩΣΗ,14451,2,06/2023
ΜΕΤΑΜΟΡΦΩΣΗ,14452,3,06/2023
"ΚΑΤΩ ΚΗΦΙΣΙΑ",14561,2,06/2023
ΑΛΩΝΙΑ,14562,1,06/2023
ΚΗΦΙΣΙΑ,14562,3,06/2023
ΚΟΚΚΙΝΑΡΑΣ,14562,2,06/2023
"ΚΑΤΩ ΚΗΦΙΣΙΑ",14564,1,06/2023
"ΝΕΑ ΚΗΦΙΣΙΑ",14564,2,06/2023
ΠΕΥΚΗ,15121,1,06/2023
ΜΑΡΟΥΣΙ,15122,7,06/2023
ΦΙΛΟΘΕΗ,15123,2,06/2023
"ΑΓ. ΘΩΜΑΣ",15124,1,06/2023
ΜΑΡΟΥΣΙ,15124,6,06/2023
"Ν. ΜΑΡΟΥΣΙ",15125,1,06/2023
ΠΑΡΑΔΕΙΣΟΣ,15125,1,06/2023
ΜΑΡΟΥΣΙ,15126,4,06/2023
"Ν. ΜΑΡΟΥΣΙ",15126,1,06/2023
"ΝΕΑ ΛΕΣΒΟΣ",15126,1,06/2023
ΜΕΛΙΣΣΙΑ,15127,6,06/2023
ΧΑΛΑΝΔΡΙ,15231,9,06/2023
ΧΑΛΑΝΔΡΙ,15233,2,06/2023
ΧΑΛΑΝΔΡΙ,15234,18,06/2023
"ΝΕΑ ΠΕΝΤΕΛΗ",15236,1,06/2023
ΦΙΛΟΘΕΗ,15237,2,06/2023
ΠΑΤΗΜΑ,15238,2,06/2023
ΤΣΑΚΟΣ,15341,1,06/2023
"ΑΓ. ΠΑΡΑΣΚΕΥΗ",15342,3,06/2023
ΚΟΝΤΟΠΕΥΚΟ,15343,1,06/2023
ΠΑΡΑΔΕΙΣΟΣ,15343,2,06/2023
ΠΕΥΚΑΚΙΑ,15343,2,06/2023
ΓΕΡΑΚΑΣ,15344,1,06/2023
"ΓΛΥΚΑ ΝΕΡΑ",15354,1,06/2023
"ΝΕΟ ΨΥΧΙΚΟ",15451,5,06/2023
ΨΥΧΙΚΟ,15452,11,06/2023
ΧΟΛΑΡΓΟΣ,15561,2,06/2023
ΠΑΠΑΓΟΣ,15669,1,06/2023
ΖΩΓΡΑΦΟΥ,15771,2,06/2023
ΙΛΙΣΙΑ,15771,5,06/2023
ΖΩΓΡΑΦΟΥ,15773,1,06/2023
ΚΑΙΣΑΡΙΑΝΗ,16121,6,06/2023
ΜΕΤΑΜΟΡΦΩΣΗ,16232,1,06/2023
"ΖΩΟΔΟΧΟΥ ΠΗΓΗΣ",16233,1,06/2023
ΚΑΡΕΑΣ,16233,4,06/2023
ΗΛΙΟΥΠΟΛΗ,16341,8,06/2023
ΗΛΙΟΥΠΟΛΗ,16345,4,06/2023
ΚΑΝΑΡΙΑ,16345,1,06/2023
"ΑΓ. ΚΩΝΣΤΑΝΤΙΝΟΣ",16346,2,06/2023
ΗΛΙΟΥΠΟΛΗ,16346,3,06/2023
ΑΡΓΥΡΟΥΠΟΛΗ,16451,8,06/2023
ΑΡΓΥΡΟΥΠΟΛΗ,16452,3,06/2023
ΓΛΥΦΑΔΑ,16561,13,06/2023
"ΣΑΜΙΩΝ ΙΚΑΡΙΩΝ",16561,4,06/2023
ΤΕΡΨΙΘΕΑ,16561,3,06/2023
ΤΕΡΨΙΘΕΑ,16562,11,06/2023
ΒΑΡΗ,16672,2,06/2023
ΛΑΘΟΥΡΙΖΑ,16672,1,06/2023
ΜΗΛΑΔΕΖΑ,16672,1,06/2023
ΒΟΥΛΑ,16673,22,06/2023
ΔΙΚΗΓΟΡΙΚΑ,16673,1,06/2023
ΚΑΛΥΜΝΙΩΝ,16673,6,06/2023
ΠΑΝΟΡΑΜΑ,16673,2,06/2023
"ΑΓ. ΝΙΚΟΛΑΟΣ",16674,2,06/2023
ΓΛΥΦΑΔΑ,16674,15,06/2023
ΒΟΣΠΟΡΟΣ,16675,1,06/2023
ΓΛΥΦΑΔΑ,16675,18,06/2023
ΕΛΛΗΝΙΚΟ,16777,2,06/2023
ΣΟΥΡΜΕΝΑ,16777,14,06/2023
"ΝΕΑ ΣΜΥΡΝΗ",17121,3,06/2023
"ΝΕΑ ΣΜΥΡΝΗ",17123,3,06/2023
ΔΑΦΝΗ,17234,6,06/2023
ΔΑΦΝΗ,17237,2,06/2023
ΧΑΡΑΥΓΗ,17237,1,06/2023
ΑΣΥΡΜΑΤΟΣ,17341,1,06/2023
ΣΑΡΩΝΙΚΟΣ,17341,16,06/2023
"ΑΓ. ΔΗΜΗΤΡΙΟΣ",17342,2,06/2023
ΑΝΟΙΞΗ,17342,1,06/2023
"ΕΘΝΙΚΗΣ ΑΝΤΙΣΤΑΣΗΣ",17342,6,06/2023
ΕΛΗΑ,17342,1,06/2023
"ΑΓ. ΔΗΜΗΤΡΙΟΣ",17343,6,06/2023
ΑΝΘΕΩΝ,17343,2,06/2023
ΑΛΙΜΟΣ,17455,17,06/2023
ΑΜΠΕΛΑΚΙΑ,17455,4,06/2023
ΚΑΛΑΜΑΚΙ,17455,8,06/2023
"ΑΓ. ΠΑΝΤΕΛΕΗΜΩΝ",17456,1,06/2023
ΕΦΟΡΙΑΚΩΝ,17456,1,06/2023
ΤΡΑΥΜΑΤΙΩΝ,17456,1,06/2023
"ΠΑΛΑΙΟ ΦΑΛΗΡΟ",17561,5,06/2023
"ΑΓ. ΒΑΡΒΑΡΑ",17563,1,06/2023
ΑΜΦΙΘΕΑ,17563,2,06/2023
ΑΜΦΙΘΕΑ,17564,1,06/2023
ΠΑΝΤΕΙΟΣ,17671,2,06/2023
ΚΑΛΛΙΘΕΑ,17672,1,06/2023
ΤΑΥΡΟΣ,17778,4,06/2023
"ΑΓ. ΒΑΡΒΑΡΑ",18120,1,06/2023
"ΠΛΑΤΕΙΑ ΕΛΕΥΘΕΡΙΑΣ",18120,1,06/2023
"Γ ΝΕΚΡΟΤΑΦΕΙΟ",18121,1,06/2023
ΤΑΞΙΑΡΧΕΣ,18121,2,06/2023
ΣΧΙΣΤΟ,18122,1,06/2023
"ΑΣΠΡΑ ΧΩΜΑΤΑ",18233,2,06/2023
ΜΕΤΑΜΟΡΦΩΣΗ,18344,3,06/2023
ΠΑΡΑΛΙΑ,18344,1,06/2023
"ΟΣΙΑ ΞΕΝΗ",18450,1,06/2023
"ΟΣΙΑ ΞΕΝΗ",18451,2,06/2023
ΧΑΛΚΗΔΟΝΑ,18451,1,06/2023
ΑΝΑΛΗΨΗ,18452,1,06/2023
ΝΕΑΠΟΛΗ,18452,7,06/2023
"ΑΓ. ΝΙΚΟΛΑΟΣ",18453,11,06/2023
ΚΡΗΝΗ,18453,2,06/2023
"ΟΣΙΑ ΞΕΝΗ",18453,1,06/2023
"ΑΣΠΡΑ ΧΩΜΑΤΑ",18454,1,06/2023
ΚΕΝΤΡΟ,18531,1,06/2023
"ΠΡΟΦ. ΗΛΙΑΣ",18532,1,06/2023
ΚΡΗΤΙΚΑ,18533,1,06/2023
ΧΑΤΖΗΚΥΡΙΑΚΕΙΟ,18538,1,06/2023
ΚΑΛΛΙΠΟΛΗ,18539,1,06/2023
ΧΑΤΖΗΚΥΡΙΑΚΕΙΟ,18539,1,06/2023
ΑΠΟΛΛΩΝ,18541,1,06/2023
"Π. ΚΟΚΚΙΝΙΑ",18542,2,06/2023
"ΑΓ. ΣΟΦΙΑ",18543,1,06/2023
ΚΑΡΑΒΑΣ,18543,1,06/2023
ΜΑΝΙΑΤΙΚΑ,18543,1,06/2023
ΜΑΝΙΑΤΙΚΑ,18544,2,06/2023
ΜΑΝΙΑΤΙΚΑ,18545,2,06/2023
ΜΑΝΙΑΤΙΚΑ,18546,1,06/2023
"ΝΕΟ ΦΑΛΗΡΟ",18547,1,06/2023
ΔΡΑΠΕΤΣΩΝΑ,18648,2,06/2023
ΑΝΑΣΤΑΣΗ,18755,1,06/2023
ΕΥΓΕΝΕΙΑ,18755,1,06/2023
ΤΑΜΠΟΥΡΙΑ,18756,2,06/2023
ΧΑΛΚΗΔΩΝ,18756,1,06/2023
ΑΜΦΙΑΛΗ,18757,2,06/2023
ΚΟΚΚΙΝΟΒΡΑΧΟΣ,18757,1,06/2023
"ΑΓ. ΑΝΤΩΝΙΟΣ",18758,1,06/2023
"ΑΓ. ΜΗΝΑΣ",18758,3,06/2023
ΠΑΠΑΔΟΠΟΥΛΟΥ,18863,4,06/2023
"ΑΓ. ΜΗΝΑΣ",18900,1,06/2023
ΑΛΩΝΙΑ,18900,1,06/2023
ΚΟΥΦΟΥ,18900,2,06/2023
"ΜΠΛΕ ΛΙΜΑΝΙ",18900,2,06/2023
ΤΣΑΜΗ,18900,1,06/2023
"ΑΙΑΝΤΕΙΟ ΑΓ. ΧΑΡΑΛΑΜΠΟΣ",18903,1,06/2023
ΔΗΜΗΤΡΑΝΙ,18903,1,06/2023
"ΝΕΑ ΠΕΡΑΜΟΣ",19006,1,06/2023
ΜΑΓΟΥΛΑ,19018,3,06/2023
ΕΛΕΥΣΙΝΑ,19200,10,06/2023
ΑΣΠΡΟΠΥΡΓΟΣ,19300,9,06/2023
"ΤΡΥΠΑ ΑΛΕΠΟΥ (Θ. 14)",19300,1,06/2023
"ΠΛΑΤΕΙΑ ΒΑΘΗΣ",10433,1,06/2024
ΚΟΛΩΝΟΣ,10444,1,06/2024
"ΑΓ. ΠΑΝΤΕΛΕΗΜΩΝ",10446,1,06/2024
ΘΥΜΑΡΑΚΙΑ,10446,1,06/2024
ΚΕΝΤΡΟ,10551,2,06/2024
ΚΕΝΤΡΟ,10552,10,06/2024
ΚΕΡΑΜΕΙΚΟΣ,10553,1,06/2024
ΚΕΝΤΡΟ,10554,3,06/2024
ΚΕΝΤΡΟ,10557,1,06/2024
ΠΛΑΚΑ,10558,4,06/2024
ΚΕΝΤΡΟ,10560,1,06/2024
ΚΕΝΤΡΟ,10562,2,06/2024
ΚΕΝΤΡΟ,10563,1,06/2024
"ΑΓ. ΛΟΥΚΑΣ",11141,13,06/2024
ΡΙΖΟΥΠΟΛΗ,11142,1,06/2024
"ΑΓ. ΕΛΕΥΘΕΡΙΟΣ",11143,6,06/2024
"ΑΓ. ΛΟΥΚΑΣ",11144,10,06/2024
ΓΑΛΑΤΣΙ,11146,8,06/2024
ΓΑΛΑΤΣΙ,11147,2,06/2024
ΚΕΦΑΛΛΗΝΙΑΣ,11251,1,06/2024
ΚΟΛΙΑΤΣΟΥ,11253,1,06/2024
ΚΥΨΕΛΗ,11256,15,06/2024
ΚΥΨΕΛΗ,11257,1,06/2024
"ΑΝΩ ΚΥΨΕΛΗ",11363,2,06/2024
"ΝΕΑ ΚΥΨΕΛΗ",11363,6,06/2024
"ΑΝΩ ΚΥΨΕΛΗ",11364,1,06/2024
ΝΕΑΠΟΛΗ,11471,1,06/2024
"ΠΕΔΙΟΝ ΑΡΕΩΣ",11473,1,06/2024
ΓΚΥΖΗ,11475,1,06/2024
ΓΚΥΖΗ,11476,1,06/2024
ΑΜΠΕΛΟΚΗΠΟΙ,11527,1,06/2024
ΓΟΥΒΑ,11631,1,06/2024
ΚΟΥΚΑΚΙ,11741,1,06/2024
ΒΕΙΚΟΥ,11742,1,06/2024
ΚΟΥΚΑΚΙ,11742,1,06/2024
"ΝΕΟΣ ΚΟΣΜΟΣ",11744,1,06/2024
ΘΗΣΕΙΟ,11851,1,06/2024
"ΑΝΩ ΠΕΤΡΑΛΩΝΑ",11852,6,06/2024
"ΚΑΤΩ ΠΕΤΡΑΛΩΝΑ",11853,4,06/2024
ΓΚΑΖΟΧΩΡΙ,11854,6,06/2024
ΠΕΡΙΣΤΕΡΙ,12131,4,06/2024
"Ν. ΚΟΛΟΚΥΝΘΟΥ",12132,1,06/2024
ΠΕΡΙΣΤΕΡΙ,12132,3,06/2024
ΜΠΟΥΡΝΑΖΙ,12133,3,06/2024
ΠΕΡΙΣΤΕΡΙ,12134,9,06/2024
"ΑΣΠΡΑ ΧΩΜΑΤΑ",12135,7,06/2024
ΠΕΡΙΣΤΕΡΙ,12135,2,06/2024
"ΑΣΠΡΑ ΧΩΜΑΤΑ",12136,1,06/2024
ΠΕΡΙΣΤΕΡΙ,12136,5,06/2024
"ΑΓ. ΙΕΡΟΘΕΟΣ",12137,1,06/2024
"ΑΣΠΡΑ ΧΩΜΑΤΑ",12137,3,06/2024
ΠΕΡΙΣΤΕΡΙ,12137,1,06/2024
"ΑΓ. ΣΑΒΒΑΣ",12241,2,06/2024
"ΑΡ. ΙΕΡΑΣ ΟΔΟΥ",12241,9,06/2024
"ΑΓ. ΣΠΥΡΙΔΩΝ",12242,1,06/2024
ΒΙΑΜΑΞ,12242,1,06/2024
"ΔΕΞ. ΙΕΡΑΣ ΟΔΟΥ",12242,8,06/2024
ΛΙΟΥΜΗ,12243,6,06/2024
ΝΤΑΜΑΡΑΚΙΑ,12244,3,06/2024
"ΑΡ. ΕΛ. ΒΕΝΙΖΕΛΟΥ",12351,9,06/2024
"ΔΕΞ. ΕΛ. ΒΕΝΙΖΕΛΟΥ",12351,8,06/2024
"ΑΓ. ΓΡΗΓΟΡΟΥΣΑ",12461,3,06/2024
ΧΑΙΔΑΡΙ,12461,3,06/2024
ΑΦΑΙΑ,12462,2,06/2024
ΔΑΣΟΣ,12462,12,06/2024
ΔΑΦΝΙ,12462,1,06/2024
ΙΛΙΟΝ,13121,6,06/2024
ΠΑΛΑΤΙΑΝΗ,13121,4,06/2024
ΙΛΙΟΝ,13122,3,06/2024
ΡΑΔΙΟΦΩΝΙΑ,13122,1,06/2024
ΙΛΙΟΝ,13123,4,06/2024
ΜΙΧΕΛΗ,13123,1,06/2024
ΠΕΤΡΟΥΠΟΛΗ,13231,4,06/2024
ΠΕΤΡΟΥΠΟΛΗ,13232,5,06/2024
"ΑΓ. ΝΙΚΟΛΑΟΣ",13451,1,06/2024
ΓΕΡΟΒΟΥΝΟ,13451,1,06/2024
ΚΑΜΑΤΕΡΟ,13451,2,06/2024
"Ν. ΟΛΥΜΠΙΑ",13451,3,06/2024
"ΑΓ. ΑΝΑΡΓΥΡΟΙ",13561,2,06/2024
"ΑΓ. ΑΝΑΡΓΥΡΟΙ",13562,1,06/2024
ΑΝΑΚΑΣΑ,13562,3,06/2024
ΛΥΚΟΤΡΥΠΑ,13671,6,06/2024
"ΑΓ. ΜΑΡΙΝΑ",13672,1,06/2024
"ΑΓ. ΠΕΤΡΟΣ",13672,1,06/2024
ΝΕΑΠΟΛΗ,13672,3,06/2024
"ΠΑΛ. ΜΕΝΙΔΙ",13672,1,06/2024
ΧΑΡΑΥΓΗ,13673,2,06/2024
"ΠΑΛ. ΜΕΝΙΔΙ",13674,3,06/2024
"ΑΓ. ΠΕΤΡΟΣ",13675,3,06/2024
ΘΡΑΚΟΜΑΚΕΔΟΝΕΣ,13676,1,06/2024
"ΒΑΡΥΜΠΟΜΠΗ ΣΥΝ ΦΛΟΓΑ",13677,1,06/2024
"ΜΕΓ. ΣΧΙΝΑ",13679,1,06/2024
ΜΠΟΣΚΙΖΑ,13679,1,06/2024
ΗΡΑΚΛΕΙΟ,14121,1,06/2024
ΗΡΑΚΛΕΙΟ,14122,5,06/2024
ΛΥΚΟΒΡΥΣΗ,14123,7,06/2024
"ΝΕΑ ΙΩΝΙΑ",14231,1,06/2024
ΠΕΡΙΣΣΟΣ,14232,1,06/2024
"ΝΕΑ ΙΩΝΙΑ",14233,1,06/2024
ΣΑΦΡΑΜΠΟΛΙΣ,14233,1,06/2024
"ΝΕΑ ΙΩΝΙΑ",14234,1,06/2024
ΑΛΣΟΥΠΟΛΗ,14235,2,06/2024
"ΝΕΑ ΜΑΔΥΤΟΣ",14342,4,06/2024
ΜΕΤΑΜΟΡΦΩΣΗ,14451,1,06/2024
ΜΕΤΑΜΟΡΦΩΣΗ,14452,14,06/2024
"ΚΑΤΩ ΚΗΦΙΣΙΑ",14561,1,06/2024
ΚΗΦΙΣΙΑ,14561,4,06/2024
ΚΟΚΚΙΝΑΡΑΣ,14562,1,06/2024
ΚΗΦΙΣΙΑ,14563,1,06/2024
ΚΟΚΚΙΝΑΡΑΣ,14563,4,06/2024
"ΝΕΑ ΚΗΦΙΣΙΑ",14564,3,06/2024
ΠΕΥΚΗ,15121,5,06/2024
ΜΑΡΟΥΣΙ,15122,4,06/2024
ΨΑΛΙΔΙ,15122,1,06/2024
ΜΑΡΟΥΣΙ,15124,1,06/2024
ΠΑΡΑΔΕΙΣΟΣ,15125,1,06/2024
ΣΩΡΟΥ,15125,2,06/2024
ΜΑΡΟΥΣΙ,15126,2,06/2024
"Ν. ΜΑΡΟΥΣΙ",15126,8,06/2024
"ΝΕΑ ΛΕΣΒΟΣ",15126,3,06/2024
ΣΩΡΟΥ,15126,1,06/2024
ΜΕΛΙΣΣΙΑ,15127,2,06/2024
ΧΑΛΑΝΔΡΙ,15231,3,06/2024
ΧΑΛΑΝΔΡΙ,15232,3,06/2024
ΧΑΛΑΝΔΡΙ,15233,12,06/2024
ΧΑΛΑΝΔΡΙ,15234,1,06/2024
ΧΑΛΑΝΔΡΙ,15235,1,06/2024
ΠΕΝΤΕΛΗ,15236,3,06/2024
ΦΙΛΟΘΕΗ,15237,1,06/2024
ΠΑΤΗΜΑ,15238,3,06/2024
"ΝΕΑ ΖΩΗ",15341,1,06/2024
ΚΟΝΤΟΠΕΥΚΟ,15343,2,06/2024
ΠΕΥΚΑΚΙΑ,15343,9,06/2024
ΓΕΡΑΚΑΣ,15344,2,06/2024
ΚΑΝΤΖΑ,15351,5,06/2024
ΠΑΛΛΗΝΗ,15351,1,06/2024
"ΓΛΥΚΑ ΝΕΡΑ",15354,2,06/2024
"ΝΕΟ ΨΥΧΙΚΟ",15451,5,06/2024
ΨΥΧΙΚΟ,15452,8,06/2024
ΧΟΛΑΡΓΟΣ,15562,1,06/2024
ΠΑΠΑΓΟΣ,15669,7,06/2024
ΖΩΓΡΑΦΟΥ,15771,1,06/2024
ΚΑΙΣΑΡΙΑΝΗ,16121,1,06/2024
ΚΑΙΣΑΡΙΑΝΗ,16122,2,06/2024
ΑΝΑΛΗΨΗ,16231,1,06/2024
ΒΥΡΩΝΑΣ,16232,2,06/2024
ΜΕΤΑΜΟΡΦΩΣΗ,16232,4,06/2024
"ΖΩΟΔΟΧΟΥ ΠΗΓΗΣ",16233,1,06/2024
ΗΛΙΟΥΠΟΛΗ,16341,3,06/2024
"ΑΓ. ΜΑΡΙΝΑ",16343,2,06/2024
ΗΛΙΟΥΠΟΛΗ,16343,1,06/2024
"ΑΓ. ΜΑΡΙΝΑ",16344,1,06/2024
"ΑΓ. ΚΩΝΣΤΑΝΤΙΝΟΣ",16345,1,06/2024
"ΑΓ. ΜΑΡΙΝΑ",16345,1,06/2024
"ΑΓ. ΚΩΝΣΤΑΝΤΙΝΟΣ",16346,2,06/2024
ΗΛΙΟΥΠΟΛΗ,16346,2,06/2024
ΑΡΓΥΡΟΥΠΟΛΗ,16451,1,06/2024
ΑΡΓΥΡΟΥΠΟΛΗ,16452,3,06/2024
ΧΑΣΑΝΙ,16452,2,06/2024
ΚΑΦΕΠΩΛΕΣ,16561,1,06/2024
ΤΕΡΨΙΘΕΑ,16561,8,06/2024
ΓΛΥΦΑΔΑ,16562,5,06/2024
ΤΕΡΨΙΘΕΑ,16562,9,06/2024
ΒΟΥΛΙΑΓΜΕΝΗ,16671,3,06/2024
ΑΣΥΡΜΑΤΟΣ,16672,2,06/2024
ΒΑΡΚΙΖΑ,16672,2,06/2024
ΒΟΥΛΑ,16673,3,06/2024
ΔΙΚΗΓΟΡΙΚΑ,16673,2,06/2024
ΚΑΛΥΜΝΙΩΝ,16673,42,06/2024
ΠΑΝΟΡΑΜΑ,16673,6,06/2024
ΠΗΓΑΔΑΚΙΑ,16673,1,06/2024
ΓΛΥΦΑΔΑ,16674,4,06/2024
ΚΑΡΒΕΛΑΣ,16674,10,06/2024
ΣΟΥΡΜΕΝΑ,16777,1,06/2024
"ΝΕΑ ΣΜΥΡΝΗ",17121,1,06/2024
"ΝΕΑ ΣΜΥΡΝΗ",17123,1,06/2024
"ΝΕΑ ΣΜΥΡΝΗ",17124,8,06/2024
ΔΑΦΝΗ,17234,2,06/2024
"ΑΓ. ΒΑΡΒΑΡΑ",17235,1,06/2024
ΧΑΡΑΥΓΗ,17236,2,06/2024
ΔΑΦΝΗ,17237,2,06/2024
ΥΜΗΤΤΟΣ,17237,2,06/2024
"ΑΓ. ΔΗΜΗΤΡΙΟΣ",17341,1,06/2024
ΑΣΥΡΜΑΤΟΣ,17341,3,06/2024
ΣΑΡΩΝΙΚΟΣ,17341,3,06/2024
"ΕΘΝΙΚΗΣ ΑΝΤΙΣΤΑΣΗΣ",17342,3,06/2024
ΣΟΥΛΙ,17342,1,06/2024
ΑΛΙΜΟΣ,17455,7,06/2024
ΚΑΛΑΜΑΚΙ,17455,41,06/2024
"ΑΓ. ΠΑΝΤΕΛΕΗΜΩΝ",17456,1,06/2024
ΕΚΤΕΛΩΝΙΣΤΩΝ,17456,6,06/2024
ΕΦΟΡΙΑΚΩΝ,17456,1,06/2024
ΚΥΘΗΡΙΩΝ,17456,5,06/2024
ΤΡΑΥΜΑΤΙΩΝ,17456,1,06/2024
"ΠΑΛΑΙΟ ΦΑΛΗΡΟ",17561,11,06/2024
"ΠΑΛΑΙΟ ΦΑΛΗΡΟ",17562,7,06/2024
ΑΜΦΙΘΕΑ,17563,9,06/2024
ΚΑΛΛΙΘΕΑ,17671,1,06/2024
"ΛΟΦΟΣ ΣΙΚΕΛΙΑΣ",17671,2,06/2024
ΠΑΝΤΕΙΟΣ,17671,2,06/2024
ΧΑΡΟΚΟΠΟΥ,17671,1,06/2024
ΤΖΙΤΖΙΦΙΕΣ,17673,1,06/2024
ΤΖΙΤΖΙΦΙΕΣ,17674,1,06/2024
"ΑΓ. ΕΛΕΟΥΣΑ",17675,1,06/2024
ΤΑΥΡΟΣ,17778,9,06/2024
"ΑΓ. ΒΑΡΒΑΡΑ",18120,12,06/2024
ΠΕΡΙΒΟΛΑΚΙ,18120,1,06/2024
"ΠΛΑΤΕΙΑ ΕΛΕΥΘΕΡΙΑΣ",18120,1,06/2024
ΤΑΞΙΑΡΧΕΣ,18121,3,06/2024
"ΑΝΩ ΚΟΡΥΔΑΛΛΟΣ",18122,1,06/2024
ΚΟΡΥΔΑΛΛΟΣ,18122,1,06/2024
ΣΧΙΣΤΟ,18122,1,06/2024
"ΑΓ. ΑΝΝΑ",18233,1,06/2024
ΑΠΟΛΛΩΝ,18233,1,06/2024
ΜΕΤΑΜΟΡΦΩΣΗ,18344,1,06/2024
ΓΗΠΕΔΟ,18345,1,06/2024
ΜΕΤΑΜΟΡΦΩΣΗ,18345,1,06/2024
ΛΑΧΑΝΑΓΟΡΑ,18346,5,06/2024
ΓΕΦΥΡΑ,18450,1,06/2024
"ΟΣΙΑ ΞΕΝΗ",18450,1,06/2024
ΧΑΛΚΗΔΟΝΑ,18450,1,06/2024
"ΟΣΙΑ ΞΕΝΗ",18451,2,06/2024
ΧΑΛΚΗΔΟΝΑ,18451,1,06/2024
ΝΕΑΠΟΛΗ,18452,4,06/2024
"ΑΓ. ΝΙΚΟΛΑΟΣ",18453,1,06/2024
"ΑΣΠΡΑ ΧΩΜΑΤΑ",18454,1,06/2024
"ΛΑΚΚΑ ΒΑΒΟΥΛΑ",18532,32,06/2024
ΚΑΣΤΕΛΛΑ,18533,1,06/2024
ΜΥΡΤΙΔΙΩΤΙΣΣΑ,18533,1,06/2024
ΠΑΡΑΣΚΕΥΑ,18534,1,06/2024
ΚΕΝΤΡΟ,18536,1,06/2024
"ΑΓ. ΝΕΙΛΟΣ",18538,2,06/2024
"ΒΑΣ. ΠΕΡΙΠΤΕΡΟ",18538,1,06/2024
ΚΑΜΙΝΙΑ,18541,1,06/2024
"Π. ΚΟΚΚΙΝΙΑ",18542,1,06/2024
"ΑΓ. ΣΟΦΙΑ",18543,11,06/2024
ΜΑΝΙΑΤΙΚΑ,18544,2,06/2024
ΠΑΠΑΣΤΡΑΤΟΥ,18545,1,06/2024
"ΑΓ. ΣΟΦΙΑ",18546,1,06/2024
ΜΑΝΙΑΤΙΚΑ,18546,2,06/2024
ΔΡΑΠΕΤΣΩΝΑ,18648,4,06/2024
ΑΝΑΣΤΑΣΗ,18755,3,06/2024
ΕΥΓΕΝΕΙΑ,18755,4,06/2024
"ΑΓ. ΓΕΩΡΓΙΟΣ",18756,2,06/2024
ΤΑΜΠΟΥΡΙΑ,18756,5,06/2024
ΑΜΦΙΑΛΗ,18757,9,06/2024
ΚΕΡΑΤΣΙΝΙ,18757,7,06/2024
ΚΟΚΚΙΝΟΒΡΑΧΟΣ,18757,2,06/2024
ΧΑΛΚΗΔΩΝ,18757,1,06/2024
"ΑΓ. ΑΝΤΩΝΙΟΣ",18758,7,06/2024
"ΑΓ. ΜΗΝΑΣ",18758,4,06/2024
ΑΜΦΙΑΛΗ,18758,1,06/2024
ΜΠΛΑΖΑΚΗ,18863,12,06/2024
ΠΑΠΑΔΟΠΟΥΛΟΥ,18863,2,06/2024
ΠΕΡΑΜΑ,18863,1,06/2024
ΒΑΣΙΛΙΚΑ,18900,1,06/2024
"ΜΠΛΕ ΛΙΜΑΝΙ",18900,1,06/2024
ΠΑΛΟΥΚΙΑ,18901,1,06/2024
"ΑΙΑΝΤΕΙΟ ΜΑΙΝΕΜΕΝΗ",18903,1,06/2024
"ΑΙΑΝΤΕΙΟ ΝΑΤΟ",18903,1,06/2024
ΠΕΡΑΝΙ,18903,1,06/2024
"ΝΕΑ ΠΕΡΑΜΟΣ",19006,1,06/2024
ΠΑΡΑΛΙΑ,19010,1,06/2024
ΜΑΓΟΥΛΑ,19018,9,06/2024
"ΓΕΡΜΑΝΙΚΟΣ ΔΡΟΜΟΣ ΒΟΡΕΙΟ",19100,3,06/2024
"ΜΕΓΑΡΑ ΔΥΤΙΚΗΣ ΑΤΤΙΚΗΣ",19100,10,06/2024
ΕΛΕΥΣΙΝΑ,19200,4,06/2024
ΑΣΠΡΟΠΥΡΓΟΣ,19300,4,06/2024
ΓΕΡΜΑΝΙΚΑ,19300,1,06/2024
"ΝΕΑ ΖΩΗ",19300,1,06/2024
ΠΑΡΑΛΙΑ,19300,1,06/2024
ΣΙΔΕΡΑ,19300,1,06/2024
"ΑΓ. ΑΝΑΡΓΥΡΟΙ",13561,1,07/2023
"ΑΓ. ΑΝΑΡΓΥΡΟΙ",13562,3,07/2023
"ΑΓ. ΑΝΝΑ",13675,1,07/2023
"ΑΓ. ΑΝΝΑ",18233,1,07/2023
"ΑΓ. ΑΝΤΩΝΙΟΣ",18757,1,07/2023
"ΑΓ. ΑΝΤΩΝΙΟΣ",18758,2,07/2023
"ΑΓ. ΒΑΡΒΑΡΑ",17235,1,07/2023
"ΑΓ. ΓΕΩΡΓΙΟΣ",18120,1,07/2023
"ΑΓ. ΓΕΩΡΓΙΟΣ",18755,4,07/2023
"ΑΓ. ΓΕΩΡΓΙΟΣ",18756,2,07/2023
"ΑΓ. ΓΡΗΓΟΡΟΥΣΑ",12461,2,07/2023
"ΑΓ. ΔΗΜΗΤΡΙΟΣ",17341,2,07/2023
"ΑΓ. ΔΗΜΗΤΡΙΟΣ",17343,1,07/2023
"ΑΓ. ΘΩΜΑΣ",15124,4,07/2023
"ΑΓ. Ι. ΡΕΝΤΗΣ",18233,1,07/2023
"ΑΓ. ΙΕΡΟΘΕΟΣ",12137,4,07/2023
"ΑΓ. ΚΩΝΣΤΑΝΤΙΝΟΣ",16346,2,07/2023
"ΑΓ. ΜΑΡΙΝΑ",16343,1,07/2023
"ΑΓ. ΜΑΡΙΝΑ",16344,2,07/2023
"ΑΓ. ΜΑΡΙΝΑ",16345,1,07/2023
"ΑΓ. ΜΑΥΡΑ",13672,2,07/2023
"ΑΓ. ΜΗΝΑΣ",18758,3,07/2023
"ΑΓ. ΝΙΚΟΛΑΟΣ",13451,3,07/2023
"ΑΓ. ΝΙΚΟΛΑΟΣ",16674,1,07/2023
"ΑΓ. ΝΙΚΟΛΑΟΣ",18450,5,07/2023
"ΑΓ. ΠΑΝΤΕΛΕΗΜΩΝ",10439,1,07/2023
"ΑΓ. ΠΑΡΑΣΚΕΥΗ",15342,2,07/2023
"ΑΓ. ΠΑΡΑΣΚΕΥΗ",15343,1,07/2023
"ΑΓ. ΠΑΥΛΟΣ",10439,1,07/2023
"ΑΓ. ΠΕΤΡΟΣ",13675,2,07/2023
"ΑΓ. ΣΟΦΙΑ",18545,1,07/2023
ΑΓΓΕΛΟΠΟΥΛΟΥ,11251,1,07/2023
ΑΓΡΙΛΙΟΣ,17342,1,07/2023
ΑΔΑΜΕΣ,14564,1,07/2023
ΑΘΗΝΑ,10674,1,07/2023
ΑΙΑΝΤΕΙΟ,18903,1,07/2023
"ΑΚΑΔ. ΠΛΑΤΩΝΟΣ",10441,2,07/2023
ΑΛΩΝΙΑ,14562,4,07/2023
ΑΜΠΕΛΟΚΗΠΟΙ,11523,10,07/2023
ΑΜΠΕΛΟΚΗΠΟΙ,11527,15,07/2023
ΑΜΦΙΑΛΗ,18757,1,07/2023
ΑΜΦΙΘΕΑ,17563,1,07/2023
ΑΝΑΓΕΝΝΗΣΗ,12243,1,07/2023
ΑΝΑΚΑΣΑ,13562,5,07/2023
ΑΝΑΛΗΨΗ,18452,1,07/2023
ΑΝΘΕΩΝ,17343,4,07/2023
ΑΝΘΟΥΠΟΛΗ,12135,1,07/2023
ΑΝΟΙΞΗ,17342,2,07/2023
"ΑΝΩ ΚΟΡΥΔΑΛΛΟΣ",18121,2,07/2023
"ΑΝΩ ΚΥΨΕΛΗ",11363,5,07/2023
"ΑΝΩ ΚΥΨΕΛΗ",11364,1,07/2023
"ΑΝΩ ΠΑΤΗΣΙΑ",11143,1,07/2023
"ΑΝΩ ΠΕΤΡΑΛΩΝΑ",11851,1,07/2023
ΑΠΟΛΛΩΝ,18233,4,07/2023
"ΑΡ. ΙΕΡΑΣ ΟΔΟΥ",12241,3,07/2023
ΑΡΓΥΡΟΥΠΟΛΗ,16452,3,07/2023
ΑΡΜΕΝΙΚΑ,18450,1,07/2023
"ΑΣΠΡΑ ΧΩΜΑΤΑ",12135,2,07/2023
"ΑΣΠΡΑ ΧΩΜΑΤΑ",12137,2,07/2023
ΑΣΤΥΝΟΜΙΚΑ,16342,1,07/2023
ΑΣΥΡΜΑΤΟΣ,16672,1,07/2023
ΑΣΥΡΜΑΤΟΣ,17341,2,07/2023
ΒΑΘΗΣ,10438,12,07/2023
ΒΟΣΠΟΡΟΣ,16561,4,07/2023
ΒΟΣΠΟΡΟΣ,16675,11,07/2023
ΒΟΥΛΑ,16673,2,07/2023
ΒΟΥΛΙΑΓΜΕΝΗ,16671,1,07/2023
ΒΥΡΩΝΑΣ,16231,2,07/2023
ΒΥΡΩΝΑΣ,16232,1,07/2023
"Γ ΝΕΚΡΟΤΑΦΕΙΟ",18121,1,07/2023
ΓΕΡΑΚΑΣ,15344,6,07/2023
ΓΕΡΟΒΟΥΝΟ,13451,1,07/2023
"ΓΛΥΚΑ ΝΕΡΑ",15354,2,07/2023
ΓΛΥΦΑΔΑ,16561,3,07/2023
ΓΛΥΦΑΔΑ,16562,7,07/2023
ΓΛΥΦΑΔΑ,16674,5,07/2023
ΓΛΥΦΑΔΑ,16675,18,07/2023
ΓΟΥΒΑ,11631,12,07/2023
ΔΑΣΟΣ,12462,4,07/2023
"ΔΕΞ. ΙΕΡΑΣ ΟΔΟΥ",12242,1,07/2023
ΔΙΚΗΓΟΡΙΚΑ,16673,3,07/2023
ΔΡΑΠΕΤΣΩΝΑ,18648,4,07/2023
"ΕΘΝΙΚΗΣ ΑΝΤΙΣΤΑΣΗΣ",17342,9,07/2023
ΕΛΕΥΣΙΝΑ,19200,3,07/2023
ΕΛΗΑ,17343,2,07/2023
ΕΛΛΗΝΙΚΟ,16777,1,07/2023
ΕΥΓΕΝΕΙΑ,18755,1,07/2023
ΖΕΦΥΡΙ,13461,1,07/2023
ΖΩΓΡΑΦΟΥ,15771,1,07/2023
ΖΩΓΡΑΦΟΥ,15772,3,07/2023
ΖΩΓΡΑΦΟΥ,15773,12,07/2023
ΗΛΙΑΚΤΗ,18900,1,07/2023
ΗΛΙΟΥΠΟΛΗ,16341,1,07/2023
ΗΛΙΟΥΠΟΛΗ,16344,2,07/2023
ΗΛΙΟΥΠΟΛΗ,16345,1,07/2023
ΗΡΑΚΛΕΙΟ,14121,3,07/2023
ΗΡΑΚΛΕΙΟ,14122,3,07/2023
ΘΗΣΕΙΟ,11851,3,07/2023
ΘΡΑΚΟΜΑΚΕΔΟΝΕΣ,13676,3,07/2023
ΙΕΡΑΠΟΛΗ,12244,2,07/2023
ΙΛΙΟΝ,13121,2,07/2023
ΙΛΙΟΝ,13122,5,07/2023
ΙΛΙΟΝ,13123,1,07/2023
ΙΛΙΣΙΑ,11528,6,07/2023
ΚΑΛΑΜΑΚΙ,17455,12,07/2023
ΚΑΛΛΙΘΕΑ,17673,2,07/2023
ΚΑΛΛΙΘΕΑ,17676,5,07/2023
ΚΑΛΛΙΠΟΛΗ,18539,6,07/2023
ΚΑΛΟΓΡΕΖΑ,14234,1,07/2023
ΚΑΛΟΓΡΕΖΑ,14235,1,07/2023
ΚΑΛΥΜΝΙΩΝ,16673,8,07/2023
ΚΑΜΑΤΕΡΟ,13451,5,07/2023
ΚΑΜΕΝΑ,18452,1,07/2023
ΚΑΝΤΖΑ,15351,2,07/2023
ΚΑΡΒΕΛΑΣ,16674,2,07/2023
ΚΑΣΤΕΛΛΑ,18533,1,07/2023
"ΚΑΤΩ ΚΗΦΙΣΙΑ",14561,1,07/2023
"ΚΑΤΩ ΠΑΤΗΣΙΑ",11145,2,07/2023
"ΚΑΤΩ ΧΑΛΑΝΔΡΙ",15231,1,07/2023
ΚΕΝΤΡΟ,10437,1,07/2023
ΚΕΝΤΡΟ,10551,1,07/2023
ΚΕΝΤΡΟ,10562,3,07/2023
ΚΕΝΤΡΟ,10563,1,07/2023
ΚΕΝΤΡΟ,10671,8,07/2023
ΚΕΝΤΡΟ,10678,1,07/2023
ΚΕΝΤΡΟ,18535,1,07/2023
ΚΕΝΤΡΟ,18536,1,07/2023
ΚΗΠΟΥΠΟΛΗ,13231,1,07/2023
ΚΗΦΙΣΙΑ,14561,1,07/2023
ΚΗΦΙΣΙΑ,14563,1,07/2023
"ΚΗΦΙΣΙΑ Ν. ΕΡΥΘΡΑΙΑ",14564,1,07/2023
ΚΟΚΚΙΝΟΒΡΑΧΟΣ,18757,3,07/2023
ΚΟΚΚΙΝΟΠΟΥΛΟΥ,13561,2,07/2023
ΚΟΛΟΚΥΝΘΟΥ,10442,2,07/2023
ΚΟΛΟΚΥΝΘΟΥ,12132,1,07/2023
ΚΟΛΩΝΑΚΙ,10675,1,07/2023
ΚΟΛΩΝΟΣ,10444,47,07/2023
ΚΟΝΤΟΠΕΥΚΟ,15343,2,07/2023
ΚΟΡΥΔΑΛΛΟΣ,18121,2,07/2023
ΚΡΑΤΙΚΟ,18454,1,07/2023
ΚΥΘΗΡΙΩΝ,17456,1,07/2023
ΚΥΠΡΙΑΔΟΥ,11141,11,07/2023
ΛΑΘΕΑ,13678,2,07/2023
ΛΑΜΠΡΙΝΗ,11142,2,07/2023
ΛΑΧΑΝΑΓΟΡΑ,18346,4,07/2023
ΛΙΟΥΜΗ,12243,3,07/2023
ΛΥΚΟΒΡΥΣΗ,14123,11,07/2023
ΛΥΚΟΤΡΥΠΑ,13671,2,07/2023
ΜΑΓΟΥΛΑ,19018,1,07/2023
ΜΑΝΙΑΤΙΚΑ,18546,1,07/2023
ΜΑΡΟΥΣΙ,15122,5,07/2023
ΜΑΡΟΥΣΙ,15124,6,07/2023
ΜΑΡΟΥΣΙ,15125,1,07/2023
ΜΕΛΙΣΣΙΑ,15127,8,07/2023
ΜΕΣΟΝΥΧΙ,13675,2,07/2023
ΜΕΤΑΜΟΡΦΩΣΗ,14451,1,07/2023
ΜΕΤΑΜΟΡΦΩΣΗ,14452,2,07/2023
ΜΕΤΑΞΟΥΡΓΕΙΟ,10436,1,07/2023
ΜΙΧΕΛΗ,13123,2,07/2023
ΜΟΣΧΑΤΟ,18346,1,07/2023
ΜΠΟΣΚΙΖΑ,13679,1,07/2023
ΜΠΟΥΡΝΑΖΙ,12133,2,07/2023
"Ν. ΜΑΡΟΥΣΙ",15126,1,07/2023
"Ν. ΟΛΥΜΠΙΑ",13451,1,07/2023
"ΝΕΑ ΙΩΝΙΑ",14231,6,07/2023
"ΝΕΑ ΙΩΝΙΑ",14233,1,07/2023
"ΝΕΑ ΚΗΦΙΣΙΑ",14564,6,07/2023
"ΝΕΑ ΚΥΨΕΛΗ",11363,2,07/2023
"ΝΕΑ ΛΕΣΒΟΣ",15126,9,07/2023
"ΝΕΑ ΠΕΝΤΕΛΗ",15236,1,07/2023
"ΝΕΑ ΣΜΥΡΝΗ",17123,2,07/2023
"ΝΕΑ ΦΙΛΑΔΕΛΦΕΙΑ",14341,1,07/2023
ΝΕΑΠΟΛΗ,10680,6,07/2023
ΝΕΑΠΟΛΗ,13672,1,07/2023
ΝΕΑΠΟΛΗ,13674,1,07/2023
ΝΕΑΠΟΛΗ,13675,1,07/2023
ΝΕΑΠΟΛΗ,18452,2,07/2023
"ΝΕΟ ΦΑΛΗΡΟ",18547,1,07/2023
"ΝΕΟ ΨΥΧΙΚΟ",15451,3,07/2023
ΝΗΣΑΚΙ,16343,2,07/2023
ΝΙΚΑΙΑ,18451,2,07/2023
ΝΤΑΜΑΡΑΚΙΑ,12244,3,07/2023
ΞΕΝΟ,18900,1,07/2023
ΟΔΗΓΗΤΡΙΑ,18543,1,07/2023
ΠΑΓΚΡΑΤΙ,11633,10,07/2023
ΠΑΓΚΡΑΤΙ,11635,1,07/2023
"ΠΑΛ. ΜΕΝΙΔΙ",13673,1,07/2023
"ΠΑΛ. ΜΕΝΙΔΙ",13674,2,07/2023
"ΠΑΛΑΙΟ ΦΑΛΗΡΟ",17561,1,07/2023
ΠΑΛΑΤΙΑΝΗ,13121,7,07/2023
ΠΑΛΑΤΙΑΝΗ,13122,1,07/2023
ΠΑΝΟΡΑΜΑ,13679,1,07/2023
ΠΑΝΟΡΑΜΑ,16673,4,07/2023
ΠΑΠΑΓΟΣ,15669,2,07/2023
ΠΑΠΑΔΟΠΟΥΛΟΥ,18863,6,07/2023
ΠΑΠΑΣΤΡΑΤΟΥ,18545,1,07/2023
ΠΑΡΑΔΕΙΣΟΣ,15125,8,07/2023
ΠΑΡΑΔΕΙΣΟΣ,15126,1,07/2023
ΠΑΡΑΛΙΑ,18344,3,07/2023
ΠΑΤΗΜΑ,15238,6,07/2023
"ΠΕΔΙΟΝ ΑΡΕΩΣ",11474,1,07/2023
ΠΕΙΡΑΙΚΗ,18539,2,07/2023
ΠΕΝΤΕΛΗ,15236,1,07/2023
ΠΕΡΑΜΑ,18863,1,07/2023
ΠΕΡΙΣΣΟΣ,14232,1,07/2023
ΠΕΡΙΣΤΕΡΙ,12131,16,07/2023
ΠΕΡΙΣΤΕΡΙ,12132,2,07/2023
ΠΕΡΙΣΤΕΡΙ,12136,12,07/2023
ΠΕΡΙΣΤΕΡΙ,12137,4,07/2023
ΠΕΡΙΣΤΕΡΙΑ,18903,1,07/2023
ΠΕΤΡΟΥΠΟΛΗ,13231,6,07/2023
ΠΕΤΡΟΥΠΟΛΗ,13232,7,07/2023
ΠΕΥΚΑΚΙΑ,15343,5,07/2023
ΠΛΑΚΑ,10556,2,07/2023
ΠΛΑΚΑ,10557,1,07/2023
ΠΛΑΚΑ,10558,1,07/2023
ΠΛΑΚΑ,10563,5,07/2023
"ΠΛΑΤΕΙΑ ΕΛΕΥΘΕΡΙΑΣ",18120,1,07/2023
"ΠΛΑΤΕΙΑ ΚΟΛΙΑΤΣΟΥ",11255,1,07/2023
"ΠΡΟΦ. ΗΛΙΑΣ",18863,3,07/2023
ΡΑΔΙΟΦΩΝΙΑ,13122,1,07/2023
ΡΕΣΤΗ,18900,2,07/2023
ΣΑΡΩΝΙΚΟΣ,17343,1,07/2023
ΣΕΛΗΝΙΑ,18902,8,07/2023
ΣΕΠΟΛΙΑ,10443,2,07/2023
ΣΟΥΡΜΕΝΑ,16777,1,07/2023
ΣΤΑΜΑΤΑΚΗ,18233,1,07/2023
"ΣΥΝ ΚΑΡΠΑΘΙΩΝ",15126,1,07/2023
ΤΕΡΨΙΘΕΑ,16561,4,07/2023
ΤΕΡΨΙΘΕΑ,16562,8,07/2023
ΤΕΡΨΙΘΕΑ,18535,2,07/2023
ΤΟΥΡΚΟΛΙΜΑΝΟ,18533,1,07/2023
ΤΣΑΜΗ,18900,1,07/2023
ΥΜΗΤΤΟΣ,17237,1,07/2023
ΦΙΛΟΘΕΗ,15237,2,07/2023
ΦΙΛΟΠΑΠΠΟΥ,11741,2,07/2023
ΧΑΙΔΑΡΙ,12461,4,07/2023
ΧΑΛΑΝΔΡΙ,15231,3,07/2023
ΧΑΛΑΝΔΡΙ,15232,4,07/2023
ΧΑΛΑΝΔΡΙ,15233,6,07/2023
ΧΑΛΑΝΔΡΙ,15234,5,07/2023
ΧΑΛΚΗΔΩΝ,18756,1,07/2023
ΧΑΛΚΗΔΩΝ,18757,1,07/2023
ΧΑΡΑΥΓΗ,13673,2,07/2023
ΧΑΣΑΝΙ,16777,1,07/2023
ΧΟΛΑΡΓΟΣ,15561,13,07/2023
ΧΟΛΑΡΓΟΣ,15562,3,07/2023
ΨΥΡΡΗ,10554,1,07/2023
ΨΥΧΙΚΟ,15452,3,07/2023
ΚΕΝΤΡΟ,10432,1,07/2024
"ΠΛΑΤΕΙΑ ΒΙΚΤΩΡΙΑΣ",10433,1,07/2024
ΜΕΤΑΞΟΥΡΓΕΙΟ,10435,1,07/2024
ΜΕΤΑΞΟΥΡΓΕΙΟ,10436,1,07/2024
"ΑΓ. ΠΑΥΛΟΣ",10439,1,07/2024
"ΣΤΑΘΜΟΣ ΛΑΡΙΣΗΣ",10440,1,07/2024
"ΑΚΑΔ. ΠΛΑΤΩΝΟΣ",10441,2,07/2024
ΚΟΛΟΚΥΝΘΟΥ,10442,2,07/2024
ΚΟΛΟΚΥΝΘΟΥ,10443,3,07/2024
ΚΟΛΩΝΟΣ,10444,4,07/2024
"ΚΑΤΩ ΠΑΤΗΣΙΑ",10445,1,07/2024
"ΠΛΑΤΕΙΑ ΑΤΤΙΚΗΣ",10445,2,07/2024
"ΤΡΕΙΣ ΓΕΦΥΡΕΣ",10445,1,07/2024
"ΠΡΟΦ. ΔΑΝΙΗΛ",10447,3,07/2024
ΚΕΝΤΡΟ,10552,2,07/2024
ΨΥΡΡΗ,10554,2,07/2024
ΠΛΑΚΑ,10555,3,07/2024
ΚΕΝΤΡΟ,10559,1,07/2024
ΚΕΝΤΡΟ,10560,1,07/2024
ΚΕΝΤΡΟ,10561,1,07/2024
ΚΕΝΤΡΟ,10562,2,07/2024
ΚΕΝΤΡΟ,10563,1,07/2024
ΚΟΛΩΝΑΚΙ,10672,1,07/2024
ΚΟΛΩΝΑΚΙ,10676,2,07/2024
ΚΕΝΤΡΟ,10677,1,07/2024
ΚΕΝΤΡΟ,10679,1,07/2024
ΜΟΥΣΕΙΟ,10682,1,07/2024
"ΑΓ. ΕΛΕΥΘΕΡΙΟΣ",11145,1,07/2024
"ΤΡΕΙΣ ΓΕΦΥΡΕΣ",11145,1,07/2024
ΓΑΛΑΤΣΙ,11146,1,07/2024
ΓΑΛΑΤΣΙ,11147,1,07/2024
ΑΓΓΕΛΟΠΟΥΛΟΥ,11251,1,07/2024
"ΑΓ. ΝΙΚΟΛΑΟΣ",11253,1,07/2024
ΚΥΨΕΛΗ,11362,1,07/2024
"ΝΕΑ ΚΥΨΕΛΗ",11363,1,07/2024
"ΑΓ. ΖΩΝΗ",11364,1,07/2024
ΝΕΑΠΟΛΗ,11471,3,07/2024
ΝΕΑΠΟΛΗ,11472,2,07/2024
"ΝΕΑ ΚΥΨΕΛΗ",11476,5,07/2024
ΑΒΕΡΩΦ,11522,2,07/2024
ΕΛΛΗΝΟΡΩΣΩΝ,11525,6,07/2024
"ΕΡΥΘΡΟΣ ΣΤΑΥΡΟΣ",11526,1,07/2024
ΑΜΠΕΛΟΚΗΠΟΙ,11527,1,07/2024
ΓΟΥΒΑ,11631,3,07/2024
ΠΑΓΚΡΑΤΙ,11635,4,07/2024
ΜΑΚΡΥΓΙΑΝΝΗ,11636,1,07/2024
ΦΙΛΟΠΑΠΠΟΥ,11741,1,07/2024
ΚΥΝΟΣΑΡΓΟΥΣ,11743,10,07/2024
"ΑΓ. ΓΕΩΡΓΙΟΣ",11744,10,07/2024
"ΝΕΟΣ ΚΟΣΜΟΣ",11744,1,07/2024
"ΝΕΟΣ ΚΟΣΜΟΣ",11745,1,07/2024
ΘΗΣΕΙΟ,11851,3,07/2024
"ΑΝΩ ΠΕΤΡΑΛΩΝΑ",11852,2,07/2024
"ΚΑΤΩ ΠΕΤΡΑΛΩΝΑ",11853,8,07/2024
ΓΚΑΖΟΧΩΡΙ,11854,1,07/2024
ΒΟΤΑΝΙΚΟΣ,11855,1,07/2024
ΠΕΡΙΣΤΕΡΙ,12131,11,07/2024
"Ν. ΚΟΛΟΚΥΝΘΟΥ",12132,4,07/2024
ΠΕΡΙΣΤΕΡΙ,12132,8,07/2024
ΜΠΟΥΡΝΑΖΙ,12133,6,07/2024
ΠΕΡΙΣΤΕΡΙ,12134,8,07/2024
ΑΝΘΟΥΠΟΛΗ,12135,5,07/2024
"ΑΣΠΡΑ ΧΩΜΑΤΑ",12135,5,07/2024
ΠΕΡΙΣΤΕΡΙ,12136,33,07/2024
"ΑΓ. ΙΕΡΟΘΕΟΣ",12137,3,07/2024
"ΑΣΠΡΑ ΧΩΜΑΤΑ",12137,5,07/2024
ΠΕΡΙΣΤΕΡΙ,12137,1,07/2024
"ΑΡ. ΙΕΡΑΣ ΟΔΟΥ",12241,9,07/2024
ΒΙΑΜΑΞ,12242,3,07/2024
"ΔΕΞ. ΙΕΡΑΣ ΟΔΟΥ",12242,28,07/2024
ΑΙΓΑΛΕΩ,12243,1,07/2024
ΑΝΑΓΕΝΝΗΣΗ,12243,1,07/2024
"ΑΝΩ ΛΙΟΥΜΗ",12243,1,07/2024
ΙΕΡΑΠΟΛΗ,12243,1,07/2024
ΛΙΟΥΜΗ,12243,4,07/2024
ΙΕΡΑΠΟΛΗ,12244,1,07/2024
ΝΤΑΜΑΡΑΚΙΑ,12244,7,07/2024
"ΑΡ. ΕΛ. ΒΕΝΙΖΕΛΟΥ",12351,1,07/2024
"ΔΕΞ. ΕΛ. ΒΕΝΙΖΕΛΟΥ",12351,5,07/2024
ΧΑΙΔΑΡΙ,12461,8,07/2024
ΔΑΣΟΣ,12462,7,07/2024
ΙΛΙΟΝ,13121,14,07/2024
ΠΑΛΑΤΙΑΝΗ,13121,4,07/2024
ΙΛΙΟΝ,13122,9,07/2024
ΙΛΙΟΝ,13123,2,07/2024
ΜΙΧΕΛΗ,13123,1,07/2024
ΠΕΤΡΟΥΠΟΛΗ,13231,8,07/2024
ΜΙΧΕΛΗ,13232,4,07/2024
ΠΕΤΡΟΥΠΟΛΗ,13232,10,07/2024
"ΑΓ. ΝΙΚΟΛΑΟΣ",13451,2,07/2024
ΚΑΜΑΤΕΡΟ,13451,2,07/2024
"ΑΓ. ΑΝΑΡΓΥΡΟΙ",13561,4,07/2024
ΑΝΑΚΑΣΑ,13562,3,07/2024
"ΠΥΡΓΟΣ ΒΑΣΙΛΙΣΣΗΣ",13562,1,07/2024
"ΑΓ. ΑΝΝΑ",13671,2,07/2024
"ΑΓ. ΔΗΜΗΤΡΙΟΣ",13672,1,07/2024
"ΑΓ. ΜΑΥΡΑ",13672,2,07/2024
"ΑΓ. ΠΕΤΡΟΣ",13672,1,07/2024
ΠΛΑΤΩΝΑΣ,13672,1,07/2024
ΧΑΜΟΜΗΛΟ,13673,1,07/2024
ΒΑΡΥΜΠΟΜΠΗ,13674,1,07/2024
"ΠΑΛ. ΜΕΝΙΔΙ",13674,9,07/2024
"ΑΓ. ΠΕΤΡΟΣ",13675,2,07/2024
ΜΕΣΟΝΥΧΙ,13675,2,07/2024
ΝΕΑΠΟΛΗ,13675,1,07/2024
ΠΛΑΤΩΝΑΣ,13675,1,07/2024
ΘΡΑΚΟΜΑΚΕΔΟΝΕΣ,13676,8,07/2024
"ΑΓ. ΠΕΤΡΟΣ",13678,1,07/2024
ΚΟΝΤΟΧΕΡΙ,13678,1,07/2024
ΛΑΘΕΑ,13678,2,07/2024
ΑΓΡΙΛΕΖΑ,13679,1,07/2024
ΑΜΥΓΔΑΛΕΖΑ,13679,1,07/2024
"ΜΕΓ. ΣΧΙΝΑ",13679,1,07/2024
ΜΠΟΣΚΙΖΑ,13679,1,07/2024
ΗΡΑΚΛΕΙΟ,14121,2,07/2024
ΗΡΑΚΛΕΙΟ,14122,6,07/2024
ΛΥΚΟΒΡΥΣΗ,14123,4,07/2024
"ΝΕΑ ΙΩΝΙΑ",14231,6,07/2024
ΠΕΡΙΣΣΟΣ,14232,5,07/2024
"ΝΕΑ ΙΩΝΙΑ",14233,1,07/2024
ΝΕΑΠΟΛΗ,14233,6,07/2024
ΣΑΦΡΑΜΠΟΛΙΣ,14233,1,07/2024
ΚΑΛΟΓΡΕΖΑ,14234,2,07/2024
ΑΛΣΟΥΠΟΛΗ,14235,2,07/2024
"ΝΕΑ ΜΑΔΥΤΟΣ",14342,6,07/2024
"ΝΕΑ ΧΑΛΚΗΔΟΝΑ",14343,1,07/2024
ΜΕΤΑΜΟΡΦΩΣΗ,14451,3,07/2024
ΜΕΤΑΜΟΡΦΩΣΗ,14452,4,07/2024
"ΚΑΤΩ ΚΗΦΙΣΙΑ",14561,1,07/2024
ΚΗΦΙΣΙΑ,14561,1,07/2024
ΚΕΦΑΛΑΡΙ,14562,2,07/2024
ΚΗΦΙΣΙΑ,14562,2,07/2024
ΚΗΦΙΣΙΑ,14563,7,07/2024
ΚΟΚΚΙΝΑΡΑΣ,14563,3,07/2024
ΠΟΛΙΤΕΙΑ,14563,1,07/2024
ΑΔΑΜΕΣ,14564,3,07/2024
ΚΑΛΥΦΤΑΚΗ,14564,1,07/2024
"ΚΑΤΩ ΚΗΦΙΣΙΑ",14564,2,07/2024
"ΝΕΑ ΚΗΦΙΣΙΑ",14564,1,07/2024
ΠΕΥΚΗ,15121,8,07/2024
ΜΑΡΟΥΣΙ,15122,15,07/2024
"Ν. ΜΑΡΟΥΣΙ",15123,1,07/2024
"ΑΓ. ΘΩΜΑΣ",15124,1,07/2024
ΣΩΡΟΥ,15125,3,07/2024
ΜΕΛΙΣΣΙΑ,15127,8,07/2024
"ΚΑΤΩ ΧΑΛΑΝΔΡΙ",15231,3,07/2024
ΧΑΛΑΝΔΡΙ,15231,2,07/2024
ΧΑΛΑΝΔΡΙ,15232,6,07/2024
ΧΑΛΑΝΔΡΙ,15233,2,07/2024
ΧΑΛΑΝΔΡΙ,15234,2,07/2024
ΒΡΙΛΗΣΣΙΑ,15235,1,07/2024
ΠΕΝΤΕΛΗ,15236,2,07/2024
ΠΑΤΗΜΑ,15238,5,07/2024
"ΝΕΑ ΠΕΝΤΕΛΗ",15239,1,07/2024
"ΑΓ. ΠΑΡΑΣΚΕΥΗ",15341,1,07/2024
"ΑΓ. ΠΑΡΑΣΚΕΥΗ",15342,4,07/2024
"ΑΓ. ΠΑΡΑΣΚΕΥΗ",15343,2,07/2024
ΚΟΝΤΟΠΕΥΚΟ,15343,2,07/2024
ΠΑΡΑΔΕΙΣΟΣ,15343,1,07/2024
ΠΕΥΚΑΚΙΑ,15343,7,07/2024
ΚΑΝΤΖΑ,15351,1,07/2024
ΠΑΛΛΗΝΗ,15351,10,07/2024
"ΓΛΥΚΑ ΝΕΡΑ",15354,6,07/2024
"ΝΕΟ ΨΥΧΙΚΟ",15451,17,07/2024
ΨΥΧΙΚΟ,15452,2,07/2024
ΧΟΛΑΡΓΟΣ,15561,1,07/2024
ΠΑΠΑΓΟΣ,15669,16,07/2024
ΖΩΓΡΑΦΟΥ,15771,1,07/2024
ΖΩΓΡΑΦΟΥ,15772,2,07/2024
ΚΑΙΣΑΡΙΑΝΗ,16121,1,07/2024
ΚΑΙΣΑΡΙΑΝΗ,16122,7,07/2024
ΒΥΡΩΝΑΣ,16231,1,07/2024
ΒΥΡΩΝΑΣ,16232,1,07/2024
ΜΕΤΑΜΟΡΦΩΣΗ,16232,7,07/2024
"ΖΩΟΔΟΧΟΥ ΠΗΓΗΣ",16233,1,07/2024
ΗΛΙΟΥΠΟΛΗ,16341,10,07/2024
ΗΛΙΟΥΠΟΛΗ,16342,3,07/2024
"ΑΓ. ΜΑΡΙΝΑ",16344,6,07/2024
ΗΛΙΟΥΠΟΛΗ,16344,4,07/2024
"ΑΓ. ΜΑΡΙΝΑ",16345,1,07/2024
ΗΛΙΟΥΠΟΛΗ,16345,1,07/2024
ΚΑΝΑΡΙΑ,16345,2,07/2024
"ΑΓ. ΚΩΝΣΤΑΝΤΙΝΟΣ",16346,7,07/2024
ΗΛΙΟΥΠΟΛΗ,16346,3,07/2024
ΑΡΓΥΡΟΥΠΟΛΗ,16451,12,07/2024
ΑΡΓΥΡΟΥΠΟΛΗ,16452,5,07/2024
ΧΑΣΑΝΙ,16452,1,07/2024
ΓΛΥΦΑΔΑ,16561,2,07/2024
"ΣΑΜΙΩΝ ΙΚΑΡΙΩΝ",16561,1,07/2024
ΤΕΡΨΙΘΕΑ,16561,8,07/2024
ΓΛΥΦΑΔΑ,16562,2,07/2024
ΤΕΡΨΙΘΕΑ,16562,17,07/2024
ΒΟΥΛΙΑΓΜΕΝΗ,16671,1,07/2024
ΑΣΥΡΜΑΤΟΣ,16672,1,07/2024
ΒΑΡΗ,16672,1,07/2024
ΒΑΡΚΙΖΑ,16672,9,07/2024
ΒΛΑΧΙΚΑ,16672,2,07/2024
ΜΗΛΑΔΕΖΑ,16672,1,07/2024
ΑΥΤΟΚΙΝΗΤΙΣΤΩΝ,16673,1,07/2024
ΒΟΥΛΑ,16673,21,07/2024
ΔΙΚΗΓΟΡΙΚΑ,16673,6,07/2024
ΚΑΛΥΜΝΙΩΝ,16673,10,07/2024
ΠΑΝΟΡΑΜΑ,16673,2,07/2024
ΠΗΓΑΔΑΚΙΑ,16673,1,07/2024
ΓΛΥΦΑΔΑ,16674,9,07/2024
ΓΛΥΦΑΔΑ,16675,2,07/2024
ΔΙΚΗΓΟΡΙΚΑ,16675,4,07/2024
ΕΛΛΗΝΙΚΟ,16777,1,07/2024
ΣΟΥΡΜΕΝΑ,16777,6,07/2024
"ΝΕΑ ΣΜΥΡΝΗ",17121,15,07/2024
"ΝΕΑ ΣΜΥΡΝΗ",17122,15,07/2024
"ΝΕΑ ΣΜΥΡΝΗ",17124,11,07/2024
ΔΑΦΝΗ,17234,3,07/2024
"ΑΓ. ΒΑΡΒΑΡΑ",17235,1,07/2024
ΔΑΦΝΗ,17235,3,07/2024
ΧΑΡΑΥΓΗ,17236,1,07/2024
"ΑΓ. ΔΗΜΗΤΡΙΟΣ",17341,1,07/2024
ΑΣΥΡΜΑΤΟΣ,17341,2,07/2024
ΣΑΡΩΝΙΚΟΣ,17341,4,07/2024
"ΑΓ. ΔΗΜΗΤΡΙΟΣ",17342,3,07/2024
ΑΝΟΙΞΗ,17342,4,07/2024
"ΕΘΝΙΚΗΣ ΑΝΤΙΣΤΑΣΗΣ",17342,2,07/2024
ΣΟΥΛΙ,17342,1,07/2024
"ΑΓ. ΔΗΜΗΤΡΙΟΣ",17343,2,07/2024
ΑΝΘΕΩΝ,17343,1,07/2024
ΕΛΗΑ,17343,2,07/2024
ΑΛΙΜΟΣ,17455,6,07/2024
ΚΑΛΑΜΑΚΙ,17455,13,07/2024
"ΑΓ. ΠΑΝΤΕΛΕΗΜΩΝ",17456,11,07/2024
ΕΦΟΡΙΑΚΩΝ,17456,1,07/2024
"ΠΑΛΑΙΟ ΦΑΛΗΡΟ",17561,3,07/2024
"ΑΓ. ΒΑΡΒΑΡΑ",17563,1,07/2024
ΑΜΦΙΘΕΑ,17563,1,07/2024
ΚΑΛΛΙΘΕΑ,17672,14,07/2024
ΧΑΡΟΚΟΠΟΥ,17672,1,07/2024
ΤΖΙΤΖΙΦΙΕΣ,17673,1,07/2024
ΤΖΙΤΖΙΦΙΕΣ,17674,27,07/2024
ΚΑΛΛΙΘΕΑ,17675,2,07/2024
ΤΖΙΤΖΙΦΙΕΣ,17675,5,07/2024
ΚΑΛΛΙΘΕΑ,17676,3,07/2024
"ΑΓ. ΒΑΡΒΑΡΑ",18120,1,07/2024
ΚΟΡΥΔΑΛΛΟΣ,18120,1,07/2024
"ΠΛΑΤΕΙΑ ΕΛΕΥΘΕΡΙΑΣ",18120,1,07/2024
"ΑΝΩ ΚΟΡΥΔΑΛΛΟΣ",18121,1,07/2024
ΚΟΡΥΔΑΛΛΟΣ,18121,2,07/2024
ΤΑΞΙΑΡΧΕΣ,18121,1,07/2024
"ΑΝΩ ΚΟΡΥΔΑΛΛΟΣ",18122,2,07/2024
ΚΟΡΥΔΑΛΛΟΣ,18122,2,07/2024
ΜΕΤΑΜΟΡΦΩΣΗ,18344,1,07/2024
ΠΑΡΑΛΙΑ,18344,6,07/2024
ΓΗΠΕΔΟ,18345,2,07/2024
ΠΑΡΑΛΙΑ,18345,1,07/2024
"ΑΓ. ΝΙΚΟΛΑΟΣ",18450,1,07/2024
ΑΡΜΕΝΙΚΑ,18450,6,07/2024
ΝΙΚΑΙΑ,18450,1,07/2024
"ΟΣΙΑ ΞΕΝΗ",18450,3,07/2024
ΠΕΡΙΒΟΛΑΚΙ,18450,6,07/2024
ΝΙΚΑΙΑ,18451,1,07/2024
ΝΕΑΠΟΛΗ,18452,8,07/2024
ΚΡΗΝΗ,18453,1,07/2024
ΠΕΡΙΒΟΛΑΚΙ,18453,1,07/2024
"ΑΣΠΡΑ ΧΩΜΑΤΑ",18454,1,07/2024
"Γ ΝΕΚΡΟΤΑΦΕΙΟ",18454,2,07/2024
"ΛΑΚΚΑ ΒΑΒΟΥΛΑ",18532,2,07/2024
"ΠΡΟΦ. ΗΛΙΑΣ",18532,1,07/2024
"ΠΡΟΦ. ΗΛΙΑΣ",18533,1,07/2024
ΕΥΑΓΓΕΛΙΣΤΡΙΑ,18534,6,07/2024
ΠΑΣΑΛΙΜΑΝΙ,18534,1,07/2024
"ΠΡΟΦ. ΗΛΙΑΣ",18534,1,07/2024
ΚΕΝΤΡΟ,18535,4,07/2024
ΖΑΝΕΙΟ,18536,6,07/2024
ΒΡΥΩΝΗ,18537,2,07/2024
"ΑΓ. ΝΕΙΛΟΣ",18539,1,07/2024
ΚΑΛΛΙΠΟΛΗ,18539,3,07/2024
ΡΕΤΣΙΝΑ,18540,1,07/2024
ΑΠΟΛΛΩΝ,18541,1,07/2024
"Π. ΚΟΚΚΙΝΙΑ",18542,1,07/2024
"ΑΓ. ΣΟΦΙΑ",18543,1,07/2024
ΚΑΡΑΒΑΣ,18543,3,07/2024
ΜΑΝΙΑΤΙΚΑ,18543,4,07/2024
"ΑΓ. ΣΟΦΙΑ",18544,2,07/2024
ΜΑΝΙΑΤΙΚΑ,18544,1,07/2024
ΠΑΠΑΣΤΡΑΤΟΥ,18545,17,07/2024
ΜΑΝΙΑΤΙΚΑ,18546,1,07/2024
ΠΑΠΑΣΤΡΑΤΟΥ,18546,2,07/2024
"ΝΕΟ ΦΑΛΗΡΟ",18547,1,07/2024
ΔΡΑΠΕΤΣΩΝΑ,18648,2,07/2024
"ΑΓ. ΓΕΩΡΓΙΟΣ",18755,1,07/2024
ΑΝΑΣΤΑΣΗ,18755,3,07/2024
ΕΥΓΕΝΕΙΑ,18755,2,07/2024
ΚΟΠΗ,18755,8,07/2024
"ΑΓ. ΓΕΩΡΓΙΟΣ",18756,2,07/2024
ΤΑΜΠΟΥΡΙΑ,18756,1,07/2024
"ΑΓ. ΜΗΝΑΣ",18757,2,07/2024
ΑΜΦΙΑΛΗ,18757,2,07/2024
ΚΟΚΚΙΝΟΒΡΑΧΟΣ,18757,3,07/2024
"ΑΓ. ΝΙΚΟΛΑΟΣ",18863,2,07/2024
"ΝΕΟ ΙΚΟΝΙΟ",18863,3,07/2024
"ΠΡΟΦ. ΗΛΙΑΣ",18863,3,07/2024
ΑΛΩΝΙΑ,18900,1,07/2024
ΒΡΟΝΤΟΥ,18900,1,07/2024
ΚΑΤΣΟΥΛΗ,18900,1,07/2024
ΜΠΟΣΧΟΥ,18900,1,07/2024
ΡΕΣΤΗ,18900,1,07/2024
ΤΣΑΜΗ,18900,2,07/2024
ΑΜΠΕΛΑΚΙΑ,18902,1,07/2024
"ΑΜΠΕΛΑΚΙΑ ΚΥΝΟΣΟΥΡΑ",18902,1,07/2024
ΣΕΛΗΝΙΑ,18902,1,07/2024
"ΝΕΑ ΠΕΡΑΜΟΣ",19006,3,07/2024
ΜΑΓΟΥΛΑ,19018,1,07/2024
"ΓΕΡΜΑΝΙΚΟΣ ΔΡΟΜΟΣ ΒΟΡΕΙΟ",19100,5,07/2024
"ΓΗΠΕΔΟ-ΝΕΟ ΜΕΛΙ",19100,7,07/2024
ΚΟΥΜΙΝΔΡΙ,19100,1,07/2024
"ΜΕΓΑΡΑ ΔΥΤΙΚΗΣ ΑΤΤΙΚΗΣ",19100,6,07/2024
ΕΛΕΥΣΙΝΑ,19200,8,07/2024
ΑΣΠΡΟΠΥΡΓΟΣ,19300,5,07/2024
ΝΕΟΚΤΙΣΤΑ,19300,1,07/2024
"ΑΓ. ΑΝΑΡΓΥΡΟΙ",13561,4,08/2023
"ΑΓ. ΑΝΝΑ",13671,2,08/2023
"ΑΓ. ΒΑΡΒΑΡΑ",18120,3,08/2023
"ΑΓ. ΓΕΩΡΓΙΟΣ ΣΤΕΝΟΥ",18900,1,08/2023
"ΑΓ. ΓΡΗΓΟΡΟΥΣΑ",12461,1,08/2023
"ΑΓ. ΔΗΜΗΤΡΙΟΣ",17341,1,08/2023
"ΑΓ. ΔΗΜΗΤΡΙΟΣ",17343,1,08/2023
"ΑΓ. ΕΛΕΟΥΣΑ",17673,1,08/2023
"ΑΓ. Ι. ΡΕΝΤΗΣ",18233,18,08/2023
"ΑΓ. ΙΕΡΟΘΕΟΣ",12137,1,08/2023
"ΑΓ. ΜΑΡΙΝΑ",16343,1,08/2023
"ΑΓ. ΜΑΡΙΝΑ",16345,7,08/2023
"ΑΓ. ΜΗΝΑΣ",18758,2,08/2023
"ΑΓ. ΝΙΚΟΛΑΟΣ",16674,1,08/2023
"ΑΓ. ΝΙΚΟΛΑΟΣ",18450,2,08/2023
"ΑΓ. ΝΙΚΟΛΑΟΣ",18863,1,08/2023
"ΑΓ. ΝΙΚΟΛΑΟΣ",18900,2,08/2023
"ΑΓ. ΠΑΝΤΕΛΕΗΜΟΝΑΣ",18756,1,08/2023
"ΑΓ. ΠΑΝΤΕΛΕΗΜΩΝ",17456,1,08/2023
"ΑΓ. ΠΑΡΑΣΚΕΥΗ",13679,4,08/2023
"ΑΓ. ΠΑΡΑΣΚΕΥΗ",15341,17,08/2023
"ΑΓ. ΠΑΡΑΣΚΕΥΗ",15342,1,08/2023
"ΑΓ. ΠΑΡΑΣΚΕΥΗ",15343,1,08/2023
ΑΔΑΜΕΣ,14564,2,08/2023
ΑΙΓΑΛΕΩ,12243,1,08/2023
"ΑΚΑΔ. ΠΛΑΤΩΝΟΣ",10442,2,08/2023
ΑΛΙΜΟΣ,17455,7,08/2023
ΑΛΣΟΥΠΟΛΗ,14235,1,08/2023
ΑΛΩΝΙΑ,14562,1,08/2023
ΑΜΠΕΛΑΚΙΑ,18902,1,08/2023
ΑΜΦΙΑΛΗ,18757,1,08/2023
ΑΜΦΙΘΕΑ,17564,3,08/2023
ΑΝΑΓΕΝΝΗΣΗ,12243,1,08/2023
ΑΝΑΚΑΣΑ,13562,2,08/2023
ΑΝΟΙΞΗ,17342,1,08/2023
"ΑΝΩ ΚΟΡΥΔΑΛΛΟΣ",18122,2,08/2023
"ΑΝΩ ΚΥΨΕΛΗ",11364,1,08/2023
"ΑΝΩ ΠΕΤΡΑΛΩΝΑ",11852,1,08/2023
"ΑΡ. ΕΛ. ΒΕΝΙΖΕΛΟΥ",12351,1,08/2023
"ΑΡ. ΙΕΡΑΣ ΟΔΟΥ",12241,2,08/2023
ΑΡΓΥΡΟΥΠΟΛΗ,16451,4,08/2023
ΑΡΜΕΝΙΚΑ,18450,1,08/2023
"ΑΣΠΡΑ ΧΩΜΑΤΑ",12135,2,08/2023
"ΑΣΠΡΑ ΧΩΜΑΤΑ",12137,3,08/2023
"ΑΣΠΡΑ ΧΩΜΑΤΑ",18454,1,08/2023
ΑΣΠΡΟΠΥΡΓΟΣ,19300,3,08/2023
ΑΣΤΥΝΟΜΙΚΑ,16342,2,08/2023
ΑΣΥΡΜΑΤΟΣ,16672,1,08/2023
ΑΥΛΙΖΑ,13672,1,08/2023
"ΒΕΙΚΟΥ ΜΑΚΡΥΓΙΑΝΝΗ",11741,1,08/2023
ΒΟΥΛΑ,16673,15,08/2023
ΒΥΡΩΝΑΣ,16232,5,08/2023
ΓΑΛΑΤΣΙ,11147,1,08/2023
ΓΚΥΖΗ,11476,1,08/2023
"ΓΛΥΚΑ ΝΕΡΑ",15354,5,08/2023
ΓΛΥΦΑΔΑ,16561,4,08/2023
ΓΛΥΦΑΔΑ,16562,8,08/2023
ΓΛΥΦΑΔΑ,16674,4,08/2023
ΔΑΦΝΗ,17234,1,08/2023
ΔΑΦΝΗ,17235,2,08/2023
"ΔΕΞ. ΙΕΡΑΣ ΟΔΟΥ",12242,2,08/2023
ΔΙΚΗΓΟΡΙΚΑ,16673,2,08/2023
ΔΡΑΠΕΤΣΩΝΑ,18648,2,08/2023
"ΕΘΝΙΚΗΣ ΑΝΤΙΣΤΑΣΗΣ",17342,7,08/2023
ΕΛΕΥΣΙΝΑ,19200,1,08/2023
ΕΛΛΗΝΙΚΟ,16777,1,08/2023
ΕΛΛΗΝΟΡΩΣΩΝ,11525,2,08/2023
ΕΥΓΕΝΕΙΑ,18755,3,08/2023
ΕΦΟΡΙΑΚΩΝ,17456,2,08/2023
ΖΩΓΡΑΦΟΥ,15772,1,08/2023
ΗΛΙΟΥΠΟΛΗ,16345,1,08/2023
ΘΥΜΑΡΑΚΙΑ,10445,1,08/2023
ΙΕΡΑΠΟΛΗ,12244,1,08/2023
ΙΛΙΟΝ,13121,5,08/2023
ΙΛΙΟΝ,13122,4,08/2023
ΙΛΙΟΝ,13123,1,08/2023
ΚΑΛΑΜΑΚΙ,17455,1,08/2023
ΚΑΛΑΜΑΚΙ,17456,2,08/2023
ΚΑΛΥΜΝΙΩΝ,16673,1,08/2023
ΚΑΜΑΤΕΡΟ,13451,2,08/2023
ΚΑΡΒΕΛΑΣ,16674,1,08/2023
"ΚΑΤΩ ΧΑΛΑΝΔΡΙ",15231,1,08/2023
ΚΕΝΤΡΟ,10432,12,08/2023
ΚΕΝΤΡΟ,10552,1,08/2023
ΚΕΝΤΡΟ,10560,1,08/2023
ΚΕΝΤΡΟ,10563,1,08/2023
ΚΕΝΤΡΟ,10677,1,08/2023
ΚΕΝΤΡΟ,10679,1,08/2023
ΚΕΦΑΛΑΡΙ,14562,2,08/2023
ΚΕΦΑΛΛΗΝΙΑΣ,11251,1,08/2023
ΚΗΦΙΣΙΑ,14561,1,08/2023
ΚΗΦΙΣΙΑ,14562,1,08/2023
ΚΗΦΙΣΙΑ,14564,1,08/2023
"ΚΟΚ. ΜΥΛΟΣ",14342,4,08/2023
ΚΟΛΟΚΥΝΘΟΥ,10442,2,08/2023
ΚΟΛΩΝΑΚΙ,10673,1,08/2023
ΚΟΛΩΝΟΣ,10444,1,08/2023
ΚΟΝΤΟΠΕΥΚΟ,15343,28,08/2023
"ΚΟΡΜΠΙ Ν. ΠΑΓΚΡΑΤΙ",16672,1,08/2023
ΚΡΗΝΗ,18453,2,08/2023
ΚΡΗΤΙΚΑ,18534,1,08/2023
ΚΥΠΡΙΑΔΟΥ,11141,3,08/2023
ΚΥΨΕΛΗ,11257,2,08/2023
"ΛΑΚΚΑ ΒΑΒΟΥΛΑ",18532,1,08/2023
ΛΕΥΚΑ,18540,5,08/2023
ΛΕΥΚΑ,18543,8,08/2023
ΛΙΟΥΜΗ,12243,1,08/2023
ΛΥΚΟΒΡΥΣΗ,14123,4,08/2023
ΛΥΚΟΤΡΥΠΑ,13671,2,08/2023
ΜΑΝΙΑΤΙΚΑ,18450,1,08/2023
ΜΑΡΟΥΣΙ,15122,1,08/2023
"ΜΕΓ. ΣΧΙΝΑ",13679,1,08/2023
ΜΕΛΙΣΣΙΑ,15127,4,08/2023
ΜΕΤΑΜΟΡΦΩΣΗ,14451,2,08/2023
ΜΕΤΑΜΟΡΦΩΣΗ,14452,1,08/2023
ΜΕΤΑΜΟΡΦΩΣΗ,16232,1,08/2023
ΜΕΤΑΞΟΥΡΓΕΙΟ,10437,1,08/2023
ΜΕΤΣ,11636,1,08/2023
ΜΗΛΑΔΕΖΑ,16672,1,08/2023
ΜΙΧΕΛΗ,13123,2,08/2023
ΜΟΥΣΕΙΟ,10682,1,08/2023
ΜΠΟΥΡΝΑΖΙ,12133,5,08/2023
"Ν. ΚΟΛΟΚΥΝΘΟΥ",12132,2,08/2023
"Ν. ΜΑΡΟΥΣΙ",15126,2,08/2023
"ΝΕΑ ΙΩΝΙΑ",14231,3,08/2023
"ΝΕΑ ΚΗΦΙΣΙΑ",14561,1,08/2023
"ΝΕΑ ΚΗΦΙΣΙΑ",14564,5,08/2023
"ΝΕΑ ΜΑΔΥΤΟΣ",14342,1,08/2023
"ΝΕΑ ΠΕΝΤΕΛΗ",15236,2,08/2023
"ΝΕΑ ΣΜΥΡΝΗ",17123,1,08/2023
"ΝΕΑ ΦΙΛΟΘΕΗ",11524,7,08/2023
"ΝΕΑ ΧΑΛΚΗΔΟΝΑ",14343,1,08/2023
ΝΕΑΠΟΛΗ,18452,6,08/2023
"ΝΕΟ ΦΑΛΗΡΟ",18547,15,08/2023
"ΝΕΟ ΨΥΧΙΚΟ",15451,5,08/2023
ΝΤΑΜΑΡΑΚΙΑ,12244,2,08/2023
"ΟΛΥΜΠΙΑΚΟ ΧΩΡΙΟ",13677,1,08/2023
"ΟΣΙΑ ΞΕΝΗ",18451,1,08/2023
"ΟΣΙΑ ΞΕΝΗ",18453,1,08/2023
"Π. ΗΡΑΚΛΕΙΟ",14122,1,08/2023
"ΠΑΙΔΙΚΗ ΣΤΕΓΗ",18454,1,08/2023
"ΠΑΛ. ΜΕΝΙΔΙ",13674,1,08/2023
"ΠΑΛΑΙΟ ΦΑΛΗΡΟ",17562,1,08/2023
ΠΑΛΟΥΚΙΑ,18901,1,08/2023
ΠΑΝΟΡΑΜΑ,16673,1,08/2023
ΠΑΠΑΣΤΡΑΤΟΥ,18545,2,08/2023
ΠΑΡΑΔΕΙΣΟΣ,15125,1,08/2023
ΠΑΡΑΔΕΙΣΟΣ,15343,1,08/2023
ΠΑΤΗΜΑ,15238,2,08/2023
ΠΕΡΙΒΟΛΑΚΙ,18454,1,08/2023
ΠΕΡΙΣΤΕΡΙ,12131,2,08/2023
ΠΕΡΙΣΤΕΡΙ,12132,1,08/2023
ΠΕΡΙΣΤΕΡΙ,12135,2,08/2023
ΠΕΡΙΣΤΕΡΙ,12136,7,08/2023
ΠΕΡΙΣΤΕΡΙ,12137,1,08/2023
ΠΕΤΡΟΥΠΟΛΗ,13231,6,08/2023
ΠΕΤΡΟΥΠΟΛΗ,13232,5,08/2023
ΠΕΥΚΑΚΙΑ,15343,6,08/2023
ΠΛΑΚΑ,10563,1,08/2023
"ΠΛΑΤΕΙΑ ΑΜΕΡΙΚΗΣ",11252,1,08/2023
"ΠΛΑΤΕΙΑ ΚΑΝΙΓΓΟΣ",10682,1,08/2023
ΠΟΛΥΔΡΟΣΟ,15125,2,08/2023
"ΠΡΟΦ. ΗΛΙΑΣ",18863,2,08/2023
ΡΑΔΙΟΦΩΝΙΑ,13451,1,08/2023
ΡΕΣΤΗ,18900,1,08/2023
ΡΙΖΟΥΠΟΛΗ,11142,1,08/2023
ΣΕΛΗΝΙΑ,18902,1,08/2023
ΣΙΔΕΡΑ,19300,2,08/2023
"ΣΥΝ ΚΑΡΠΑΘΙΩΝ",15126,7,08/2023
ΣΧΙΣΤΟ,18122,1,08/2023
ΤΑΞΙΑΡΧΕΣ,18121,1,08/2023
ΤΕΡΨΙΘΕΑ,16561,2,08/2023
ΤΕΡΨΙΘΕΑ,16562,4,08/2023
ΤΖΙΤΖΙΦΙΕΣ,17674,1,08/2023
ΤΣΑΚΟΣ,15341,2,08/2023
ΧΑΙΔΑΡΙ,12461,1,08/2023
ΧΑΛΑΝΔΡΙ,15234,9,08/2023
ΧΑΛΚΗΔΟΝΑ,18450,1,08/2023
ΧΑΡΑΥΓΗ,17236,1,08/2023
ΨΥΡΡΗ,10553,9,08/2023
ΨΥΧΙΚΟ,15452,5,08/2023
ΑΒΕΡΩΦ,11522,10,08/2024
"ΑΓ. ΑΘΑΝΑΣΙΟΣ",13672,1,08/2024
"ΑΓ. ΑΝΤΩΝΙΟΣ",18758,2,08/2024
"ΑΓ. ΒΑΡΒΑΡΑ",17563,1,08/2024
"ΑΓ. ΒΑΣΙΛΕΙΟΣ",18537,1,08/2024
"ΑΓ. ΓΕΩΡΓΙΟΣ",18756,1,08/2024
"ΑΓ. ΓΡΗΓΟΡΟΥΣΑ",12462,1,08/2024
"ΑΓ. ΔΗΜΗΤΡΙΟΣ",17341,1,08/2024
"ΑΓ. ΔΗΜΗΤΡΙΟΣ",17343,1,08/2024
"ΑΓ. ΛΑΥΡΕΝΤΙΟΣ",18900,1,08/2024
"ΑΓ. ΛΟΥΚΑΣ",11144,5,08/2024
"ΑΓ. ΜΑΡΙΝΑ",16343,4,08/2024
"ΑΓ. ΜΑΡΙΝΑ",16345,1,08/2024
"ΑΓ. ΜΗΝΑΣ",18757,1,08/2024
"ΑΓ. ΜΗΝΑΣ",18758,1,08/2024
"ΑΓ. ΜΗΝΑΣ",18900,2,08/2024
"ΑΓ. ΝΙΚΟΛΑΟΣ",18450,2,08/2024
"ΑΓ. ΝΙΚΟΛΑΟΣ",18863,4,08/2024
"ΑΓ. ΝΙΚΟΛΑΟΣ",18900,1,08/2024
"ΑΓ. ΠΑΝΤΕΛΕΗΜΩΝ",10440,3,08/2024
"ΑΓ. ΠΑΡΑΣΚΕΥΗ",15342,1,08/2024
"ΑΓ. ΠΕΤΡΟΣ",13675,1,08/2024
"ΑΓ. ΠΕΤΡΟΣ",13678,2,08/2024
"ΑΓ. ΣΟΦΙΑ",18543,2,08/2024
"ΑΓ. ΣΟΦΙΑ",18544,1,08/2024
ΑΓΓΕΛΟΠΟΥΛΟΥ,11251,2,08/2024
"ΑΓΙΟΣ ΝΙΚΟΛΑΟΣ",15122,1,08/2024
ΑΔΑΜΕΣ,14564,1,08/2024
"ΑΙΑΝΤΕΙΟ ΚΑΚΗ ΒΙΓΛΑ",18903,1,08/2024
"ΑΙΑΝΤΕΙΟ ΝΑΤΟ",18903,1,08/2024
ΑΛΙΜΟΣ,17455,9,08/2024
ΑΛΣΟΥΠΟΛΗ,14235,2,08/2024
ΑΜΦΙΑΛΗ,18757,8,08/2024
ΑΜΦΙΑΛΗ,18758,1,08/2024
ΑΜΦΙΘΕΑ,17563,1,08/2024
ΑΜΦΙΘΕΑ,17564,6,08/2024
ΑΝΑΣΤΑΣΗ,18755,1,08/2024
ΑΝΘΕΩΝ,17343,1,08/2024
ΑΝΟΙΞΗ,17342,1,08/2024
"ΑΝΩ ΚΥΨΕΛΗ",11363,3,08/2024
"ΑΝΩ ΚΥΨΕΛΗ",11364,1,08/2024
"ΑΝΩ ΛΙΟΥΜΗ",12243,8,08/2024
"ΑΝΩ ΠΕΤΡΑΛΩΝΑ",11852,1,08/2024
ΑΠΟΛΛΩΝ,18541,4,08/2024
"ΑΡ. ΕΛ. ΒΕΝΙΖΕΛΟΥ",12351,2,08/2024
"ΑΡ. ΙΕΡΑΣ ΟΔΟΥ",12241,1,08/2024
ΑΡΓΥΡΟΥΠΟΛΗ,16451,1,08/2024
"ΑΣΠΡΑ ΧΩΜΑΤΑ",12135,1,08/2024
"ΑΣΠΡΑ ΧΩΜΑΤΑ",12137,9,08/2024
ΑΣΠΡΟΠΥΡΓΟΣ,19300,5,08/2024
ΑΣΥΡΜΑΤΟΣ,16672,1,08/2024
ΑΣΥΡΜΑΤΟΣ,17341,2,08/2024
"ΒΑΡΕΑ - ΠΑΧΗ",19100,1,08/2024
ΒΑΡΗ,16672,1,08/2024
ΒΑΡΚΙΖΑ,16672,1,08/2024
ΒΑΡΥΜΠΟΜΠΗ,13674,1,08/2024
"ΒΑΡΥΜΠΟΜΠΗ ΣΥΝ ΦΛΟΓΑ",13677,1,08/2024
ΒΟΣΠΟΡΟΣ,16675,1,08/2024
ΒΟΥΛΑ,16673,20,08/2024
ΒΥΡΩΝΑΣ,16232,1,08/2024
ΓΕΡΟΒΟΥΝΟ,13451,4,08/2024
ΓΕΡΟΒΟΥΝΟ,13671,2,08/2024
ΓΕΦΥΡΑ,18450,1,08/2024
"ΓΗΠΕΔΟ-ΝΕΟ ΜΕΛΙ",19100,2,08/2024
ΓΗΡΟΚΟΜΕΙΟ,11524,1,08/2024
"ΓΛΥΚΑ ΝΕΡΑ",15354,3,08/2024
ΓΛΥΦΑΔΑ,16562,6,08/2024
ΓΛΥΦΑΔΑ,16674,6,08/2024
ΓΛΥΦΑΔΑ,16675,6,08/2024
ΓΟΥΒΑ,11631,1,08/2024
ΔΑΦΝΗ,17235,1,08/2024
ΔΑΦΝΗ,17237,4,08/2024
"ΔΕΞ. ΕΛ. ΒΕΝΙΖΕΛΟΥ",12351,1,08/2024
"ΔΕΞ. ΙΕΡΑΣ ΟΔΟΥ",12242,16,08/2024
ΔΗΜΟΤΙΚΟ,18534,1,08/2024
"ΕΘΝΙΚΗΣ ΑΝΤΙΣΤΑΣΗΣ",17342,1,08/2024
ΕΚΤΕΛΩΝΙΣΤΩΝ,17456,1,08/2024
ΕΛΕΥΣΙΝΑ,19200,2,08/2024
ΕΞΑΡΧΕΙΑ,10677,1,08/2024
"ΕΡΥΘΡΟΣ ΣΤΑΥΡΟΣ",11526,5,08/2024
ΕΥΑΓΓΕΛΙΣΤΡΙΑ,18532,1,08/2024
ΕΥΑΓΓΕΛΙΣΤΡΙΑ,18534,1,08/2024
"ΕΦ. ΟΠΛΙΤΩΝ",13671,1,08/2024
ΖΑΝΕΙΟ,18537,1,08/2024
ΖΕΦΥΡΙ,13461,3,08/2024
ΖΩΓΡΑΦΟΥ,15771,2,08/2024
ΖΩΓΡΑΦΟΥ,15772,1,08/2024
ΖΩΓΡΑΦΟΥ,15773,4,08/2024
ΗΛΙΟΥΠΟΛΗ,16341,3,08/2024
ΗΡΑΚΛΕΙΟ,14122,1,08/2024
ΘΡΑΚΟΜΑΚΕΔΟΝΕΣ,13676,1,08/2024
ΘΥΜΑΡΑΚΙΑ,10445,1,08/2024
ΙΛΙΟΝ,13122,3,08/2024
ΙΛΙΟΝ,13123,1,08/2024
ΚΑΙΣΑΡΙΑΝΗ,16122,3,08/2024
ΚΑΛΑΜΑΚΙ,18540,1,08/2024
ΚΑΛΛΙΘΕΑ,17673,5,08/2024
ΚΑΛΟΓΡΕΖΑ,14235,1,08/2024
ΚΑΛΥΜΝΙΩΝ,16673,6,08/2024
ΚΑΜΠΟΛΙ,18903,1,08/2024
ΚΑΝΑΡΙΑ,16345,1,08/2024
ΚΑΝΤΖΑ,15351,2,08/2024
ΚΑΡΒΕΛΑΣ,16674,14,08/2024
ΚΑΡΕΑΣ,16233,1,08/2024
"ΚΑΤΩ ΕΛΛΗΝΙΚΟ",16777,1,08/2024
"ΚΑΤΩ ΚΗΦΙΣΙΑ",14564,1,08/2024
"ΚΑΤΩ ΠΕΤΡΑΛΩΝΑ",11853,1,08/2024
"ΚΑΤΩ ΧΑΛΑΝΔΡΙ",15231,1,08/2024
ΚΕΝΤΡΟ,10562,1,08/2024
ΚΕΝΤΡΟ,18535,2,08/2024
ΚΕΦΑΛΑΡΙ,14562,2,08/2024
"ΚΗΦΙΣΙΑ Ν. ΕΡΥΘΡΑΙΑ",14563,1,08/2024
"ΚΟΚ. ΜΥΛΟΣ",14342,2,08/2024
ΚΟΚΚΙΝΑΡΑΣ,14562,1,08/2024
ΚΟΚΚΙΝΟΒΡΑΧΟΣ,18757,3,08/2024
ΚΟΛΟΚΥΝΘΟΥ,10442,2,08/2024
ΚΟΛΩΝΟΣ,10444,1,08/2024
ΚΟΝΤΟΠΕΥΚΟ,15343,6,08/2024
ΚΟΠΗ,18648,1,08/2024
ΚΟΡΜΠΙ,16672,1,08/2024
ΚΟΥΦΟΥ,18900,1,08/2024
ΚΥΠΡΙΑΔΟΥ,11141,10,08/2024
ΚΥΨΕΛΗ,11362,1,08/2024
"ΚΥΨΕΛΗ Ν. ΚΩΝ/ΠΟΛΗ",11363,1,08/2024
ΛΑΘΕΑ,13678,1,08/2024
ΛΙΟΥΜΗ,12243,3,08/2024
ΛΟΥΤΡΟ,13678,1,08/2024
ΛΥΚΟΒΡΥΣΗ,14123,5,08/2024
ΜΑΝΙΑΤΙΚΑ,18544,1,08/2024
ΜΑΡΟΥΣΙ,15124,5,08/2024
ΜΑΡΟΥΣΙ,15126,1,08/2024
"ΜΕΓ. ΣΧΙΝΑ",13679,2,08/2024
"ΜΕΓΑΡΑ ΔΥΤΙΚΗΣ ΑΤΤΙΚΗΣ",19100,1,08/2024
ΜΕΛΙΣΣΙΑ,15127,1,08/2024
ΜΕΛΙΣΣΙΑ,19300,1,08/2024
ΜΕΤΑΜΟΡΦΩΣΗ,14451,1,08/2024
ΜΕΤΑΜΟΡΦΩΣΗ,14452,1,08/2024
ΜΕΤΑΜΟΡΦΩΣΗ,16232,2,08/2024
ΜΙΧΕΛΗ,13123,1,08/2024
ΜΠΟΥΡΝΑΖΙ,12133,1,08/2024
"Ν. ΚΟΛΟΚΥΝΘΟΥ",12132,3,08/2024
"ΝΕΑ ΙΩΝΙΑ",14231,1,08/2024
"ΝΕΑ ΙΩΝΙΑ",14234,2,08/2024
"ΝΕΑ ΠΕΝΤΕΛΗ",15236,1,08/2024
"ΝΕΑ ΠΕΝΤΕΛΗ",15239,1,08/2024
"ΝΕΑ ΠΕΡΑΜΟΣ",19006,1,08/2024
"ΝΕΑ ΣΜΥΡΝΗ",17124,1,08/2024
"ΝΕΑ ΦΙΛΑΔΕΛΦΕΙΑ",14341,2,08/2024
"ΝΕΑ ΧΑΛΚΗΔΟΝΑ",14343,1,08/2024
ΝΕΑΠΟΛΗ,11473,1,08/2024
ΝΕΑΠΟΛΗ,13672,2,08/2024
ΝΕΑΠΟΛΗ,18451,1,08/2024
ΝΕΑΠΟΛΗ,18452,1,08/2024
"ΝΕΟ ΗΡΑΚΛΕΙΟ",14122,1,08/2024
"ΝΕΟ ΙΚΟΝΙΟ",18863,1,08/2024
"ΝΕΟ ΦΑΛΗΡΟ",18547,5,08/2024
ΝΗΣΑΚΙ,16343,1,08/2024
ΝΤΑΜΑΡΑΚΙΑ,12244,1,08/2024
ΞΕΝΟ,18900,1,08/2024
"Π. ΚΟΚΚΙΝΙΑ",18454,2,08/2024
"ΠΑΛ. ΜΕΝΙΔΙ",13673,1,08/2024
ΠΑΛΑΤΙΑΝΗ,13121,2,08/2024
ΠΑΛΑΤΙΑΝΗ,13122,1,08/2024
ΠΑΛΛΗΝΗ,15351,5,08/2024
ΠΑΝΟΡΑΜΑ,16673,2,08/2024
ΠΑΠΑΓΟΣ,15669,7,08/2024
ΠΑΠΑΔΟΠΟΥΛΟΥ,18863,1,08/2024
ΠΑΡΑΔΕΙΣΟΣ,15125,1,08/2024
ΠΑΡΑΛΙΑ,18345,1,08/2024
ΠΑΣΑΛΙΜΑΝΙ,18534,2,08/2024
ΠΑΤΗΜΑ,15238,3,08/2024
ΠΕΙΡΑΙΑΣ,18546,2,08/2024
ΠΕΝΤΕΛΗ,15236,1,08/2024
ΠΕΡΙΒΟΛΑΚΙ,18454,1,08/2024
ΠΕΡΙΣΣΟΣ,14232,1,08/2024
ΠΕΡΙΣΤΕΡΙ,12131,5,08/2024
ΠΕΡΙΣΤΕΡΙ,12134,1,08/2024
ΠΕΡΙΣΤΕΡΙ,12136,2,08/2024
ΠΕΡΙΣΤΕΡΙ,12137,1,08/2024
ΠΕΤΡΟΥΠΟΛΗ,13231,8,08/2024
ΠΕΤΡΟΥΠΟΛΗ,13232,8,08/2024
ΠΕΥΚΑΚΙΑ,15343,11,08/2024
ΠΕΥΚΗ,15121,1,08/2024
ΠΛΑΚΑ,10559,1,08/2024
"ΠΛΑΤΕΙΑ ΑΜΕΡΙΚΗΣ",11252,3,08/2024
"ΠΛΑΤΕΙΑ ΒΑΘΗΣ",10432,1,08/2024
"ΠΛΑΤΕΙΑ ΒΑΘΗΣ",10433,1,08/2024
"ΠΛΑΤΕΙΑ ΕΛΕΥΘΕΡΙΑΣ",18120,1,08/2024
ΠΟΛΥΔΡΟΣΟ,15233,1,08/2024
ΣΑΡΩΝΙΚΟΣ,17341,1,08/2024
ΣΑΦΡΑΜΠΟΛΙΣ,14233,2,08/2024
ΣΙΔΕΡΑ,19300,1,08/2024
ΣΩΡΟΥ,15125,1,08/2024
ΤΑΥΡΟΣ,17778,17,08/2024
ΤΕΡΜΑ,18863,2,08/2024
ΤΕΡΨΙΘΕΑ,16561,4,08/2024
ΤΕΡΨΙΘΕΑ,16562,8,08/2024
ΤΖΙΤΖΙΦΙΕΣ,17674,6,08/2024
ΤΣΑΚΟΣ,15341,21,08/2024
ΤΣΑΜΗ,18900,4,08/2024
ΥΔΡΑΙΙΚΑ,18538,1,08/2024
ΥΜΗΤΤΟΣ,17237,1,08/2024
ΦΙΛΟΘΕΗ,15123,5,08/2024
ΦΙΛΟΘΕΗ,15237,4,08/2024
ΧΑΙΔΑΡΙ,12461,12,08/2024
ΧΑΛΑΝΔΡΙ,15231,1,08/2024
ΧΑΛΑΝΔΡΙ,15232,2,08/2024
ΧΑΛΑΝΔΡΙ,15233,1,08/2024
ΧΑΛΑΝΔΡΙ,15234,1,08/2024
ΧΑΛΚΗΔΟΝΑ,18451,2,08/2024
ΧΑΡΑΥΓΗ,18755,1,08/2024
ΧΑΣΑΝΙ,16452,2,08/2024
ΧΙΛΤΟΝ,16121,2,08/2024
ΧΟΛΑΡΓΟΣ,15562,2,08/2024
"ΑΓ. ΑΝΑΡΓΥΡΟΙ",13562,1,09/2023
"ΑΓ. ΑΝΝΑ",13671,1,09/2023
"ΑΓ. ΑΝΝΑ",18233,1,09/2023
"ΑΓ. ΑΝΤΩΝΙΟΣ",18758,1,09/2023
"ΑΓ. ΑΡΤΕΜΙΟΣ",11632,1,09/2023
"ΑΓ. ΒΑΡΒΑΡΑ",18120,1,09/2023
"ΑΓ. ΓΕΩΡΓΙΟΣ",11744,1,09/2023
"ΑΓ. ΓΕΩΡΓΙΟΣ",18755,1,09/2023
"ΑΓ. ΓΡΗΓΟΡΟΥΣΑ",12461,1,09/2023
"ΑΓ. ΔΗΜΗΤΡΙΟΣ",17341,3,09/2023
"ΑΓ. ΔΗΜΗΤΡΙΟΣ",17342,1,09/2023
"ΑΓ. ΔΗΜΗΤΡΙΟΣ",17343,2,09/2023
"ΑΓ. ΙΕΡΟΘΕΟΣ",12137,1,09/2023
"ΑΓ. ΚΩΝΣΤΑΝΤΙΝΟΣ",16346,2,09/2023
"ΑΓ. ΜΑΡΙΝΑ",16343,1,09/2023
"ΑΓ. ΜΑΡΙΝΑ",16344,2,09/2023
"ΑΓ. ΜΑΡΙΝΑ",16345,1,09/2023
"ΑΓ. ΜΗΝΑΣ",18757,6,09/2023
"ΑΓ. ΜΗΝΑΣ",18758,2,09/2023
"ΑΓ. ΝΙΚΟΛΑΟΣ",13451,3,09/2023
"ΑΓ. ΝΙΚΟΛΑΟΣ",18453,3,09/2023
"ΑΓ. ΠΑΝΤΕΛΕΗΜΩΝ",10434,3,09/2023
"ΑΓ. ΠΑΡΑΣΚΕΥΗ",13679,1,09/2023
"ΑΓ. ΠΑΡΑΣΚΕΥΗ",15342,2,09/2023
"ΑΓ. ΠΕΤΡΟΣ",13675,2,09/2023
"ΑΓ. ΣΟΦΙΑ",18543,3,09/2023
"ΑΓ. ΣΟΦΙΑ",18546,1,09/2023
ΑΓΡΙΛΙΟΣ,17342,1,09/2023
ΑΔΑΜΕΣ,14564,1,09/2023
"ΑΙΑΝΤΕΙΟ ΜΑΙΝΕΜΕΝΗ",18903,1,09/2023
"ΑΙΑΝΤΕΙΟ ΝΑΤΟ",18903,1,09/2023
"ΑΚΑΔ. ΠΛΑΤΩΝΟΣ",10441,6,09/2023
ΑΜΠΕΛΑΚΙΑ,17455,1,09/2023
"ΑΜΠΕΛΑΚΙΑ ΑΓ. ΠΑΝΤΕΛΕΗΜΟΝΑΣ",18902,1,09/2023
ΑΜΠΕΛΟΚΗΠΟΙ,11524,1,09/2023
ΑΜΠΕΛΟΚΗΠΟΙ,11527,1,09/2023
ΑΜΦΙΑΛΗ,18757,1,09/2023
ΑΜΦΙΘΕΑ,17564,1,09/2023
ΑΝΑΚΑΣΑ,13562,6,09/2023
ΑΝΑΛΗΨΗ,16231,1,09/2023
ΑΝΘΕΩΝ,17343,1,09/2023
ΑΝΘΟΥΠΟΛΗ,12135,8,09/2023
"ΑΝΩ ΚΟΡΥΔΑΛΛΟΣ",18121,1,09/2023
"ΑΝΩ ΚΟΡΥΔΑΛΛΟΣ",18122,3,09/2023
"ΑΝΩ ΛΙΟΥΜΗ",12243,1,09/2023
"ΑΝΩ ΠΕΤΡΑΛΩΝΑ",11851,1,09/2023
"ΑΡ. ΙΕΡΑΣ ΟΔΟΥ",12241,13,09/2023
ΑΡΓΥΡΟΥΠΟΛΗ,16451,3,09/2023
ΑΡΓΥΡΟΥΠΟΛΗ,16452,12,09/2023
ΑΡΜΕΝΙΚΑ,18450,1,09/2023
"ΑΣΠΡΑ ΧΩΜΑΤΑ",12135,1,09/2023
"ΑΣΠΡΑ ΧΩΜΑΤΑ",12137,5,09/2023
ΑΣΠΡΟΠΥΡΓΟΣ,19300,7,09/2023
ΑΣΥΡΜΑΤΟΣ,16672,2,09/2023
ΑΣΥΡΜΑΤΟΣ,16673,1,09/2023
ΑΣΥΡΜΑΤΟΣ,17341,3,09/2023
ΒΑΡΚΙΖΑ,16672,1,09/2023
ΒΙΑΜΑΞ,12242,1,09/2023
ΒΟΤΑΝΙΚΟΣ,11855,1,09/2023
ΒΟΥΛΑ,16673,8,09/2023
ΒΟΥΛΙΑΓΜΕΝΗ,16671,1,09/2023
ΒΡΥΩΝΗ,18536,1,09/2023
ΒΥΡΩΝΑΣ,16231,2,09/2023
ΒΥΡΩΝΑΣ,16232,2,09/2023
ΓΑΛΑΤΣΙ,11146,12,09/2023
ΓΑΛΑΤΣΙ,11147,4,09/2023
ΓΕΡΑΚΑΣ,15344,1,09/2023
ΓΕΡΜΑΝΙΚΑ,19300,1,09/2023
"ΓΕΡΜΑΝΙΚΟΣ ΔΡΟΜΟΣ ΒΟΡΕΙΟ",19100,1,09/2023
ΓΕΡΟΒΟΥΝΟ,13451,3,09/2023
ΓΕΡΟΒΟΥΝΟ,13671,1,09/2023
"ΓΛΥΚΑ ΝΕΡΑ",15354,1,09/2023
ΓΛΥΦΑΔΑ,16561,6,09/2023
ΓΛΥΦΑΔΑ,16674,2,09/2023
ΓΛΥΦΑΔΑ,16675,2,09/2023
ΓΟΥΒΑ,11631,1,09/2023
ΓΟΥΒΑ,11632,1,09/2023
ΔΑΣΟΣ,12462,2,09/2023
ΔΑΦΝΗ,17234,1,09/2023
ΔΑΦΝΗ,17237,3,09/2023
"ΔΕΞ. ΕΛ. ΒΕΝΙΖΕΛΟΥ",12351,1,09/2023
"ΔΕΞ. ΙΕΡΑΣ ΟΔΟΥ",12242,2,09/2023
ΔΡΑΠΕΤΣΩΝΑ,18648,5,09/2023
"ΕΘΝΙΚΗΣ ΑΝΤΙΣΤΑΣΗΣ",17342,1,09/2023
ΕΚΤΕΛΩΝΙΣΤΩΝ,17456,1,09/2023
ΕΛΕΥΣΙΝΑ,19200,8,09/2023
ΕΛΛΗΝΟΡΩΣΩΝ,11525,1,09/2023
ΕΥΑΓΓΕΛΙΣΤΡΙΑ,18532,1,09/2023
ΕΥΓΕΝΕΙΑ,18755,1,09/2023
ΖΕΦΥΡΙ,13451,1,09/2023
ΖΕΦΥΡΙ,13461,1,09/2023
"ΖΩΟΔΟΧΟΥ ΠΗΓΗΣ",16233,2,09/2023
ΗΛΙΑΚΤΗ,18900,1,09/2023
ΗΛΙΟΥΠΟΛΗ,16342,2,09/2023
ΗΛΙΟΥΠΟΛΗ,16346,1,09/2023
ΗΡΑΚΛΕΙΟ,14121,1,09/2023
ΗΡΑΚΛΕΙΟ,14122,4,09/2023
ΘΡΑΚΟΜΑΚΕΔΟΝΕΣ,13676,1,09/2023
ΘΥΜΑΡΑΚΙΑ,10445,1,09/2023
ΙΛΙΟΝ,13121,1,09/2023
ΙΛΙΟΝ,13122,5,09/2023
ΙΛΙΟΝ,13123,2,09/2023
ΙΛΙΣΙΑ,11528,11,09/2023
ΚΑΙΣΑΡΙΑΝΗ,16121,4,09/2023
ΚΑΛΑΜΑΚΙ,17455,6,09/2023
ΚΑΛΛΙΘΕΑ,17675,1,09/2023
ΚΑΛΟΓΡΕΖΑ,14235,1,09/2023
ΚΑΛΥΜΝΙΩΝ,16673,9,09/2023
ΚΑΜΑΤΕΡΟ,13451,2,09/2023
ΚΑΜΙΝΙΑ,18540,30,09/2023
ΚΑΜΙΝΙΑ,18541,3,09/2023
"ΚΑΤΩ ΚΗΦΙΣΙΑ",14561,1,09/2023
"ΚΑΤΩ ΠΕΤΡΑΛΩΝΑ",11853,5,09/2023
ΚΑΦΕΠΩΛΕΣ,16561,2,09/2023
ΚΕΝΤΡΟ,10561,2,09/2023
ΚΕΝΤΡΟ,10562,1,09/2023
ΚΕΝΤΡΟ,10563,4,09/2023
ΚΕΝΤΡΟ,10678,6,09/2023
ΚΕΝΤΡΟ,10679,1,09/2023
ΚΗΠΟΥΠΟΛΗ,13231,1,09/2023
ΚΗΦΙΣΙΑ,14561,2,09/2023
ΚΟΚΚΙΝΑΡΑΣ,14563,4,09/2023
ΚΟΚΚΙΝΟΠΟΥΛΟΥ,13561,1,09/2023
ΚΟΛΙΑΤΣΟΥ,11254,1,09/2023
ΚΟΛΟΚΥΝΘΟΥ,10443,1,09/2023
ΚΟΛΟΚΥΝΘΟΥ,12132,1,09/2023
ΚΟΛΩΝΟΣ,10444,2,09/2023
"ΚΟΡΜΠΙ Ν. ΠΑΓΚΡΑΤΙ",16672,1,09/2023
"ΚΟΡΜΠΙ ΦΑΡΟΥ",16672,2,09/2023
ΚΟΡΥΔΑΛΛΟΣ,18122,1,09/2023
ΚΡΗΝΗ,18453,1,09/2023
ΛΑΘΕΑ,13678,2,09/2023
ΛΑΜΠΡΙΝΗ,11142,1,09/2023
ΛΕΥΚΑ,18540,1,09/2023
ΛΙΟΥΜΗ,12243,3,09/2023
ΛΥΚΟΒΡΥΣΗ,14123,4,09/2023
ΛΥΚΟΤΡΥΠΑ,13671,1,09/2023
ΜΑΓΟΥΛΑ,19018,2,09/2023
ΜΑΝΙΑΤΙΚΑ,18544,1,09/2023
ΜΑΡΟΥΣΙ,15122,1,09/2023
ΜΑΡΟΥΣΙ,15124,3,09/2023
ΜΑΡΟΥΣΙ,15126,1,09/2023
"ΜΕΓ. ΣΧΙΝΑ",13679,1,09/2023
ΜΕΛΙΣΣΙΑ,15127,5,09/2023
ΜΕΣΟΝΥΧΙ,13675,1,09/2023
ΜΕΤΑΜΟΡΦΩΣΗ,14451,2,09/2023
ΜΕΤΑΜΟΡΦΩΣΗ,14452,13,09/2023
ΜΕΤΑΞΟΥΡΓΕΙΟ,10435,1,09/2023
ΜΙΧΕΛΗ,13123,2,09/2023
ΜΠΟΣΚΙΖΑ,13679,1,09/2023
ΜΠΟΣΧΟΥ,18900,1,09/2023
ΜΠΟΥΡΝΑΖΙ,12133,7,09/2023
ΜΥΚΟΝΙΑΤΙΚΑ,13561,1,09/2023
ΜΥΡΤΙΔΙΩΤΙΣΣΑ,18533,1,09/2023
"ΝΕΑ ΙΩΝΙΑ",14231,2,09/2023
"ΝΕΑ ΙΩΝΙΑ",14234,3,09/2023
"ΝΕΑ ΚΗΦΙΣΙΑ",14564,3,09/2023
"ΝΕΑ ΚΥΨΕΛΗ",11363,2,09/2023
"ΝΕΑ ΛΕΣΒΟΣ",15126,3,09/2023
"ΝΕΑ ΠΕΡΑΜΟΣ",19006,1,09/2023
"ΝΕΑ ΣΜΥΡΝΗ",17123,2,09/2023
"ΝΕΑ ΣΜΥΡΝΗ",17124,1,09/2023
ΝΕΑΠΟΛΗ,13675,1,09/2023
ΝΕΑΠΟΛΗ,18451,2,09/2023
ΝΕΑΠΟΛΗ,18452,3,09/2023
"ΝΕΟ ΗΡΑΚΛΕΙΟ",14121,1,09/2023
"ΝΕΟΣ ΚΟΣΜΟΣ",11743,2,09/2023
"ΝΕΟΣ ΚΟΣΜΟΣ",11744,9,09/2023
"ΝΕΟΣ ΚΟΣΜΟΣ",11745,1,09/2023
ΝΙΚΑΙΑ,18451,4,09/2023
ΝΤΑΜΑΡΑΚΙΑ,12244,2,09/2023
"ΟΙΚ. ΑΓ .ΔΗΜΗΤΡΙΟΥ",15236,1,09/2023
"ΟΣΙΑ ΞΕΝΗ",18451,2,09/2023
ΠΑΓΚΡΑΤΙ,11633,1,09/2023
ΠΑΓΚΡΑΤΙ,11635,2,09/2023
"ΠΑΛ. ΜΕΝΙΔΙ",13673,2,09/2023
"ΠΑΛΑΙΟ ΦΑΛΗΡΟ",17561,12,09/2023
"ΠΑΛΑΙΟ ΦΑΛΗΡΟ",17562,2,09/2023
ΠΑΛΑΤΙΑΝΗ,13121,6,09/2023
ΠΑΛΑΤΙΑΝΗ,13122,1,09/2023
ΠΑΛΛΗΝΗ,15351,8,09/2023
ΠΑΛΟΥΚΙΑ,18901,1,09/2023
ΠΑΝΟΡΑΜΑ,13679,1,09/2023
ΠΑΝΟΡΑΜΑ,16673,1,09/2023
ΠΑΠΑΓΟΣ,15669,1,09/2023
ΠΑΠΑΔΟΠΟΥΛΟΥ,18863,1,09/2023
ΠΑΡΑΔΕΙΣΟΣ,15125,6,09/2023
ΠΑΡΑΔΕΙΣΟΣ,15343,1,09/2023
ΠΑΡΑΛΙΑ,18345,2,09/2023
ΠΑΡΑΛΙΑ,19010,1,09/2023
ΠΑΤΗΜΑ,15238,1,09/2023
ΠΑΤΡΙΣ,18900,4,09/2023
ΠΕΡΙΒΟΛΑΚΙ,18450,2,09/2023
ΠΕΡΙΣΣΟΣ,14232,1,09/2023
ΠΕΡΙΣΤΕΡΙ,12131,9,09/2023
ΠΕΡΙΣΤΕΡΙ,12132,1,09/2023
ΠΕΡΙΣΤΕΡΙ,12134,4,09/2023
ΠΕΡΙΣΤΕΡΙ,12135,1,09/2023
ΠΕΡΙΣΤΕΡΙ,12136,5,09/2023
ΠΕΡΙΣΤΕΡΙ,12137,3,09/2023
ΠΕΤΡΟΥΠΟΛΗ,13231,5,09/2023
ΠΕΤΡΟΥΠΟΛΗ,13232,5,09/2023
ΠΕΥΚΑΚΙΑ,15343,3,09/2023
ΠΕΥΚΗ,15121,1,09/2023
ΠΛΑΚΑ,10556,1,09/2023
"ΠΛΑΤΕΙΑ ΑΜΕΡΙΚΗΣ",11252,2,09/2023
ΠΛΑΤΩΝΑΣ,13675,1,09/2023
ΠΡΟΜΠΟΝΑ,11143,2,09/2023
"ΠΡΟΦ. ΔΑΝΙΗΛ",10447,1,09/2023
"ΠΡΟΦ. ΗΛΙΑΣ",13672,1,09/2023
"ΠΥΡΓΟΣ ΒΑΣΙΛΙΣΣΗΣ",13562,1,09/2023
ΡΑΔΙΟΦΩΝΙΑ,13451,1,09/2023
ΣΑΛΑΜΙΝΑ,18900,1,09/2023
ΣΑΤΕΡΛΙ,18903,1,09/2023
ΣΑΦΡΑΜΠΟΛΙΣ,14233,1,09/2023
ΣΚΑΡΑΜΑΓΚΑΣ,12462,1,09/2023
ΣΟΥΛΙ,17342,2,09/2023
ΣΤΑΘΜΟΣ,18345,4,09/2023
"ΣΥΝ. ΤΥΠΟΓΡΑΦΩΝ",16346,2,09/2023
ΣΧΙΣΤΟ,18122,3,09/2023
ΤΑΥΡΟΣ,17778,2,09/2023
ΤΕΡΨΙΘΕΑ,16562,4,09/2023
ΤΖΙΤΖΙΦΙΕΣ,17673,6,09/2023
ΤΡΑΥΜΑΤΙΩΝ,17456,1,09/2023
ΥΜΗΤΤΟΣ,17237,2,09/2023
ΦΙΛΟΘΕΗ,15237,3,09/2023
ΦΡΕΑΤΤΥΔΑ,18537,1,09/2023
ΧΑΙΔΑΡΙ,12461,7,09/2023
ΧΑΛΑΝΔΡΙ,15231,1,09/2023
ΧΑΛΑΝΔΡΙ,15232,6,09/2023
ΧΑΛΑΝΔΡΙ,15234,6,09/2023
ΧΑΡΑΥΓΗ,17236,1,09/2023
ΧΑΡΟΚΟΠΟΥ,17671,1,09/2023
ΧΑΣΑΝΙ,16777,2,09/2023
ΧΑΤΖΗΚΥΡΙΑΚΕΙΟ,18539,1,09/2023
ΧΟΛΑΡΓΟΣ,15561,7,09/2023
ΧΟΛΑΡΓΟΣ,15562,1,09/2023
"ΑΓ. ΑΝΑΡΓΥΡΟΙ",13561,2,09/2024
"ΑΓ. ΑΝΤΩΝΙΟΣ",18758,1,09/2024
"ΑΓ. ΒΑΡΒΑΡΑ",17563,8,09/2024
"ΑΓ. ΒΑΡΒΑΡΑ",18120,5,09/2024
"ΑΓ. ΓΕΩΡΓΙΟΣ",18453,1,09/2024
"ΑΓ. ΓΕΩΡΓΙΟΣ",18755,1,09/2024
"ΑΓ. ΓΕΩΡΓΙΟΣ",18756,1,09/2024
"ΑΓ. ΔΗΜΗΤΡΙΟΣ",17341,5,09/2024
"ΑΓ. ΔΗΜΗΤΡΙΟΣ",17342,2,09/2024
"ΑΓ. ΔΗΜΗΤΡΙΟΣ",17343,14,09/2024
"ΑΓ. ΕΛΕΟΥΣΑ",17676,1,09/2024
"ΑΓ. ΘΩΜΑΣ",15123,4,09/2024
"ΑΓ. ΘΩΜΑΣ",15124,3,09/2024
"ΑΓ. ΙΕΡΟΘΕΟΣ",12137,3,09/2024
"ΑΓ. ΚΩΝΣΤΑΝΤΙΝΟΣ",16346,5,09/2024
"ΑΓ. ΜΑΡΙΝΑ",16343,2,09/2024
"ΑΓ. ΜΑΡΙΝΑ",16344,1,09/2024
"ΑΓ. ΜΑΡΙΝΑ",16345,1,09/2024
"ΑΓ. ΝΕΙΛΟΣ",18538,4,09/2024
"ΑΓ. ΝΙΚΟΛΑΟΣ",13451,7,09/2024
"ΑΓ. ΝΙΚΟΛΑΟΣ",18450,1,09/2024
"ΑΓ. ΝΙΚΟΛΑΟΣ",18453,1,09/2024
"ΑΓ. ΝΙΚΟΛΑΟΣ",18863,3,09/2024
"ΑΓ. ΠΑΡΑΣΚΕΥΗ",15341,8,09/2024
"ΑΓ. ΠΕΤΡΟΣ",13675,1,09/2024
"ΑΓ. ΣΟΦΙΑ",18543,1,09/2024
"ΑΓ. ΣΩΣΤΗΣ",11745,1,09/2024
ΑΓΓΕΛΟΠΟΥΛΟΥ,10434,1,09/2024
"ΑΓΙΟΣ ΝΙΚΟΛΑΟΣ",15122,1,09/2024
ΑΓΡΙΛΙΟΣ,17342,1,09/2024
ΑΙΑΝΤΕΙΟ,18903,1,09/2024
"ΑΙΑΝΤΕΙΟ ΚΑΚΗ ΒΙΓΛΑ",18903,1,09/2024
"ΑΙΑΣ ΚΛΑΜΠ",18903,1,09/2024
"ΑΚΑΔ. ΠΛΑΤΩΝΟΣ",10441,1,09/2024
ΑΛΣΟΥΠΟΛΗ,14235,1,09/2024
"ΑΜΠΕΛΑΚΙΑ ΑΓ. ΠΑΝΤΕΛΕΗΜΟΝΑΣ",18902,1,09/2024
ΑΜΠΕΛΟΚΗΠΟΙ,11523,8,09/2024
ΑΜΦΙΑΛΗ,18757,2,09/2024
ΑΜΦΙΑΛΗ,18758,2,09/2024
ΑΜΦΙΘΕΑ,17563,1,09/2024
ΑΝΑΚΑΣΑ,13562,2,09/2024
ΑΝΑΛΗΨΗ,16231,2,09/2024
ΑΝΘΟΥΠΟΛΗ,12135,2,09/2024
ΑΝΟΙΞΗ,17342,5,09/2024
"ΑΝΩ ΚΟΡΥΔΑΛΛΟΣ",18120,1,09/2024
"ΑΝΩ ΚΟΡΥΔΑΛΛΟΣ",18122,1,09/2024
"ΑΝΩ ΛΙΟΥΜΗ",12243,3,09/2024
"ΑΝΩ ΠΑΤΗΣΙΑ",11143,1,09/2024
"ΑΝΩ ΠΕΤΡΑΛΩΝΑ",11852,2,09/2024
ΑΠΟΛΛΩΝ,18541,1,09/2024
"ΑΡ. ΙΕΡΑΣ ΟΔΟΥ",12241,2,09/2024
ΑΡΓΥΡΟΥΠΟΛΗ,16451,8,09/2024
ΑΡΓΥΡΟΥΠΟΛΗ,16452,4,09/2024
ΑΡΜΕΝΙΚΑ,18450,2,09/2024
"ΑΣΠΡΑ ΧΩΜΑΤΑ",12135,3,09/2024
"ΑΣΠΡΑ ΧΩΜΑΤΑ",12137,4,09/2024
"ΑΣΠΡΑ ΧΩΜΑΤΑ",18454,6,09/2024
ΑΣΠΡΟΠΥΡΓΟΣ,19300,1,09/2024
ΑΣΥΡΜΑΤΟΣ,17341,2,09/2024
ΑΥΤΟΚΙΝΗΤΙΣΤΩΝ,16673,1,09/2024
ΒΑΡΚΙΖΑ,16672,4,09/2024
ΒΕΙΚΟΥ,11742,1,09/2024
ΒΙΑΜΑΞ,12242,6,09/2024
ΒΟΥΛΑ,16673,2,09/2024
ΒΡΟΝΤΟΥ,18900,1,09/2024
"Γ ΝΕΚΡΟΤΑΦΕΙΟ",18454,2,09/2024
ΓΑΛΑΤΣΙ,11146,3,09/2024
ΓΑΛΑΤΣΙ,11147,2,09/2024
"ΓΕΡΜΑΝΙΚΟΣ ΔΡΟΜΟΣ ΒΟΡΕΙΟ",19100,1,09/2024
ΓΕΡΟΒΟΥΝΟ,13451,4,09/2024
ΓΕΦΥΡΑ,18450,1,09/2024
ΓΗΠΕΔΟ,18345,1,09/2024
ΓΙΑΛΑ,18903,1,09/2024
ΓΚΥΖΗ,11476,3,09/2024
ΓΛΥΦΑΔΑ,16561,1,09/2024
ΓΛΥΦΑΔΑ,16562,1,09/2024
ΓΛΥΦΑΔΑ,16674,1,09/2024
ΓΛΥΦΑΔΑ,16675,12,09/2024
ΓΟΥΒΑ,11631,2,09/2024
ΓΟΥΔΙ,11527,1,09/2024
ΔΑΣΟΣ,12462,5,09/2024
ΔΑΦΝΗ,17235,3,09/2024
ΔΑΦΝΗ,17236,2,09/2024
"ΔΕΞ. ΕΛ. ΒΕΝΙΖΕΛΟΥ",12351,5,09/2024
"ΔΕΞ. ΙΕΡΑΣ ΟΔΟΥ",12242,10,09/2024
"ΔΕΞ. ΙΕΡΑΣ ΟΔΟΥ",12243,1,09/2024
ΔΙΛΟΦΟ,16672,1,09/2024
ΔΡΑΠΕΤΣΩΝΑ,18648,4,09/2024
"ΕΘΝΙΚΗΣ ΑΝΤΙΣΤΑΣΗΣ",17342,2,09/2024
ΕΚΤΕΛΩΝΙΣΤΩΝ,17456,1,09/2024
ΕΛΕΥΣΙΝΑ,19200,5,09/2024
ΕΛΛΗΝΙΚΟ,16777,5,09/2024
ΕΛΛΗΝΟΡΩΣΩΝ,11525,8,09/2024
"ΕΡΥΘΡΟΣ ΣΤΑΥΡΟΣ",11526,1,09/2024
ΕΥΓΕΝΕΙΑ,18755,3,09/2024
ΖΑΝΕΙΟ,18537,4,09/2024
ΖΕΦΥΡΙ,13461,3,09/2024
ΖΩΓΡΑΦΟΥ,15771,1,09/2024
ΖΩΓΡΑΦΟΥ,15772,11,09/2024
ΗΛΙΟΥΠΟΛΗ,16341,2,09/2024
ΗΛΙΟΥΠΟΛΗ,16342,1,09/2024
ΗΛΙΟΥΠΟΛΗ,16343,1,09/2024
ΗΛΙΟΥΠΟΛΗ,16345,1,09/2024
ΗΛΙΟΥΠΟΛΗ,16346,9,09/2024
ΗΡΑΚΛΕΙΟ,14121,13,09/2024
ΗΡΑΚΛΕΙΟ,14122,6,09/2024
ΘΗΣΕΙΟ,11851,2,09/2024
ΘΥΜΑΡΑΚΙΑ,10445,4,09/2024
ΙΕΡΑΠΟΛΗ,12244,2,09/2024
ΙΛΙΟΝ,13121,8,09/2024
ΙΛΙΟΝ,13122,8,09/2024
ΙΛΙΟΝ,13123,5,09/2024
ΚΑΙΣΑΡΙΑΝΗ,16121,1,09/2024
ΚΑΛΑΜΑΚΙ,17455,17,09/2024
ΚΑΛΛΙΘΕΑ,17671,14,09/2024
ΚΑΛΛΙΘΕΑ,17672,1,09/2024
ΚΑΛΛΙΘΕΑ,17673,5,09/2024
ΚΑΛΛΙΠΟΛΗ,18539,6,09/2024
ΚΑΛΟΓΡΕΖΑ,14234,1,09/2024
ΚΑΛΟΓΡΕΖΑ,14235,1,09/2024
ΚΑΛΥΜΝΙΩΝ,16673,7,09/2024
ΚΑΜΑΤΕΡΟ,18902,1,09/2024
ΚΑΜΙΝΙΑ,18540,1,09/2024
ΚΑΜΙΝΙΑ,18541,1,09/2024
ΚΑΝΤΖΑ,15351,6,09/2024
ΚΑΡΒΕΛΑΣ,16674,20,09/2024
ΚΑΡΕΑΣ,16233,4,09/2024
ΚΑΣΤΕΛΛΑ,18533,1,09/2024
"ΚΑΤΩ ΠΕΤΡΑΛΩΝΑ",11853,1,09/2024
"ΚΑΤΩ ΠΕΤΡΑΛΩΝΑ",11854,1,09/2024
"ΚΑΤΩ ΧΑΛΑΝΔΡΙ",15232,5,09/2024
ΚΕΝΤΡΟ,10431,1,09/2024
ΚΕΝΤΡΟ,10678,1,09/2024
ΚΕΝΤΡΟ,18535,1,09/2024
ΚΕΝΤΡΟ,18536,6,09/2024
ΚΕΡΑΜΕΙΚΟΣ,10553,1,09/2024
ΚΕΦΑΛΑΡΙ,14562,3,09/2024
ΚΗΠΟΥΠΟΛΗ,13231,4,09/2024
ΚΗΦΙΣΙΑ,14561,2,09/2024
"ΚΟΚ. ΜΥΛΟΣ",14342,2,09/2024
ΚΟΚΚΙΝΑΡΑΣ,14562,1,09/2024
ΚΟΚΚΙΝΑΡΑΣ,14563,1,09/2024
ΚΟΚΚΙΝΟΠΟΥΛΟΥ,13561,3,09/2024
ΚΟΝΤΟΠΕΥΚΟ,15343,4,09/2024
"ΚΟΡΜΠΙ ΠΡ. ΗΛΙΑΣ",16672,2,09/2024
ΚΟΡΥΔΑΛΛΟΣ,18120,1,09/2024
ΚΟΡΥΔΑΛΛΟΣ,18122,4,09/2024
ΚΟΡΩΠΙ,19400,1,09/2024
ΚΡΗΝΗ,18453,7,09/2024
ΚΥΘΗΡΙΩΝ,17456,1,09/2024
ΚΥΠΡΙΑΔΟΥ,11141,2,09/2024
ΚΥΨΕΛΗ,11362,1,09/2024
ΛΑΘΕΑ,13678,3,09/2024
"ΛΑΚΚΑ ΒΑΒΟΥΛΑ",18533,1,09/2024
ΛΙΟΥΜΗ,12243,3,09/2024
ΛΥΚΟΒΡΥΣΗ,14123,2,09/2024
ΛΥΚΟΤΡΥΠΑ,13671,2,09/2024
ΛΥΚΟΥΡΙΖΑ,19010,1,09/2024
ΜΑΓΟΥΛΑ,19018,4,09/2024
ΜΑΝΙΑΤΙΚΑ,18544,1,09/2024
ΜΑΡΟΥΣΙ,15124,7,09/2024
ΜΑΡΟΥΣΙ,15125,1,09/2024
"ΜΕΓ. ΣΧΙΝΑ",13679,2,09/2024
"ΜΕΓΑΡΑ ΔΥΤΙΚΗΣ ΑΤΤΙΚΗΣ",19100,1,09/2024
ΜΕΛΙΣΣΙΑ,15127,1,09/2024
ΜΕΤΑΜΟΡΦΩΣΗ,14451,1,09/2024
ΜΕΤΑΜΟΡΦΩΣΗ,14452,1,09/2024
ΜΕΤΑΜΟΡΦΩΣΗ,16232,2,09/2024
ΜΕΤΑΜΟΡΦΩΣΗ,18345,1,09/2024
ΜΕΤΑΞΟΥΡΓΕΙΟ,10435,1,09/2024
ΜΕΤΑΞΟΥΡΓΕΙΟ,10436,1,09/2024
ΜΙΧΕΛΗ,13123,1,09/2024
ΜΟΥΣΕΙΟ,10683,29,09/2024
ΜΠΛΑΖΑΚΗ,18863,1,09/2024
ΜΠΟΣΚΙΖΑ,13679,1,09/2024
ΜΠΟΥΡΝΑΖΙ,12133,9,09/2024
"Ν. ΚΟΛΟΚΥΝΘΟΥ",12132,2,09/2024
"ΝΕΑ ΙΩΝΙΑ",14231,10,09/2024
"ΝΕΑ ΙΩΝΙΑ",14234,3,09/2024
"ΝΕΑ ΚΗΦΙΣΙΑ",14564,2,09/2024
"ΝΕΑ ΚΥΨΕΛΗ",11363,2,09/2024
"ΝΕΑ ΛΕΣΒΟΣ",15126,2,09/2024
"ΝΕΑ ΠΕΝΤΕΛΗ",15236,3,09/2024
"ΝΕΑ ΠΕΝΤΕΛΗ",15239,1,09/2024
"ΝΕΑ ΣΜΥΡΝΗ",17122,2,09/2024
"ΝΕΑ ΣΜΥΡΝΗ",17124,1,09/2024
"ΝΕΑ ΦΙΛΟΘΕΗ",11524,1,09/2024
ΝΕΑΠΟΛΗ,11472,2,09/2024
ΝΕΑΠΟΛΗ,13672,1,09/2024
ΝΕΑΠΟΛΗ,14233,2,09/2024
ΝΕΑΠΟΛΗ,18451,1,09/2024
ΝΕΑΠΟΛΗ,18452,4,09/2024
"ΝΕΟ ΗΡΑΚΛΕΙΟ",14121,1,09/2024
"ΝΕΟ ΨΥΧΙΚΟ",15451,18,09/2024
"ΝΕΟΣ ΚΟΣΜΟΣ",11744,8,09/2024
ΝΙΚΑΙΑ,18450,2,09/2024
ΝΤΑΜΑΡΑΚΙΑ,12244,12,09/2024
"Π. ΚΟΚΚΙΝΙΑ",18233,1,09/2024
"Π. ΚΟΚΚΙΝΙΑ",18542,1,09/2024
ΠΑΓΚΡΑΤΙ,11632,1,09/2024
ΠΑΓΚΡΑΤΙ,11634,1,09/2024
"ΠΑΓΚΡΑΤΙ ΣΤΑΔΙΟ",11635,1,09/2024
"ΠΑΙΔΙΚΗ ΣΤΕΓΗ",18454,6,09/2024
"ΠΑΛΑΙΑ ΠΕΝΤΕΛΗ",15236,1,09/2024
"ΠΑΛΑΙΟ ΦΑΛΗΡΟ",17562,10,09/2024
"ΠΑΛΑΙΟ ΦΑΛΗΡΟ",17563,1,09/2024
ΠΑΛΑΤΙΑΝΗ,13121,2,09/2024
ΠΑΛΛΗΝΗ,15351,4,09/2024
ΠΑΛΟΥΚΙΑ,18901,2,09/2024
ΠΑΝΟΡΑΜΑ,16673,14,09/2024
ΠΑΠΑΓΟΣ,15669,15,09/2024
ΠΑΠΑΔΟΠΟΥΛΟΥ,18863,1,09/2024
ΠΑΠΑΣΤΡΑΤΟΥ,18546,2,09/2024
ΠΑΡΑΔΕΙΣΟΣ,15126,2,09/2024
ΠΑΡΑΔΕΙΣΟΣ,15343,1,09/2024
ΠΑΡΑΛΙΑ,18344,5,09/2024
ΠΑΤΗΜΑ,15238,3,09/2024
"ΠΕΔΙΟΝ ΑΡΕΩΣ",11473,1,09/2024
ΠΕΙΡΑΙΑΣ,18546,2,09/2024
ΠΕΙΡΑΙΚΗ,18539,1,09/2024
ΠΕΝΤΕΛΗ,19009,1,09/2024
ΠΕΡΑΜΑ,18863,2,09/2024
ΠΕΡΑΝΙ,18903,1,09/2024
ΠΕΡΙΒΟΛΑΚΙ,18450,2,09/2024
ΠΕΡΙΣΣΟΣ,14232,2,09/2024
ΠΕΡΙΣΤΕΡΙ,12131,8,09/2024
ΠΕΡΙΣΤΕΡΙ,12133,1,09/2024
ΠΕΡΙΣΤΕΡΙ,12134,15,09/2024
ΠΕΡΙΣΤΕΡΙ,12136,7,09/2024
ΠΕΡΙΣΤΕΡΙ,12137,5,09/2024
ΠΕΤΡΟΥΠΟΛΗ,13231,11,09/2024
ΠΕΤΡΟΥΠΟΛΗ,13232,6,09/2024
ΠΕΥΚΑΚΙΑ,15343,9,09/2024
ΠΕΥΚΗ,15121,1,09/2024
ΠΛΑΚΑ,10558,1,09/2024
"ΠΛΑΤΕΙΑ ΑΜΕΡΙΚΗΣ",11253,1,09/2024
"ΠΛΑΤΕΙΑ ΕΛΕΥΘΕΡΙΑΣ",18120,1,09/2024
"ΠΡΟΦ. ΔΑΝΙΗΛ",10447,2,09/2024
"ΠΡΟΦ. ΗΛΙΑΣ",18863,1,09/2024
ΣΕΛΗΝΙΑ,18902,2,09/2024
ΣΟΥΛΙ,17342,1,09/2024
ΣΟΥΡΜΕΝΑ,16777,18,09/2024
"ΣΥΝ ΚΑΡΠΑΘΙΩΝ",15126,1,09/2024
"ΣΥΝ ΠΕΛΟΠΟΝΝΗΣΙΩΝ",14564,1,09/2024
ΣΧΙΣΤΟ,18122,1,09/2024
ΣΩΡΟΥ,15126,1,09/2024
ΤΑΜΠΟΥΡΙΑ,18546,1,09/2024
ΤΑΞΙΑΡΧΕΣ,18121,2,09/2024
ΤΑΥΡΟΣ,17778,2,09/2024
ΤΕΡΨΙΘΕΑ,16561,11,09/2024
ΤΕΡΨΙΘΕΑ,16562,2,09/2024
ΤΕΡΨΙΘΕΑ,18535,2,09/2024
ΤΖΙΤΖΙΦΙΕΣ,17674,2,09/2024
ΤΟΥΦΑ,15234,1,09/2024
ΥΜΗΤΤΟΣ,17236,1,09/2024
ΥΜΗΤΤΟΣ,17237,2,09/2024
ΦΙΛΟΘΕΗ,15123,1,09/2024
ΦΙΛΟΘΕΗ,15237,3,09/2024
ΦΙΛΟΠΑΠΠΟΥ,11741,1,09/2024
ΧΑΙΔΑΡΙ,12461,7,09/2024
ΧΑΛΑΝΔΡΙ,15231,1,09/2024
ΧΑΛΑΝΔΡΙ,15232,1,09/2024
ΧΑΛΑΝΔΡΙ,15233,2,09/2024
ΧΑΛΑΝΔΡΙ,15234,3,09/2024
ΧΑΡΟΚΟΠΟΥ,17671,2,09/2024
ΧΑΣΑΝΙ,16452,1,09/2024
ΧΑΣΑΝΙ,16777,2,09/2024
ΧΟΛΑΡΓΟΣ,15562,6,09/2024
ΨΑΛΙΔΙ,15122,1,09/2024
ΨΑΡΙ,19300,1,09/2024
ΨΥΡΡΗ,10554,4,09/2024
ΨΥΧΙΚΟ,15452,1,09/2024
ΑΒΕΡΩΦ,11524,1,10/2023
"ΑΓ. ΑΝΑΡΓΥΡΟΙ",13561,3,10/2023
"ΑΓ. ΑΝΑΡΓΥΡΟΙ",13562,2,10/2023
"ΑΓ. ΑΝΝΑ",13671,1,10/2023
"ΑΓ. ΑΝΝΑ",18233,1,10/2023
"ΑΓ. ΒΑΡΒΑΡΑ",17235,1,10/2023
"ΑΓ. ΒΑΡΒΑΡΑ",18120,1,10/2023
"ΑΓ. ΓΕΩΡΓΙΟΣ",18453,2,10/2023
"ΑΓ. ΓΕΩΡΓΙΟΣ",18756,3,10/2023
"ΑΓ. ΓΡΗΓΟΡΟΥΣΑ",12461,1,10/2023
"ΑΓ. ΔΗΜΗΤΡΙΟΣ",17341,1,10/2023
"ΑΓ. ΔΗΜΗΤΡΙΟΣ",17343,5,10/2023
"ΑΓ. ΘΩΜΑΣ",15123,2,10/2023
"ΑΓ. ΙΕΡΟΘΕΟΣ",12137,5,10/2023
"ΑΓ. ΚΩΝΣΤΑΝΤΙΝΟΣ",16346,5,10/2023
"ΑΓ. ΛΟΥΚΑΣ",11144,1,10/2023
"ΑΓ. ΜΑΡΙΝΑ",16345,2,10/2023
"ΑΓ. ΜΗΝΑΣ",18758,4,10/2023
"ΑΓ. ΜΗΝΑΣ",18900,1,10/2023
"ΑΓ. ΝΕΙΛΟΣ",18538,1,10/2023
"ΑΓ. ΝΙΚΟΛΑΟΣ",13451,5,10/2023
"ΑΓ. ΝΙΚΟΛΑΟΣ",18450,1,10/2023
"ΑΓ. ΝΙΚΟΛΑΟΣ",18451,1,10/2023
"ΑΓ. ΠΑΝΤΕΛΕΗΜΩΝ",17456,2,10/2023
"ΑΓ. ΠΑΡΑΣΚΕΥΗ",13679,1,10/2023
"ΑΓ. ΠΑΡΑΣΚΕΥΗ",15341,1,10/2023
"ΑΓ. ΠΕΤΡΟΣ",13675,1,10/2023
"ΑΓ. ΣΟΦΙΑ",18543,2,10/2023
"ΑΓ. ΣΠΥΡΙΔΩΝ",12242,2,10/2023
ΑΓΓΕΛΟΠΟΥΛΟΥ,11251,9,10/2023
ΑΔΑΜΕΣ,14564,1,10/2023
"ΑΙΑΝΤΕΙΟ ΚΑΤΣΟΥΛΗ",18900,1,10/2023
"ΑΚΑΔ. ΠΛΑΤΩΝΟΣ",10441,1,10/2023
ΑΛΙΜΟΣ,17455,6,10/2023
ΑΛΣΟΥΠΟΛΗ,14235,2,10/2023
ΑΛΩΝΙΑ,18900,1,10/2023
ΑΜΠΕΛΑΚΙΑ,18902,4,10/2023
ΑΜΠΕΛΟΚΗΠΟΙ,11523,1,10/2023
ΑΜΠΕΛΟΚΗΠΟΙ,11526,1,10/2023
ΑΜΠΕΛΟΚΗΠΟΙ,11527,23,10/2023
ΑΜΦΙΘΕΑ,17563,4,10/2023
ΑΜΦΙΘΕΑ,17564,4,10/2023
ΑΝΑΓΕΝΝΗΣΗ,12243,4,10/2023
ΑΝΑΛΗΨΗ,18452,1,10/2023
ΑΝΑΣΤΑΣΗ,18755,2,10/2023
ΑΝΘΕΩΝ,17343,2,10/2023
ΑΝΘΟΥΠΟΛΗ,12135,3,10/2023
ΑΝΟΙΞΗ,17342,1,10/2023
"ΑΝΩ ΚΟΡΥΔΑΛΛΟΣ",18122,3,10/2023
"ΑΝΩ ΚΥΨΕΛΗ",11364,1,10/2023
"ΑΝΩ ΛΙΟΥΜΗ",12243,3,10/2023
"ΑΝΩ ΠΕΤΡΑΛΩΝΑ",11851,2,10/2023
"ΑΡ. ΕΛ. ΒΕΝΙΖΕΛΟΥ",12351,3,10/2023
"ΑΡ. ΙΕΡΑΣ ΟΔΟΥ",12241,3,10/2023
ΑΡΓΥΡΟΥΠΟΛΗ,16451,2,10/2023
ΑΡΓΥΡΟΥΠΟΛΗ,16452,1,10/2023
"ΑΣΠΡΑ ΧΩΜΑΤΑ",12135,4,10/2023
"ΑΣΠΡΑ ΧΩΜΑΤΑ",12137,3,10/2023
ΑΣΠΡΟΠΥΡΓΟΣ,19300,12,10/2023
ΑΣΤΥΝΟΜΙΚΑ,16342,1,10/2023
ΑΣΥΡΜΑΤΟΣ,16672,1,10/2023
ΑΣΥΡΜΑΤΟΣ,17341,8,10/2023
ΑΥΤΟΚΙΝΗΤΙΣΤΩΝ,16673,1,10/2023
ΒΑΘΗΣ,10438,2,10/2023
ΒΑΡΗ,16672,1,10/2023
"ΒΑΣ. ΠΕΡΙΠΤΕΡΟ",18538,1,10/2023
ΒΙΑΜΑΞ,12242,1,10/2023
ΒΟΥΛΑ,16673,2,10/2023
ΓΑΛΑΤΣΙ,11146,12,10/2023
ΓΑΛΑΤΣΙ,11147,2,10/2023
ΓΕΡΑΚΑΣ,15344,1,10/2023
ΓΕΡΟΒΟΥΝΟ,13451,11,10/2023
ΓΕΡΟΒΟΥΝΟ,13671,2,10/2023
ΓΙΑΛΑ,18903,1,10/2023
ΓΚΥΖΗ,11476,2,10/2023
ΓΛΥΦΑΔΑ,16562,3,10/2023
ΓΛΥΦΑΔΑ,16674,1,10/2023
ΓΛΥΦΑΔΑ,16675,2,10/2023
ΔΑΣΟΣ,12462,7,10/2023
ΔΑΦΝΗ,17235,3,10/2023
ΔΑΦΝΗ,17237,4,10/2023
"ΔΕΞ. ΕΛ. ΒΕΝΙΖΕΛΟΥ",12351,1,10/2023
"ΔΕΞ. ΙΕΡΑΣ ΟΔΟΥ",12242,5,10/2023
ΔΙΚΗΓΟΡΙΚΑ,16673,13,10/2023
"ΕΘΝΙΚΗΣ ΑΝΤΙΣΤΑΣΗΣ",17342,11,10/2023
"ΕΙΚΟΝΙΚΗ ΠΕΡΙΟΧΗ",18756,1,10/2023
ΕΛΕΥΣΙΝΑ,19200,2,10/2023
ΕΛΛΗΝΙΚΟ,16777,2,10/2023
ΕΞΑΡΧΕΙΑ,10678,1,10/2023
ΕΥΑΓΓΕΛΙΣΤΡΙΑ,18534,4,10/2023
ΕΥΓΕΝΕΙΑ,18755,7,10/2023
ΕΦΟΡΙΑΚΩΝ,17456,2,10/2023
ΖΕΦΥΡΙ,13461,2,10/2023
ΖΩΓΡΑΦΟΥ,15771,11,10/2023
ΖΩΓΡΑΦΟΥ,15772,12,10/2023
ΗΛ.ΣΤΑΘΜΟΣ,17675,1,10/2023
ΗΛΙΟΥΠΟΛΗ,16343,1,10/2023
ΗΛΙΟΥΠΟΛΗ,16346,1,10/2023
ΗΡΑΚΛΕΙΟ,14121,2,10/2023
ΗΡΑΚΛΕΙΟ,14122,2,10/2023
ΘΗΣΕΙΟ,11851,1,10/2023
ΙΕΡΑΠΟΛΗ,12244,9,10/2023
ΙΛΙΟΝ,13121,4,10/2023
ΙΛΙΟΝ,13122,11,10/2023
ΙΛΙΟΝ,13123,5,10/2023
ΙΛΙΣΙΑ,11528,1,10/2023
ΚΑΙΣΑΡΙΑΝΗ,16122,3,10/2023
ΚΑΛΑΜΑΚΙ,17455,1,10/2023
ΚΑΛΛΙΘΕΑ,17671,18,10/2023
ΚΑΛΛΙΘΕΑ,17673,1,10/2023
ΚΑΛΛΙΘΕΑ,17675,1,10/2023
ΚΑΛΛΙΘΕΑ,17676,1,10/2023
ΚΑΛΛΙΠΟΛΗ,18539,9,10/2023
ΚΑΛΥΜΝΙΩΝ,16673,3,10/2023
ΚΑΜΑΤΕΡΟ,13451,7,10/2023
ΚΑΜΑΤΕΡΟ,18902,1,10/2023
ΚΑΜΙΝΙΑ,18541,3,10/2023
ΚΑΝΑΡΙΑ,16345,1,10/2023
ΚΑΡΒΕΛΑΣ,16561,1,10/2023
ΚΑΡΒΕΛΑΣ,16674,1,10/2023
"ΚΑΤΩ ΚΗΦΙΣΙΑ",14561,2,10/2023
"ΚΑΤΩ ΚΗΦΙΣΙΑ",14564,2,10/2023
"ΚΑΤΩ ΠΕΤΡΑΛΩΝΑ",11853,6,10/2023
ΚΕΝΤΡΟ,10432,21,10/2023
ΚΕΝΤΡΟ,10551,2,10/2023
ΚΕΝΤΡΟ,10560,1,10/2023
ΚΕΝΤΡΟ,10561,2,10/2023
ΚΕΝΤΡΟ,10562,1,10/2023
ΚΕΝΤΡΟ,10563,1,10/2023
ΚΕΝΤΡΟ,18536,1,10/2023
ΚΕΦΑΛΑΡΙ,14562,1,10/2023
ΚΗΠΟΥΠΟΛΗ,13231,4,10/2023
"ΚΟΚ. ΜΥΛΟΣ",14342,1,10/2023
ΚΟΚΚΙΝΟΒΡΑΧΟΣ,18757,3,10/2023
ΚΟΛΙΑΤΣΟΥ,11253,8,10/2023
ΚΟΛΟΚΥΝΘΟΥ,12132,1,10/2023
ΚΟΝΤΟΠΕΥΚΟ,15343,3,10/2023
ΚΟΡΜΠΙ,16672,1,10/2023
"ΚΟΡΜΠΙ ΦΑΡΟΥ",16672,1,10/2023
ΚΟΡΥΔΑΛΛΟΣ,18120,3,10/2023
ΚΟΡΥΔΑΛΛΟΣ,18121,1,10/2023
ΚΡΗΝΗ,18451,4,10/2023
ΚΡΗΝΗ,18453,1,10/2023
ΚΥΘΗΡΙΩΝ,17456,5,10/2023
ΚΥΠΡΙΑΔΟΥ,11141,2,10/2023
ΚΥΨΕΛΗ,11252,3,10/2023
ΚΥΨΕΛΗ,11257,7,10/2023
ΛΑΘΕΑ,13678,2,10/2023
ΛΙΟΥΜΗ,12243,2,10/2023
"ΛΟΦΟΣ ΣΚΟΥΖΕ",10443,4,10/2023
"ΛΟΦΟΣ ΣΚΟΥΖΕ",10444,2,10/2023
ΛΥΚΟΤΡΥΠΑ,13671,1,10/2023
ΜΑΓΟΥΛΑ,19018,3,10/2023
ΜΑΝΙΑΤΙΚΑ,18543,1,10/2023
ΜΑΝΙΑΤΙΚΑ,18546,2,10/2023
ΜΑΡΟΥΣΙ,15122,10,10/2023
ΜΑΡΟΥΣΙ,15124,1,10/2023
ΜΑΡΟΥΣΙ,15125,1,10/2023
ΜΑΡΟΥΣΙ,15126,1,10/2023
"ΜΕΓ. ΣΧΙΝΑ",13679,3,10/2023
"ΜΕΓΑΡΑ ΔΥΤΙΚΗΣ ΑΤΤΙΚΗΣ",19100,2,10/2023
ΜΕΛΙΣΣΙΑ,15127,4,10/2023
ΜΕΣΟΝΥΧΙ,13675,9,10/2023
ΜΕΤΑΜΟΡΦΩΣΗ,14451,7,10/2023
ΜΕΤΑΜΟΡΦΩΣΗ,14452,3,10/2023
ΜΕΤΑΜΟΡΦΩΣΗ,16232,2,10/2023
ΜΕΤΑΜΟΡΦΩΣΗ,18345,2,10/2023
ΜΙΧΕΛΗ,13123,3,10/2023
ΜΟΥΣΕΙΟ,10682,1,10/2023
ΜΠΑΤΣΙ,18900,1,10/2023
ΜΠΟΣΚΙΖΑ,13679,1,10/2023
ΜΠΟΥΡΝΑΖΙ,12133,6,10/2023
"Ν. ΚΟΛΟΚΥΝΘΟΥ",12132,1,10/2023
"Ν. ΛΙΟΣΙΑ",13122,1,10/2023
"ΝΕΑ ΖΩΗ",15341,1,10/2023
"ΝΕΑ ΙΩΝΙΑ",14231,9,10/2023
"ΝΕΑ ΚΗΦΙΣΙΑ",14564,4,10/2023
"ΝΕΑ ΚΥΨΕΛΗ",11476,1,10/2023
"ΝΕΑ ΛΕΣΒΟΣ",15126,1,10/2023
"ΝΕΑ ΜΑΔΥΤΟΣ",14342,9,10/2023
"ΝΕΑ ΠΕΝΤΕΛΗ",15236,3,10/2023
"ΝΕΑ ΣΜΥΡΝΗ",17122,1,10/2023
"ΝΕΑ ΣΜΥΡΝΗ",17123,2,10/2023
"ΝΕΑ ΣΜΥΡΝΗ",17124,6,10/2023
ΝΕΑΠΟΛΗ,11472,1,10/2023
ΝΕΑΠΟΛΗ,13672,9,10/2023
ΝΕΑΠΟΛΗ,13675,2,10/2023
ΝΕΑΠΟΛΗ,14233,8,10/2023
ΝΕΑΠΟΛΗ,18452,6,10/2023
"ΝΕΟ ΨΥΧΙΚΟ",15451,4,10/2023
ΝΤΑΜΑΡΑΚΙΑ,12244,2,10/2023
"ΟΛΥΜΠΙΑΚΟ ΧΩΡΙΟ",13677,1,10/2023
"ΟΣΙΑ ΞΕΝΗ",18450,1,10/2023
"ΟΣΙΑ ΞΕΝΗ",18451,1,10/2023
"ΟΣΙΑ ΞΕΝΗ",18453,4,10/2023
"Π. ΚΟΚΚΙΝΙΑ",18450,1,10/2023
ΠΑΓΚΡΑΤΙ,11632,1,10/2023
ΠΑΓΚΡΑΤΙ,11634,1,10/2023
"ΠΑΛ. ΜΕΝΙΔΙ",13674,3,10/2023
"ΠΑΛΑΙΟ ΦΑΛΗΡΟ",17561,1,10/2023
"ΠΑΛΑΙΟ ΦΑΛΗΡΟ",17562,5,10/2023
ΠΑΛΑΤΙΑΝΗ,13121,3,10/2023
ΠΑΛΛΗΝΗ,15351,3,10/2023
ΠΑΛΟΥΚΙΑ,18901,2,10/2023
ΠΑΝΟΡΑΜΑ,13679,1,10/2023
ΠΑΝΟΡΑΜΑ,16673,1,10/2023
ΠΑΠΑΓΟΣ,15669,7,10/2023
ΠΑΡΑΔΕΙΣΟΣ,15343,2,10/2023
ΠΑΡΑΛΙΑ,18345,1,10/2023
ΠΑΡΑΛΙΑ,19010,7,10/2023
ΠΑΣΑΛΙΜΑΝΙ,18534,1,10/2023
ΠΑΤΗΜΑ,15238,6,10/2023
ΠΕΝΤΕΛΗ,15236,1,10/2023
ΠΕΡΑΝΙ,18903,1,10/2023
ΠΕΡΙΣΣΟΣ,14232,8,10/2023
ΠΕΡΙΣΤΕΡΙ,12131,5,10/2023
ΠΕΡΙΣΤΕΡΙ,12134,14,10/2023
ΠΕΡΙΣΤΕΡΙ,12135,3,10/2023
ΠΕΡΙΣΤΕΡΙ,12136,3,10/2023
ΠΕΤΡΟΥΠΟΛΗ,13231,15,10/2023
ΠΕΤΡΟΥΠΟΛΗ,13232,9,10/2023
ΠΕΥΚΗ,15121,1,10/2023
ΠΛΑΚΑ,10556,1,10/2023
"ΠΛΑΤΕΙΑ ΑΤΤΙΚΗΣ",10440,2,10/2023
"ΠΛΑΤΕΙΑ ΕΛΕΥΘΕΡΙΑΣ",18120,2,10/2023
ΠΟΛΥΔΡΟΣΟ,15125,1,10/2023
"ΠΡΟΦ. ΗΛΙΑΣ",18863,1,10/2023
ΡΑΔΙΟΦΩΝΙΑ,13122,1,10/2023
ΡΑΔΙΟΦΩΝΙΑ,13123,2,10/2023
ΡΑΔΙΟΦΩΝΙΑ,13451,1,10/2023
ΡΕΤΣΙΝΑ,18540,1,10/2023
ΣΑΡΩΝΙΚΟΣ,17341,2,10/2023
ΣΑΡΩΝΙΚΟΣ,17343,1,10/2023
ΣΑΦΡΑΜΠΟΛΙΣ,14233,3,10/2023
ΣΕΛΗΝΙΑ,18902,2,10/2023
ΣΕΠΟΛΙΑ,10443,2,10/2023
ΣΙΔΕΡΑ,19300,2,10/2023
"ΣΥΝ ΚΑΡΠΑΘΙΩΝ",15126,4,10/2023
"ΣΥΝ. ΤΥΠΟΓΡΑΦΩΝ",16346,2,10/2023
ΣΧΙΣΤΟ,18122,2,10/2023
ΤΑΜΠΟΥΡΙΑ,18756,1,10/2023
ΤΕΡΨΙΘΕΑ,16561,2,10/2023
ΤΕΡΨΙΘΕΑ,16562,3,10/2023
ΤΖΙΤΖΙΦΙΕΣ,17673,15,10/2023
ΤΖΙΤΖΙΦΙΕΣ,17674,7,10/2023
ΤΖΙΤΖΙΦΙΕΣ,17675,1,10/2023
ΤΟΥΦΑ,15234,1,10/2023
ΤΡΑΥΜΑΤΙΩΝ,17455,1,10/2023
ΤΡΑΥΜΑΤΙΩΝ,17456,1,10/2023
ΤΣΑΚΟΣ,15341,1,10/2023
ΥΜΗΤΤΟΣ,17237,3,10/2023
ΧΑΙΔΑΡΙ,12461,4,10/2023
ΧΑΛΑΝΔΡΙ,15231,4,10/2023
ΧΑΛΑΝΔΡΙ,15232,1,10/2023
ΧΑΛΑΝΔΡΙ,15233,14,10/2023
ΧΑΛΑΝΔΡΙ,15234,10,10/2023
ΧΑΛΚΗΔΩΝ,18756,2,10/2023
ΧΑΡΑΥΓΗ,13673,1,10/2023
ΧΑΡΟΚΟΠΟΥ,17671,1,10/2023
ΧΑΣΑΝΙ,16452,4,10/2023
ΧΙΛΤΟΝ,16121,8,10/2023
ΧΟΛΑΡΓΟΣ,15561,8,10/2023
ΧΟΛΑΡΓΟΣ,15562,8,10/2023
ΧΡΥΣΟΥΠΟΛΗ,12137,1,10/2023
ΨΥΡΡΗ,10554,2,10/2023
ΨΥΧΙΚΟ,15452,1,10/2023
ΑΒΕΡΩΦ,11522,4,10/2024
"ΑΓ. ΑΘΑΝΑΣΙΟΣ",13675,2,10/2024
"ΑΓ. ΑΝΑΡΓΥΡΟΙ",13561,2,10/2024
"ΑΓ. ΑΝΑΡΓΥΡΟΙ",13562,1,10/2024
"ΑΓ. ΑΝΝΑ",13671,1,10/2024
"ΑΓ. ΑΝΝΑ",18233,1,10/2024
"ΑΓ. ΑΝΤΩΝΙΟΣ",18758,1,10/2024
"ΑΓ. ΒΑΡΒΑΡΑ",18120,4,10/2024
"ΑΓ. ΒΑΣΙΛΕΙΟΣ",18537,1,10/2024
"ΑΓ. ΓΕΩΡΓΙΟΣ",11744,1,10/2024
"ΑΓ. ΓΕΩΡΓΙΟΣ",18120,10,10/2024
"ΑΓ. ΓΕΩΡΓΙΟΣ",18453,1,10/2024
"ΑΓ. ΓΕΩΡΓΙΟΣ",18756,11,10/2024
"ΑΓ. ΓΡΗΓΟΡΟΥΣΑ",12461,3,10/2024
"ΑΓ. ΔΗΜΗΤΡΙΟΣ",17341,3,10/2024
"ΑΓ. ΕΛΕΟΥΣΑ",17675,1,10/2024
"ΑΓ. ΕΛΕΥΘΕΡΙΟΣ",11143,2,10/2024
"ΑΓ. Ι. ΡΕΝΤΗΣ",18233,1,10/2024
"ΑΓ. ΙΕΡΟΘΕΟΣ",12137,4,10/2024
"ΑΓ. ΙΩΑΝΝΗΣ",17234,1,10/2024
"ΑΓ. ΚΩΝΣΤΑΝΤΙΝΟΣ",16346,1,10/2024
"ΑΓ. ΜΑΡΙΝΑ",16344,3,10/2024
"ΑΓ. ΜΑΡΙΝΑ",16345,2,10/2024
"ΑΓ. ΜΕΛΕΤΙΟΥ",10446,1,10/2024
"ΑΓ. ΜΗΝΑΣ",18757,1,10/2024
"ΑΓ. ΜΗΝΑΣ",18758,3,10/2024
"ΑΓ. ΝΕΙΛΟΣ",18538,1,10/2024
"ΑΓ. ΝΙΚΟΛΑΟΣ",13451,7,10/2024
"ΑΓ. ΝΙΚΟΛΑΟΣ",16674,1,10/2024
"ΑΓ. ΝΙΚΟΛΑΟΣ",18450,3,10/2024
"ΑΓ. ΝΙΚΟΛΑΟΣ",18863,4,10/2024
"ΑΓ. ΠΑΡΑΣΚΕΥΗ",15341,1,10/2024
"ΑΓ. ΠΑΡΑΣΚΕΥΗ",15343,1,10/2024
"ΑΓ. ΠΕΤΡΟΣ",13675,3,10/2024
"ΑΓ. ΣΟΦΙΑ",18545,2,10/2024
"ΑΓ. ΣΟΦΙΑ",18546,1,10/2024
"ΑΓ. ΣΩΣΤΗΣ",11745,3,10/2024
ΑΓΓΕΛΟΠΟΥΛΟΥ,11251,8,10/2024
ΑΔΑΜΕΣ,14564,6,10/2024
ΑΙΑΝΤΕΙΟ,18903,1,10/2024
"ΑΙΑΝΤΕΙΟ ΖΑΡΜΠΑΛΑ",18903,2,10/2024
"ΑΙΑΝΤΕΙΟ ΜΑΙΝΕΜΕΝΗ",18903,2,10/2024
ΑΙΓΑΛΕΩ,12241,1,10/2024
ΑΙΓΑΛΕΩ,12243,4,10/2024
"ΑΚΑΔ. ΠΛΑΤΩΝΟΣ",10441,1,10/2024
ΑΛΙΜΟΣ,17455,7,10/2024
ΑΛΣΟΥΠΟΛΗ,14235,1,10/2024
ΑΛΩΝΙΑ,14562,2,10/2024
ΑΜΠΕΛΑΚΙΑ,18902,1,10/2024
ΑΜΠΕΛΟΚΗΠΟΙ,11523,1,10/2024
ΑΜΠΕΛΟΚΗΠΟΙ,11527,1,10/2024
ΑΜΦΙΑΛΗ,18757,3,10/2024
ΑΜΦΙΑΛΗ,18758,1,10/2024
ΑΜΦΙΘΕΑ,17563,22,10/2024
ΑΜΦΙΘΕΑ,17564,2,10/2024
ΑΝΑΓΕΝΝΗΣΗ,12243,2,10/2024
ΑΝΑΛΗΨΗ,18452,1,10/2024
ΑΝΘΕΩΝ,17343,2,10/2024
ΑΝΘΟΥΠΟΛΗ,12135,4,10/2024
ΑΝΟΙΞΗ,17342,4,10/2024
"ΑΝΩ ΚΟΡΥΔΑΛΛΟΣ",18121,4,10/2024
"ΑΝΩ ΚΥΨΕΛΗ",11363,1,10/2024
"ΑΝΩ ΚΥΨΕΛΗ",11364,1,10/2024
"ΑΝΩ ΛΙΟΥΜΗ",12243,5,10/2024
"ΑΝΩ ΛΟΦΟΣ",12461,1,10/2024
"ΑΝΩ ΠΕΤΡΑΛΩΝΑ",11851,2,10/2024
"ΑΝΩ ΠΕΤΡΑΛΩΝΑ",11852,2,10/2024
ΑΠΟΛΛΩΝ,18541,1,10/2024
"ΑΡ. ΙΕΡΑΣ ΟΔΟΥ",12241,2,10/2024
ΑΡΓΥΡΟΥΠΟΛΗ,16451,2,10/2024
ΑΡΓΥΡΟΥΠΟΛΗ,16452,1,10/2024
"ΑΣΠΡΑ ΧΩΜΑΤΑ",12135,4,10/2024
"ΑΣΠΡΑ ΧΩΜΑΤΑ",12137,7,10/2024
"ΑΣΠΡΑ ΧΩΜΑΤΑ",18454,2,10/2024
ΑΣΠΡΟΠΥΡΓΟΣ,19300,5,10/2024
ΑΣΥΡΜΑΤΟΣ,16672,1,10/2024
ΑΣΥΡΜΑΤΟΣ,17341,3,10/2024
ΒΑΡΗ,16672,1,10/2024
ΒΑΡΚΙΖΑ,16672,4,10/2024
ΒΙΑΜΑΞ,12242,1,10/2024
ΒΟΤΑΝΙΚΟΣ,11855,1,10/2024
ΒΟΥΛΑ,16673,13,10/2024
ΒΥΡΩΝΑΣ,16231,7,10/2024
ΒΥΡΩΝΑΣ,16232,2,10/2024
"Γ ΝΕΚΡΟΤΑΦΕΙΟ",18454,1,10/2024
ΓΑΛΑΤΣΙ,11146,8,10/2024
ΓΑΛΑΤΣΙ,11147,1,10/2024
ΓΕΡΜΑΝΙΚΑ,19300,2,10/2024
"ΓΕΡΜΑΝΙΚΟΣ ΔΡΟΜΟΣ ΒΟΡΕΙΟ",19100,4,10/2024
ΓΕΡΟΒΟΥΝΟ,13451,1,10/2024
ΓΕΡΟΒΟΥΝΟ,13671,1,10/2024
ΓΗΠΕΔΟ,18451,1,10/2024
"ΓΗΠΕΔΟ-ΝΕΟ ΜΕΛΙ",19100,16,10/2024
ΓΗΡΟΚΟΜΕΙΟ,11524,1,10/2024
ΓΚΥΖΗ,11475,1,10/2024
"ΓΛΥΚΑ ΝΕΡΑ",15354,5,10/2024
ΓΛΥΦΑΔΑ,16561,5,10/2024
ΓΛΥΦΑΔΑ,16562,2,10/2024
ΓΛΥΦΑΔΑ,16674,12,10/2024
ΓΛΥΦΑΔΑ,16675,7,10/2024
ΓΟΥΒΑ,11631,5,10/2024
ΔΑΣΟΣ,12462,3,10/2024
ΔΑΦΝΗ,17234,5,10/2024
ΔΑΦΝΗ,17235,3,10/2024
ΔΑΦΝΗ,17237,1,10/2024
"ΔΕΞ. ΕΛ. ΒΕΝΙΖΕΛΟΥ",12351,1,10/2024
"ΔΕΞ. ΙΕΡΑΣ ΟΔΟΥ",12242,13,10/2024
ΔΗΜΟΤΙΚΟ,18531,7,10/2024
ΔΙΚΗΓΟΡΙΚΑ,16673,6,10/2024
ΔΙΚΗΓΟΡΙΚΑ,16675,1,10/2024
ΔΡΑΠΕΤΣΩΝΑ,18648,4,10/2024
"ΕΘΝΙΚΗΣ ΑΝΤΙΣΤΑΣΗΣ",17342,1,10/2024
ΕΚΤΕΛΩΝΙΣΤΩΝ,17456,1,10/2024
ΕΛΕΥΣΙΝΑ,19200,8,10/2024
ΕΛΗΑ,17343,1,10/2024
ΕΛΛΗΝΙΚΟ,16777,5,10/2024
ΕΥΓΕΝΕΙΑ,18755,3,10/2024
ΕΦΟΡΙΑΚΩΝ,17456,1,10/2024
ΖΑΝΕΙΟ,18537,5,10/2024
ΖΕΦΥΡΙ,13461,5,10/2024
ΖΩΓΡΑΦΟΥ,15772,4,10/2024
"ΖΩΟΔΟΧΟΥ ΠΗΓΗΣ",16231,1,10/2024
ΗΛΙΟΥΠΟΛΗ,16341,3,10/2024
ΗΛΙΟΥΠΟΛΗ,16342,1,10/2024
ΗΛΙΟΥΠΟΛΗ,16344,1,10/2024
ΗΛΙΟΥΠΟΛΗ,16346,1,10/2024
ΗΡΑΚΛΕΙΟ,14121,6,10/2024
ΗΡΑΚΛΕΙΟ,14122,13,10/2024
ΘΡΑΚΟΜΑΚΕΔΟΝΕΣ,13676,3,10/2024
ΘΥΜΑΡΑΚΙΑ,10445,1,10/2024
ΙΕΡΑΠΟΛΗ,12244,9,10/2024
ΙΛΙΟΝ,13121,14,10/2024
ΙΛΙΟΝ,13122,11,10/2024
ΙΛΙΟΝ,13123,3,10/2024
ΚΑΙΣΑΡΙΑΝΗ,16121,4,10/2024
ΚΑΛΛΙΘΕΑ,17675,1,10/2024
ΚΑΛΛΙΘΕΑ,17676,2,10/2024
ΚΑΛΛΙΠΟΛΗ,18539,2,10/2024
ΚΑΛΟΓΡΕΖΑ,14235,2,10/2024
ΚΑΛΥΜΝΙΩΝ,16673,10,10/2024
ΚΑΜΑΤΕΡΟ,13451,5,10/2024
ΚΑΜΙΝΙΑ,18541,3,10/2024
ΚΑΝΤΗΛΙ,19100,1,10/2024
ΚΑΡΑΒΑΣ,18543,2,10/2024
ΚΑΡΒΕΛΑΣ,16674,6,10/2024
"ΚΑΤΩ ΚΗΦΙΣΙΑ",14564,1,10/2024
"ΚΑΤΩ ΠΕΤΡΑΛΩΝΑ",11853,6,10/2024
"ΚΑΤΩ ΠΕΤΡΑΛΩΝΑ",11854,7,10/2024
"ΚΑΤΩ ΧΑΛΑΝΔΡΙ",15231,5,10/2024
ΚΑΦΕΠΩΛΕΣ,16561,1,10/2024
ΚΕΝΤΡΟ,10551,1,10/2024
ΚΕΝΤΡΟ,10552,1,10/2024
ΚΕΝΤΡΟ,10560,3,10/2024
ΚΕΝΤΡΟ,10562,2,10/2024
ΚΕΝΤΡΟ,10672,1,10/2024
ΚΕΦΑΛΑΡΙ,14562,1,10/2024
ΚΕΦΑΛΛΗΝΙΑΣ,11257,12,10/2024
ΚΗΠΟΥΠΟΛΗ,13231,1,10/2024
ΚΗΦΙΣΙΑ,14561,1,10/2024
"ΚΟΚ. ΜΥΛΟΣ",14342,2,10/2024
ΚΟΛΩΝΑΚΙ,10671,1,10/2024
ΚΟΛΩΝΑΚΙ,10672,1,10/2024
ΚΟΛΩΝΟΣ,10444,6,10/2024
ΚΟΝΤΟΠΕΥΚΟ,15343,1,10/2024
ΚΟΡΥΔΑΛΛΟΣ,18120,2,10/2024
ΚΟΡΥΔΑΛΛΟΣ,18121,2,10/2024
ΚΡΗΝΗ,18453,3,10/2024
ΚΥΝΟΣΑΡΓΟΥΣ,11743,1,10/2024
ΚΥΨΕΛΗ,11361,3,10/2024
ΛΑΘΕΑ,13678,3,10/2024
"ΛΑΚΚΑ ΒΑΒΟΥΛΑ",18532,3,10/2024
"ΛΑΚΚΑ ΒΑΒΟΥΛΑ",18533,1,10/2024
ΛΙΒΑΔΙ-ΜΥΛΟΙ,18900,1,10/2024
ΛΙΟΥΜΗ,12243,8,10/2024
ΛΙΠΑΣΜΑΤΑ,18648,1,10/2024
ΛΥΚΟΒΡΥΣΗ,14123,2,10/2024
ΛΥΚΟΤΡΥΠΑ,13671,1,10/2024
ΜΑΓΟΥΛΑ,19018,1,10/2024
"ΜΑΝΔΡΑ ΔΥΤΙΚΗΣ ΑΤΤΙΚΗΣ",19600,1,10/2024
ΜΑΝΙΑΤΙΚΑ,18544,4,10/2024
ΜΑΝΙΑΤΙΚΑ,18546,6,10/2024
ΜΑΡΟΥΣΙ,15122,5,10/2024
ΜΑΡΟΥΣΙ,15126,1,10/2024
"ΜΕΓ. ΣΧΙΝΑ",13674,2,10/2024
"ΜΕΓ. ΣΧΙΝΑ",13679,1,10/2024
"ΜΕΓΑΡΑ ΔΥΤΙΚΗΣ ΑΤΤΙΚΗΣ",19100,8,10/2024
ΜΕΛΙΣΣΙΑ,15127,4,10/2024
ΜΕΤΑΜΟΡΦΩΣΗ,14452,1,10/2024
ΜΕΤΑΜΟΡΦΩΣΗ,16233,1,10/2024
ΜΕΤΑΜΟΡΦΩΣΗ,18344,1,10/2024
ΜΕΤΑΜΟΡΦΩΣΗ,18345,5,10/2024
ΜΕΤΑΞΟΥΡΓΕΙΟ,10435,1,10/2024
ΜΙΧΕΛΗ,13123,6,10/2024
ΜΟΥΣΕΙΟ,10682,3,10/2024
ΜΠΟΣΚΙΖΑ,13679,6,10/2024
ΜΠΟΥΡΝΑΖΙ,12133,7,10/2024
ΜΥΚΟΝΙΑΤΙΚΑ,13561,1,10/2024
"Ν. ΚΟΛΟΚΥΝΘΟΥ",12132,4,10/2024
"Ν. ΟΛΥΜΠΙΑ",13451,1,10/2024
"ΝΕΑ ΙΩΝΙΑ",14231,8,10/2024
"ΝΕΑ ΙΩΝΙΑ",14234,1,10/2024
"ΝΕΑ ΚΗΦΙΣΙΑ",14561,1,10/2024
"ΝΕΑ ΚΗΦΙΣΙΑ",14564,3,10/2024
"ΝΕΑ ΚΥΨΕΛΗ",11363,2,10/2024
"ΝΕΑ ΜΑΔΥΤΟΣ",14342,1,10/2024
"ΝΕΑ ΠΕΝΤΕΛΗ",15236,3,10/2024
"ΝΕΑ ΠΕΝΤΕΛΗ",15239,1,10/2024
"ΝΕΑ ΠΕΡΑΜΟΣ",19006,1,10/2024
"ΝΕΑ ΣΜΥΡΝΗ",17121,1,10/2024
"ΝΕΑ ΣΜΥΡΝΗ",17122,10,10/2024
"ΝΕΑ ΣΜΥΡΝΗ",17124,1,10/2024
ΝΕΑΠΟΛΗ,11473,1,10/2024
ΝΕΑΠΟΛΗ,13672,3,10/2024
ΝΕΑΠΟΛΗ,13674,2,10/2024
ΝΕΑΠΟΛΗ,13675,2,10/2024
ΝΕΑΠΟΛΗ,18451,1,10/2024
ΝΕΑΠΟΛΗ,18452,4,10/2024
"ΝΕΟ ΦΑΛΗΡΟ",18547,6,10/2024
"ΝΕΟ ΨΥΧΙΚΟ",15451,1,10/2024
ΝΕΟΚΤΙΣΤΑ,18863,1,10/2024
"ΝΕΟΣ ΚΟΣΜΟΣ",11744,2,10/2024
"ΝΕΟΣ ΚΟΣΜΟΣ",11745,1,10/2024
ΝΙΚΑΙΑ,18452,1,10/2024
ΝΙΚΑΙΑ,18453,2,10/2024
ΝΤΑΜΑΡΑΚΙΑ,12244,6,10/2024
ΞΕΝΟ,18900,1,10/2024
"ΟΣΙΑ ΞΕΝΗ",18450,1,10/2024
"Π. ΚΟΚΚΙΝΙΑ",18542,1,10/2024
ΠΑΓΚΡΑΤΙ,11634,1,10/2024
ΠΑΓΚΡΑΤΙ,11635,1,10/2024
"ΠΑΓΚΡΑΤΙ ΣΤΑΔΙΟ",11635,1,10/2024
"ΠΑΙΔΙΚΗ ΣΤΕΓΗ",18454,1,10/2024
"ΠΑΛ. ΜΕΝΙΔΙ",13672,1,10/2024
"ΠΑΛ. ΜΕΝΙΔΙ",13673,2,10/2024
"ΠΑΛ. ΜΕΝΙΔΙ",13674,5,10/2024
"ΠΑΛΑΙΟ ΦΑΛΗΡΟ",17563,1,10/2024
ΠΑΛΑΤΙΑΝΗ,13121,9,10/2024
ΠΑΛΙΑΓΙΑΝΝΗ,14562,2,10/2024
ΠΑΛΛΗΝΗ,15351,12,10/2024
ΠΑΛΟΥΚΙΑ,18901,2,10/2024
ΠΑΝΟΡΑΜΑ,16673,2,10/2024
ΠΑΝΤΕΙΟΣ,17671,2,10/2024
ΠΑΠΑΓΟΣ,15669,3,10/2024
ΠΑΠΑΣΤΡΑΤΟΥ,18546,1,10/2024
ΠΑΡΑΔΕΙΣΟΣ,15125,1,10/2024
ΠΑΣΑΛΙΜΑΝΙ,18534,1,10/2024
ΠΑΤΗΜΑ,15238,9,10/2024
ΠΕΙΡΑΙΑΣ,18546,2,10/2024
ΠΕΝΤΕΛΗ,15236,2,10/2024
ΠΕΡΙΒΟΛΑΚΙ,18450,2,10/2024
ΠΕΡΙΣΣΟΣ,14232,2,10/2024
ΠΕΡΙΣΤΕΡΙ,12131,19,10/2024
ΠΕΡΙΣΤΕΡΙ,12132,8,10/2024
ΠΕΡΙΣΤΕΡΙ,12134,1,10/2024
ΠΕΡΙΣΤΕΡΙ,12136,8,10/2024
ΠΕΡΙΣΤΕΡΙ,12137,2,10/2024
ΠΕΤΡΟΥΠΟΛΗ,13231,11,10/2024
ΠΕΤΡΟΥΠΟΛΗ,13232,7,10/2024
ΠΕΥΚΑΚΙΑ,15343,8,10/2024
ΠΕΥΚΗ,15121,23,10/2024
ΠΛΑΚΑ,10559,1,10/2024
ΠΛΑΚΑ,10563,1,10/2024
"ΠΛΑΤΕΙΑ ΑΤΤΙΚΗΣ",10440,1,10/2024
"ΠΛΑΤΕΙΑ ΑΤΤΙΚΗΣ",10446,1,10/2024
"ΠΛΑΤΕΙΑ ΒΑΘΗΣ",10433,2,10/2024
"ΠΛΑΤΕΙΑ ΕΛΕΥΘΕΡΙΑΣ",18120,1,10/2024
"ΠΛΑΤΕΙΑ ΚΑΝΙΓΓΟΣ",10677,1,10/2024
ΠΟΛΙΤΕΙΑ,14563,1,10/2024
ΠΟΛΥΔΡΟΣΟ,15233,3,10/2024
ΠΥΡΓΟΥΘΙ,13672,1,10/2024
ΡΑΔΙΟΦΩΝΙΑ,13122,3,10/2024
ΡΙΖΟΥΠΟΛΗ,11142,1,10/2024
ΣΑΡΩΝΙΚΟΣ,17341,2,10/2024
ΣΑΦΡΑΜΠΟΛΙΣ,14233,2,10/2024
ΣΕΛΗΝΙΑ,18902,2,10/2024
ΣΟΥΡΜΕΝΑ,16777,4,10/2024
ΣΤΑΘΜΟΣ,18345,2,10/2024
"ΣΥΝ ΚΑΡΠΑΘΙΩΝ",15126,1,10/2024
"ΣΥΝ. ΤΥΠΟΓΡΑΦΩΝ",16341,1,10/2024
ΣΧΙΣΤΟ,18122,6,10/2024
ΣΩΡΟΥ,15126,1,10/2024
ΤΑΜΠΟΥΡΙΑ,18546,3,10/2024
ΤΑΞΙΑΡΧΕΣ,18121,4,10/2024
ΤΑΥΡΟΣ,17778,2,10/2024
ΤΕΡΨΙΘΕΑ,16561,10,10/2024
ΤΕΡΨΙΘΕΑ,16562,7,10/2024
ΤΕΡΨΙΘΕΑ,18535,2,10/2024
ΤΖΙΤΖΙΦΙΕΣ,17673,3,10/2024
ΤΖΙΤΖΙΦΙΕΣ,17674,1,10/2024
ΤΟΥΡΚΟΛΙΜΑΝΟ,18533,1,10/2024
ΤΡΑΥΜΑΤΙΩΝ,17456,5,10/2024
ΤΣΑΜΗ,18900,1,10/2024
ΦΙΛΟΘΕΗ,15123,3,10/2024
ΦΡΕΑΤΤΥΔΑ,18536,2,10/2024
ΦΡΕΑΤΤΥΔΑ,18537,1,10/2024
ΧΑΙΔΑΡΙ,12461,17,10/2024
ΧΑΛΑΝΔΡΙ,15231,5,10/2024
ΧΑΛΑΝΔΡΙ,15232,2,10/2024
ΧΑΛΑΝΔΡΙ,15233,8,10/2024
ΧΑΛΑΝΔΡΙ,15234,5,10/2024
ΧΑΡΑΥΓΗ,13673,1,10/2024
ΧΑΡΑΥΓΗ,17237,1,10/2024
ΧΑΡΟΚΟΠΟΥ,17676,7,10/2024
ΧΑΣΑΝΙ,16452,4,10/2024
ΧΑΣΑΝΙ,16777,1,10/2024
ΧΑΤΖΗΚΥΡΙΑΚΕΙΟ,18539,1,10/2024
ΧΕΡΩΜΑ,16672,1,10/2024
ΧΟΛΑΡΓΟΣ,15561,1,10/2024
ΧΟΛΑΡΓΟΣ,15562,2,10/2024
ΨΑΛΙΔΙ,15122,1,10/2024
ΨΥΡΡΗ,10554,2,10/2024
"ΑΓ. ΑΘΑΝΑΣΙΟΣ",13672,1,11/2023
"ΑΓ. ΑΝΑΡΓΥΡΟΙ",13561,2,11/2023
"ΑΓ. ΑΝΑΡΓΥΡΟΙ",13562,2,11/2023
"ΑΓ. ΑΝΔΡΕΑΣ",18900,1,11/2023
"ΑΓ. ΑΝΝΑ",13671,1,11/2023
"ΑΓ. ΑΝΤΩΝΙΟΣ",18758,2,11/2023
"ΑΓ. ΒΑΡΒΑΡΑ",17235,1,11/2023
"ΑΓ. ΒΑΡΒΑΡΑ",17563,2,11/2023
"ΑΓ. ΓΕΩΡΓΙΟΣ",18756,1,11/2023
"ΑΓ. ΓΕΩΡΓΙΟΣ ΣΤΕΝΟΥ",18900,1,11/2023
"ΑΓ. ΓΡΗΓΟΡΟΥΣΑ",12461,1,11/2023
"ΑΓ. ΔΗΜΗΤΡΙΟΣ",17341,1,11/2023
"ΑΓ. ΔΗΜΗΤΡΙΟΣ",17342,2,11/2023
"ΑΓ. ΔΗΜΗΤΡΙΟΣ",17343,4,11/2023
"ΑΓ. ΖΩΝΗ",11364,3,11/2023
"ΑΓ. ΘΩΜΑΣ",15124,2,11/2023
"ΑΓ. Ι. ΡΕΝΤΗΣ",18233,1,11/2023
"ΑΓ. ΙΕΡΟΘΕΟΣ",12137,1,11/2023
"ΑΓ. ΙΩΑΝΝΗΣ",17235,2,11/2023
"ΑΓ. ΙΩΑΝΝΗΣ ΡΩΣΟΣ",13675,1,11/2023
"ΑΓ. ΚΩΝΣΤΑΝΤΙΝΟΣ",16346,1,11/2023
"ΑΓ. ΜΑΡΙΝΑ",16344,2,11/2023
"ΑΓ. ΜΑΡΙΝΑ",16345,2,11/2023
"ΑΓ. ΜΗΝΑΣ",18758,1,11/2023
"ΑΓ. ΝΕΙΛΟΣ",18538,1,11/2023
"ΑΓ. ΝΙΚΟΛΑΟΣ",10445,1,11/2023
"ΑΓ. ΝΙΚΟΛΑΟΣ",13451,2,11/2023
"ΑΓ. ΝΙΚΟΛΑΟΣ",16674,1,11/2023
"ΑΓ. ΝΙΚΟΛΑΟΣ",18450,2,11/2023
"ΑΓ. ΠΑΝΤΕΛΕΗΜΟΝΑΣ",18756,1,11/2023
"ΑΓ. ΠΑΝΤΕΛΕΗΜΩΝ",10446,1,11/2023
"ΑΓ. ΠΑΝΤΕΛΕΗΜΩΝ",17456,1,11/2023
"ΑΓ. ΠΑΡΑΣΚΕΥΗ",13679,2,11/2023
"ΑΓ. ΠΑΡΑΣΚΕΥΗ",15343,5,11/2023
"ΑΓ. ΠΕΤΡΟΣ",13675,2,11/2023
"ΑΓ. ΣΟΦΙΑ",18543,3,11/2023
"ΑΓ. ΣΟΦΙΑ",18544,2,11/2023
"ΑΓ. ΣΠΥΡΙΔΩΝ",12242,1,11/2023
"ΑΓ. ΣΤΕΦΑΝΟΣ",14565,1,11/2023
ΑΔΑΜΕΣ,14564,2,11/2023
ΑΙΑΝΤΕΙΟ,18903,1,11/2023
"ΑΙΑΝΤΕΙΟ ΖΑΡΜΠΑΛΑ",18903,2,11/2023
"ΑΙΑΝΤΕΙΟ ΚΑΚΗ ΒΙΓΛΑ",18903,1,11/2023
"ΑΚΑΔ. ΠΛΑΤΩΝΟΣ",10441,5,11/2023
ΑΛΙΜΟΣ,17455,8,11/2023
ΑΜΠΕΛΑΚΙΑ,17455,2,11/2023
ΑΜΠΕΛΟΚΗΠΟΙ,11523,1,11/2023
ΑΜΠΕΛΟΚΗΠΟΙ,11527,6,11/2023
ΑΜΦΙΑΛΗ,18757,2,11/2023
ΑΝΑΛΗΨΗ,18452,2,11/2023
ΑΝΘΟΥΠΟΛΗ,12135,4,11/2023
"ΑΝΩ ΚΥΨΕΛΗ",11363,1,11/2023
"ΑΝΩ ΚΥΨΕΛΗ",11364,1,11/2023
"ΑΝΩ ΛΙΟΥΜΗ",12243,3,11/2023
"ΑΝΩ ΠΕΤΡΑΛΩΝΑ",11851,2,11/2023
"ΑΝΩ ΠΕΤΡΑΛΩΝΑ",11852,1,11/2023
"ΑΡ. ΕΛ. ΒΕΝΙΖΕΛΟΥ",12351,1,11/2023
"ΑΡ. ΙΕΡΑΣ ΟΔΟΥ",12241,3,11/2023
ΑΡΓΥΡΟΥΠΟΛΗ,16451,8,11/2023
ΑΡΓΥΡΟΥΠΟΛΗ,16452,8,11/2023
ΑΡΜΕΝΙΚΑ,18450,1,11/2023
ΑΡΜΕΝΙΚΑ,18454,1,11/2023
"ΑΣΠΡΑ ΧΩΜΑΤΑ",12136,1,11/2023
"ΑΣΠΡΑ ΧΩΜΑΤΑ",12137,1,11/2023
ΑΣΠΡΟΠΥΡΓΟΣ,19300,4,11/2023
ΑΣΥΡΜΑΤΟΣ,17341,10,11/2023
ΑΥΤΟΚΙΝΗΤΙΣΤΩΝ,16673,4,11/2023
ΒΑΡΚΙΖΑ,16672,1,11/2023
ΒΑΡΥΜΠΟΜΠΗ,13677,4,11/2023
ΒΙΑΜΑΞ,12242,2,11/2023
ΒΟΥΛΑ,16673,5,11/2023
ΒΟΥΛΙΑΓΜΕΝΗ,16671,2,11/2023
ΒΡΟΝΤΟΥ,18900,2,11/2023
ΒΥΡΩΝΑΣ,16232,4,11/2023
"Γ ΝΕΚΡΟΤΑΦΕΙΟ",18454,1,11/2023
ΓΑΛΑΤΣΙ,11146,12,11/2023
ΓΑΛΑΤΣΙ,11147,2,11/2023
"ΓΕΡΜΑΝΙΚΟΣ ΔΡΟΜΟΣ ΒΟΡΕΙΟ",19100,1,11/2023
ΓΕΦΥΡΑ,18450,14,11/2023
"ΓΗΠΕΔΟ-ΝΕΟ ΜΕΛΙ",19100,1,11/2023
"ΓΛΥΚΑ ΝΕΡΑ",15354,2,11/2023
ΓΛΥΦΑΔΑ,16561,8,11/2023
ΓΛΥΦΑΔΑ,16674,9,11/2023
ΓΛΥΦΑΔΑ,16675,6,11/2023
ΔΑΣΟΣ,12462,12,11/2023
ΔΑΦΝΗ,17234,3,11/2023
ΔΑΦΝΗ,17235,1,11/2023
ΔΑΦΝΗ,17237,4,11/2023
"ΔΕΞ. ΕΛ. ΒΕΝΙΖΕΛΟΥ",12351,5,11/2023
"ΔΕΞ. ΙΕΡΑΣ ΟΔΟΥ",12242,4,11/2023
"ΔΕΞ. ΙΕΡΑΣ ΟΔΟΥ",12243,1,11/2023
ΔΙΚΗΓΟΡΙΚΑ,16673,1,11/2023
ΔΡΑΠΕΤΣΩΝΑ,18648,1,11/2023
"ΕΘΝΙΚΗΣ ΑΝΤΙΣΤΑΣΗΣ",17342,6,11/2023
ΕΚΤΕΛΩΝΙΣΤΩΝ,17456,1,11/2023
ΕΛΕΥΣΙΝΑ,19200,3,11/2023
ΕΛΛΗΝΙΚΟ,16777,6,11/2023
ΕΛΛΗΝΟΡΩΣΩΝ,11525,1,11/2023
ΕΞΑΡΧΕΙΑ,10678,1,11/2023
ΕΞΑΡΧΕΙΑ,10681,2,11/2023
"ΕΡΥΘΡΟΣ ΣΤΑΥΡΟΣ",11526,1,11/2023
ΕΥΓΕΝΕΙΑ,18755,4,11/2023
ΖΕΦΥΡΙ,13461,2,11/2023
ΖΩΓΡΑΦΟΥ,15772,1,11/2023
ΖΩΓΡΑΦΟΥ,15773,2,11/2023
"ΖΩΟΔΟΧΟΥ ΠΗΓΗΣ",16121,1,11/2023
"ΖΩΟΔΟΧΟΥ ΠΗΓΗΣ",16233,2,11/2023
ΗΛΙΟΥΠΟΛΗ,16341,1,11/2023
ΗΛΙΟΥΠΟΛΗ,16342,3,11/2023
ΗΛΙΟΥΠΟΛΗ,16343,1,11/2023
ΗΛΙΟΥΠΟΛΗ,16345,7,11/2023
ΗΛΙΟΥΠΟΛΗ,16346,2,11/2023
ΗΡΑΚΛΕΙΟ,14121,6,11/2023
ΗΡΑΚΛΕΙΟ,14122,5,11/2023
ΘΡΑΚΟΜΑΚΕΔΟΝΕΣ,13676,3,11/2023
ΙΛΙΟΝ,13121,3,11/2023
ΙΛΙΟΝ,13122,12,11/2023
ΙΛΙΟΝ,13123,1,11/2023
ΚΑΛΑΜΑΚΙ,17455,2,11/2023
ΚΑΛΑΜΑΚΙ,18531,1,11/2023
ΚΑΛΛΙΘΕΑ,17671,5,11/2023
ΚΑΛΛΙΘΕΑ,17672,1,11/2023
ΚΑΛΛΙΘΕΑ,17673,6,11/2023
ΚΑΛΛΙΘΕΑ,17675,1,11/2023
ΚΑΛΛΙΘΕΑ,17676,2,11/2023
ΚΑΛΛΙΠΟΛΗ,18539,3,11/2023
ΚΑΛΟΓΡΕΖΑ,14235,1,11/2023
ΚΑΛΥΜΝΙΩΝ,16673,3,11/2023
ΚΑΜΕΝΑ,18452,1,11/2023
ΚΑΜΙΝΙΑ,18541,8,11/2023
ΚΑΝΤΖΑ,15351,1,11/2023
ΚΑΡΒΕΛΑΣ,16674,8,11/2023
"ΚΑΤΩ ΚΗΦΙΣΙΑ",14561,1,11/2023
"ΚΑΤΩ ΠΑΤΗΣΙΑ",10445,1,11/2023
"ΚΑΤΩ ΠΑΤΗΣΙΑ",11144,1,11/2023
"ΚΑΤΩ ΠΕΤΡΑΛΩΝΑ",11853,1,11/2023
ΚΕΝΤΡΟ,10437,1,11/2023
ΚΕΝΤΡΟ,10560,13,11/2023
ΚΕΝΤΡΟ,10677,1,11/2023
ΚΕΡΑΤΣΙΝΙ,18756,2,11/2023
ΚΕΦΑΛΑΡΙ,14562,1,11/2023
ΚΗΦΙΣΙΑ,14562,1,11/2023
ΚΗΦΙΣΙΑ,14563,1,11/2023
ΚΟΚΚΙΝΟΒΡΑΧΟΣ,18757,3,11/2023
ΚΟΛΙΑΤΣΟΥ,11253,1,11/2023
ΚΟΛΩΝΑΚΙ,10671,1,11/2023
ΚΟΛΩΝΑΚΙ,10672,1,11/2023
ΚΟΛΩΝΑΚΙ,10676,1,11/2023
ΚΟΛΩΝΕΣ,18903,1,11/2023
ΚΟΛΩΝΟΣ,10444,2,11/2023
ΚΟΝΤΟΠΕΥΚΟ,15343,11,11/2023
ΚΟΡΥΔΑΛΛΟΣ,18121,1,11/2023
ΚΟΡΥΔΑΛΛΟΣ,18122,2,11/2023
ΚΟΥΚΑΚΙ,11741,1,11/2023
ΚΟΥΚΑΚΙ,11742,1,11/2023
ΚΥΝΟΣΑΡΓΟΥΣ,11743,2,11/2023
ΚΥΠΡΙΑΔΟΥ,11141,1,11/2023
ΚΥΡΙΖΑ,18903,1,11/2023
ΚΥΨΕΛΗ,11251,1,11/2023
ΚΥΨΕΛΗ,11361,3,11/2023
ΚΥΨΕΛΗ,11362,2,11/2023
"ΚΥΨΕΛΗ Ν. ΚΩΝ/ΠΟΛΗ",11363,1,11/2023
ΛΑΘΕΑ,13678,3,11/2023
"ΛΑΚΚΑ ΒΑΒΟΥΛΑ",18532,1,11/2023
ΛΙΒΑΔΙ-ΜΥΛΟΙ,18900,1,11/2023
ΛΙΟΥΜΗ,12243,6,11/2023
"ΛΟΦΟΣ ΣΙΚΕΛΙΑΣ",17671,4,11/2023
ΛΥΚΟΒΡΥΣΗ,14123,7,11/2023
ΛΥΚΟΤΡΥΠΑ,13671,7,11/2023
ΜΑΓΟΥΛΑ,19018,5,11/2023
ΜΑΚΡΥΓΙΑΝΝΗ,11745,1,11/2023
ΜΑΡΟΥΣΙ,15122,4,11/2023
ΜΑΡΟΥΣΙ,15124,4,11/2023
ΜΑΡΟΥΣΙ,15126,2,11/2023
"ΜΕΓ. ΣΧΙΝΑ",13677,3,11/2023
"ΜΕΓ. ΣΧΙΝΑ",13679,1,11/2023
"ΜΕΓΑΡΑ ΔΥΤΙΚΗΣ ΑΤΤΙΚΗΣ",19100,1,11/2023
ΜΕΛΙΣΣΙΑ,15127,4,11/2023
ΜΕΤΑΜΟΡΦΩΣΗ,14451,4,11/2023
ΜΕΤΑΜΟΡΦΩΣΗ,14452,3,11/2023
ΜΕΤΑΜΟΡΦΩΣΗ,16232,6,11/2023
ΜΕΤΑΜΟΡΦΩΣΗ,18344,5,11/2023
ΜΕΤΑΜΟΡΦΩΣΗ,18345,1,11/2023
ΜΕΤΑΞΟΥΡΓΕΙΟ,10435,3,11/2023
ΜΕΤΣ,11636,2,11/2023
ΜΙΧΕΛΗ,13123,1,11/2023
"Ν. ΚΟΛΟΚΥΝΘΟΥ",12132,2,11/2023
"ΝΕΑ ΖΩΗ",19300,2,11/2023
"ΝΕΑ ΙΩΝΙΑ",14231,3,11/2023
"ΝΕΑ ΚΗΦΙΣΙΑ",14564,4,11/2023
"ΝΕΑ ΚΥΨΕΛΗ",11363,2,11/2023
"ΝΕΑ ΛΕΣΒΟΣ",15126,4,11/2023
"ΝΕΑ ΜΑΔΥΤΟΣ",14342,3,11/2023
"ΝΕΑ ΠΕΝΤΕΛΗ",15236,2,11/2023
"ΝΕΑ ΠΕΡΑΜΟΣ",19006,1,11/2023
"ΝΕΑ ΣΜΥΡΝΗ",17122,1,11/2023
"ΝΕΑ ΣΜΥΡΝΗ",17123,6,11/2023
"ΝΕΑ ΣΜΥΡΝΗ",17124,2,11/2023
ΝΕΑΠΟΛΗ,13674,1,11/2023
ΝΕΑΠΟΛΗ,13675,1,11/2023
ΝΕΑΠΟΛΗ,14233,2,11/2023
ΝΕΑΠΟΛΗ,18452,4,11/2023
"ΝΕΟ ΨΥΧΙΚΟ",15451,2,11/2023
"ΝΕΟΣ ΚΟΣΜΟΣ",11744,17,11/2023
ΝΙΚΑΙΑ,18453,5,11/2023
ΝΤΑΜΑΡΑΚΙΑ,12244,2,11/2023
"Π. ΚΟΚΚΙΝΙΑ",18454,1,11/2023
ΠΑΓΚΡΑΤΙ,11633,7,11/2023
"ΠΑΛ. ΜΕΝΙΔΙ",13673,4,11/2023
"ΠΑΛ. ΜΕΝΙΔΙ",13674,7,11/2023
ΠΑΛΑΤΙΑΝΗ,13121,4,11/2023
ΠΑΛΙΑΓΙΑΝΝΗ,14562,1,11/2023
ΠΑΛΛΗΝΗ,15351,3,11/2023
ΠΑΛΟΥΚΙΑ,18901,1,11/2023
ΠΑΝΟΡΑΜΑ,16673,1,11/2023
ΠΑΠΑΓΟΣ,15669,5,11/2023
ΠΑΠΑΔΟΠΟΥΛΟΥ,18863,3,11/2023
ΠΑΡΑΔΕΙΣΟΣ,15343,10,11/2023
ΠΑΡΑΛΙΑ,18344,2,11/2023
ΠΑΣΑΛΙΜΑΝΙ,18534,1,11/2023
ΠΑΤΗΜΑ,15238,6,11/2023
ΠΕΡΑΜΑ,18863,1,11/2023
ΠΕΡΙΣΣΟΣ,14232,2,11/2023
ΠΕΡΙΣΤΕΡΙ,12131,2,11/2023
ΠΕΡΙΣΤΕΡΙ,12132,14,11/2023
ΠΕΡΙΣΤΕΡΙ,12134,1,11/2023
ΠΕΡΙΣΤΕΡΙ,12136,8,11/2023
ΠΕΡΙΣΤΕΡΙ,12137,1,11/2023
ΠΕΤΡΟΥΠΟΛΗ,13231,8,11/2023
ΠΕΤΡΟΥΠΟΛΗ,13232,2,11/2023
ΠΕΥΚΑΚΙΑ,15343,1,11/2023
ΠΕΥΚΗ,15121,16,11/2023
ΠΗΓΑΔΑΚΙΑ,16673,1,11/2023
"ΠΛΑΤΕΙΑ ΑΜΕΡΙΚΗΣ",11257,1,11/2023
"ΠΛΑΤΕΙΑ ΚΟΛΙΑΤΣΟΥ",11255,3,11/2023
ΠΛΑΤΩΝΑΣ,13675,1,11/2023
ΠΟΛΥΔΡΟΣΟ,15125,1,11/2023
ΠΟΛΥΔΡΟΣΟ,15233,13,11/2023
"ΠΡΟΦ. ΔΑΝΙΗΛ",10447,2,11/2023
"ΠΡΟΦ. ΗΛΙΑΣ",18863,2,11/2023
"ΠΥΡΓΟΣ ΒΑΣΙΛΙΣΣΗΣ",13562,1,11/2023
ΡΑΔΙΟΦΩΝΙΑ,13122,1,11/2023
ΡΑΔΙΟΦΩΝΙΑ,13451,1,11/2023
ΣΕΛΗΝΙΑ,18902,1,11/2023
ΣΟΥΛΙ,17342,1,11/2023
ΣΟΥΡΜΕΝΑ,16777,1,11/2023
ΣΤΑΘΜΟΣ,18346,1,11/2023
"ΣΥΝ. ΤΥΠΟΓΡΑΦΩΝ",16346,1,11/2023
ΣΧΙΣΤΟ,18122,1,11/2023
ΣΩΡΟΥ,15125,1,11/2023
ΤΑΥΡΟΣ,17778,1,11/2023
ΤΕΡΨΙΘΕΑ,16561,5,11/2023
ΤΕΡΨΙΘΕΑ,16562,1,11/2023
ΤΖΙΤΖΙΦΙΕΣ,17674,5,11/2023
ΤΡΑΥΜΑΤΙΩΝ,17456,6,11/2023
ΤΣΑΜΗ,18900,4,11/2023
ΦΙΛΟΘΕΗ,15237,1,11/2023
ΧΑΙΔΑΡΙ,12461,14,11/2023
ΧΑΛΑΝΔΡΙ,15232,3,11/2023
ΧΑΛΑΝΔΡΙ,15233,1,11/2023
ΧΑΛΑΝΔΡΙ,15234,9,11/2023
ΧΑΛΚΗΔΟΝΑ,18450,1,11/2023
ΧΑΛΚΗΔΟΝΑ,18451,3,11/2023
ΧΑΡΑΥΓΗ,17236,1,11/2023
ΧΑΡΑΥΓΗ,17237,2,11/2023
ΧΑΡΟΚΟΠΟΥ,17672,4,11/2023
ΧΑΣΑΝΙ,16452,2,11/2023
ΧΙΛΤΟΝ,11528,1,11/2023
ΧΟΛΑΡΓΟΣ,15561,9,11/2023
ΧΟΛΑΡΓΟΣ,15562,2,11/2023
ΨΥΧΙΚΟ,15452,2,11/2023
ΑΒΕΡΩΦ,11522,1,11/2024
"ΑΓ. ΑΝΑΡΓΥΡΟΙ",13561,9,11/2024
"ΑΓ. ΑΝΑΡΓΥΡΟΙ",13562,1,11/2024
"ΑΓ. ΑΝΝΑ",18233,1,11/2024
"ΑΓ. ΑΝΤΩΝΙΟΣ",18757,1,11/2024
"ΑΓ. ΒΑΡΒΑΡΑ",17235,1,11/2024
"ΑΓ. ΒΑΡΒΑΡΑ",18120,2,11/2024
"ΑΓ. ΒΑΣΙΛΕΙΟΣ",18537,1,11/2024
"ΑΓ. ΓΕΩΡΓΙΟΣ",18756,3,11/2024
"ΑΓ. ΓΡΗΓΟΡΟΥΣΑ",12461,3,11/2024
"ΑΓ. ΔΗΜΗΤΡΙΟΣ",17341,3,11/2024
"ΑΓ. ΔΗΜΗΤΡΙΟΣ",17342,1,11/2024
"ΑΓ. ΔΗΜΗΤΡΙΟΣ",17343,2,11/2024
"ΑΓ. ΕΛΕΥΘΕΡΙΟΣ",11145,1,11/2024
"ΑΓ. ΖΩΝΗ",11256,10,11/2024
"ΑΓ. ΘΩΜΑΣ",15124,3,11/2024
"ΑΓ. ΚΩΝΣΤΑΝΤΙΝΟΣ",16346,2,11/2024
"ΑΓ. ΜΑΡΙΝΑ",16343,1,11/2024
"ΑΓ. ΜΑΡΙΝΑ",16344,1,11/2024
"ΑΓ. ΜΑΡΙΝΑ",19400,1,11/2024
"ΑΓ. ΜΕΛΕΤΙΟΥ",10446,1,11/2024
"ΑΓ. ΜΕΛΕΤΙΟΥ",11251,1,11/2024
"ΑΓ. ΜΗΝΑΣ",18757,2,11/2024
"ΑΓ. ΜΗΝΑΣ",18900,1,11/2024
"ΑΓ. ΝΕΙΛΟΣ",18538,1,11/2024
"ΑΓ. ΝΕΙΛΟΣ",18539,1,11/2024
"ΑΓ. ΝΙΚΟΛΑΟΣ",13451,1,11/2024
"ΑΓ. ΝΙΚΟΛΑΟΣ",18450,1,11/2024
"ΑΓ. ΝΙΚΟΛΑΟΣ",18863,4,11/2024
"ΑΓ. ΝΙΚΟΛΑΟΣ",18900,1,11/2024
"ΑΓ. ΠΑΝΤΕΛΕΗΜΩΝ",10440,1,11/2024
"ΑΓ. ΠΑΡΑΣΚΕΥΗ",15341,1,11/2024
"ΑΓ. ΠΑΡΑΣΚΕΥΗ",15342,26,11/2024
"ΑΓ. ΠΕΤΡΟΣ",13675,1,11/2024
"ΑΓ. ΣΑΒΒΑΣ",10447,1,11/2024
"ΑΓ. ΣΟΦΙΑ",18543,4,11/2024
"ΑΓ. ΣΟΦΙΑ",18545,1,11/2024
"ΑΓ. ΣΟΦΙΑ",18546,12,11/2024
"ΑΓ. ΣΠΥΡΙΔΩΝ",12242,1,11/2024
"ΑΓΙΟΣ ΝΙΚΟΛΑΟΣ",15122,2,11/2024
ΑΓΡΙΛΙΟΣ,17342,2,11/2024
ΑΔΑΜΕΣ,14564,1,11/2024
"ΑΚΑΔ. ΠΛΑΤΩΝΟΣ",10441,2,11/2024
ΑΛΙΜΟΣ,17455,1,11/2024
ΑΛΙΜΟΣ,17456,1,11/2024
ΑΛΩΝΙΑ,14562,2,11/2024
ΑΜΠΕΛΟΚΗΠΟΙ,11522,2,11/2024
ΑΜΠΕΛΟΚΗΠΟΙ,11523,1,11/2024
ΑΜΥΓΔΑΛΕΖΑ,13679,2,11/2024
ΑΜΦΙΑΛΗ,18757,2,11/2024
ΑΜΦΙΑΛΗ,18758,3,11/2024
ΑΜΦΙΘΕΑ,17563,13,11/2024
ΑΜΦΙΘΕΑ,17564,5,11/2024
ΑΝΑΚΑΣΑ,13562,4,11/2024
ΑΝΑΛΗΨΗ,16231,2,11/2024
ΑΝΑΛΗΨΗ,18452,3,11/2024
ΑΝΘΟΥΠΟΛΗ,12135,1,11/2024
"ΑΝΩ ΚΟΡΥΔΑΛΛΟΣ",18121,3,11/2024
"ΑΝΩ ΚΟΡΥΔΑΛΛΟΣ",18122,3,11/2024
"ΑΝΩ ΠΕΤΡΑΛΩΝΑ",11851,1,11/2024
"ΑΝΩ ΠΕΤΡΑΛΩΝΑ",11852,1,11/2024
ΑΠΟΛΛΩΝ,18233,5,11/2024
ΑΠΟΛΛΩΝ,18541,1,11/2024
"ΑΡ. ΕΛ. ΒΕΝΙΖΕΛΟΥ",12351,3,11/2024
"ΑΡ. ΙΕΡΑΣ ΟΔΟΥ",12241,19,11/2024
ΑΡΓΥΡΟΥΠΟΛΗ,16451,7,11/2024
ΑΡΓΥΡΟΥΠΟΛΗ,16452,2,11/2024
ΑΡΜΕΝΙΚΑ,18450,3,11/2024
ΑΡΜΕΝΙΚΑ,18454,1,11/2024
"ΑΣΠΡΑ ΧΩΜΑΤΑ",12135,1,11/2024
"ΑΣΠΡΑ ΧΩΜΑΤΑ",12137,2,11/2024
"ΑΣΠΡΑ ΧΩΜΑΤΑ",18120,1,11/2024
"ΑΣΠΡΑ ΧΩΜΑΤΑ",18454,2,11/2024
ΑΣΠΡΟΠΥΡΓΟΣ,19300,4,11/2024
ΑΣΤΥΝΟΜΙΚΑ,16342,5,11/2024
ΑΣΥΡΜΑΤΟΣ,16672,1,11/2024
ΑΣΥΡΜΑΤΟΣ,17341,6,11/2024
ΒΑΘΗΣ,10438,1,11/2024
"ΒΑΡΕΑ - ΠΑΧΗ",19100,1,11/2024
ΒΑΡΗ,16672,2,11/2024
ΒΑΡΚΙΖΑ,16672,7,11/2024
ΒΕΙΚΟΥ,11742,1,11/2024
ΒΛΥΧΑΔΑ,19100,1,11/2024
ΒΟΥΛΑ,16673,11,11/2024
ΒΟΥΛΙΑΓΜΕΝΗ,16671,3,11/2024
ΒΥΡΩΝΑΣ,16232,1,11/2024
"Γ ΝΕΚΡΟΤΑΦΕΙΟ",18454,1,11/2024
ΓΑΛΑΤΣΙ,11146,2,11/2024
ΓΑΛΑΤΣΙ,11147,2,11/2024
ΓΕΡΑΚΑΣ,15344,1,11/2024
"ΓΕΡΜΑΝΙΚΟΣ ΔΡΟΜΟΣ ΒΟΡΕΙΟ",19100,7,11/2024
ΓΗΠΕΔΟ,18345,2,11/2024
"ΓΗΠΕΔΟ-ΝΕΟ ΜΕΛΙ",19100,5,11/2024
ΓΗΡΟΚΟΜΕΙΟ,11524,1,11/2024
"ΓΛΥΚΑ ΝΕΡΑ",15354,2,11/2024
ΓΛΥΦΑΔΑ,16562,19,11/2024
ΓΛΥΦΑΔΑ,16674,15,11/2024
ΓΛΥΦΑΔΑ,16675,4,11/2024
ΓΟΥΒΑ,11631,2,11/2024
ΔΑΦΝΗ,17235,1,11/2024
"ΔΕΞ. ΕΛ. ΒΕΝΙΖΕΛΟΥ",12351,6,11/2024
"ΔΕΞ. ΙΕΡΑΣ ΟΔΟΥ",12242,7,11/2024
"ΔΕΞ. ΙΕΡΑΣ ΟΔΟΥ",12243,9,11/2024
ΔΗΜΟΤΙΚΟ,18534,1,11/2024
ΔΙΚΗΓΟΡΙΚΑ,16673,7,11/2024
ΔΡΑΠΕΤΣΩΝΑ,18648,2,11/2024
"ΕΘΝΙΚΗΣ ΑΝΤΙΣΤΑΣΗΣ",17342,1,11/2024
ΕΚΤΕΛΩΝΙΣΤΩΝ,17456,1,11/2024
ΕΛΕΥΣΙΝΑ,19200,8,11/2024
ΕΞΑΡΧΕΙΑ,10677,1,11/2024
"ΕΡΥΘΡΟΣ ΣΤΑΥΡΟΣ",11526,9,11/2024
ΕΥΓΕΝΕΙΑ,18755,2,11/2024
ΕΦΟΡΙΑΚΩΝ,17456,2,11/2024
ΖΕΦΥΡΙ,13461,5,11/2024
ΖΩΓΡΑΦΟΥ,15772,4,11/2024
ΖΩΓΡΑΦΟΥ,15773,1,11/2024
"ΖΩΟΔΟΧΟΥ ΠΗΓΗΣ",16231,1,11/2024
ΗΛΙΟΥΠΟΛΗ,16341,2,11/2024
ΗΛΙΟΥΠΟΛΗ,16345,1,11/2024
ΗΡΑΚΛΕΙΟ,14121,6,11/2024
ΗΡΑΚΛΕΙΟ,14122,4,11/2024
ΘΡΑΚΟΜΑΚΕΔΟΝΕΣ,13676,4,11/2024
ΙΕΡΑΠΟΛΗ,12244,5,11/2024
ΙΛΙΟΝ,13121,6,11/2024
ΙΛΙΟΝ,13122,25,11/2024
ΙΛΙΟΝ,13123,1,11/2024
ΙΛΙΣΙΑ,11528,1,11/2024
ΚΑΙΣΑΡΙΑΝΗ,16121,3,11/2024
ΚΑΛΑΜΑΚΙ,17455,10,11/2024
ΚΑΛΛΙΘΕΑ,17671,1,11/2024
ΚΑΛΛΙΠΟΛΗ,18537,6,11/2024
ΚΑΛΟΓΡΕΖΑ,14234,2,11/2024
ΚΑΛΥΜΝΙΩΝ,16673,5,11/2024
ΚΑΜΑΤΕΡΟ,13451,6,11/2024
ΚΑΜΙΝΙΑ,18541,17,11/2024
ΚΑΡΑΒΑΣ,18543,1,11/2024
ΚΑΡΒΕΛΑΣ,16674,20,11/2024
ΚΑΡΕΑΣ,16233,1,11/2024
ΚΑΣΤΕΛΛΑ,18533,1,11/2024
"ΚΑΤΩ ΚΗΦΙΣΙΑ",14561,10,11/2024
"ΚΑΤΩ ΧΑΛΑΝΔΡΙ",15231,1,11/2024
"ΚΑΤΩ ΧΑΛΑΝΔΡΙ",15232,1,11/2024
ΚΕΝΤΡΟ,10431,2,11/2024
ΚΕΝΤΡΟ,10552,12,11/2024
ΚΕΝΤΡΟ,10554,1,11/2024
ΚΕΝΤΡΟ,10560,3,11/2024
ΚΕΝΤΡΟ,10677,1,11/2024
ΚΕΝΤΡΟ,18531,1,11/2024
ΚΕΡΑΜΕΙΚΟΣ,10553,1,11/2024
ΚΗΠΟΥΠΟΛΗ,13231,6,11/2024
ΚΗΦΙΣΙΑ,14561,1,11/2024
ΚΗΦΙΣΙΑ,14563,1,11/2024
ΚΛΩΝΑΡΙΔΟΥ,11144,2,11/2024
"ΚΟΚ. ΜΥΛΟΣ",14342,2,11/2024
ΚΟΛΙΑΤΣΟΥ,11254,1,11/2024
ΚΟΛΟΚΥΝΘΟΥ,10443,2,11/2024
ΚΟΛΟΚΥΝΘΟΥ,12132,1,11/2024
ΚΟΛΩΝΟΣ,10444,1,11/2024
ΚΟΝΤΟΠΕΥΚΟ,15343,7,11/2024
"ΚΟΡΜΠΙ ΦΑΡΟΥ",16672,1,11/2024
ΚΟΡΥΔΑΛΛΟΣ,18120,4,11/2024
ΚΟΥΚΑΚΙ,11741,1,11/2024
ΚΟΥΚΑΚΙ,11742,1,11/2024
ΚΡΗΤΙΚΑ,18533,1,11/2024
ΚΥΝΟΣΑΡΓΟΥΣ,11636,1,11/2024
ΚΥΨΕΛΗ,11361,18,11/2024
ΚΥΨΕΛΗ,11362,1,11/2024
ΚΥΨΕΛΗ,11364,1,11/2024
ΛΑΘΕΑ,13678,4,11/2024
"ΛΑΚΚΑ ΒΑΒΟΥΛΑ",18532,14,11/2024
ΛΑΜΠΡΙΝΗ,11142,8,11/2024
ΛΙΟΥΜΗ,12243,1,11/2024
"ΛΟΦΟΣ ΣΙΚΕΛΙΑΣ",17671,6,11/2024
ΛΥΚΟΒΡΥΣΗ,14123,2,11/2024
ΛΥΚΟΤΡΥΠΑ,13671,5,11/2024
ΜΑΓΟΥΛΑ,19018,2,11/2024
ΜΑΚΡΥΓΙΑΝΝΗ,11742,2,11/2024
ΜΑΝΙΑΤΙΚΑ,18544,1,11/2024
ΜΑΝΙΑΤΙΚΑ,18546,3,11/2024
ΜΑΡΟΥΣΙ,15122,2,11/2024
ΜΑΡΟΥΣΙ,15124,1,11/2024
ΜΑΡΟΥΣΙ,15126,2,11/2024
"ΜΕΓ. ΣΧΙΝΑ",13679,1,11/2024
"ΜΕΓΑΡΑ ΔΥΤΙΚΗΣ ΑΤΤΙΚΗΣ",19100,6,11/2024
ΜΕΛΙΣΣΙΑ,15127,11,11/2024
ΜΕΤΑΜΟΡΦΩΣΗ,14451,4,11/2024
ΜΕΤΑΜΟΡΦΩΣΗ,14452,6,11/2024
ΜΕΤΑΜΟΡΦΩΣΗ,16232,2,11/2024
ΜΕΤΑΜΟΡΦΩΣΗ,18345,7,11/2024
ΜΕΤΑΞΟΥΡΓΕΙΟ,10435,2,11/2024
ΜΙΧΕΛΗ,13123,8,11/2024
ΜΟΥΣΕΙΟ,10683,2,11/2024
ΜΠΛΑΖΑΚΗ,18863,1,11/2024
ΜΠΟΣΚΙΖΑ,13679,1,11/2024
ΜΠΟΣΧΟΥ,18900,1,11/2024
"Ν. ΚΟΛΟΚΥΝΘΟΥ",12132,2,11/2024
"Ν. ΟΛΥΜΠΙΑ",13451,4,11/2024
"ΝΕΑ ΖΩΗ",19300,1,11/2024
"ΝΕΑ ΙΩΝΙΑ",14231,2,11/2024
"ΝΕΑ ΙΩΝΙΑ",14234,3,11/2024
"ΝΕΑ ΚΗΦΙΣΙΑ",14561,1,11/2024
"ΝΕΑ ΚΗΦΙΣΙΑ",14564,9,11/2024
"ΝΕΑ ΜΑΔΥΤΟΣ",14342,1,11/2024
"ΝΕΑ ΠΕΡΑΜΟΣ",19006,4,11/2024
"ΝΕΑ ΣΜΥΡΝΗ",17121,1,11/2024
"ΝΕΑ ΣΜΥΡΝΗ",17122,1,11/2024
"ΝΕΑ ΣΜΥΡΝΗ",17123,8,11/2024
"ΝΕΑ ΣΜΥΡΝΗ",17124,8,11/2024
"ΝΕΑ ΦΙΛΟΘΕΗ",11524,1,11/2024
"ΝΕΑ ΧΑΛΚΗΔΟΝΑ",14343,1,11/2024
ΝΕΑΠΟΛΗ,11471,2,11/2024
ΝΕΑΠΟΛΗ,13675,3,11/2024
ΝΕΑΠΟΛΗ,14233,1,11/2024
ΝΕΑΠΟΛΗ,18451,2,11/2024
ΝΕΑΠΟΛΗ,18452,6,11/2024
"ΝΕΟ ΗΡΑΚΛΕΙΟ",14121,4,11/2024
"ΝΕΟ ΦΑΛΗΡΟ",18547,1,11/2024
"ΝΕΟ ΨΥΧΙΚΟ",15451,3,11/2024
"ΝΕΟΣ ΚΟΣΜΟΣ",11744,1,11/2024
"ΝΕΟΣ ΚΟΣΜΟΣ",11745,6,11/2024
ΝΗΣΑΚΙ,16343,1,11/2024
ΝΙΚΑΙΑ,18450,3,11/2024
ΝΤΑΜΑΡΑΚΙΑ,12244,4,11/2024
"ΟΣΙΑ ΞΕΝΗ",18450,3,11/2024
"Π. ΗΡΑΚΛΕΙΟ",14122,2,11/2024
"Π. ΚΟΚΚΙΝΙΑ",18233,2,11/2024
"Π. ΚΟΚΚΙΝΙΑ",18454,1,11/2024
ΠΑΓΚΡΑΤΙ,11632,8,11/2024
ΠΑΓΚΡΑΤΙ,11633,8,11/2024
"ΠΑΛ. ΜΕΝΙΔΙ",13673,1,11/2024
"ΠΑΛΑΙΟ ΦΑΛΗΡΟ",17561,15,11/2024
"ΠΑΛΑΙΟ ΦΑΛΗΡΟ",17562,7,11/2024
ΠΑΛΑΤΙΑΝΗ,13121,1,11/2024
ΠΑΛΑΤΙΑΝΗ,13122,2,11/2024
ΠΑΛΛΗΝΗ,15351,10,11/2024
ΠΑΛΟΥΚΙΑ,18901,1,11/2024
ΠΑΝΤΕΙΟΣ,17671,1,11/2024
ΠΑΠΑΓΟΣ,15669,8,11/2024
ΠΑΠΑΣΤΡΑΤΟΥ,18545,1,11/2024
ΠΑΡΑΔΕΙΣΟΣ,15125,1,11/2024
ΠΑΡΑΔΕΙΣΟΣ,15343,1,11/2024
ΠΑΤΗΜΑ,15238,6,11/2024
ΠΑΤΡΙΣ,18900,2,11/2024
ΠΕΙΡΑΙΚΗ,18539,1,11/2024
ΠΕΝΤΕΛΗ,15236,1,11/2024
ΠΕΡΙΒΟΛΑΚΙ,18120,5,11/2024
ΠΕΡΙΣΣΟΣ,14232,6,11/2024
ΠΕΡΙΣΤΕΡΙ,12131,4,11/2024
ΠΕΡΙΣΤΕΡΙ,12132,4,11/2024
ΠΕΡΙΣΤΕΡΙ,12134,4,11/2024
ΠΕΡΙΣΤΕΡΙ,12136,15,11/2024
ΠΕΡΙΣΤΕΡΙ,12137,5,11/2024
"ΠΕΤΡΑΛΩΝΑ ΣΥΝ ΠΕΡΙΚΛΕΟΥΣ",11851,1,11/2024
ΠΕΤΡΟΥΠΟΛΗ,13231,11,11/2024
ΠΕΤΡΟΥΠΟΛΗ,13232,5,11/2024
ΠΕΥΚΑΚΙΑ,15343,6,11/2024
ΠΕΥΚΗ,15121,4,11/2024
"ΠΛΑΤΕΙΑ ΑΜΕΡΙΚΗΣ",11253,1,11/2024
"ΠΛΑΤΕΙΑ ΑΤΤΙΚΗΣ",10445,1,11/2024
"ΠΛΑΤΕΙΑ ΒΙΚΤΩΡΙΑΣ",10434,2,11/2024
"ΠΛΑΤΕΙΑ ΚΑΝΙΓΓΟΣ",10677,1,11/2024
"ΠΡΟΦ. ΗΛΙΑΣ",18531,1,11/2024
"ΠΡΟΦ. ΗΛΙΑΣ",18533,1,11/2024
ΠΥΡΓΟΥΘΙ,13672,1,11/2024
ΡΕΣΤΗ,18900,1,11/2024
ΡΕΤΣΙΝΑ,18545,1,11/2024
ΡΙΖΟΥΠΟΛΗ,11142,1,11/2024
ΣΑΛΑΜΙΝΑ,18900,1,11/2024
"ΣΑΜΙΩΝ ΙΚΑΡΙΩΝ",16561,1,11/2024
ΣΑΡΩΝΙΚΟΣ,17341,1,11/2024
ΣΑΦΡΑΜΠΟΛΙΣ,14233,1,11/2024
ΣΕΛΗΝΙΑ,18902,1,11/2024
ΣΕΠΟΛΙΑ,10443,2,11/2024
ΣΟΥΡΜΕΝΑ,16777,1,11/2024
ΣΤΑΘΜΟΣ,18345,1,11/2024
"ΣΥΝ ΚΑΡΠΑΘΙΩΝ",15125,1,11/2024
"ΣΥΝ. ΤΥΠΟΓΡΑΦΩΝ",16346,3,11/2024
ΣΧΙΣΤΟ,18122,2,11/2024
ΣΩΡΟΥ,15125,2,11/2024
ΤΑΜΠΟΥΡΙΑ,18756,1,11/2024
ΤΑΥΡΟΣ,17778,2,11/2024
ΤΕΡΨΙΘΕΑ,16561,1,11/2024
ΤΕΡΨΙΘΕΑ,16562,12,11/2024
ΤΕΡΨΙΘΕΑ,18535,1,11/2024
ΤΖΙΤΖΙΦΙΕΣ,17674,11,11/2024
ΤΡΑΥΜΑΤΙΩΝ,17456,2,11/2024
ΤΣΑΚΟΣ,15341,1,11/2024
ΤΣΑΜΗ,18900,5,11/2024
ΦΙΛΟΘΕΗ,15237,1,11/2024
ΧΑΙΔΑΡΙ,12461,3,11/2024
ΧΑΛΑΝΔΡΙ,15231,6,11/2024
ΧΑΛΑΝΔΡΙ,15232,2,11/2024
ΧΑΛΑΝΔΡΙ,15233,2,11/2024
ΧΑΛΑΝΔΡΙ,15234,30,11/2024
ΧΑΛΚΗΔΟΝΑ,18451,1,11/2024
ΧΑΛΚΗΔΩΝ,18756,3,11/2024
ΧΑΛΚΗΔΩΝ,18757,6,11/2024
ΧΑΡΑΥΓΗ,17236,2,11/2024
ΧΑΡΑΥΓΗ,17237,1,11/2024
ΧΑΡΟΚΟΠΟΥ,17671,3,11/2024
ΧΑΣΑΝΙ,16452,3,11/2024
ΧΑΣΑΝΙ,16777,2,11/2024
ΧΑΤΖΗΚΥΡΙΑΚΕΙΟ,18538,1,11/2024
ΧΟΛΑΡΓΟΣ,15561,1,11/2024
ΨΥΡΡΗ,10553,1,11/2024
ΨΥΡΡΗ,10554,2,11/2024
ΨΥΧΙΚΟ,15452,2,11/2024
ΑΒΕΡΩΦ,11522,2,12/2023
"ΑΓ. ΑΝΑΡΓΥΡΟΙ",13561,2,12/2023
"ΑΓ. ΑΝΑΡΓΥΡΟΙ",13562,1,12/2023
"ΑΓ. ΓΡΗΓΟΡΟΥΣΑ",12461,1,12/2023
"ΑΓ. ΔΗΜΗΤΡΙΟΣ",17236,1,12/2023
"ΑΓ. ΕΛΕΟΥΣΑ",17676,2,12/2023
"ΑΓ. ΕΛΕΥΘΕΡΙΟΣ",11143,1,12/2023
"ΑΓ. ΕΛΕΥΘΕΡΙΟΣ",11145,1,12/2023
"ΑΓ. Ι. ΡΕΝΤΗΣ",18233,1,12/2023
"ΑΓ. ΛΑΥΡΕΝΤΙΟΣ",18900,1,12/2023
"ΑΓ. ΛΟΥΚΑΣ",11144,1,12/2023
"ΑΓ. ΜΑΡΙΝΑ",16343,2,12/2023
"ΑΓ. ΜΑΡΙΝΑ",16344,6,12/2023
"ΑΓ. ΜΑΡΙΝΑ",16345,2,12/2023
"ΑΓ. ΜΕΛΕΤΙΟΥ",10446,1,12/2023
"ΑΓ. ΜΗΝΑΣ",18757,2,12/2023
"ΑΓ. ΜΗΝΑΣ",18758,6,12/2023
"ΑΓ. ΝΕΙΛΟΣ",18538,1,12/2023
"ΑΓ. ΝΙΚΟΛΑΟΣ",11253,1,12/2023
"ΑΓ. ΝΙΚΟΛΑΟΣ",13451,3,12/2023
"ΑΓ. ΝΙΚΟΛΑΟΣ",18453,1,12/2023
"ΑΓ. ΠΑΝΤΕΛΕΗΜΩΝ",10446,1,12/2023
"ΑΓ. ΠΑΝΤΕΛΕΗΜΩΝ",17456,1,12/2023
"ΑΓ. ΠΑΡΑΣΚΕΥΗ",13679,2,12/2023
"ΑΓ. ΠΑΡΑΣΚΕΥΗ",15341,12,12/2023
"ΑΓ. ΣΟΦΙΑ",18546,1,12/2023
"ΑΓ. ΣΠΥΡΙΔΩΝ",12242,1,12/2023
"ΑΙΑΝΤΕΙΟ ΜΑΙΝΕΜΕΝΗ",18903,1,12/2023
"ΑΚΑΔ. ΠΛΑΤΩΝΟΣ",10441,2,12/2023
"ΑΚΑΔ. ΠΛΑΤΩΝΟΣ",10442,1,12/2023
ΑΛΙΜΟΣ,17455,1,12/2023
ΑΛΩΝΙΑ,14562,1,12/2023
ΑΜΠΕΛΟΚΗΠΟΙ,11523,1,12/2023
ΑΜΠΕΛΟΚΗΠΟΙ,11527,6,12/2023
ΑΜΦΙΑΛΗ,18757,1,12/2023
ΑΜΦΙΘΕΑ,17563,1,12/2023
ΑΜΦΙΘΕΑ,17564,2,12/2023
ΑΝΑΛΗΨΗ,18452,1,12/2023
ΑΝΑΣΤΑΣΗ,18755,2,12/2023
ΑΝΘΕΩΝ,17343,5,12/2023
ΑΝΘΟΥΠΟΛΗ,12135,3,12/2023
"ΑΝΩ ΚΥΨΕΛΗ",11364,1,12/2023
"ΑΝΩ ΠΕΤΡΑΛΩΝΑ",11851,1,12/2023
ΑΠΟΛΛΩΝ,18541,1,12/2023
"ΑΡ. ΕΛ. ΒΕΝΙΖΕΛΟΥ",12351,1,12/2023
"ΑΡ. ΙΕΡΑΣ ΟΔΟΥ",12241,4,12/2023
ΑΡΓΥΡΟΥΠΟΛΗ,16451,2,12/2023
ΑΡΜΕΝΙΚΑ,18450,1,12/2023
"ΑΣΠΡΑ ΧΩΜΑΤΑ",12135,1,12/2023
"ΑΣΠΡΑ ΧΩΜΑΤΑ",12137,2,12/2023
ΑΣΠΡΟΠΥΡΓΟΣ,19300,2,12/2023
ΑΣΤΥΝΟΜΙΚΑ,16342,1,12/2023
ΑΣΥΡΜΑΤΟΣ,17341,3,12/2023
ΑΥΛΙΖΑ,13672,1,12/2023
"ΒΑΣ. ΠΕΡΙΠΤΕΡΟ",18538,1,12/2023
ΒΟΤΑΝΙΚΟΣ,11855,4,12/2023
ΒΟΥΛΑ,16673,12,12/2023
ΒΟΥΛΙΑΓΜΕΝΗ,16671,2,12/2023
ΓΑΛΑΤΣΙ,11146,1,12/2023
ΓΑΛΑΤΣΙ,11147,1,12/2023
ΓΕΡΑΚΑΣ,15344,1,12/2023
ΓΕΡΜΑΝΙΚΑ,19300,2,12/2023
ΓΕΡΟΒΟΥΝΟ,13451,1,12/2023
"ΓΗΠΕΔΟ-ΝΕΟ ΜΕΛΙ",19100,1,12/2023
ΓΙΑΛΑ,18903,2,12/2023
ΓΚΥΖΗ,11475,17,12/2023
"ΓΛΥΚΑ ΝΕΡΑ",15354,1,12/2023
ΓΛΥΦΑΔΑ,16561,2,12/2023
ΓΛΥΦΑΔΑ,16562,5,12/2023
ΓΛΥΦΑΔΑ,16674,19,12/2023
ΓΛΥΦΑΔΑ,16675,6,12/2023
ΓΟΥΒΑ,11631,7,12/2023
ΓΟΥΒΑ,11632,1,12/2023
ΓΟΥΒΑ,11636,6,12/2023
ΔΑΦΝΗ,17235,2,12/2023
ΔΑΦΝΗ,17236,1,12/2023
"ΔΕΞ. ΙΕΡΑΣ ΟΔΟΥ",12242,3,12/2023
ΔΡΑΠΕΤΣΩΝΑ,18648,2,12/2023
"ΕΘΝΙΚΗΣ ΑΝΤΙΣΤΑΣΗΣ",17342,5,12/2023
ΕΚΤΕΛΩΝΙΣΤΩΝ,17456,3,12/2023
ΕΛΕΥΣΙΝΑ,19200,7,12/2023
ΕΛΛΗΝΙΚΟ,16777,14,12/2023
ΕΞΑΡΧΕΙΑ,11473,2,12/2023
ΕΥΓΕΝΕΙΑ,18755,5,12/2023
ΕΦΟΡΙΑΚΩΝ,17456,1,12/2023
ΖΕΦΥΡΙ,13461,1,12/2023
ΖΩΓΡΑΦΟΥ,15772,1,12/2023
ΖΩΓΡΑΦΟΥ,15773,1,12/2023
"ΖΩΟΔΟΧΟΥ ΠΗΓΗΣ",16233,3,12/2023
ΗΛΙΟΥΠΟΛΗ,16344,1,12/2023
ΗΛΙΟΥΠΟΛΗ,16346,5,12/2023
ΗΡΑΚΛΕΙΟ,14121,1,12/2023
ΗΡΑΚΛΕΙΟ,14122,8,12/2023
ΘΡΑΚΟΜΑΚΕΔΟΝΕΣ,13676,4,12/2023
ΙΕΡΑΠΟΛΗ,12244,4,12/2023
ΙΛΙΟΝ,13121,4,12/2023
ΙΛΙΟΝ,13122,6,12/2023
ΙΛΙΟΝ,13123,1,12/2023
ΙΛΙΣΣΟΣ,18345,1,12/2023
ΚΑΙΣΑΡΙΑΝΗ,16121,5,12/2023
ΚΑΛΑΜΑΚΙ,17455,1,12/2023
ΚΑΛΑΜΑΚΙ,18532,9,12/2023
ΚΑΛΑΜΑΚΙ,18540,1,12/2023
ΚΑΛΛΙΘΕΑ,17672,2,12/2023
ΚΑΛΛΙΘΕΑ,17673,1,12/2023
ΚΑΛΛΙΘΕΑ,17675,1,12/2023
ΚΑΜΑΤΕΡΟ,13451,1,12/2023
ΚΑΝΑΡΙΑ,16345,5,12/2023
ΚΑΡΒΕΛΑΣ,16674,7,12/2023
"ΚΑΤΩ ΚΗΦΙΣΙΑ",14561,1,12/2023
"ΚΑΤΩ ΧΑΛΑΝΔΡΙ",15232,7,12/2023
ΚΕΝΤΡΟ,10560,2,12/2023
ΚΗΠΟΥΠΟΛΗ,13231,1,12/2023
ΚΗΦΙΣΙΑ,14561,3,12/2023
ΚΟΛΟΚΥΝΘΟΥ,12132,3,12/2023
ΚΟΛΩΝΟΣ,10443,9,12/2023
ΚΟΛΩΝΟΣ,10444,1,12/2023
ΚΟΝΤΟΠΕΥΚΟ,15343,2,12/2023
ΚΟΝΤΟΧΕΡΙ,13678,2,12/2023
ΚΟΡΜΠΙ,16672,2,12/2023
"ΚΟΡΜΠΙ ΠΡ. ΗΛΙΑΣ",16672,1,12/2023
ΚΟΡΥΔΑΛΛΟΣ,18122,1,12/2023
ΚΟΥΚΑΚΙ,11741,1,12/2023
ΚΡΗΝΗ,18453,1,12/2023
ΚΥΝΟΣΑΡΓΟΥΣ,11743,13,12/2023
ΚΥΠΡΙΑΔΟΥ,11141,1,12/2023
ΚΥΨΕΛΗ,11361,1,12/2023
ΛΑΘΕΑ,13678,2,12/2023
"ΛΑΚΚΑ ΒΑΒΟΥΛΑ",18533,1,12/2023
ΛΙΟΥΜΗ,12243,4,12/2023
ΛΥΚΟΒΡΥΣΗ,14123,5,12/2023
ΜΑΓΟΥΛΑ,19018,1,12/2023
ΜΑΝΙΑΤΙΚΑ,18545,5,12/2023
ΜΑΝΙΑΤΙΚΑ,18546,4,12/2023
ΜΑΡΟΥΣΙ,15122,6,12/2023
ΜΑΡΟΥΣΙ,15124,6,12/2023
"ΜΕΓ. ΣΧΙΝΑ",13677,1,12/2023
"ΜΕΓΑΡΑ ΔΥΤΙΚΗΣ ΑΤΤΙΚΗΣ",19100,2,12/2023
ΜΕΛΙΣΣΙΑ,15127,9,12/2023
ΜΕΤΑΜΟΡΦΩΣΗ,14451,3,12/2023
ΜΕΤΑΜΟΡΦΩΣΗ,14452,3,12/2023
ΜΕΤΑΜΟΡΦΩΣΗ,16232,1,12/2023
ΜΕΤΑΜΟΡΦΩΣΗ,18344,2,12/2023
ΜΗΛΑΔΕΖΑ,16672,1,12/2023
ΜΙΧΕΛΗ,13123,5,12/2023
ΜΠΟΥΡΝΑΖΙ,12133,21,12/2023
"Ν. ΜΑΡΟΥΣΙ",15126,1,12/2023
"Ν. ΦΙΛΟΘΕΗ",11476,1,12/2023
"ΝΕΑ ΙΩΝΙΑ",14234,1,12/2023
"ΝΕΑ ΚΗΦΙΣΙΑ",14564,2,12/2023
"ΝΕΑ ΠΕΝΤΕΛΗ",15236,6,12/2023
"ΝΕΑ ΣΜΥΡΝΗ",17122,1,12/2023
"ΝΕΑ ΣΜΥΡΝΗ",17123,1,12/2023
"ΝΕΑ ΣΜΥΡΝΗ",17124,1,12/2023
"ΝΕΑ ΦΙΛΑΔΕΛΦΕΙΑ",14341,2,12/2023
ΝΕΑΠΟΛΗ,11472,1,12/2023
ΝΕΑΠΟΛΗ,18452,1,12/2023
"ΝΕΟ ΗΡΑΚΛΕΙΟ",14121,8,12/2023
"ΝΕΟ ΨΥΧΙΚΟ",15451,12,12/2023
"ΝΕΟΣ ΚΟΣΜΟΣ",11744,9,12/2023
ΝΤΑΜΑΡΑΚΙΑ,12244,2,12/2023
"Π. ΚΟΚΚΙΝΙΑ",18542,1,12/2023
ΠΑΓΚΡΑΤΙ,11633,2,12/2023
"ΠΑΓΚΡΑΤΙ ΣΤΑΔΙΟ",11635,1,12/2023
"ΠΑΛΑΙΟ ΦΑΛΗΡΟ",17561,1,12/2023
"ΠΑΛΑΙΟ ΦΑΛΗΡΟ",17563,1,12/2023
ΠΑΛΑΤΙΑΝΗ,13121,1,12/2023
ΠΑΛΑΤΙΑΝΗ,13122,1,12/2023
ΠΑΛΙΑΓΙΑΝΝΗ,14562,2,12/2023
ΠΑΝΟΡΑΜΑ,16673,2,12/2023
ΠΑΠΑΓΟΣ,15669,1,12/2023
ΠΑΠΑΣΤΡΑΤΟΥ,18546,1,12/2023
ΠΑΡΑΔΕΙΣΟΣ,15125,1,12/2023
ΠΑΡΑΛΙΑ,18344,1,12/2023
ΠΑΡΑΛΙΑ,18345,5,12/2023
ΠΑΤΗΜΑ,15238,18,12/2023
"ΠΕΔΙΟΝ ΑΡΕΩΣ",11474,1,12/2023
ΠΕΡΑΜΑ,18863,4,12/2023
ΠΕΡΙΣΣΟΣ,14232,3,12/2023
ΠΕΡΙΣΤΕΡΙ,12131,3,12/2023
ΠΕΡΙΣΤΕΡΙ,12132,4,12/2023
ΠΕΡΙΣΤΕΡΙ,12134,9,12/2023
ΠΕΡΙΣΤΕΡΙ,12135,1,12/2023
ΠΕΡΙΣΤΕΡΙ,12136,6,12/2023
ΠΕΤΡΟΥΠΟΛΗ,13231,4,12/2023
ΠΕΤΡΟΥΠΟΛΗ,13232,8,12/2023
ΠΕΥΚΑΚΙΑ,15343,1,12/2023
ΠΕΥΚΗ,15121,4,12/2023
"ΠΛΑΤΕΙΑ ΑΛΕΞΑΝΔΡΑΣ",18534,1,12/2023
"ΠΛΑΤΕΙΑ ΑΤΤΙΚΗΣ",10439,1,12/2023
"ΠΛΑΤΕΙΑ ΑΤΤΙΚΗΣ",10440,1,12/2023
"ΠΛΑΤΕΙΑ ΕΛΕΥΘΕΡΙΑΣ",18120,1,12/2023
"ΠΛΑΤΕΙΑ ΙΠΠΟΔΑΜΕΙΑΣ",18531,1,12/2023
ΠΡΟΜΠΟΝΑ,11143,1,12/2023
ΠΥΡΓΟΥΘΙ,13672,1,12/2023
ΡΙΖΟΥΠΟΛΗ,11142,3,12/2023
ΣΑΡΩΝΙΚΟΣ,17341,2,12/2023
ΣΟΥΛΙ,17342,1,12/2023
ΣΟΥΡΜΕΝΑ,16777,1,12/2023
ΣΤΡΕΦΗ,11473,1,12/2023
"ΣΥΝ ΔΩΔΩΝΗΣ",15126,5,12/2023
"ΣΥΝ. ΤΥΠΟΓΡΑΦΩΝ",16346,1,12/2023
ΤΑΥΡΟΣ,17778,3,12/2023
ΤΕΡΨΙΘΕΑ,16561,6,12/2023
ΤΕΡΨΙΘΕΑ,16562,2,12/2023
ΤΖΙΤΖΙΦΙΕΣ,17674,4,12/2023
ΥΜΗΤΤΟΣ,17237,9,12/2023
ΧΑΙΔΑΡΙ,12461,3,12/2023
ΧΑΛΑΝΔΡΙ,15231,1,12/2023
ΧΑΛΑΝΔΡΙ,15232,6,12/2023
ΧΑΛΑΝΔΡΙ,15233,8,12/2023
ΧΑΛΑΝΔΡΙ,15234,7,12/2023
ΧΑΛΚΗΔΟΝΑ,18450,1,12/2023
ΧΑΛΚΗΔΟΝΑ,18451,1,12/2023
ΧΑΡΑΥΓΗ,13673,1,12/2023
ΧΑΡΑΥΓΗ,18755,4,12/2023
"ΧΑΡΑΥΓΗ ΣΠΙΘΑΡΙ",17236,1,12/2023
ΧΑΡΟΚΟΠΟΥ,17671,1,12/2023
ΧΑΣΑΝΙ,16452,1,12/2023
ΧΑΤΖΗΚΥΡΙΑΚΕΙΟ,18538,1,12/2023
ΨΑΛΙΔΙ,15122,7,12/2023
ΨΑΡΙ,19300,2,12/2023
ΨΥΡΡΗ,10554,1,12/2023
ΑΒΕΡΩΦ,11522,1,12/2024
"ΑΓ. ΑΘΑΝΑΣΙΟΣ",13672,1,12/2024
"ΑΓ. ΑΝΑΡΓΥΡΟΙ",13561,3,12/2024
"ΑΓ. ΑΝΑΡΓΥΡΟΙ",13562,3,12/2024
"ΑΓ. ΒΑΡΒΑΡΑ",17235,1,12/2024
"ΑΓ. ΓΕΩΡΓΙΟΣ",18120,1,12/2024
"ΑΓ. ΓΕΩΡΓΙΟΣ",18755,1,12/2024
"ΑΓ. ΓΕΩΡΓΙΟΣ",18756,6,12/2024
"ΑΓ. ΓΡΗΓΟΡΟΥΣΑ",12461,1,12/2024
"ΑΓ. ΓΡΗΓΟΡΟΥΣΑ",12462,3,12/2024
"ΑΓ. ΔΗΜΗΤΡΙΟΣ",17343,2,12/2024
"ΑΓ. ΕΛΕΟΥΣΑ",17675,1,12/2024
"ΑΓ. ΕΛΕΥΘΕΡΙΟΣ",11143,1,12/2024
"ΑΓ. ΙΕΡΟΘΕΟΣ",12137,3,12/2024
"ΑΓ. ΚΩΝΣΤΑΝΤΙΝΟΣ",16346,3,12/2024
"ΑΓ. ΜΑΡΙΝΑ",16343,2,12/2024
"ΑΓ. ΜΑΡΙΝΑ",16345,2,12/2024
"ΑΓ. ΜΗΝΑΣ",18757,2,12/2024
"ΑΓ. ΜΗΝΑΣ",18758,2,12/2024
"ΑΓ. ΝΕΙΛΟΣ",18538,1,12/2024
"ΑΓ. ΝΙΚΟΛΑΟΣ",13451,2,12/2024
"ΑΓ. ΝΙΚΟΛΑΟΣ",18450,2,12/2024
"ΑΓ. ΝΙΚΟΛΑΟΣ",18863,2,12/2024
"ΑΓ. ΠΑΝΤΕΛΕΗΜΟΝΑΣ",18756,1,12/2024
"ΑΓ. ΠΑΝΤΕΛΕΗΜΩΝ",10446,1,12/2024
"ΑΓ. ΠΑΝΤΕΛΕΗΜΩΝ",17456,4,12/2024
"ΑΓ. ΠΑΡΑΣΚΕΥΗ",15341,4,12/2024
"ΑΓ. ΠΑΡΑΣΚΕΥΗ",15342,7,12/2024
"ΑΓ. ΠΑΡΑΣΚΕΥΗ",15343,1,12/2024
"ΑΓ. ΠΕΤΡΟΣ",13675,1,12/2024
"ΑΓ. ΣΟΦΙΑ",18545,4,12/2024
"ΑΓ. ΣΟΦΙΑ",18546,6,12/2024
"ΑΓ. ΣΩΣΤΗΣ",11745,1,12/2024
"ΑΓ. ΣΩΤΗΡΑ",13678,1,12/2024
ΑΔΑΜΕΣ,14564,1,12/2024
ΑΘΗΝΑ,11744,1,12/2024
"ΑΙΑΝΤΕΙΟ  ΝΑΤΟ",18903,1,12/2024
"ΑΚΑΔ. ΠΛΑΤΩΝΟΣ",10441,5,12/2024
ΑΛΙΜΟΣ,17455,32,12/2024
ΑΛΩΝΙΑ,14562,6,12/2024
ΑΜΠΕΛΑΚΙΑ,18902,1,12/2024
ΑΜΠΕΛΟΚΗΠΟΙ,11523,3,12/2024
ΑΜΠΕΛΟΚΗΠΟΙ,11527,1,12/2024
ΑΜΦΙΑΛΗ,18757,2,12/2024
ΑΜΦΙΘΕΑ,17563,4,12/2024
ΑΜΦΙΘΕΑ,17564,27,12/2024
ΑΝΑΛΗΨΗ,18452,1,12/2024
ΑΝΘΟΥΠΟΛΗ,12135,3,12/2024
"ΑΝΩ ΚΟΡΥΔΑΛΛΟΣ",18122,2,12/2024
"ΑΝΩ ΚΥΨΕΛΗ",11364,1,12/2024
"ΑΝΩ ΠΕΤΡΑΛΩΝΑ",11852,7,12/2024
ΑΠΟΛΛΩΝ,18541,6,12/2024
ΑΠΟΛΛΩΝ,18547,1,12/2024
"ΑΡ. ΕΛ. ΒΕΝΙΖΕΛΟΥ",12351,2,12/2024
"ΑΡ. ΙΕΡΑΣ ΟΔΟΥ",12241,5,12/2024
ΑΡΓΥΡΟΥΠΟΛΗ,16451,5,12/2024
ΑΡΓΥΡΟΥΠΟΛΗ,16452,6,12/2024
"ΑΣΠΡΑ ΧΩΜΑΤΑ",12137,2,12/2024
"ΑΣΠΡΑ ΧΩΜΑΤΑ",18454,1,12/2024
ΑΣΠΡΟΠΥΡΓΟΣ,19300,1,12/2024
ΑΣΥΡΜΑΤΟΣ,16672,2,12/2024
ΑΣΥΡΜΑΤΟΣ,17341,3,12/2024
ΒΑΡΚΙΖΑ,16672,8,12/2024
ΒΕΙΚΟΥ,11742,1,12/2024
ΒΙΑΜΑΞ,12242,1,12/2024
ΒΟΣΠΟΡΟΣ,16675,7,12/2024
ΒΟΤΑΝΙΚΟΣ,11855,2,12/2024
ΒΟΥΛΑ,16673,9,12/2024
ΒΟΥΛΙΑΓΜΕΝΗ,16671,1,12/2024
ΒΡΥΩΝΗ,18536,2,12/2024
ΒΥΡΩΝΑΣ,16232,1,12/2024
"Γ ΝΕΚΡΟΤΑΦΕΙΟ",18121,1,12/2024
ΓΑΛΑΤΣΙ,11146,4,12/2024
ΓΑΛΑΤΣΙ,11147,2,12/2024
"ΓΕΡΜΑΝΙΚΟΣ ΔΡΟΜΟΣ ΒΟΡΕΙΟ",19100,2,12/2024
ΓΕΡΟΒΟΥΝΟ,13451,7,12/2024
ΓΗΡΟΚΟΜΕΙΟ,11524,2,12/2024
ΓΚΥΖΗ,11476,1,12/2024
ΓΛΥΦΑΔΑ,16562,9,12/2024
ΓΛΥΦΑΔΑ,16674,4,12/2024
ΓΛΥΦΑΔΑ,16675,1,12/2024
ΓΟΥΒΑ,11632,3,12/2024
ΔΑΣΟΣ,12462,1,12/2024
ΔΑΦΝΗ,17234,3,12/2024
ΔΑΦΝΗ,17236,6,12/2024
"ΔΕΞ. ΕΛ. ΒΕΝΙΖΕΛΟΥ",12351,1,12/2024
"ΔΕΞ. ΙΕΡΑΣ ΟΔΟΥ",12242,5,12/2024
ΔΗΜΟΤΙΚΟ,18534,1,12/2024
"ΕΘΝΙΚΗΣ ΑΝΤΙΣΤΑΣΗΣ",17342,3,12/2024
ΕΚΤΕΛΩΝΙΣΤΩΝ,17456,6,12/2024
ΕΛΕΥΣΙΝΑ,19200,14,12/2024
ΕΛΗΑ,17343,1,12/2024
ΕΛΛΗΝΟΡΩΣΩΝ,11525,1,12/2024
ΕΞΑΡΧΕΙΑ,10678,1,12/2024
"ΕΡΥΘΡΟΣ ΣΤΑΥΡΟΣ",11526,1,12/2024
ΕΥΑΓΓΕΛΙΣΤΡΙΑ,18533,3,12/2024
ΕΥΓΕΝΕΙΑ,18755,3,12/2024
ΖΩΓΡΑΦΟΥ,15771,2,12/2024
ΖΩΓΡΑΦΟΥ,15772,1,12/2024
ΖΩΓΡΑΦΟΥ,15773,1,12/2024
ΗΛΙΟΥΠΟΛΗ,16341,7,12/2024
ΗΛΙΟΥΠΟΛΗ,16342,5,12/2024
ΗΡΑΚΛΕΙΟ,14122,3,12/2024
ΙΕΡΑΠΟΛΗ,12244,4,12/2024
ΙΛΙΟΝ,13122,4,12/2024
ΚΑΙΣΑΡΙΑΝΗ,16121,1,12/2024
ΚΑΛΑΜΑΚΙ,17455,1,12/2024
ΚΑΛΑΜΑΚΙ,18547,1,12/2024
ΚΑΛΛΙΘΕΑ,17671,3,12/2024
ΚΑΛΛΙΘΕΑ,17675,1,12/2024
ΚΑΛΛΙΠΟΛΗ,18539,1,12/2024
ΚΑΜΑΤΕΡΟ,13451,3,12/2024
ΚΑΜΙΝΙΑ,18541,2,12/2024
ΚΑΝΑΡΙΑ,16345,1,12/2024
ΚΑΝΤΖΑ,15351,9,12/2024
ΚΑΡΒΕΛΑΣ,16674,2,12/2024
ΚΑΣΤΕΛΛΑ,18533,1,12/2024
"ΚΑΤΩ ΚΗΦΙΣΙΑ",14561,1,12/2024
"ΚΑΤΩ ΚΗΦΙΣΙΑ",14564,1,12/2024
"ΚΑΤΩ ΠΕΤΡΑΛΩΝΑ",11853,6,12/2024
ΚΕΝΤΡΟ,10432,2,12/2024
ΚΕΝΤΡΟ,10552,2,12/2024
ΚΕΝΤΡΟ,10557,1,12/2024
ΚΕΝΤΡΟ,10560,2,12/2024
ΚΕΝΤΡΟ,10562,3,12/2024
ΚΕΝΤΡΟ,10563,1,12/2024
ΚΕΝΤΡΟ,10679,1,12/2024
ΚΕΝΤΡΟ,11472,1,12/2024
ΚΕΦΑΛΑΡΙ,14562,2,12/2024
ΚΗΠΟΥΠΟΛΗ,13231,2,12/2024
ΚΟΚΚΙΝΑΡΑΣ,14563,1,12/2024
ΚΟΚΚΙΝΟΒΡΑΧΟΣ,18757,1,12/2024
ΚΟΚΚΙΝΟΒΡΑΧΟΣ,18758,1,12/2024
ΚΟΛΩΝΟΣ,10443,1,12/2024
ΚΟΝΤΟΠΕΥΚΟ,15343,16,12/2024
ΚΟΡΥΔΑΛΛΟΣ,18120,4,12/2024
ΚΟΡΥΔΑΛΛΟΣ,18122,1,12/2024
ΚΟΥΚΑΚΙ,11741,5,12/2024
ΚΡΗΤΙΚΑ,18547,1,12/2024
ΚΥΝΟΣΑΡΓΟΥΣ,11743,4,12/2024
ΚΥΠΡΙΑΔΟΥ,11141,1,12/2024
ΚΥΨΕΛΗ,11257,1,12/2024
ΚΥΨΕΛΗ,11363,2,12/2024
ΛΑΘΕΑ,13678,1,12/2024
ΛΑΚΚΑ,19100,1,12/2024
ΛΑΜΠΡΙΝΗ,11142,2,12/2024
"ΛΟΦΟΣ ΣΙΚΕΛΙΑΣ",17671,1,12/2024
ΛΥΚΟΤΡΥΠΑ,13671,1,12/2024
ΜΑΝΙΑΤΙΚΑ,18545,1,12/2024
ΜΑΝΙΑΤΙΚΑ,18546,2,12/2024
ΜΑΡΟΥΣΙ,15124,4,12/2024
"ΜΕΓ. ΣΧΙΝΑ",13679,4,12/2024
"ΜΕΓΑΡΑ ΔΥΤΙΚΗΣ ΑΤΤΙΚΗΣ",19100,4,12/2024
ΜΕΛΙΣΣΙΑ,15127,3,12/2024
ΜΕΤΑΜΟΡΦΩΣΗ,14451,2,12/2024
ΜΕΤΑΜΟΡΦΩΣΗ,14452,5,12/2024
ΜΕΤΣ,11636,5,12/2024
ΜΙΧΕΛΗ,13123,1,12/2024
ΜΙΧΕΛΗ,13232,1,12/2024
ΜΟΥΣΕΙΟ,10683,4,12/2024
ΜΠΟΣΚΙΖΑ,13679,2,12/2024
ΜΠΟΥΡΝΑΖΙ,12133,1,12/2024
"Ν. ΚΟΛΟΚΥΝΘΟΥ",12132,1,12/2024
"Ν. ΜΑΡΟΥΣΙ",15126,1,12/2024
"ΝΕΑ ΖΩΗ",15341,11,12/2024
"ΝΕΑ ΙΩΝΙΑ",14231,9,12/2024
"ΝΕΑ ΙΩΝΙΑ",14234,2,12/2024
"ΝΕΑ ΚΗΦΙΣΙΑ",14564,16,12/2024
"ΝΕΑ ΛΕΣΒΟΣ",15126,3,12/2024
"ΝΕΑ ΜΑΔΥΤΟΣ",14342,3,12/2024
"ΝΕΑ ΠΕΝΤΕΛΗ",15236,2,12/2024
"ΝΕΑ ΠΕΡΑΜΟΣ",19006,1,12/2024
"ΝΕΑ ΣΜΥΡΝΗ",17121,1,12/2024
"ΝΕΑ ΣΜΥΡΝΗ",17122,7,12/2024
"ΝΕΑ ΣΜΥΡΝΗ",17123,7,12/2024
"ΝΕΑ ΣΜΥΡΝΗ",17124,2,12/2024
"ΝΕΑ ΦΙΛΑΔΕΛΦΕΙΑ",14341,3,12/2024
"ΝΕΑ ΧΑΛΚΗΔΟΝΑ",14343,2,12/2024
ΝΕΑΠΟΛΗ,13672,3,12/2024
ΝΕΑΠΟΛΗ,13674,1,12/2024
ΝΕΑΠΟΛΗ,13675,3,12/2024
ΝΕΑΠΟΛΗ,18452,2,12/2024
"ΝΕΟ ΗΡΑΚΛΕΙΟ",14121,1,12/2024
"ΝΕΟ ΙΚΟΝΙΟ",18863,1,12/2024
"ΝΕΟ ΜΑΡΟΥΣΙ",15126,1,12/2024
"ΝΕΟ ΦΑΛΗΡΟ",18547,2,12/2024
"ΝΕΟ ΨΥΧΙΚΟ",15451,7,12/2024
"ΝΕΟΣ ΚΟΣΜΟΣ",11744,2,12/2024
ΝΙΚΑΙΑ,18450,1,12/2024
ΝΙΚΑΙΑ,18453,5,12/2024
ΝΤΑΜΑΡΑΚΙΑ,12244,7,12/2024
ΞΕΝΟ,18900,1,12/2024
"ΟΣΙΑ ΞΕΝΗ",18450,1,12/2024
"Π. ΚΟΚΚΙΝΙΑ",18542,1,12/2024
ΠΑΓΚΡΑΤΙ,11635,2,12/2024
"ΠΑΛ. ΜΕΝΙΔΙ",13673,1,12/2024
"ΠΑΛ. ΜΕΝΙΔΙ",13674,4,12/2024
"ΠΑΛΑΙΟ ΦΑΛΗΡΟ",17561,1,12/2024
"ΠΑΛΑΙΟ ΦΑΛΗΡΟ",17562,2,12/2024
"ΠΑΛΑΙΟ ΦΑΛΗΡΟ",17563,10,12/2024
ΠΑΛΑΤΙΑΝΗ,13121,4,12/2024
ΠΑΛΟΥΚΙΑ,18901,1,12/2024
ΠΑΝΟΡΑΜΑ,16673,1,12/2024
ΠΑΝΤΕΙΟΣ,17671,1,12/2024
ΠΑΠΑΓΟΣ,15669,4,12/2024
ΠΑΠΑΔΟΠΟΥΛΟΥ,18863,1,12/2024
ΠΑΠΑΣΤΡΑΤΟΥ,18546,1,12/2024
ΠΑΡΑΔΕΙΣΟΣ,15124,8,12/2024
ΠΑΡΑΛΙΑ,18344,1,12/2024
ΠΑΤΗΜΑ,15238,11,12/2024
ΠΕΙΡΑΙΚΗ,18539,8,12/2024
ΠΕΡΙΣΣΟΣ,14232,12,12/2024
ΠΕΡΙΣΤΕΡΙ,12131,7,12/2024
ΠΕΡΙΣΤΕΡΙ,12132,1,12/2024
ΠΕΡΙΣΤΕΡΙ,12134,4,12/2024
ΠΕΡΙΣΤΕΡΙ,12135,1,12/2024
ΠΕΡΙΣΤΕΡΙ,12136,6,12/2024
ΠΕΡΙΣΤΕΡΙ,12137,1,12/2024
ΠΕΤΡΟΥΠΟΛΗ,13231,4,12/2024
ΠΕΤΡΟΥΠΟΛΗ,13232,2,12/2024
ΠΕΥΚΑΚΙΑ,15343,5,12/2024
ΠΕΥΚΗ,15121,4,12/2024
ΠΗΓΑΔΑΚΙΑ,16673,1,12/2024
"ΠΛΑΤΕΙΑ ΑΜΕΡΙΚΗΣ",11252,1,12/2024
"ΠΛΑΤΕΙΑ ΑΤΤΙΚΗΣ",10445,1,12/2024
ΠΟΛΥΔΡΟΣΟ,15125,1,12/2024
"ΠΡΟΦ. ΗΛΙΑΣ",18863,7,12/2024
ΡΑΔΙΟΦΩΝΙΑ,13122,1,12/2024
ΣΑΡΩΝΙΚΟΣ,17343,1,12/2024
ΣΑΦΡΑΜΠΟΛΙΣ,14233,1,12/2024
ΣΕΠΟΛΙΑ,10443,3,12/2024
ΣΟΥΛΙ,17342,1,12/2024
ΣΟΥΡΜΕΝΑ,16777,2,12/2024
ΣΤΑΘΜΟΣ,18346,4,12/2024
ΣΤΑΜΑΤΑΚΗ,18233,1,12/2024
ΣΧΙΣΤΟ,18122,2,12/2024
ΣΩΡΟΥ,15125,2,12/2024
ΤΑΜΠΟΥΡΙΑ,18546,6,12/2024
ΤΑΜΠΟΥΡΙΑ,18756,1,12/2024
ΤΑΞΙΑΡΧΕΣ,18121,4,12/2024
ΤΑΥΡΟΣ,17778,3,12/2024
ΤΕΡΨΙΘΕΑ,16561,14,12/2024
ΤΕΡΨΙΘΕΑ,16562,1,12/2024
ΤΖΙΤΖΙΦΙΕΣ,17673,4,12/2024
ΤΖΙΤΖΙΦΙΕΣ,17674,6,12/2024
ΤΣΑΜΗ,18900,2,12/2024
ΥΜΗΤΤΟΣ,17237,2,12/2024
ΦΙΛΟΘΕΗ,15237,1,12/2024
ΧΑΙΔΑΡΙ,12461,15,12/2024
ΧΑΛΑΝΔΡΙ,15231,6,12/2024
ΧΑΛΑΝΔΡΙ,15232,7,12/2024
ΧΑΛΑΝΔΡΙ,15234,3,12/2024
ΧΑΛΚΗΔΟΝΑ,18450,2,12/2024
ΧΑΡΑΥΓΗ,17237,1,12/2024
ΧΑΡΟΚΟΠΟΥ,17671,1,12/2024
ΧΑΡΟΚΟΠΟΥ,17672,12,12/2024
ΧΑΣΑΝΙ,16777,1,12/2024
ΨΑΡΙ,19300,1,12/2024
ΨΥΡΡΗ,10554,1,12/2024
