Ημερομηνία,Διυλιστήριο,Τιμή
01/01/2023,Kiourka,70426
01/01/2023,Aspropirgos,110500
01/01/2023,Galatsi,284697
01/01/2023,Menidi,435441
02/01/2023,Menidi,460090
02/01/2023,Galatsi,293686
02/01/2023,Aspropirgos,113580
02/01/2023,Kiourka,72129
03/01/2023,Kiourka,70077
03/01/2023,Aspropirgos,114100
03/01/2023,Galatsi,291521
03/01/2023,Menidi,465339
04/01/2023,Menidi,477938
04/01/2023,Galatsi,297742
04/01/2023,Aspropirgos,115090
04/01/2023,Kiourka,70288
05/01/2023,Kiourka,70994
05/01/2023,Aspropirgos,116220
05/01/2023,Galatsi,293300
05/01/2023,Menidi,487997
06/01/2023,Menidi,454279
06/01/2023,Galatsi,288820
06/01/2023,Aspropirgos,111380
06/01/2023,Kiourka,71167
07/01/2023,Kiourka,72238
07/01/2023,Aspropirgos,114880
07/01/2023,Galatsi,291611
07/01/2023,Menidi,455951
08/01/2023,Menidi,465880
08/01/2023,Galatsi,295547
08/01/2023,Aspropirgos,116600
08/01/2023,Kiourka,73596
09/01/2023,Kiourka,71544
09/01/2023,Aspropirgos,116520
09/01/2023,Galatsi,300925
09/01/2023,Menidi,479367
10/01/2023,Menidi,458736
10/01/2023,Galatsi,294324
10/01/2023,Aspropirgos,113080
10/01/2023,Kiourka,69676
11/01/2023,Kiourka,70294
11/01/2023,Aspropirgos,114750
11/01/2023,Galatsi,302388
11/01/2023,Menidi,458181
12/01/2023,Menidi,459855
12/01/2023,Galatsi,297736
12/01/2023,Aspropirgos,113510
12/01/2023,Kiourka,70317
13/01/2023,Kiourka,71549
13/01/2023,Aspropirgos,113500
13/01/2023,Galatsi,296746
13/01/2023,Menidi,461801
14/01/2023,Menidi,472945
14/01/2023,Galatsi,303403
14/01/2023,Aspropirgos,117570
14/01/2023,Kiourka,73415
15/01/2023,Kiourka,72681
15/01/2023,Aspropirgos,115080
15/01/2023,Galatsi,298298
15/01/2023,Menidi,455860
16/01/2023,Menidi,457687
16/01/2023,Galatsi,295836
16/01/2023,Aspropirgos,117680
16/01/2023,Kiourka,71892
17/01/2023,Kiourka,71482
17/01/2023,Aspropirgos,114240
17/01/2023,Galatsi,298358
17/01/2023,Menidi,457859
18/01/2023,Menidi,470968
18/01/2023,Galatsi,299131
18/01/2023,Aspropirgos,116940
18/01/2023,Kiourka,70117
19/01/2023,Kiourka,75351
19/01/2023,Aspropirgos,117730
19/01/2023,Galatsi,298644
19/01/2023,Menidi,492897
20/01/2023,Menidi,456426
20/01/2023,Galatsi,293165
20/01/2023,Aspropirgos,113110
20/01/2023,Kiourka,71027
21/01/2023,Kiourka,72077
21/01/2023,Aspropirgos,115670
21/01/2023,Galatsi,298943
21/01/2023,Menidi,481189
22/01/2023,Menidi,463489
22/01/2023,Galatsi,298293
22/01/2023,Aspropirgos,116420
22/01/2023,Kiourka,69923
23/01/2023,Kiourka,71216
23/01/2023,Aspropirgos,117900
23/01/2023,Galatsi,285746
23/01/2023,Menidi,463301
24/01/2023,Menidi,475419
24/01/2023,Galatsi,309504
24/01/2023,Aspropirgos,114910
24/01/2023,Kiourka,74105
25/01/2023,Kiourka,70050
25/01/2023,Aspropirgos,111120
25/01/2023,Galatsi,292882
25/01/2023,Menidi,460553
26/01/2023,Menidi,433885
26/01/2023,Galatsi,288564
26/01/2023,Aspropirgos,108160
26/01/2023,Kiourka,71372
27/01/2023,Kiourka,72086
27/01/2023,Aspropirgos,110440
27/01/2023,Galatsi,294599
27/01/2023,Menidi,463820
28/01/2023,Menidi,469659
28/01/2023,Galatsi,289741
28/01/2023,Aspropirgos,114910
28/01/2023,Kiourka,71818
29/01/2023,Kiourka,71577
29/01/2023,Aspropirgos,113300
29/01/2023,Galatsi,309178
29/01/2023,Menidi,451253
30/01/2023,Menidi,472294
30/01/2023,Galatsi,296977
30/01/2023,Aspropirgos,112750
30/01/2023,Kiourka,70183
31/01/2023,Kiourka,69716
31/01/2023,Aspropirgos,106580
31/01/2023,Galatsi,292481
31/01/2023,Menidi,457027
01/02/2023,Menidi,460079
01/02/2023,Galatsi,297077
01/02/2023,Kiourka,68027
01/02/2023,Aspropirgos,119720
02/02/2023,Aspropirgos,119010
02/02/2023,Kiourka,62772
02/02/2023,Galatsi,298897
02/02/2023,Menidi,473167
03/02/2023,Menidi,463086
03/02/2023,Galatsi,295373
03/02/2023,Kiourka,69662
03/02/2023,Aspropirgos,115520
04/02/2023,Aspropirgos,118800
04/02/2023,Kiourka,70376
04/02/2023,Galatsi,300173
04/02/2023,Menidi,465380
05/02/2023,Menidi,429449
05/02/2023,Galatsi,286690
05/02/2023,Kiourka,71475
05/02/2023,Aspropirgos,111880
06/02/2023,Aspropirgos,115260
06/02/2023,Kiourka,71679
06/02/2023,Galatsi,292306
06/02/2023,Menidi,456367
07/02/2023,Menidi,448554
07/02/2023,Galatsi,291285
07/02/2023,Kiourka,70821
07/02/2023,Aspropirgos,114490
08/02/2023,Aspropirgos,119010
08/02/2023,Kiourka,70899
08/02/2023,Galatsi,297372
08/02/2023,Menidi,462046
09/02/2023,Menidi,466212
09/02/2023,Galatsi,298491
09/02/2023,Kiourka,69713
09/02/2023,Aspropirgos,116200
10/02/2023,Aspropirgos,118640
10/02/2023,Kiourka,68649
10/02/2023,Galatsi,287796
10/02/2023,Menidi,474735
11/02/2023,Menidi,486482
11/02/2023,Galatsi,324840
11/02/2023,Kiourka,75187
11/02/2023,Aspropirgos,119210
12/02/2023,Aspropirgos,119420
12/02/2023,Kiourka,73001
12/02/2023,Galatsi,310354
12/02/2023,Menidi,480475
13/02/2023,Menidi,477497
13/02/2023,Galatsi,305526
13/02/2023,Kiourka,71435
13/02/2023,Aspropirgos,117640
14/02/2023,Aspropirgos,116730
14/02/2023,Kiourka,71893
14/02/2023,Galatsi,304199
14/02/2023,Menidi,474192
15/02/2023,Menidi,457229
15/02/2023,Galatsi,298096
15/02/2023,Kiourka,71011
15/02/2023,Aspropirgos,114820
16/02/2023,Aspropirgos,117080
16/02/2023,Kiourka,70119
16/02/2023,Galatsi,303449
16/02/2023,Menidi,484329
17/02/2023,Menidi,527824
17/02/2023,Galatsi,304428
17/02/2023,Kiourka,72480
17/02/2023,Aspropirgos,116140
18/02/2023,Aspropirgos,122640
18/02/2023,Kiourka,71583
18/02/2023,Galatsi,311676
18/02/2023,Menidi,462028
19/02/2023,Menidi,488229
19/02/2023,Galatsi,304247
19/02/2023,Kiourka,77388
19/02/2023,Aspropirgos,117980
20/02/2023,Aspropirgos,117230
20/02/2023,Kiourka,73039
20/02/2023,Galatsi,314607
20/02/2023,Menidi,483424
21/02/2023,Menidi,442905
21/02/2023,Galatsi,348337
21/02/2023,Kiourka,72879
21/02/2023,Aspropirgos,116850
22/02/2023,Aspropirgos,118060
22/02/2023,Kiourka,73104
22/02/2023,Menidi,442568
22/02/2023,Galatsi,350555
23/02/2023,Menidi,449957
23/02/2023,Kiourka,78862
23/02/2023,Aspropirgos,118190
23/02/2023,Galatsi,338330
24/02/2023,Galatsi,319241
24/02/2023,Aspropirgos,117390
24/02/2023,Kiourka,74017
24/02/2023,Menidi,462751
25/02/2023,Menidi,473171
25/02/2023,Kiourka,76253
25/02/2023,Aspropirgos,120000
25/02/2023,Galatsi,299110
26/02/2023,Galatsi,279491
26/02/2023,Aspropirgos,116870
26/02/2023,Kiourka,72791
26/02/2023,Menidi,437369
27/02/2023,Menidi,468734
27/02/2023,Kiourka,65458
27/02/2023,Aspropirgos,117390
27/02/2023,Galatsi,301665
28/02/2023,Galatsi,298358
28/02/2023,Aspropirgos,118440
28/02/2023,Kiourka,60736
28/02/2023,Menidi,491788
01/03/2023,Menidi,501057
01/03/2023,Kiourka,72329
01/03/2023,Aspropirgos,119000
01/03/2023,Galatsi,308025
02/03/2023,Galatsi,299824
02/03/2023,Aspropirgos,115800
02/03/2023,Kiourka,78813
02/03/2023,Menidi,469108
03/03/2023,Menidi,483147
03/03/2023,Kiourka,78680
03/03/2023,Aspropirgos,116760
03/03/2023,Galatsi,300470
04/03/2023,Galatsi,300621
04/03/2023,Aspropirgos,114020
04/03/2023,Kiourka,78231
04/03/2023,Menidi,472277
05/03/2023,Menidi,471400
05/03/2023,Kiourka,79453
05/03/2023,Aspropirgos,115610
05/03/2023,Galatsi,307720
06/03/2023,Galatsi,308870
06/03/2023,Aspropirgos,115340
06/03/2023,Kiourka,81793
06/03/2023,Menidi,479610
07/03/2023,Menidi,472171
07/03/2023,Kiourka,77739
07/03/2023,Aspropirgos,115150
07/03/2023,Galatsi,301392
08/03/2023,Galatsi,307529
08/03/2023,Aspropirgos,115810
08/03/2023,Kiourka,78302
08/03/2023,Menidi,476209
09/03/2023,Menidi,478399
09/03/2023,Kiourka,78725
09/03/2023,Aspropirgos,116410
09/03/2023,Galatsi,313987
10/03/2023,Galatsi,309615
10/03/2023,Aspropirgos,116970
10/03/2023,Kiourka,81061
10/03/2023,Menidi,486945
11/03/2023,Menidi,495522
11/03/2023,Kiourka,82863
11/03/2023,Aspropirgos,118990
11/03/2023,Galatsi,309714
12/03/2023,Galatsi,306157
12/03/2023,Aspropirgos,117650
12/03/2023,Kiourka,85052
12/03/2023,Menidi,483179
13/03/2023,Menidi,471353
13/03/2023,Kiourka,81195
13/03/2023,Aspropirgos,116550
13/03/2023,Galatsi,302440
14/03/2023,Galatsi,304655
14/03/2023,Aspropirgos,116910
14/03/2023,Kiourka,82017
14/03/2023,Menidi,490483
15/03/2023,Menidi,475071
15/03/2023,Kiourka,79887
15/03/2023,Aspropirgos,113550
15/03/2023,Galatsi,300640
16/03/2023,Galatsi,302606
16/03/2023,Aspropirgos,112800
16/03/2023,Kiourka,80127
16/03/2023,Menidi,477947
17/03/2023,Menidi,459088
17/03/2023,Kiourka,79153
17/03/2023,Aspropirgos,111200
17/03/2023,Galatsi,296265
18/03/2023,Galatsi,305918
18/03/2023,Aspropirgos,116490
18/03/2023,Kiourka,84137
18/03/2023,Menidi,481537
19/03/2023,Menidi,476087
19/03/2023,Kiourka,84617
19/03/2023,Aspropirgos,116210
19/03/2023,Galatsi,304071
20/03/2023,Galatsi,299106
20/03/2023,Aspropirgos,118350
20/03/2023,Kiourka,84279
20/03/2023,Menidi,509340
21/03/2023,Menidi,485580
21/03/2023,Kiourka,80874
21/03/2023,Aspropirgos,111910
21/03/2023,Galatsi,315718
22/03/2023,Galatsi,295550
22/03/2023,Kiourka,81761
22/03/2023,Aspropirgos,95420
22/03/2023,Menidi,513300
23/03/2023,Menidi,528431
23/03/2023,Aspropirgos,94736
23/03/2023,Kiourka,82980
23/03/2023,Galatsi,324966
24/03/2023,Galatsi,313586
24/03/2023,Kiourka,85761
24/03/2023,Aspropirgos,125630
24/03/2023,Menidi,514270
25/03/2023,Menidi,487293
25/03/2023,Aspropirgos,122800
25/03/2023,Kiourka,87243
25/03/2023,Galatsi,304965
26/03/2023,Galatsi,295264
26/03/2023,Kiourka,91438
26/03/2023,Aspropirgos,118660
26/03/2023,Menidi,488803
27/03/2023,Menidi,510771
27/03/2023,Aspropirgos,123140
27/03/2023,Kiourka,92603
27/03/2023,Galatsi,311865
28/03/2023,Galatsi,303226
28/03/2023,Kiourka,82113
28/03/2023,Aspropirgos,118330
28/03/2023,Menidi,488521
29/03/2023,Menidi,484801
29/03/2023,Aspropirgos,116920
29/03/2023,Kiourka,80715
29/03/2023,Galatsi,302573
30/03/2023,Galatsi,306968
30/03/2023,Kiourka,85095
30/03/2023,Aspropirgos,120870
30/03/2023,Menidi,499504
31/03/2023,Menidi,512976
31/03/2023,Aspropirgos,122660
31/03/2023,Kiourka,89220
31/03/2023,Galatsi,308373
01/04/2023,Galatsi,312970
01/04/2023,Kiourka,92857
01/04/2023,Aspropirgos,125060
01/04/2023,Menidi,510495
02/04/2023,Menidi,480869
02/04/2023,Aspropirgos,116550
02/04/2023,Kiourka,83709
02/04/2023,Galatsi,299502
03/04/2023,Galatsi,299497
03/04/2023,Kiourka,80113
03/04/2023,Aspropirgos,115400
03/04/2023,Menidi,474177
04/04/2023,Menidi,481963
04/04/2023,Aspropirgos,117010
04/04/2023,Kiourka,78150
04/04/2023,Galatsi,299488
05/04/2023,Galatsi,312496
05/04/2023,Kiourka,84781
05/04/2023,Aspropirgos,119050
05/04/2023,Menidi,486796
06/04/2023,Menidi,497965
06/04/2023,Aspropirgos,122190
06/04/2023,Kiourka,85235
06/04/2023,Galatsi,284104
07/04/2023,Galatsi,260680
07/04/2023,Kiourka,85756
07/04/2023,Aspropirgos,120650
07/04/2023,Menidi,519892
08/04/2023,Menidi,539778
08/04/2023,Aspropirgos,122230
08/04/2023,Kiourka,85881
08/04/2023,Galatsi,314381
09/04/2023,Galatsi,310688
09/04/2023,Kiourka,91641
09/04/2023,Aspropirgos,120000
09/04/2023,Menidi,482423
10/04/2023,Menidi,484469
10/04/2023,Aspropirgos,120180
10/04/2023,Kiourka,83265
10/04/2023,Galatsi,298515
11/04/2023,Galatsi,317142
11/04/2023,Kiourka,83893
11/04/2023,Aspropirgos,119340
11/04/2023,Menidi,476181
12/04/2023,Menidi,485724
12/04/2023,Aspropirgos,125240
12/04/2023,Kiourka,93385
12/04/2023,Galatsi,308615
13/04/2023,Galatsi,309075
13/04/2023,Kiourka,96389
13/04/2023,Aspropirgos,128130
13/04/2023,Menidi,485785
14/04/2023,Menidi,440273
14/04/2023,Aspropirgos,121280
14/04/2023,Kiourka,89929
14/04/2023,Galatsi,270962
15/04/2023,Galatsi,287876
15/04/2023,Kiourka,97680
15/04/2023,Aspropirgos,126270
15/04/2023,Menidi,474916
16/04/2023,Menidi,401266
16/04/2023,Aspropirgos,121450
16/04/2023,Kiourka,88197
16/04/2023,Galatsi,239779
17/04/2023,Galatsi,246953
17/04/2023,Kiourka,87873
17/04/2023,Aspropirgos,118300
17/04/2023,Menidi,435041
18/04/2023,Menidi,470979
18/04/2023,Aspropirgos,123470
18/04/2023,Kiourka,87574
18/04/2023,Galatsi,273185
19/04/2023,Galatsi,290930
19/04/2023,Kiourka,91192
19/04/2023,Aspropirgos,125960
19/04/2023,Menidi,485208
20/04/2023,Menidi,498462
20/04/2023,Aspropirgos,124440
20/04/2023,Kiourka,93241
20/04/2023,Galatsi,295712
21/04/2023,Galatsi,293351
21/04/2023,Kiourka,90039
21/04/2023,Aspropirgos,125250
21/04/2023,Menidi,502265
22/04/2023,Menidi,504575
22/04/2023,Aspropirgos,124080
22/04/2023,Kiourka,93920
22/04/2023,Galatsi,310514
23/04/2023,Galatsi,318481
23/04/2023,Kiourka,87141
23/04/2023,Aspropirgos,117090
23/04/2023,Menidi,488028
24/04/2023,Menidi,508698
24/04/2023,Aspropirgos,120760
24/04/2023,Kiourka,92453
24/04/2023,Galatsi,327089
25/04/2023,Galatsi,323867
25/04/2023,Kiourka,88782
25/04/2023,Aspropirgos,119280
25/04/2023,Menidi,508262
26/04/2023,Menidi,508626
26/04/2023,Aspropirgos,117900
26/04/2023,Kiourka,87955
26/04/2023,Galatsi,323580
27/04/2023,Galatsi,322897
27/04/2023,Kiourka,88773
27/04/2023,Aspropirgos,118140
27/04/2023,Menidi,508401
28/04/2023,Menidi,504403
28/04/2023,Aspropirgos,118790
28/04/2023,Kiourka,95520
28/04/2023,Galatsi,322601
29/04/2023,Galatsi,322271
29/04/2023,Kiourka,100709
29/04/2023,Aspropirgos,120310
29/04/2023,Menidi,508779
30/04/2023,Menidi,464242
30/04/2023,Aspropirgos,115420
30/04/2023,Kiourka,93439
30/04/2023,Galatsi,307182
01/05/2023,Galatsi,306230
01/05/2023,Kiourka,93466
01/05/2023,Aspropirgos,112070
01/05/2023,Menidi,472283
02/05/2023,Menidi,491265
02/05/2023,Aspropirgos,115270
02/05/2023,Kiourka,87658
02/05/2023,Galatsi,296423
03/05/2023,Galatsi,328938
03/05/2023,Kiourka,84233
03/05/2023,Aspropirgos,111620
03/05/2023,Menidi,488896
04/05/2023,Menidi,500580
04/05/2023,Aspropirgos,115440
04/05/2023,Kiourka,87961
04/05/2023,Galatsi,321652
05/05/2023,Galatsi,311537
05/05/2023,Kiourka,82694
05/05/2023,Aspropirgos,108550
05/05/2023,Menidi,478456
06/05/2023,Menidi,511863
06/05/2023,Aspropirgos,116930
06/05/2023,Kiourka,94210
06/05/2023,Galatsi,323746
07/05/2023,Galatsi,324910
07/05/2023,Kiourka,96786
07/05/2023,Aspropirgos,119730
07/05/2023,Menidi,519326
08/05/2023,Menidi,527754
08/05/2023,Aspropirgos,122570
08/05/2023,Kiourka,93609
08/05/2023,Galatsi,331834
09/05/2023,Galatsi,318520
09/05/2023,Kiourka,87212
09/05/2023,Aspropirgos,114230
09/05/2023,Menidi,497189
10/05/2023,Menidi,514156
10/05/2023,Aspropirgos,116280
10/05/2023,Kiourka,89406
10/05/2023,Galatsi,322730
11/05/2023,Galatsi,319103
11/05/2023,Kiourka,84868
11/05/2023,Aspropirgos,113530
11/05/2023,Menidi,493534
12/05/2023,Menidi,514215
12/05/2023,Aspropirgos,119650
12/05/2023,Kiourka,90254
12/05/2023,Galatsi,324219
13/05/2023,Galatsi,330395
13/05/2023,Kiourka,104356
13/05/2023,Aspropirgos,123770
13/05/2023,Menidi,536560
14/05/2023,Menidi,525817
14/05/2023,Aspropirgos,121920
14/05/2023,Kiourka,100091
14/05/2023,Galatsi,324900
15/05/2023,Galatsi,330138
15/05/2023,Kiourka,95498
15/05/2023,Aspropirgos,121460
15/05/2023,Menidi,539915
16/05/2023,Menidi,520014
16/05/2023,Aspropirgos,118830
16/05/2023,Kiourka,92084
16/05/2023,Galatsi,326317
17/05/2023,Galatsi,331632
17/05/2023,Kiourka,99581
17/05/2023,Aspropirgos,121960
17/05/2023,Menidi,538429
18/05/2023,Menidi,531478
18/05/2023,Aspropirgos,124260
18/05/2023,Kiourka,101344
18/05/2023,Galatsi,327214
19/05/2023,Galatsi,327078
19/05/2023,Kiourka,93948
19/05/2023,Aspropirgos,122090
19/05/2023,Menidi,524935
20/05/2023,Menidi,539324
20/05/2023,Aspropirgos,124360
20/05/2023,Kiourka,107545
20/05/2023,Galatsi,325389
21/05/2023,Galatsi,311661
21/05/2023,Aspropirgos,114530
21/05/2023,Kiourka,93673
21/05/2023,Menidi,492142
22/05/2023,Menidi,521140
22/05/2023,Kiourka,95754
22/05/2023,Aspropirgos,119550
22/05/2023,Galatsi,322038
23/05/2023,Galatsi,326321
23/05/2023,Aspropirgos,123020
23/05/2023,Kiourka,99160
23/05/2023,Menidi,533442
24/05/2023,Menidi,535307
24/05/2023,Kiourka,103569
24/05/2023,Aspropirgos,122840
24/05/2023,Galatsi,317657
25/05/2023,Aspropirgos,128170
25/05/2023,Kiourka,104348
25/05/2023,Menidi,536953
25/05/2023,Galatsi,346503
26/05/2023,Menidi,547295
26/05/2023,Kiourka,108376
26/05/2023,Galatsi,338211
26/05/2023,Aspropirgos,129900
27/05/2023,Aspropirgos,131600
27/05/2023,Kiourka,116277
27/05/2023,Menidi,561277
27/05/2023,Galatsi,339080
28/05/2023,Menidi,547051
28/05/2023,Kiourka,107739
28/05/2023,Aspropirgos,131340
28/05/2023,Galatsi,334843
29/05/2023,Galatsi,333857
29/05/2023,Aspropirgos,131060
29/05/2023,Kiourka,111034
29/05/2023,Menidi,529976
30/05/2023,Menidi,534221
30/05/2023,Aspropirgos,129390
30/05/2023,Kiourka,106689
30/05/2023,Galatsi,333548
31/05/2023,Galatsi,331977
31/05/2023,Kiourka,102982
31/05/2023,Aspropirgos,126610
31/05/2023,Menidi,527572
01/06/2023,Menidi,527804
01/06/2023,Aspropirgos,126790
01/06/2023,Kiourka,102740
01/06/2023,Galatsi,331115
02/06/2023,Kiourka,97766
02/06/2023,Aspropirgos,127630
02/06/2023,Galatsi,344302
02/06/2023,Menidi,509323
03/06/2023,Menidi,518540
03/06/2023,Kiourka,116783
03/06/2023,Galatsi,317919
03/06/2023,Aspropirgos,131700
04/06/2023,Aspropirgos,130210
04/06/2023,Galatsi,309817
04/06/2023,Kiourka,113481
04/06/2023,Menidi,504659
05/06/2023,Menidi,528121
05/06/2023,Kiourka,115422
05/06/2023,Galatsi,314981
05/06/2023,Aspropirgos,132640
06/06/2023,Aspropirgos,133460
06/06/2023,Galatsi,323526
06/06/2023,Kiourka,125218
06/06/2023,Menidi,543611
07/06/2023,Menidi,554748
07/06/2023,Kiourka,117761
07/06/2023,Galatsi,338862
07/06/2023,Aspropirgos,132820
08/06/2023,Aspropirgos,132160
08/06/2023,Kiourka,114438
08/06/2023,Menidi,568427
08/06/2023,Galatsi,350236
09/06/2023,Galatsi,366493
09/06/2023,Menidi,582815
09/06/2023,Kiourka,121240
09/06/2023,Aspropirgos,137130
10/06/2023,Aspropirgos,137290
10/06/2023,Kiourka,129619
10/06/2023,Menidi,567351
10/06/2023,Galatsi,358506
11/06/2023,Menidi,546230
11/06/2023,Aspropirgos,127320
11/06/2023,Kiourka,110233
11/06/2023,Galatsi,335405
12/06/2023,Galatsi,317613
12/06/2023,Aspropirgos,126210
12/06/2023,Kiourka,105615
12/06/2023,Menidi,546476
13/06/2023,Menidi,543512
13/06/2023,Galatsi,343990
13/06/2023,Kiourka,104320
13/06/2023,Aspropirgos,125230
14/06/2023,Aspropirgos,128280
14/06/2023,Kiourka,111686
14/06/2023,Galatsi,338342
14/06/2023,Menidi,548382
15/06/2023,Menidi,563138
15/06/2023,Galatsi,336940
15/06/2023,Aspropirgos,130710
15/06/2023,Kiourka,112604
16/06/2023,Aspropirgos,128150
16/06/2023,Kiourka,119367
16/06/2023,Galatsi,337503
16/06/2023,Menidi,552596
17/06/2023,Menidi,525592
17/06/2023,Galatsi,327382
17/06/2023,Aspropirgos,127190
17/06/2023,Kiourka,105762
18/06/2023,Kiourka,94241
18/06/2023,Aspropirgos,119550
18/06/2023,Galatsi,318535
18/06/2023,Menidi,505566
19/06/2023,Menidi,538916
19/06/2023,Galatsi,332387
19/06/2023,Aspropirgos,124450
19/06/2023,Kiourka,101463
20/06/2023,Kiourka,107503
20/06/2023,Aspropirgos,128000
20/06/2023,Galatsi,332916
20/06/2023,Menidi,537651
21/06/2023,Menidi,563584
21/06/2023,Galatsi,338387
21/06/2023,Aspropirgos,130340
21/06/2023,Kiourka,114999
22/06/2023,Kiourka,120335
22/06/2023,Aspropirgos,133160
22/06/2023,Menidi,568498
22/06/2023,Galatsi,339217
23/06/2023,Galatsi,348204
23/06/2023,Menidi,578874
23/06/2023,Aspropirgos,135620
23/06/2023,Kiourka,127974
24/06/2023,Kiourka,136813
24/06/2023,Aspropirgos,137850
24/06/2023,Menidi,572469
24/06/2023,Galatsi,342843
25/06/2023,Galatsi,344000
25/06/2023,Menidi,557174
25/06/2023,Aspropirgos,135150
25/06/2023,Kiourka,130937
26/06/2023,Aspropirgos,134810
26/06/2023,Galatsi,335959
26/06/2023,Kiourka,126795
26/06/2023,Menidi,566577
27/06/2023,Menidi,571580
27/06/2023,Kiourka,123415
27/06/2023,Galatsi,333318
27/06/2023,Aspropirgos,135230
28/06/2023,Aspropirgos,138380
28/06/2023,Kiourka,120009
28/06/2023,Menidi,579000
28/06/2023,Galatsi,344205
29/06/2023,Galatsi,340432
29/06/2023,Menidi,570637
29/06/2023,Kiourka,136920
29/06/2023,Aspropirgos,136610
30/06/2023,Aspropirgos,137720
30/06/2023,Kiourka,139682
30/06/2023,Galatsi,338714
30/06/2023,Menidi,566107
01/07/2023,Menidi,564071
01/07/2023,Galatsi,337106
01/07/2023,Aspropirgos,139700
01/07/2023,Kiourka,146289
02/07/2023,Kiourka,147824
02/07/2023,Aspropirgos,139410
02/07/2023,Galatsi,332621
02/07/2023,Menidi,555749
03/07/2023,Menidi,571426
03/07/2023,Galatsi,332256
03/07/2023,Kiourka,141510
03/07/2023,Aspropirgos,143630
04/07/2023,Aspropirgos,141110
04/07/2023,Kiourka,139192
04/07/2023,Galatsi,331975
04/07/2023,Menidi,560799
05/07/2023,Menidi,562260
05/07/2023,Galatsi,343869
05/07/2023,Aspropirgos,143820
05/07/2023,Kiourka,143918
06/07/2023,Aspropirgos,143200
06/07/2023,Kiourka,156164
06/07/2023,Galatsi,341519
06/07/2023,Menidi,564135
07/07/2023,Menidi,570625
07/07/2023,Galatsi,351578
07/07/2023,Kiourka,157566
07/07/2023,Aspropirgos,146260
08/07/2023,Aspropirgos,146670
08/07/2023,Kiourka,163537
08/07/2023,Galatsi,336577
08/07/2023,Menidi,559234
09/07/2023,Menidi,546851
09/07/2023,Galatsi,328367
09/07/2023,Aspropirgos,144220
09/07/2023,Kiourka,154940
10/07/2023,Aspropirgos,145790
10/07/2023,Kiourka,166892
10/07/2023,Menidi,567377
10/07/2023,Galatsi,342574
11/07/2023,Galatsi,342460
11/07/2023,Menidi,571060
11/07/2023,Aspropirgos,146990
11/07/2023,Kiourka,150343
12/07/2023,Aspropirgos,150440
12/07/2023,Kiourka,163220
12/07/2023,Menidi,581216
12/07/2023,Galatsi,346828
13/07/2023,Galatsi,345165
13/07/2023,Menidi,580665
13/07/2023,Kiourka,167170
13/07/2023,Aspropirgos,151330
14/07/2023,Aspropirgos,151160
14/07/2023,Kiourka,181623
14/07/2023,Menidi,584619
14/07/2023,Galatsi,348764
15/07/2023,Menidi,575307
15/07/2023,Kiourka,185956
15/07/2023,Aspropirgos,152620
15/07/2023,Galatsi,335551
16/07/2023,Galatsi,330686
16/07/2023,Aspropirgos,148240
16/07/2023,Kiourka,176326
16/07/2023,Menidi,572964
17/07/2023,Menidi,582993
17/07/2023,Kiourka,172873
17/07/2023,Aspropirgos,151920
17/07/2023,Galatsi,332353
18/07/2023,Aspropirgos,153430
18/07/2023,Kiourka,182779
18/07/2023,Menidi,589501
18/07/2023,Galatsi,350832
19/07/2023,Galatsi,360143
19/07/2023,Menidi,590747
19/07/2023,Kiourka,184056
19/07/2023,Aspropirgos,157770
20/07/2023,Aspropirgos,157610
20/07/2023,Kiourka,189317
20/07/2023,Menidi,589040
20/07/2023,Galatsi,356772
21/07/2023,Menidi,588695
21/07/2023,Kiourka,207147
21/07/2023,Aspropirgos,158740
21/07/2023,Galatsi,334199
22/07/2023,Aspropirgos,158580
22/07/2023,Kiourka,199502
22/07/2023,Menidi,578458
22/07/2023,Galatsi,353278
23/07/2023,Menidi,577458
23/07/2023,Kiourka,192134
23/07/2023,Aspropirgos,155650
23/07/2023,Galatsi,328875
24/07/2023,Galatsi,335756
24/07/2023,Aspropirgos,156380
24/07/2023,Kiourka,191071
24/07/2023,Menidi,590764
25/07/2023,Menidi,581891
25/07/2023,Kiourka,183749
25/07/2023,Aspropirgos,153630
25/07/2023,Galatsi,329904
26/07/2023,Galatsi,334112
26/07/2023,Kiourka,183646
26/07/2023,Aspropirgos,155290
26/07/2023,Menidi,581058
27/07/2023,Menidi,583946
27/07/2023,Kiourka,181879
27/07/2023,Aspropirgos,153650
27/07/2023,Galatsi,332154
28/07/2023,Galatsi,314563
28/07/2023,Aspropirgos,153400
28/07/2023,Kiourka,186771
28/07/2023,Menidi,566407
29/07/2023,Menidi,554971
29/07/2023,Kiourka,185772
29/07/2023,Aspropirgos,152780
29/07/2023,Galatsi,334483
30/07/2023,Galatsi,314400
30/07/2023,Aspropirgos,151870
30/07/2023,Kiourka,185618
30/07/2023,Menidi,544171
31/07/2023,Menidi,558718
31/07/2023,Kiourka,182881
31/07/2023,Aspropirgos,155200
31/07/2023,Galatsi,321450
01/08/2023,Galatsi,320966
01/08/2023,Aspropirgos,154940
01/08/2023,Kiourka,186361
01/08/2023,Menidi,543474
02/08/2023,Menidi,553606
02/08/2023,Kiourka,184384
02/08/2023,Aspropirgos,151720
02/08/2023,Galatsi,320325
03/08/2023,Galatsi,320433
03/08/2023,Aspropirgos,151200
03/08/2023,Kiourka,181149
03/08/2023,Menidi,551207
04/08/2023,Menidi,551720
04/08/2023,Kiourka,177221
04/08/2023,Aspropirgos,151610
04/08/2023,Galatsi,319659
05/08/2023,Galatsi,311305
05/08/2023,Aspropirgos,152180
05/08/2023,Kiourka,184294
05/08/2023,Menidi,534581
06/08/2023,Menidi,512625
06/08/2023,Kiourka,177539
06/08/2023,Galatsi,298316
06/08/2023,Aspropirgos,150420
07/08/2023,Aspropirgos,151650
07/08/2023,Kiourka,173894
07/08/2023,Galatsi,305783
07/08/2023,Menidi,525790
08/08/2023,Menidi,519478
08/08/2023,Galatsi,302191
08/08/2023,Kiourka,167177
08/08/2023,Aspropirgos,150290
09/08/2023,Aspropirgos,148020
09/08/2023,Kiourka,174943
09/08/2023,Galatsi,301847
09/08/2023,Menidi,509575
10/08/2023,Menidi,512720
10/08/2023,Kiourka,167552
10/08/2023,Galatsi,290307
10/08/2023,Aspropirgos,147690
11/08/2023,Aspropirgos,150100
11/08/2023,Galatsi,282522
11/08/2023,Kiourka,162669
11/08/2023,Menidi,516720
12/08/2023,Menidi,496385
12/08/2023,Kiourka,163984
12/08/2023,Galatsi,276435
12/08/2023,Aspropirgos,150340
13/08/2023,Kiourka,153500
13/08/2023,Aspropirgos,146480
13/08/2023,Galatsi,269748
13/08/2023,Menidi,488039
14/08/2023,Menidi,496697
14/08/2023,Galatsi,266660
14/08/2023,Kiourka,152815
14/08/2023,Aspropirgos,149410
15/08/2023,Kiourka,153350
15/08/2023,Aspropirgos,143420
15/08/2023,Galatsi,263628
15/08/2023,Menidi,452686
16/08/2023,Menidi,497927
16/08/2023,Galatsi,274535
16/08/2023,Kiourka,156716
16/08/2023,Aspropirgos,147860
17/08/2023,Kiourka,154909
17/08/2023,Aspropirgos,148650
17/08/2023,Galatsi,276422
17/08/2023,Menidi,512082
18/08/2023,Menidi,509395
18/08/2023,Galatsi,283114
18/08/2023,Kiourka,155734
18/08/2023,Aspropirgos,148580
19/08/2023,Aspropirgos,149060
19/08/2023,Kiourka,157964
19/08/2023,Galatsi,278938
19/08/2023,Menidi,503523
20/08/2023,Menidi,511981
20/08/2023,Galatsi,279569
20/08/2023,Kiourka,157603
20/08/2023,Aspropirgos,149190
21/08/2023,Aspropirgos,151100
21/08/2023,Kiourka,157698
21/08/2023,Galatsi,294079
21/08/2023,Menidi,539529
22/08/2023,Menidi,546124
22/08/2023,Galatsi,295908
22/08/2023,Aspropirgos,155380
22/08/2023,Kiourka,174924
23/08/2023,Kiourka,177760
23/08/2023,Galatsi,301206
23/08/2023,Aspropirgos,154530
23/08/2023,Menidi,560624
24/08/2023,Menidi,548730
24/08/2023,Kiourka,176426
24/08/2023,Aspropirgos,157150
24/08/2023,Galatsi,301839
25/08/2023,Galatsi,311171
25/08/2023,Aspropirgos,157040
25/08/2023,Kiourka,180350
25/08/2023,Menidi,562273
26/08/2023,Menidi,554977
26/08/2023,Kiourka,159575
26/08/2023,Aspropirgos,151970
26/08/2023,Galatsi,304300
27/08/2023,Galatsi,307107
27/08/2023,Kiourka,155020
27/08/2023,Aspropirgos,150690
27/08/2023,Menidi,569241
28/08/2023,Menidi,586919
28/08/2023,Aspropirgos,150760
28/08/2023,Kiourka,167078
28/08/2023,Galatsi,318234
29/08/2023,Galatsi,317021
29/08/2023,Kiourka,173939
29/08/2023,Aspropirgos,148730
29/08/2023,Menidi,565669
30/08/2023,Menidi,573033
30/08/2023,Aspropirgos,147270
30/08/2023,Kiourka,166463
30/08/2023,Galatsi,325827
31/08/2023,Galatsi,335463
31/08/2023,Kiourka,174259
31/08/2023,Aspropirgos,144910
31/08/2023,Menidi,562714
01/09/2023,Menidi,556956
01/09/2023,Aspropirgos,141000
01/09/2023,Kiourka,173826
01/09/2023,Galatsi,335145
02/09/2023,Galatsi,333083
02/09/2023,Kiourka,164069
02/09/2023,Aspropirgos,142990
02/09/2023,Menidi,561116
03/09/2023,Menidi,547677
03/09/2023,Aspropirgos,141920
03/09/2023,Kiourka,175378
03/09/2023,Galatsi,330579
04/09/2023,Galatsi,335682
04/09/2023,Kiourka,157830
04/09/2023,Aspropirgos,139240
04/09/2023,Menidi,546903
05/09/2023,Menidi,533317
05/09/2023,Aspropirgos,130330
05/09/2023,Kiourka,132455
05/09/2023,Galatsi,325009
06/09/2023,Galatsi,309951
06/09/2023,Kiourka,123974
06/09/2023,Aspropirgos,127640
06/09/2023,Menidi,518525
07/09/2023,Menidi,522739
07/09/2023,Galatsi,339128
07/09/2023,Kiourka,132734
07/09/2023,Aspropirgos,130680
08/09/2023,Galatsi,324574
08/09/2023,Aspropirgos,127670
08/09/2023,Kiourka,123013
08/09/2023,Menidi,513036
09/09/2023,Menidi,520991
09/09/2023,Kiourka,126472
09/09/2023,Galatsi,324691
09/09/2023,Aspropirgos,129800
10/09/2023,Galatsi,317266
10/09/2023,Aspropirgos,127530
10/09/2023,Kiourka,128258
10/09/2023,Menidi,522375
11/09/2023,Menidi,538264
11/09/2023,Kiourka,128180
11/09/2023,Galatsi,320721
11/09/2023,Aspropirgos,131000
12/09/2023,Aspropirgos,131360
12/09/2023,Galatsi,324331
12/09/2023,Kiourka,128042
12/09/2023,Menidi,538651
13/09/2023,Menidi,546176
13/09/2023,Galatsi,327996
13/09/2023,Kiourka,131430
13/09/2023,Aspropirgos,133560
14/09/2023,Aspropirgos,132590
14/09/2023,Kiourka,131203
14/09/2023,Galatsi,329312
14/09/2023,Menidi,551139
15/09/2023,Menidi,558789
15/09/2023,Galatsi,329987
15/09/2023,Aspropirgos,135000
15/09/2023,Kiourka,133931
16/09/2023,Aspropirgos,137820
16/09/2023,Kiourka,137494
16/09/2023,Galatsi,331701
16/09/2023,Menidi,560769
17/09/2023,Menidi,550683
17/09/2023,Galatsi,323075
17/09/2023,Kiourka,137317
17/09/2023,Aspropirgos,133060
18/09/2023,Aspropirgos,134090
18/09/2023,Kiourka,135300
18/09/2023,Galatsi,325707
18/09/2023,Menidi,548994
19/09/2023,Menidi,549886
19/09/2023,Galatsi,323844
19/09/2023,Aspropirgos,134080
19/09/2023,Kiourka,129745
20/09/2023,Kiourka,132009
20/09/2023,Aspropirgos,134990
20/09/2023,Galatsi,327046
20/09/2023,Menidi,561177
21/09/2023,Menidi,554251
21/09/2023,Galatsi,326879
21/09/2023,Aspropirgos,135230
21/09/2023,Kiourka,129973
22/09/2023,Kiourka,132239
22/09/2023,Aspropirgos,137570
22/09/2023,Galatsi,328316
22/09/2023,Menidi,563277
23/09/2023,Menidi,564310
23/09/2023,Galatsi,331616
23/09/2023,Aspropirgos,139340
23/09/2023,Kiourka,138883
24/09/2023,Aspropirgos,137590
24/09/2023,Kiourka,134371
24/09/2023,Galatsi,325473
24/09/2023,Menidi,553322
25/09/2023,Menidi,546979
25/09/2023,Galatsi,325139
25/09/2023,Aspropirgos,130930
25/09/2023,Kiourka,125005
26/09/2023,Aspropirgos,126040
26/09/2023,Kiourka,122563
26/09/2023,Galatsi,322772
26/09/2023,Menidi,535200
27/09/2023,Menidi,479409
27/09/2023,Galatsi,313349
27/09/2023,Aspropirgos,119820
27/09/2023,Kiourka,125610
28/09/2023,Aspropirgos,125000
28/09/2023,Kiourka,104647
28/09/2023,Galatsi,313225
28/09/2023,Menidi,502271
29/09/2023,Menidi,504572
29/09/2023,Galatsi,318949
29/09/2023,Aspropirgos,135700
29/09/2023,Kiourka,105477
30/09/2023,Kiourka,110482
30/09/2023,Aspropirgos,140060
30/09/2023,Galatsi,320118
30/09/2023,Menidi,517733
01/10/2023,Menidi,519744
01/10/2023,Galatsi,323678
01/10/2023,Aspropirgos,138880
01/10/2023,Kiourka,114871
02/10/2023,Kiourka,110340
02/10/2023,Aspropirgos,136450
02/10/2023,Galatsi,312570
02/10/2023,Menidi,507867
03/10/2023,Menidi,507603
03/10/2023,Galatsi,319480
03/10/2023,Aspropirgos,131160
03/10/2023,Kiourka,110159
04/10/2023,Kiourka,111880
04/10/2023,Aspropirgos,131760
04/10/2023,Galatsi,320432
04/10/2023,Menidi,542762
05/10/2023,Menidi,529299
05/10/2023,Galatsi,320923
05/10/2023,Kiourka,110532
05/10/2023,Aspropirgos,128070
06/10/2023,Aspropirgos,127070
06/10/2023,Kiourka,112926
06/10/2023,Galatsi,321609
06/10/2023,Menidi,529099
07/10/2023,Menidi,529869
07/10/2023,Galatsi,319119
07/10/2023,Aspropirgos,129870
07/10/2023,Kiourka,115505
08/10/2023,Kiourka,115329
08/10/2023,Aspropirgos,126760
08/10/2023,Galatsi,313339
08/10/2023,Menidi,516690
09/10/2023,Menidi,526018
09/10/2023,Galatsi,319911
09/10/2023,Aspropirgos,127880
09/10/2023,Kiourka,129295
10/10/2023,Aspropirgos,128730
10/10/2023,Kiourka,109399
10/10/2023,Galatsi,323054
10/10/2023,Menidi,533669
11/10/2023,Menidi,523349
11/10/2023,Galatsi,321547
11/10/2023,Kiourka,116029
11/10/2023,Aspropirgos,128580
12/10/2023,Aspropirgos,129100
12/10/2023,Kiourka,109811
12/10/2023,Galatsi,319865
12/10/2023,Menidi,534156
13/10/2023,Menidi,527268
13/10/2023,Galatsi,323736
13/10/2023,Aspropirgos,129750
13/10/2023,Kiourka,119377
14/10/2023,Kiourka,117538
14/10/2023,Aspropirgos,131140
14/10/2023,Galatsi,325200
14/10/2023,Menidi,536741
15/10/2023,Menidi,534718
15/10/2023,Galatsi,320643
15/10/2023,Kiourka,116337
15/10/2023,Aspropirgos,127750
16/10/2023,Aspropirgos,129450
16/10/2023,Kiourka,110807
16/10/2023,Galatsi,325585
16/10/2023,Menidi,537696
17/10/2023,Menidi,529501
17/10/2023,Galatsi,317974
17/10/2023,Kiourka,108631
17/10/2023,Aspropirgos,124090
18/10/2023,Aspropirgos,123090
18/10/2023,Kiourka,105610
18/10/2023,Galatsi,316652
18/10/2023,Menidi,516363
19/10/2023,Menidi,524761
19/10/2023,Galatsi,320886
19/10/2023,Kiourka,103530
19/10/2023,Aspropirgos,125390
20/10/2023,Aspropirgos,127780
20/10/2023,Kiourka,104201
20/10/2023,Galatsi,321245
20/10/2023,Menidi,532546
21/10/2023,Menidi,541760
21/10/2023,Galatsi,330047
21/10/2023,Aspropirgos,127950
21/10/2023,Kiourka,108152
22/10/2023,Kiourka,107835
22/10/2023,Aspropirgos,129160
22/10/2023,Galatsi,321950
22/10/2023,Menidi,535595
23/10/2023,Menidi,535425
23/10/2023,Galatsi,322729
23/10/2023,Aspropirgos,129940
23/10/2023,Kiourka,104240
24/10/2023,Kiourka,102474
24/10/2023,Aspropirgos,128060
24/10/2023,Galatsi,320594
24/10/2023,Menidi,534838
25/10/2023,Menidi,524249
25/10/2023,Galatsi,322283
25/10/2023,Aspropirgos,127080
25/10/2023,Kiourka,102465
26/10/2023,Kiourka,101635
26/10/2023,Aspropirgos,123140
26/10/2023,Galatsi,311755
26/10/2023,Menidi,499291
27/10/2023,Menidi,529218
27/10/2023,Galatsi,319233
27/10/2023,Aspropirgos,128200
27/10/2023,Kiourka,103928
28/10/2023,Aspropirgos,128110
28/10/2023,Kiourka,107594
28/10/2023,Galatsi,314453
28/10/2023,Menidi,516351
29/10/2023,Menidi,518810
29/10/2023,Galatsi,326272
29/10/2023,Aspropirgos,133750
29/10/2023,Kiourka,110918
30/10/2023,Aspropirgos,129190
30/10/2023,Kiourka,101630
30/10/2023,Galatsi,319658
30/10/2023,Menidi,524739
31/10/2023,Menidi,496342
31/10/2023,Galatsi,316104
31/10/2023,Kiourka,105317
31/10/2023,Aspropirgos,128910
01/11/2023,Aspropirgos,126870
01/11/2023,Kiourka,101919
01/11/2023,Galatsi,319282
01/11/2023,Menidi,509544
02/11/2023,Menidi,455227
02/11/2023,Galatsi,314150
02/11/2023,Aspropirgos,124280
02/11/2023,Kiourka,108911
03/11/2023,Aspropirgos,125260
03/11/2023,Kiourka,98138
03/11/2023,Galatsi,319018
03/11/2023,Menidi,491552
04/11/2023,Menidi,520722
04/11/2023,Galatsi,319434
04/11/2023,Kiourka,102516
04/11/2023,Aspropirgos,124880
05/11/2023,Aspropirgos,125020
05/11/2023,Kiourka,114755
05/11/2023,Galatsi,318696
05/11/2023,Menidi,519836
06/11/2023,Menidi,525032
06/11/2023,Galatsi,320928
06/11/2023,Aspropirgos,126610
06/11/2023,Kiourka,103823
07/11/2023,Kiourka,99362
07/11/2023,Aspropirgos,125720
07/11/2023,Galatsi,318667
07/11/2023,Menidi,524279
08/11/2023,Menidi,519280
08/11/2023,Galatsi,316294
08/11/2023,Aspropirgos,123840
08/11/2023,Kiourka,99696
09/11/2023,Kiourka,94857
09/11/2023,Aspropirgos,122850
09/11/2023,Galatsi,314258
09/11/2023,Menidi,505104
10/11/2023,Menidi,489009
10/11/2023,Galatsi,310822
10/11/2023,Aspropirgos,121700
10/11/2023,Kiourka,93804
11/11/2023,Kiourka,92119
11/11/2023,Aspropirgos,119800
11/11/2023,Galatsi,313988
11/11/2023,Menidi,495452
12/11/2023,Menidi,503889
12/11/2023,Galatsi,314565
12/11/2023,Aspropirgos,121140
12/11/2023,Kiourka,94015
13/11/2023,Kiourka,90451
13/11/2023,Aspropirgos,120650
13/11/2023,Galatsi,312489
13/11/2023,Menidi,495477
14/11/2023,Menidi,490955
14/11/2023,Galatsi,306172
14/11/2023,Aspropirgos,120300
14/11/2023,Kiourka,91827
15/11/2023,Kiourka,93233
15/11/2023,Aspropirgos,118200
15/11/2023,Galatsi,310869
15/11/2023,Menidi,510389
16/11/2023,Menidi,501402
16/11/2023,Galatsi,310460
16/11/2023,Aspropirgos,121000
16/11/2023,Kiourka,96159
17/11/2023,Kiourka,93473
17/11/2023,Aspropirgos,120870
17/11/2023,Galatsi,312264
17/11/2023,Menidi,498173
18/11/2023,Menidi,484378
18/11/2023,Galatsi,309348
18/11/2023,Aspropirgos,121470
18/11/2023,Kiourka,96327
19/11/2023,Kiourka,99963
19/11/2023,Aspropirgos,121090
19/11/2023,Galatsi,311848
19/11/2023,Menidi,486362
20/11/2023,Menidi,499598
20/11/2023,Galatsi,317063
20/11/2023,Aspropirgos,122390
20/11/2023,Kiourka,96284
21/11/2023,Kiourka,96767
21/11/2023,Aspropirgos,121130
21/11/2023,Galatsi,313077
21/11/2023,Menidi,494123
22/11/2023,Menidi,482749
22/11/2023,Galatsi,310655
22/11/2023,Aspropirgos,117730
22/11/2023,Kiourka,93242
23/11/2023,Kiourka,93242
23/11/2023,Aspropirgos,116490
23/11/2023,Galatsi,315903
23/11/2023,Menidi,492836
24/11/2023,Menidi,484814
24/11/2023,Galatsi,315461
24/11/2023,Aspropirgos,122040
24/11/2023,Kiourka,93606
25/11/2023,Kiourka,99580
25/11/2023,Aspropirgos,118010
25/11/2023,Galatsi,313520
25/11/2023,Menidi,480907
26/11/2023,Menidi,466526
26/11/2023,Galatsi,309509
26/11/2023,Aspropirgos,119480
26/11/2023,Kiourka,94763
27/11/2023,Kiourka,92773
27/11/2023,Aspropirgos,119510
27/11/2023,Galatsi,313252
27/11/2023,Menidi,476063
28/11/2023,Menidi,468141
28/11/2023,Galatsi,305596
28/11/2023,Aspropirgos,117210
28/11/2023,Kiourka,91863
29/11/2023,Kiourka,92530
29/11/2023,Aspropirgos,120000
29/11/2023,Galatsi,307910
29/11/2023,Menidi,475673
30/11/2023,Menidi,476128
30/11/2023,Galatsi,310982
30/11/2023,Aspropirgos,120660
30/11/2023,Kiourka,93659
01/12/2023,Kiourka,93935
01/12/2023,Aspropirgos,120620
01/12/2023,Galatsi,311414
01/12/2023,Menidi,483160
02/12/2023,Menidi,488660
02/12/2023,Galatsi,313027
02/12/2023,Aspropirgos,121780
02/12/2023,Kiourka,94248
03/12/2023,Kiourka,94134
03/12/2023,Aspropirgos,118740
03/12/2023,Galatsi,308828
03/12/2023,Menidi,482863
04/12/2023,Menidi,468760
04/12/2023,Galatsi,307498
04/12/2023,Aspropirgos,117340
04/12/2023,Kiourka,89691
05/12/2023,Kiourka,88836
05/12/2023,Aspropirgos,119610
05/12/2023,Galatsi,297861
05/12/2023,Menidi,473835
06/12/2023,Menidi,467794
06/12/2023,Galatsi,315510
06/12/2023,Aspropirgos,116850
06/12/2023,Kiourka,87335
07/12/2023,Kiourka,87402
07/12/2023,Aspropirgos,117280
07/12/2023,Galatsi,306689
07/12/2023,Menidi,466327
08/12/2023,Menidi,463049
08/12/2023,Galatsi,310851
08/12/2023,Aspropirgos,116490
08/12/2023,Kiourka,88293
09/12/2023,Kiourka,88435
09/12/2023,Aspropirgos,117380
09/12/2023,Galatsi,325070
09/12/2023,Menidi,470180
10/12/2023,Menidi,465200
10/12/2023,Galatsi,317898
10/12/2023,Aspropirgos,116990
10/12/2023,Kiourka,90002
11/12/2023,Kiourka,87100
11/12/2023,Aspropirgos,117640
11/12/2023,Galatsi,320577
11/12/2023,Menidi,455650
12/12/2023,Menidi,444464
12/12/2023,Galatsi,309961
12/12/2023,Aspropirgos,117330
12/12/2023,Kiourka,88723
13/12/2023,Kiourka,87803
13/12/2023,Aspropirgos,116960
13/12/2023,Galatsi,307561
13/12/2023,Menidi,480251
14/12/2023,Menidi,480827
14/12/2023,Galatsi,318769
14/12/2023,Aspropirgos,116650
14/12/2023,Kiourka,87437
15/12/2023,Kiourka,87503
15/12/2023,Aspropirgos,117590
15/12/2023,Galatsi,332062
15/12/2023,Menidi,469342
16/12/2023,Menidi,463070
16/12/2023,Galatsi,311390
16/12/2023,Aspropirgos,114420
16/12/2023,Kiourka,85845
17/12/2023,Kiourka,86355
17/12/2023,Aspropirgos,113940
17/12/2023,Galatsi,313524
17/12/2023,Menidi,457628
18/12/2023,Menidi,472399
18/12/2023,Galatsi,320476
18/12/2023,Aspropirgos,117770
18/12/2023,Kiourka,86981
19/12/2023,Kiourka,87915
19/12/2023,Aspropirgos,117960
19/12/2023,Galatsi,318554
19/12/2023,Menidi,475289
20/12/2023,Menidi,476895
20/12/2023,Galatsi,318589
20/12/2023,Aspropirgos,118120
20/12/2023,Kiourka,87355
21/12/2023,Kiourka,86993
21/12/2023,Aspropirgos,113610
21/12/2023,Galatsi,313826
21/12/2023,Menidi,464095
22/12/2023,Menidi,464248
22/12/2023,Galatsi,317127
22/12/2023,Aspropirgos,115620
22/12/2023,Kiourka,89054
23/12/2023,Kiourka,92120
23/12/2023,Aspropirgos,118160
23/12/2023,Galatsi,320108
23/12/2023,Menidi,477576
24/12/2023,Menidi,462025
24/12/2023,Galatsi,318160
24/12/2023,Aspropirgos,114130
24/12/2023,Kiourka,92152
25/12/2023,Kiourka,88363
25/12/2023,Aspropirgos,111750
25/12/2023,Galatsi,315499
25/12/2023,Menidi,426682
26/12/2023,Menidi,429914
26/12/2023,Galatsi,301603
26/12/2023,Aspropirgos,112480
26/12/2023,Kiourka,93740
27/12/2023,Kiourka,87739
27/12/2023,Aspropirgos,114910
27/12/2023,Galatsi,311666
27/12/2023,Menidi,452400
28/12/2023,Menidi,459239
28/12/2023,Galatsi,313906
28/12/2023,Aspropirgos,116990
28/12/2023,Kiourka,86837
29/12/2023,Kiourka,86337
29/12/2023,Aspropirgos,114640
29/12/2023,Galatsi,313799
29/12/2023,Menidi,457116
30/12/2023,Menidi,463926
30/12/2023,Galatsi,315023
30/12/2023,Aspropirgos,115870
30/12/2023,Kiourka,87159
31/12/2023,Kiourka,90283
31/12/2023,Aspropirgos,117970
31/12/2023,Galatsi,321933
31/12/2023,Menidi,475842
01/01/2024,Menidi,430443
01/01/2024,Galatsi,306084
01/01/2024,Aspropirgos,112070
01/01/2024,Kiourka,88154
02/01/2024,Kiourka,88710
02/01/2024,Aspropirgos,114690
02/01/2024,Galatsi,308252
02/01/2024,Menidi,453454
03/01/2024,Menidi,463644
03/01/2024,Galatsi,313021
03/01/2024,Aspropirgos,117020
03/01/2024,Kiourka,89254
04/01/2024,Kiourka,96960
04/01/2024,Aspropirgos,118420
04/01/2024,Galatsi,320190
04/01/2024,Menidi,450977
05/01/2024,Menidi,471648
05/01/2024,Galatsi,312727
05/01/2024,Aspropirgos,118810
05/01/2024,Kiourka,90836
06/01/2024,Kiourka,89935
06/01/2024,Aspropirgos,112690
06/01/2024,Galatsi,309788
06/01/2024,Menidi,442852
07/01/2024,Menidi,451583
07/01/2024,Galatsi,311413
07/01/2024,Aspropirgos,110860
07/01/2024,Kiourka,88446
08/01/2024,Kiourka,88707
08/01/2024,Aspropirgos,116830
08/01/2024,Galatsi,319658
08/01/2024,Menidi,475634
09/01/2024,Menidi,456843
09/01/2024,Galatsi,317499
09/01/2024,Aspropirgos,115540
09/01/2024,Kiourka,88756
10/01/2024,Kiourka,88181
10/01/2024,Aspropirgos,115630
10/01/2024,Galatsi,308176
10/01/2024,Menidi,445872
11/01/2024,Menidi,460397
11/01/2024,Galatsi,315959
11/01/2024,Aspropirgos,115110
11/01/2024,Kiourka,89504
12/01/2024,Kiourka,88313
12/01/2024,Aspropirgos,113700
12/01/2024,Galatsi,312298
12/01/2024,Menidi,452954
13/01/2024,Menidi,429589
13/01/2024,Galatsi,315211
13/01/2024,Aspropirgos,115360
13/01/2024,Kiourka,89426
14/01/2024,Kiourka,90254
14/01/2024,Aspropirgos,115700
14/01/2024,Galatsi,319671
14/01/2024,Menidi,468384
15/01/2024,Menidi,461427
15/01/2024,Galatsi,317354
15/01/2024,Aspropirgos,115820
15/01/2024,Kiourka,89669
16/01/2024,Kiourka,88449
16/01/2024,Aspropirgos,114910
16/01/2024,Galatsi,321838
16/01/2024,Menidi,469929
17/01/2024,Menidi,475309
17/01/2024,Galatsi,322457
17/01/2024,Aspropirgos,118080
17/01/2024,Kiourka,91267
18/01/2024,Kiourka,88105
18/01/2024,Aspropirgos,119110
18/01/2024,Galatsi,319827
18/01/2024,Menidi,472012
19/01/2024,Menidi,473690
19/01/2024,Galatsi,308685
19/01/2024,Aspropirgos,120590
19/01/2024,Kiourka,88777
20/01/2024,Kiourka,88680
20/01/2024,Aspropirgos,119650
20/01/2024,Galatsi,331549
20/01/2024,Menidi,463975
21/01/2024,Menidi,446243
21/01/2024,Galatsi,315099
21/01/2024,Aspropirgos,117040
21/01/2024,Kiourka,87535
22/01/2024,Kiourka,87354
22/01/2024,Aspropirgos,119530
22/01/2024,Galatsi,311417
22/01/2024,Menidi,447218
23/01/2024,Menidi,472918
23/01/2024,Galatsi,318531
23/01/2024,Aspropirgos,121910
23/01/2024,Kiourka,88750
24/01/2024,Kiourka,88170
24/01/2024,Aspropirgos,118640
24/01/2024,Galatsi,320980
24/01/2024,Menidi,463834
25/01/2024,Menidi,462779
25/01/2024,Galatsi,317823
25/01/2024,Aspropirgos,119230
25/01/2024,Kiourka,89443
26/01/2024,Kiourka,89238
26/01/2024,Aspropirgos,119480
26/01/2024,Galatsi,323636
26/01/2024,Menidi,472163
27/01/2024,Menidi,475207
27/01/2024,Galatsi,326716
27/01/2024,Aspropirgos,119590
27/01/2024,Kiourka,91749
28/01/2024,Kiourka,88131
28/01/2024,Aspropirgos,113640
28/01/2024,Galatsi,316795
28/01/2024,Menidi,448101
29/01/2024,Menidi,439069
29/01/2024,Galatsi,314541
29/01/2024,Aspropirgos,113470
29/01/2024,Kiourka,83970
30/01/2024,Kiourka,84692
30/01/2024,Aspropirgos,112420
30/01/2024,Galatsi,313678
30/01/2024,Menidi,441582
31/01/2024,Menidi,459475
31/01/2024,Galatsi,318656
31/01/2024,Aspropirgos,116760
31/01/2024,Kiourka,85281
01/02/2024,Kiourka,86225
01/02/2024,Aspropirgos,121350
01/02/2024,Galatsi,324346
01/02/2024,Menidi,470597
02/02/2024,Menidi,464457
02/02/2024,Galatsi,326012
02/02/2024,Aspropirgos,120410
02/02/2024,Kiourka,86378
03/02/2024,Kiourka,88633
03/02/2024,Aspropirgos,118740
03/02/2024,Galatsi,329069
03/02/2024,Menidi,482574
04/02/2024,Menidi,469047
04/02/2024,Galatsi,326888
04/02/2024,Aspropirgos,117070
04/02/2024,Kiourka,89002
05/02/2024,Kiourka,88046
05/02/2024,Aspropirgos,118330
05/02/2024,Galatsi,326377
05/02/2024,Menidi,475764
06/02/2024,Menidi,479006
06/02/2024,Galatsi,327348
06/02/2024,Aspropirgos,117420
06/02/2024,Kiourka,88185
07/02/2024,Kiourka,87434
07/02/2024,Aspropirgos,118030
07/02/2024,Galatsi,327901
07/02/2024,Menidi,480821
08/02/2024,Menidi,472663
08/02/2024,Galatsi,326578
08/02/2024,Aspropirgos,121330
08/02/2024,Kiourka,88120
09/02/2024,Kiourka,88774
09/02/2024,Aspropirgos,120580
09/02/2024,Galatsi,328730
09/02/2024,Menidi,474096
10/02/2024,Menidi,481148
10/02/2024,Galatsi,331313
10/02/2024,Aspropirgos,120180
10/02/2024,Kiourka,90361
11/02/2024,Kiourka,88425
11/02/2024,Aspropirgos,115140
11/02/2024,Galatsi,320454
11/02/2024,Menidi,456232
12/02/2024,Menidi,487160
12/02/2024,Galatsi,324649
12/02/2024,Aspropirgos,120140
12/02/2024,Kiourka,89909
13/02/2024,Kiourka,91032
13/02/2024,Aspropirgos,118930
13/02/2024,Galatsi,324994
13/02/2024,Menidi,480091
14/02/2024,Menidi,475211
14/02/2024,Galatsi,324685
14/02/2024,Aspropirgos,117780
14/02/2024,Kiourka,89622
15/02/2024,Kiourka,86428
15/02/2024,Aspropirgos,117170
15/02/2024,Galatsi,318720
15/02/2024,Menidi,440611
16/02/2024,Menidi,448445
16/02/2024,Galatsi,315617
16/02/2024,Aspropirgos,114080
16/02/2024,Kiourka,85407
17/02/2024,Kiourka,81497
17/02/2024,Aspropirgos,118010
17/02/2024,Galatsi,322988
17/02/2024,Menidi,459240
18/02/2024,Menidi,469485
18/02/2024,Galatsi,325139
18/02/2024,Aspropirgos,118530
18/02/2024,Kiourka,89848
19/02/2024,Kiourka,87661
19/02/2024,Aspropirgos,118170
19/02/2024,Galatsi,325740
19/02/2024,Menidi,484105
20/02/2024,Menidi,488361
20/02/2024,Galatsi,309781
20/02/2024,Aspropirgos,116260
20/02/2024,Kiourka,88508
21/02/2024,Kiourka,87407
21/02/2024,Aspropirgos,116340
21/02/2024,Galatsi,333478
21/02/2024,Menidi,470538
22/02/2024,Menidi,478067
22/02/2024,Galatsi,326174
22/02/2024,Aspropirgos,115840
22/02/2024,Kiourka,87089
23/02/2024,Kiourka,89685
23/02/2024,Aspropirgos,119510
23/02/2024,Galatsi,327428
23/02/2024,Menidi,490530
24/02/2024,Menidi,497135
24/02/2024,Galatsi,316296
24/02/2024,Aspropirgos,121630
24/02/2024,Kiourka,92230
25/02/2024,Kiourka,84296
25/02/2024,Aspropirgos,116870
25/02/2024,Galatsi,335966
25/02/2024,Menidi,482158
26/02/2024,Menidi,465386
26/02/2024,Galatsi,314520
26/02/2024,Aspropirgos,114690
26/02/2024,Kiourka,87999
27/02/2024,Kiourka,86356
27/02/2024,Aspropirgos,117560
27/02/2024,Galatsi,319541
27/02/2024,Menidi,477149
28/02/2024,Menidi,469430
28/02/2024,Galatsi,318615
28/02/2024,Aspropirgos,116260
28/02/2024,Kiourka,86590
29/02/2024,Kiourka,87318
29/02/2024,Aspropirgos,118180
29/02/2024,Galatsi,319939
29/02/2024,Menidi,469879
01/03/2024,Menidi,447782
01/03/2024,Galatsi,320657
01/03/2024,Aspropirgos,113920
01/03/2024,Kiourka,84775
02/03/2024,Kiourka,91856
02/03/2024,Aspropirgos,123650
02/03/2024,Galatsi,329535
02/03/2024,Menidi,496184
03/03/2024,Menidi,476058
03/03/2024,Galatsi,324777
03/03/2024,Aspropirgos,117730
03/03/2024,Kiourka,93697
04/03/2024,Kiourka,80144
04/03/2024,Aspropirgos,120520
04/03/2024,Galatsi,326331
04/03/2024,Menidi,476919
05/03/2024,Menidi,462602
05/03/2024,Galatsi,319741
05/03/2024,Aspropirgos,116060
05/03/2024,Kiourka,90807
06/03/2024,Kiourka,88971
06/03/2024,Aspropirgos,114780
06/03/2024,Galatsi,321156
06/03/2024,Menidi,471317
07/03/2024,Menidi,475391
07/03/2024,Galatsi,321192
07/03/2024,Aspropirgos,116380
07/03/2024,Kiourka,89780
08/03/2024,Kiourka,94290
08/03/2024,Aspropirgos,117730
08/03/2024,Galatsi,321102
08/03/2024,Menidi,480657
09/03/2024,Menidi,476741
09/03/2024,Galatsi,322644
09/03/2024,Aspropirgos,119960
09/03/2024,Kiourka,100164
10/03/2024,Kiourka,92484
10/03/2024,Aspropirgos,116160
10/03/2024,Galatsi,324946
10/03/2024,Menidi,479386
11/03/2024,Menidi,475604
11/03/2024,Galatsi,322360
11/03/2024,Aspropirgos,115920
11/03/2024,Kiourka,94052
12/03/2024,Kiourka,94312
12/03/2024,Aspropirgos,116970
12/03/2024,Galatsi,323312
12/03/2024,Menidi,487557
13/03/2024,Menidi,492996
13/03/2024,Galatsi,325166
13/03/2024,Aspropirgos,115940
13/03/2024,Kiourka,100430
14/03/2024,Kiourka,100455
14/03/2024,Aspropirgos,118060
14/03/2024,Galatsi,324292
14/03/2024,Menidi,485656
15/03/2024,Menidi,465894
15/03/2024,Galatsi,321957
15/03/2024,Aspropirgos,119680
15/03/2024,Kiourka,96128
16/03/2024,Kiourka,85511
16/03/2024,Aspropirgos,119510
16/03/2024,Galatsi,316722
16/03/2024,Menidi,462074
17/03/2024,Menidi,425667
17/03/2024,Galatsi,302220
17/03/2024,Aspropirgos,115270
17/03/2024,Kiourka,93011
18/03/2024,Kiourka,94353
18/03/2024,Aspropirgos,116030
18/03/2024,Galatsi,310353
18/03/2024,Menidi,442776
19/03/2024,Menidi,465028
19/03/2024,Galatsi,318062
19/03/2024,Aspropirgos,116740
19/03/2024,Kiourka,88617
20/03/2024,Kiourka,86943
20/03/2024,Aspropirgos,114040
20/03/2024,Galatsi,317041
20/03/2024,Menidi,467204
21/03/2024,Menidi,465483
21/03/2024,Galatsi,340443
21/03/2024,Aspropirgos,117690
21/03/2024,Kiourka,91755
22/03/2024,Kiourka,90275
22/03/2024,Aspropirgos,117760
22/03/2024,Galatsi,292394
22/03/2024,Menidi,470447
23/03/2024,Galatsi,340295
23/03/2024,Menidi,476374
23/03/2024,Aspropirgos,122310
23/03/2024,Kiourka,92098
24/03/2024,Kiourka,95138
24/03/2024,Aspropirgos,120690
24/03/2024,Galatsi,313900
24/03/2024,Menidi,449211
25/03/2024,Menidi,460741
25/03/2024,Galatsi,313291
25/03/2024,Aspropirgos,119750
25/03/2024,Kiourka,92971
26/03/2024,Kiourka,91905
26/03/2024,Aspropirgos,124910
26/03/2024,Galatsi,322690
26/03/2024,Menidi,485938
27/03/2024,Menidi,516227
27/03/2024,Galatsi,325130
27/03/2024,Aspropirgos,126920
27/03/2024,Kiourka,96320
28/03/2024,Kiourka,96241
28/03/2024,Aspropirgos,125620
28/03/2024,Galatsi,327294
28/03/2024,Menidi,506364
29/03/2024,Menidi,533379
29/03/2024,Galatsi,331809
29/03/2024,Aspropirgos,128900
29/03/2024,Kiourka,101273
30/03/2024,Kiourka,108492
30/03/2024,Galatsi,336171
30/03/2024,Aspropirgos,130310
30/03/2024,Menidi,540747
31/03/2024,Menidi,518445
31/03/2024,Galatsi,322248
31/03/2024,Aspropirgos,122770
31/03/2024,Kiourka,106367
01/04/2024,Kiourka,98691
01/04/2024,Aspropirgos,125810
01/04/2024,Galatsi,333889
01/04/2024,Menidi,528200
02/04/2024,Menidi,535473
02/04/2024,Galatsi,329369
02/04/2024,Aspropirgos,126790
02/04/2024,Kiourka,97076
03/04/2024,Kiourka,104289
03/04/2024,Galatsi,334619
03/04/2024,Aspropirgos,129720
03/04/2024,Menidi,533140
04/04/2024,Menidi,528779
04/04/2024,Aspropirgos,130150
04/04/2024,Galatsi,335859
04/04/2024,Kiourka,105737
05/04/2024,Kiourka,100413
05/04/2024,Galatsi,333143
05/04/2024,Aspropirgos,131670
05/04/2024,Menidi,532334
06/04/2024,Menidi,535142
06/04/2024,Aspropirgos,132170
06/04/2024,Galatsi,334023
06/04/2024,Kiourka,112266
07/04/2024,Aspropirgos,129040
07/04/2024,Kiourka,101626
07/04/2024,Galatsi,323443
07/04/2024,Menidi,519149
08/04/2024,Menidi,513031
08/04/2024,Galatsi,323086
08/04/2024,Kiourka,104273
08/04/2024,Aspropirgos,128070
09/04/2024,Kiourka,103869
09/04/2024,Galatsi,326105
09/04/2024,Aspropirgos,130120
09/04/2024,Menidi,530829
10/04/2024,Menidi,535144
10/04/2024,Aspropirgos,133250
10/04/2024,Galatsi,336079
10/04/2024,Kiourka,114276
11/04/2024,Kiourka,108323
11/04/2024,Galatsi,324787
11/04/2024,Aspropirgos,132660
11/04/2024,Menidi,526578
12/04/2024,Menidi,534643
12/04/2024,Galatsi,355385
12/04/2024,Aspropirgos,132200
12/04/2024,Kiourka,107789
13/04/2024,Kiourka,123499
13/04/2024,Aspropirgos,135680
13/04/2024,Galatsi,342852
13/04/2024,Menidi,559398
14/04/2024,Menidi,572537
14/04/2024,Aspropirgos,133540
14/04/2024,Galatsi,336057
14/04/2024,Kiourka,119654
15/04/2024,Kiourka,118872
15/04/2024,Aspropirgos,135660
15/04/2024,Menidi,559290
15/04/2024,Galatsi,344605
16/04/2024,Menidi,539771
16/04/2024,Aspropirgos,131330
16/04/2024,Galatsi,327249
16/04/2024,Kiourka,110097
17/04/2024,Kiourka,113037
17/04/2024,Aspropirgos,131020
17/04/2024,Menidi,549199
17/04/2024,Galatsi,350070
18/04/2024,Galatsi,339775
18/04/2024,Menidi,550194
18/04/2024,Aspropirgos,132620
18/04/2024,Kiourka,113673
19/04/2024,Aspropirgos,127850
19/04/2024,Kiourka,106436
19/04/2024,Galatsi,331949
19/04/2024,Menidi,529751
20/04/2024,Menidi,513370
20/04/2024,Galatsi,330163
20/04/2024,Kiourka,98147
20/04/2024,Aspropirgos,123470
21/04/2024,Aspropirgos,126540
21/04/2024,Kiourka,105847
21/04/2024,Galatsi,333075
21/04/2024,Menidi,533437
22/04/2024,Menidi,519278
22/04/2024,Galatsi,331640
22/04/2024,Kiourka,102999
22/04/2024,Aspropirgos,126580
23/04/2024,Aspropirgos,128670
23/04/2024,Kiourka,102868
23/04/2024,Galatsi,324476
23/04/2024,Menidi,526812
24/04/2024,Menidi,575337
24/04/2024,Galatsi,344815
24/04/2024,Aspropirgos,138530
24/04/2024,Kiourka,119799
25/04/2024,Kiourka,120288
25/04/2024,Aspropirgos,139950
25/04/2024,Galatsi,351906
25/04/2024,Menidi,576919
26/04/2024,Menidi,574552
26/04/2024,Galatsi,341134
26/04/2024,Aspropirgos,138010
26/04/2024,Kiourka,120409
27/04/2024,Kiourka,121893
27/04/2024,Aspropirgos,138900
27/04/2024,Galatsi,343808
27/04/2024,Menidi,563178
28/04/2024,Menidi,544457
28/04/2024,Aspropirgos,137470
28/04/2024,Galatsi,335997
28/04/2024,Kiourka,118126
29/04/2024,Kiourka,113706
29/04/2024,Galatsi,324165
29/04/2024,Aspropirgos,136600
29/04/2024,Menidi,536350
30/04/2024,Galatsi,344321
30/04/2024,Menidi,523775
30/04/2024,Aspropirgos,134430
30/04/2024,Kiourka,111435
01/05/2024,Kiourka,113842
01/05/2024,Aspropirgos,135760
01/05/2024,Galatsi,330035
01/05/2024,Menidi,529633
02/05/2024,Menidi,530253
02/05/2024,Galatsi,325464
02/05/2024,Aspropirgos,136780
02/05/2024,Kiourka,121654
03/05/2024,Kiourka,110301
03/05/2024,Aspropirgos,133860
03/05/2024,Galatsi,303614
03/05/2024,Menidi,461705
04/05/2024,Menidi,476587
04/05/2024,Aspropirgos,134660
04/05/2024,Galatsi,294998
04/05/2024,Kiourka,109591
05/05/2024,Aspropirgos,128750
05/05/2024,Kiourka,97902
05/05/2024,Galatsi,263315
05/05/2024,Menidi,403694
06/05/2024,Menidi,460641
06/05/2024,Galatsi,264527
06/05/2024,Aspropirgos,130580
06/05/2024,Kiourka,106594
07/05/2024,Kiourka,118934
07/05/2024,Aspropirgos,135450
07/05/2024,Galatsi,291973
07/05/2024,Menidi,518409
08/05/2024,Menidi,521915
08/05/2024,Aspropirgos,135610
08/05/2024,Galatsi,327162
08/05/2024,Kiourka,120407
09/05/2024,Aspropirgos,129700
09/05/2024,Kiourka,114966
09/05/2024,Galatsi,326528
09/05/2024,Menidi,507611
10/05/2024,Menidi,498321
10/05/2024,Galatsi,307592
10/05/2024,Aspropirgos,126880
10/05/2024,Kiourka,99928
11/05/2024,Kiourka,121416
11/05/2024,Galatsi,321009
11/05/2024,Aspropirgos,131720
11/05/2024,Menidi,543849
12/05/2024,Menidi,549104
12/05/2024,Aspropirgos,133410
12/05/2024,Galatsi,329019
12/05/2024,Kiourka,121572
13/05/2024,Kiourka,118875
13/05/2024,Galatsi,332445
13/05/2024,Aspropirgos,130360
13/05/2024,Menidi,544479
14/05/2024,Menidi,523103
14/05/2024,Galatsi,327397
14/05/2024,Aspropirgos,126400
14/05/2024,Kiourka,110726
15/05/2024,Aspropirgos,127630
15/05/2024,Kiourka,122266
15/05/2024,Galatsi,322379
15/05/2024,Menidi,547278
16/05/2024,Menidi,537644
16/05/2024,Galatsi,343210
16/05/2024,Kiourka,119081
16/05/2024,Aspropirgos,124190
17/05/2024,Aspropirgos,123030
17/05/2024,Kiourka,112120
17/05/2024,Galatsi,327051
17/05/2024,Menidi,528321
18/05/2024,Menidi,546655
18/05/2024,Galatsi,333911
18/05/2024,Kiourka,120781
18/05/2024,Aspropirgos,124870
19/05/2024,Kiourka,128651
19/05/2024,Galatsi,336612
19/05/2024,Aspropirgos,131600
19/05/2024,Menidi,561541
20/05/2024,Menidi,564545
20/05/2024,Galatsi,342026
20/05/2024,Aspropirgos,132470
20/05/2024,Kiourka,132819
21/05/2024,Aspropirgos,131020
21/05/2024,Kiourka,139389
21/05/2024,Galatsi,334564
21/05/2024,Menidi,552299
22/05/2024,Menidi,579285
22/05/2024,Galatsi,342627
22/05/2024,Aspropirgos,132730
22/05/2024,Kiourka,124210
23/05/2024,Aspropirgos,132290
23/05/2024,Kiourka,136062
23/05/2024,Galatsi,344216
23/05/2024,Menidi,583548
24/05/2024,Menidi,587605
24/05/2024,Galatsi,343984
24/05/2024,Aspropirgos,133580
24/05/2024,Kiourka,138629
25/05/2024,Aspropirgos,136350
25/05/2024,Kiourka,134580
25/05/2024,Galatsi,346009
25/05/2024,Menidi,588084
26/05/2024,Menidi,544746
26/05/2024,Kiourka,135917
26/05/2024,Aspropirgos,132920
26/05/2024,Galatsi,331782
27/05/2024,Galatsi,337274
27/05/2024,Aspropirgos,135700
27/05/2024,Kiourka,143359
27/05/2024,Menidi,559591
28/05/2024,Menidi,572983
28/05/2024,Galatsi,341914
28/05/2024,Kiourka,136294
28/05/2024,Aspropirgos,135300
29/05/2024,Kiourka,134784
29/05/2024,Aspropirgos,133900
29/05/2024,Galatsi,342500
29/05/2024,Menidi,570612
30/05/2024,Galatsi,340100
30/05/2024,Menidi,620142
30/05/2024,Aspropirgos,134980
30/05/2024,Kiourka,135319
31/05/2024,Aspropirgos,135240
31/05/2024,Kiourka,134441
31/05/2024,Galatsi,330137
31/05/2024,Menidi,554377
01/06/2024,Menidi,594703
01/06/2024,Galatsi,360234
01/06/2024,Aspropirgos,140440
01/06/2024,Kiourka,143841
02/06/2024,Aspropirgos,139020
02/06/2024,Kiourka,147124
02/06/2024,Galatsi,342882
02/06/2024,Menidi,588463
03/06/2024,Menidi,592480
03/06/2024,Galatsi,343867
03/06/2024,Kiourka,143612
03/06/2024,Aspropirgos,141740
04/06/2024,Aspropirgos,143620
04/06/2024,Kiourka,144189
04/06/2024,Galatsi,342676
04/06/2024,Menidi,603027
05/06/2024,Galatsi,351908
05/06/2024,Menidi,605783
05/06/2024,Aspropirgos,146780
05/06/2024,Kiourka,150685
06/06/2024,Kiourka,146935
06/06/2024,Aspropirgos,144040
06/06/2024,Galatsi,343195
06/06/2024,Menidi,592112
07/06/2024,Menidi,605766
07/06/2024,Galatsi,344159
07/06/2024,Aspropirgos,148370
07/06/2024,Kiourka,150071
08/06/2024,Aspropirgos,151730
08/06/2024,Kiourka,160821
08/06/2024,Galatsi,345341
08/06/2024,Menidi,622612
09/06/2024,Menidi,605697
09/06/2024,Kiourka,158733
09/06/2024,Aspropirgos,148040
09/06/2024,Galatsi,337483
10/06/2024,Aspropirgos,152080
10/06/2024,Kiourka,158784
10/06/2024,Galatsi,349059
10/06/2024,Menidi,609197
11/06/2024,Menidi,624172
11/06/2024,Galatsi,346154
11/06/2024,Kiourka,168447
11/06/2024,Aspropirgos,150370
12/06/2024,Aspropirgos,151590
12/06/2024,Kiourka,171739
12/06/2024,Galatsi,347238
12/06/2024,Menidi,630856
13/06/2024,Menidi,620659
13/06/2024,Galatsi,350101
13/06/2024,Kiourka,170277
13/06/2024,Aspropirgos,152620
14/06/2024,Aspropirgos,148440
14/06/2024,Kiourka,169491
14/06/2024,Galatsi,350494
14/06/2024,Menidi,617319
15/06/2024,Menidi,614351
15/06/2024,Galatsi,352137
15/06/2024,Kiourka,164851
15/06/2024,Aspropirgos,151850
16/06/2024,Aspropirgos,149450
16/06/2024,Kiourka,165816
16/06/2024,Galatsi,339580
16/06/2024,Menidi,600774
17/06/2024,Galatsi,345169
17/06/2024,Menidi,621912
17/06/2024,Kiourka,159302
17/06/2024,Aspropirgos,150660
18/06/2024,Aspropirgos,151720
18/06/2024,Kiourka,157436
18/06/2024,Menidi,615223
18/06/2024,Galatsi,346033
19/06/2024,Galatsi,355134
19/06/2024,Menidi,624862
19/06/2024,Kiourka,160512
19/06/2024,Aspropirgos,153080
20/06/2024,Aspropirgos,153250
20/06/2024,Kiourka,161854
20/06/2024,Menidi,628485
20/06/2024,Galatsi,361150
21/06/2024,Galatsi,358023
21/06/2024,Menidi,635489
21/06/2024,Aspropirgos,156510
21/06/2024,Kiourka,173994
22/06/2024,Kiourka,176121
22/06/2024,Aspropirgos,157340
22/06/2024,Menidi,621227
22/06/2024,Galatsi,346166
23/06/2024,Menidi,591392
23/06/2024,Kiourka,175496
23/06/2024,Aspropirgos,155190
23/06/2024,Galatsi,326553
24/06/2024,Kiourka,172840
24/06/2024,Aspropirgos,157020
24/06/2024,Galatsi,348336
24/06/2024,Menidi,606303
25/06/2024,Menidi,621243
25/06/2024,Galatsi,355405
25/06/2024,Aspropirgos,157760
25/06/2024,Kiourka,169509
26/06/2024,Aspropirgos,157560
26/06/2024,Kiourka,164033
26/06/2024,Galatsi,358338
26/06/2024,Menidi,623374
27/06/2024,Menidi,628120
27/06/2024,Galatsi,360322
27/06/2024,Kiourka,163550
27/06/2024,Aspropirgos,155490
28/06/2024,Kiourka,167211
28/06/2024,Aspropirgos,155260
28/06/2024,Galatsi,359810
28/06/2024,Menidi,618920
29/06/2024,Menidi,614028
29/06/2024,Galatsi,349907
29/06/2024,Aspropirgos,153090
29/06/2024,Kiourka,172116
30/06/2024,Kiourka,171992
30/06/2024,Aspropirgos,151570
30/06/2024,Galatsi,345315
30/06/2024,Menidi,600503
01/07/2024,Galatsi,371776
01/07/2024,Menidi,627141
01/07/2024,Kiourka,172384
01/07/2024,Aspropirgos,157110
02/07/2024,Kiourka,167794
02/07/2024,Aspropirgos,154530
02/07/2024,Menidi,627932
02/07/2024,Galatsi,357920
03/07/2024,Galatsi,362688
03/07/2024,Menidi,628814
03/07/2024,Aspropirgos,149890
03/07/2024,Kiourka,159482
04/07/2024,Aspropirgos,143930
04/07/2024,Kiourka,143893
04/07/2024,Galatsi,347816
04/07/2024,Menidi,580259
05/07/2024,Menidi,582502
05/07/2024,Galatsi,340362
05/07/2024,Aspropirgos,141670
05/07/2024,Kiourka,144218
06/07/2024,Aspropirgos,145230
06/07/2024,Kiourka,156717
06/07/2024,Galatsi,339728
06/07/2024,Menidi,594211
07/07/2024,Menidi,575144
07/07/2024,Kiourka,168953
07/07/2024,Aspropirgos,147390
07/07/2024,Galatsi,335230
08/07/2024,Aspropirgos,154440
08/07/2024,Kiourka,164141
08/07/2024,Galatsi,349001
08/07/2024,Menidi,610493
09/07/2024,Menidi,607253
09/07/2024,Galatsi,351782
09/07/2024,Kiourka,177087
09/07/2024,Aspropirgos,154750
10/07/2024,Aspropirgos,154860
10/07/2024,Kiourka,185281
10/07/2024,Galatsi,354058
10/07/2024,Menidi,621138
11/07/2024,Menidi,617892
11/07/2024,Galatsi,352353
11/07/2024,Kiourka,181653
11/07/2024,Aspropirgos,156850
12/07/2024,Aspropirgos,157730
12/07/2024,Kiourka,182091
12/07/2024,Galatsi,353299
12/07/2024,Menidi,617299
13/07/2024,Menidi,611856
13/07/2024,Galatsi,349710
13/07/2024,Aspropirgos,159430
13/07/2024,Kiourka,189231
14/07/2024,Kiourka,188614
14/07/2024,Aspropirgos,154560
14/07/2024,Galatsi,336962
14/07/2024,Menidi,594520
15/07/2024,Galatsi,347467
15/07/2024,Menidi,610799
15/07/2024,Aspropirgos,159700
15/07/2024,Kiourka,182333
16/07/2024,Kiourka,181172
16/07/2024,Aspropirgos,160340
16/07/2024,Menidi,608521
16/07/2024,Galatsi,345641
17/07/2024,Galatsi,351129
17/07/2024,Menidi,624093
17/07/2024,Aspropirgos,160380
17/07/2024,Kiourka,181964
18/07/2024,Kiourka,183896
18/07/2024,Aspropirgos,158250
18/07/2024,Menidi,630477
18/07/2024,Galatsi,352505
19/07/2024,Galatsi,350024
19/07/2024,Menidi,628336
19/07/2024,Aspropirgos,160750
19/07/2024,Kiourka,186036
20/07/2024,Kiourka,190411
20/07/2024,Aspropirgos,160800
20/07/2024,Menidi,615005
20/07/2024,Galatsi,346737
21/07/2024,Menidi,597388
21/07/2024,Aspropirgos,156460
21/07/2024,Kiourka,192274
21/07/2024,Galatsi,322380
22/07/2024,Kiourka,183796
22/07/2024,Aspropirgos,142120
22/07/2024,Galatsi,360929
22/07/2024,Menidi,634533
23/07/2024,Menidi,643438
23/07/2024,Galatsi,345182
23/07/2024,Kiourka,182392
23/07/2024,Aspropirgos,125580
24/07/2024,Aspropirgos,124510
24/07/2024,Kiourka,182652
24/07/2024,Galatsi,343880
24/07/2024,Menidi,640379
25/07/2024,Menidi,637180
25/07/2024,Galatsi,343730
25/07/2024,Kiourka,181244
25/07/2024,Aspropirgos,124710
26/07/2024,Aspropirgos,123100
26/07/2024,Kiourka,180335
26/07/2024,Galatsi,327020
26/07/2024,Menidi,625228
27/07/2024,Menidi,608566
27/07/2024,Galatsi,349145
27/07/2024,Kiourka,183185
27/07/2024,Aspropirgos,124820
28/07/2024,Aspropirgos,123670
28/07/2024,Kiourka,185855
28/07/2024,Galatsi,330209
28/07/2024,Menidi,594038
29/07/2024,Galatsi,341986
29/07/2024,Menidi,623855
29/07/2024,Kiourka,184257
29/07/2024,Aspropirgos,127830
30/07/2024,Aspropirgos,127080
30/07/2024,Kiourka,186611
30/07/2024,Menidi,616005
30/07/2024,Galatsi,346055
31/07/2024,Menidi,612335
31/07/2024,Kiourka,183729
31/07/2024,Galatsi,326446
31/07/2024,Aspropirgos,125440
01/08/2024,Aspropirgos,126120
01/08/2024,Kiourka,183006
01/08/2024,Menidi,618567
01/08/2024,Galatsi,353376
02/08/2024,Menidi,619802
02/08/2024,Kiourka,184113
02/08/2024,Galatsi,338335
02/08/2024,Aspropirgos,125980
03/08/2024,Aspropirgos,125250
03/08/2024,Galatsi,329165
03/08/2024,Kiourka,189407
03/08/2024,Menidi,599188
04/08/2024,Menidi,585403
04/08/2024,Kiourka,190799
04/08/2024,Galatsi,317229
04/08/2024,Aspropirgos,122830
05/08/2024,Aspropirgos,126920
05/08/2024,Galatsi,322470
05/08/2024,Kiourka,186804
05/08/2024,Menidi,581936
06/08/2024,Menidi,582104
06/08/2024,Kiourka,184322
06/08/2024,Galatsi,318549
06/08/2024,Aspropirgos,123430
07/08/2024,Aspropirgos,125020
07/08/2024,Galatsi,320459
07/08/2024,Kiourka,186695
07/08/2024,Menidi,583169
08/08/2024,Menidi,578547
08/08/2024,Kiourka,188607
08/08/2024,Galatsi,317262
08/08/2024,Aspropirgos,127560
09/08/2024,Aspropirgos,124910
09/08/2024,Galatsi,317919
09/08/2024,Kiourka,188393
09/08/2024,Menidi,573977
10/08/2024,Menidi,556602
10/08/2024,Kiourka,190623
10/08/2024,Galatsi,309663
10/08/2024,Aspropirgos,125970
11/08/2024,Aspropirgos,126320
11/08/2024,Kiourka,190203
11/08/2024,Galatsi,289241
11/08/2024,Menidi,537428
12/08/2024,Menidi,567435
12/08/2024,Kiourka,192275
12/08/2024,Galatsi,290238
12/08/2024,Aspropirgos,126930
13/08/2024,Aspropirgos,127280
13/08/2024,Kiourka,188654
13/08/2024,Galatsi,289952
13/08/2024,Menidi,596323
14/08/2024,Menidi,566874
14/08/2024,Galatsi,287409
14/08/2024,Kiourka,188210
14/08/2024,Aspropirgos,125760
15/08/2024,Aspropirgos,121280
15/08/2024,Galatsi,270069
15/08/2024,Kiourka,182539
15/08/2024,Menidi,516817
16/08/2024,Menidi,554359
16/08/2024,Kiourka,181756
16/08/2024,Galatsi,282082
16/08/2024,Aspropirgos,124120
17/08/2024,Aspropirgos,125310
17/08/2024,Galatsi,283876
17/08/2024,Kiourka,186457
17/08/2024,Menidi,542086
18/08/2024,Menidi,555427
18/08/2024,Galatsi,285213
18/08/2024,Kiourka,185075
18/08/2024,Aspropirgos,123600
19/08/2024,Aspropirgos,125840
19/08/2024,Kiourka,188429
19/08/2024,Galatsi,295867
19/08/2024,Menidi,573053
20/08/2024,Menidi,574156
20/08/2024,Galatsi,299344
20/08/2024,Kiourka,187491
20/08/2024,Aspropirgos,124900
21/08/2024,Aspropirgos,119880
21/08/2024,Galatsi,298571
21/08/2024,Kiourka,184887
21/08/2024,Menidi,568944
22/08/2024,Menidi,571888
22/08/2024,Kiourka,184070
22/08/2024,Galatsi,302789
22/08/2024,Aspropirgos,122220
23/08/2024,Aspropirgos,122850
23/08/2024,Galatsi,302388
23/08/2024,Kiourka,185990
23/08/2024,Menidi,578202
24/08/2024,Menidi,578651
24/08/2024,Kiourka,189836
24/08/2024,Galatsi,303354
24/08/2024,Aspropirgos,124840
25/08/2024,Aspropirgos,123660
25/08/2024,Galatsi,302594
25/08/2024,Kiourka,189158
25/08/2024,Menidi,582792
26/08/2024,Menidi,613439
26/08/2024,Kiourka,183334
26/08/2024,Galatsi,314021
26/08/2024,Aspropirgos,125160
27/08/2024,Aspropirgos,122640
27/08/2024,Galatsi,319254
27/08/2024,Kiourka,178921
27/08/2024,Menidi,614159
28/08/2024,Menidi,612466
28/08/2024,Kiourka,178295
28/08/2024,Galatsi,331935
28/08/2024,Aspropirgos,122720
29/08/2024,Aspropirgos,119580
29/08/2024,Galatsi,330637
29/08/2024,Kiourka,173626
29/08/2024,Menidi,595658
30/08/2024,Menidi,585690
30/08/2024,Kiourka,168189
30/08/2024,Galatsi,326637
30/08/2024,Aspropirgos,116090
31/08/2024,Aspropirgos,110720
31/08/2024,Galatsi,324451
31/08/2024,Kiourka,160868
31/08/2024,Menidi,552323
01/09/2024,Menidi,551852
01/09/2024,Kiourka,161579
01/09/2024,Galatsi,323342
01/09/2024,Aspropirgos,105600
02/09/2024,Aspropirgos,112730
02/09/2024,Galatsi,333258
02/09/2024,Kiourka,172959
02/09/2024,Menidi,586954
03/09/2024,Menidi,605865
03/09/2024,Kiourka,165633
03/09/2024,Galatsi,336094
03/09/2024,Aspropirgos,112120
04/09/2024,Aspropirgos,113060
04/09/2024,Kiourka,167212
04/09/2024,Menidi,607268
04/09/2024,Galatsi,339603
05/09/2024,Menidi,607900
05/09/2024,Kiourka,166867
05/09/2024,Galatsi,337947
05/09/2024,Aspropirgos,113500
06/09/2024,Aspropirgos,114750
06/09/2024,Kiourka,168509
06/09/2024,Menidi,615208
06/09/2024,Galatsi,341335
07/09/2024,Galatsi,339562
07/09/2024,Menidi,615337
07/09/2024,Kiourka,169366
07/09/2024,Aspropirgos,115650
08/09/2024,Aspropirgos,113610
08/09/2024,Kiourka,170362
08/09/2024,Galatsi,330289
08/09/2024,Menidi,589125
09/09/2024,Galatsi,340866
09/09/2024,Menidi,611440
09/09/2024,Kiourka,167534
09/09/2024,Aspropirgos,115110
10/09/2024,Aspropirgos,106420
10/09/2024,Kiourka,156617
10/09/2024,Galatsi,330729
10/09/2024,Menidi,578959
11/09/2024,Menidi,587634
11/09/2024,Galatsi,309504
11/09/2024,Kiourka,158738
11/09/2024,Aspropirgos,106050
12/09/2024,Aspropirgos,107370
12/09/2024,Kiourka,161017
12/09/2024,Galatsi,327636
12/09/2024,Menidi,594997
13/09/2024,Menidi,597538
13/09/2024,Galatsi,326289
13/09/2024,Kiourka,163882
13/09/2024,Aspropirgos,113600
14/09/2024,Aspropirgos,112870
14/09/2024,Kiourka,168135
14/09/2024,Galatsi,327635
14/09/2024,Menidi,586061
15/09/2024,Menidi,581501
15/09/2024,Galatsi,326213
15/09/2024,Kiourka,169503
15/09/2024,Aspropirgos,113520
16/09/2024,Aspropirgos,113970
16/09/2024,Kiourka,164358
16/09/2024,Galatsi,335354
16/09/2024,Menidi,593586
17/09/2024,Menidi,590835
17/09/2024,Galatsi,330739
17/09/2024,Kiourka,159481
17/09/2024,Aspropirgos,111070
18/09/2024,Aspropirgos,107520
18/09/2024,Kiourka,154618
18/09/2024,Galatsi,334355
18/09/2024,Menidi,585851
19/09/2024,Menidi,574681
19/09/2024,Galatsi,326872
19/09/2024,Kiourka,151815
19/09/2024,Aspropirgos,105300
20/09/2024,Aspropirgos,103140
20/09/2024,Kiourka,143291
20/09/2024,Galatsi,325942
20/09/2024,Menidi,579104
21/09/2024,Menidi,587559
21/09/2024,Galatsi,327288
21/09/2024,Kiourka,145571
21/09/2024,Aspropirgos,103930
22/09/2024,Aspropirgos,106330
22/09/2024,Kiourka,146130
22/09/2024,Galatsi,328427
22/09/2024,Menidi,584994
23/09/2024,Menidi,613890
23/09/2024,Galatsi,333816
23/09/2024,Kiourka,141437
23/09/2024,Aspropirgos,107760
24/09/2024,Aspropirgos,107600
24/09/2024,Kiourka,132389
24/09/2024,Galatsi,336846
24/09/2024,Menidi,614151
25/09/2024,Menidi,614570
25/09/2024,Galatsi,339722
25/09/2024,Kiourka,134682
25/09/2024,Aspropirgos,109950
26/09/2024,Aspropirgos,109420
26/09/2024,Kiourka,142177
26/09/2024,Galatsi,331887
26/09/2024,Menidi,608384
27/09/2024,Menidi,610844
27/09/2024,Galatsi,335658
27/09/2024,Kiourka,140433
27/09/2024,Aspropirgos,108410
28/09/2024,Aspropirgos,110210
28/09/2024,Kiourka,147180
28/09/2024,Galatsi,336474
28/09/2024,Menidi,615904
29/09/2024,Menidi,605160
29/09/2024,Galatsi,333205
29/09/2024,Kiourka,147301
29/09/2024,Aspropirgos,107990
30/09/2024,Aspropirgos,107280
30/09/2024,Kiourka,140482
30/09/2024,Galatsi,334061
30/09/2024,Menidi,599596
01/10/2024,Menidi,602115
01/10/2024,Galatsi,332802
01/10/2024,Kiourka,136186
01/10/2024,Aspropirgos,107700
02/10/2024,Aspropirgos,108440
02/10/2024,Kiourka,134252
02/10/2024,Galatsi,333152
02/10/2024,Menidi,604610
03/10/2024,Menidi,605170
03/10/2024,Galatsi,331969
03/10/2024,Kiourka,134254
03/10/2024,Aspropirgos,106960
04/10/2024,Aspropirgos,108600
04/10/2024,Kiourka,135536
04/10/2024,Galatsi,336527
04/10/2024,Menidi,611662
05/10/2024,Menidi,602906
05/10/2024,Galatsi,332668
05/10/2024,Kiourka,134938
05/10/2024,Aspropirgos,104780
06/10/2024,Aspropirgos,101330
06/10/2024,Kiourka,136703
06/10/2024,Galatsi,325151
06/10/2024,Menidi,594254
07/10/2024,Menidi,602808
07/10/2024,Galatsi,332933
07/10/2024,Kiourka,132814
07/10/2024,Aspropirgos,102850
08/10/2024,Aspropirgos,103580
08/10/2024,Kiourka,129864
08/10/2024,Galatsi,330287
08/10/2024,Menidi,604358
09/10/2024,Menidi,599789
09/10/2024,Galatsi,333678
09/10/2024,Aspropirgos,103380
09/10/2024,Kiourka,129319
10/10/2024,Kiourka,129191
10/10/2024,Aspropirgos,103990
10/10/2024,Galatsi,331988
10/10/2024,Menidi,597231
11/10/2024,Menidi,592077
11/10/2024,Galatsi,336043
11/10/2024,Kiourka,132506
11/10/2024,Aspropirgos,105540
12/10/2024,Aspropirgos,106420
12/10/2024,Kiourka,135387
12/10/2024,Galatsi,335480
12/10/2024,Menidi,590005
13/10/2024,Menidi,583464
13/10/2024,Galatsi,324791
13/10/2024,Kiourka,134701
13/10/2024,Aspropirgos,105160
14/10/2024,Aspropirgos,107000
14/10/2024,Kiourka,130533
14/10/2024,Galatsi,333302
14/10/2024,Menidi,584123
15/10/2024,Menidi,581164
15/10/2024,Galatsi,339554
15/10/2024,Kiourka,129577
15/10/2024,Aspropirgos,107620
16/10/2024,Kiourka,129479
16/10/2024,Aspropirgos,105220
16/10/2024,Galatsi,325604
16/10/2024,Menidi,577037
17/10/2024,Menidi,565798
17/10/2024,Galatsi,320822
17/10/2024,Aspropirgos,102320
17/10/2024,Kiourka,125758
18/10/2024,Kiourka,128996
18/10/2024,Aspropirgos,103740
18/10/2024,Galatsi,322160
18/10/2024,Menidi,575135
19/10/2024,Menidi,566030
19/10/2024,Galatsi,330855
19/10/2024,Aspropirgos,103160
19/10/2024,Kiourka,129118
20/10/2024,Aspropirgos,102190
20/10/2024,Galatsi,320908
20/10/2024,Kiourka,130854
20/10/2024,Menidi,562197
21/10/2024,Menidi,575657
21/10/2024,Galatsi,330332
21/10/2024,Aspropirgos,105140
21/10/2024,Kiourka,128800
22/10/2024,Kiourka,126498
22/10/2024,Aspropirgos,103260
22/10/2024,Menidi,574960
22/10/2024,Galatsi,343711
23/10/2024,Menidi,571744
23/10/2024,Aspropirgos,101780
23/10/2024,Kiourka,127029
23/10/2024,Galatsi,332719
24/10/2024,Galatsi,330189
24/10/2024,Kiourka,124869
24/10/2024,Aspropirgos,100860
24/10/2024,Menidi,570583
25/10/2024,Menidi,568062
25/10/2024,Aspropirgos,103990
25/10/2024,Kiourka,127857
25/10/2024,Galatsi,326488
26/10/2024,Galatsi,317218
26/10/2024,Kiourka,131479
26/10/2024,Aspropirgos,104100
26/10/2024,Menidi,545068
27/10/2024,Menidi,548282
27/10/2024,Aspropirgos,106460
27/10/2024,Kiourka,131526
27/10/2024,Galatsi,318227
28/10/2024,Galatsi,314760
28/10/2024,Kiourka,133849
28/10/2024,Aspropirgos,103950
28/10/2024,Menidi,539233
29/10/2024,Menidi,562793
29/10/2024,Aspropirgos,104880
29/10/2024,Kiourka,127223
29/10/2024,Galatsi,327036
30/10/2024,Galatsi,327980
30/10/2024,Kiourka,129467
30/10/2024,Aspropirgos,104430
30/10/2024,Menidi,565704
31/10/2024,Menidi,561712
31/10/2024,Aspropirgos,102510
31/10/2024,Galatsi,323008
31/10/2024,Kiourka,130601
01/11/2024,Kiourka,154525
01/11/2024,Galatsi,326785
01/11/2024,Aspropirgos,103570
01/11/2024,Menidi,542882
02/11/2024,Menidi,568780
02/11/2024,Aspropirgos,103620
02/11/2024,Galatsi,331758
02/11/2024,Kiourka,139925
03/11/2024,Kiourka,137881
03/11/2024,Galatsi,323934
03/11/2024,Aspropirgos,100920
03/11/2024,Menidi,554639
04/11/2024,Menidi,560701
04/11/2024,Aspropirgos,103040
04/11/2024,Galatsi,324514
04/11/2024,Kiourka,144451
05/11/2024,Kiourka,144801
05/11/2024,Galatsi,320608
05/11/2024,Aspropirgos,100870
05/11/2024,Menidi,548511
06/11/2024,Menidi,550173
06/11/2024,Aspropirgos,99090
06/11/2024,Galatsi,323476
06/11/2024,Kiourka,130094
07/11/2024,Galatsi,326318
07/11/2024,Aspropirgos,99110
07/11/2024,Kiourka,128355
07/11/2024,Menidi,550574
08/11/2024,Menidi,548409
08/11/2024,Aspropirgos,99720
08/11/2024,Galatsi,325562
08/11/2024,Kiourka,130002
09/11/2024,Kiourka,133885
09/11/2024,Galatsi,328020
09/11/2024,Aspropirgos,103200
09/11/2024,Menidi,556589
10/11/2024,Menidi,553877
10/11/2024,Aspropirgos,101430
10/11/2024,Galatsi,326989
10/11/2024,Kiourka,133723
11/11/2024,Kiourka,130333
11/11/2024,Galatsi,325182
11/11/2024,Aspropirgos,101260
11/11/2024,Menidi,552553
12/11/2024,Menidi,519773
12/11/2024,Aspropirgos,97410
12/11/2024,Kiourka,122061
12/11/2024,Galatsi,317943
13/11/2024,Galatsi,318656
13/11/2024,Kiourka,120274
13/11/2024,Aspropirgos,95540
13/11/2024,Menidi,516671
14/11/2024,Menidi,522302
14/11/2024,Aspropirgos,94240
14/11/2024,Kiourka,119784
14/11/2024,Galatsi,322305
15/11/2024,Galatsi,322815
15/11/2024,Kiourka,118541
15/11/2024,Aspropirgos,94700
15/11/2024,Menidi,513008
16/11/2024,Menidi,513867
16/11/2024,Aspropirgos,94150
16/11/2024,Kiourka,117962
16/11/2024,Galatsi,329784
17/11/2024,Galatsi,324419
17/11/2024,Kiourka,116340
17/11/2024,Aspropirgos,93340
17/11/2024,Menidi,497941
18/11/2024,Menidi,528301
18/11/2024,Aspropirgos,95460
18/11/2024,Kiourka,117259
18/11/2024,Galatsi,324418
19/11/2024,Galatsi,314503
19/11/2024,Kiourka,115906
19/11/2024,Aspropirgos,96150
19/11/2024,Menidi,517434
20/11/2024,Menidi,515370
20/11/2024,Aspropirgos,94730
20/11/2024,Kiourka,111166
20/11/2024,Galatsi,321513
21/11/2024,Galatsi,321270
21/11/2024,Kiourka,117384
21/11/2024,Aspropirgos,94540
21/11/2024,Menidi,508791
22/11/2024,Menidi,531828
22/11/2024,Aspropirgos,96060
22/11/2024,Kiourka,124629
22/11/2024,Galatsi,321828
23/11/2024,Galatsi,327139
23/11/2024,Kiourka,124929
23/11/2024,Aspropirgos,95710
23/11/2024,Menidi,518370
24/11/2024,Menidi,510345
24/11/2024,Aspropirgos,96840
24/11/2024,Kiourka,121386
24/11/2024,Galatsi,322888
25/11/2024,Galatsi,318228
25/11/2024,Kiourka,119328
25/11/2024,Aspropirgos,100180
25/11/2024,Menidi,515002
26/11/2024,Menidi,512258
26/11/2024,Aspropirgos,96470
26/11/2024,Kiourka,118992
26/11/2024,Galatsi,320048
27/11/2024,Galatsi,320878
27/11/2024,Kiourka,123974
27/11/2024,Aspropirgos,100839
27/11/2024,Menidi,529091
28/11/2024,Menidi,522473
28/11/2024,Aspropirgos,97211
28/11/2024,Galatsi,321742
28/11/2024,Kiourka,130959
29/11/2024,Galatsi,318665
29/11/2024,Aspropirgos,96500
29/11/2024,Kiourka,123464
29/11/2024,Menidi,513276
30/11/2024,Menidi,502194
30/11/2024,Kiourka,117675
30/11/2024,Aspropirgos,94200
30/11/2024,Galatsi,314077
01/12/2024,Galatsi,317635
01/12/2024,Aspropirgos,93460
01/12/2024,Kiourka,117041
01/12/2024,Menidi,509062
02/12/2024,Menidi,510929
02/12/2024,Kiourka,115268
02/12/2024,Aspropirgos,92240
02/12/2024,Galatsi,313473
03/12/2024,Galatsi,314270
03/12/2024,Aspropirgos,93860
03/12/2024,Kiourka,111779
03/12/2024,Menidi,498122
04/12/2024,Menidi,499151
04/12/2024,Kiourka,113339
04/12/2024,Aspropirgos,92920
04/12/2024,Galatsi,313538
05/12/2024,Galatsi,312408
05/12/2024,Aspropirgos,94620
05/12/2024,Kiourka,112116
05/12/2024,Menidi,502606
06/12/2024,Menidi,491618
06/12/2024,Kiourka,112724
06/12/2024,Aspropirgos,91950
06/12/2024,Galatsi,313051
07/12/2024,Galatsi,316848
07/12/2024,Aspropirgos,93290
07/12/2024,Kiourka,113131
07/12/2024,Menidi,503160
08/12/2024,Menidi,495004
08/12/2024,Kiourka,114490
08/12/2024,Aspropirgos,92730
08/12/2024,Galatsi,316953
09/12/2024,Galatsi,317338
09/12/2024,Aspropirgos,93910
09/12/2024,Kiourka,109641
09/12/2024,Menidi,498980
10/12/2024,Menidi,501659
10/12/2024,Kiourka,108648
10/12/2024,Aspropirgos,92560
10/12/2024,Galatsi,315481
11/12/2024,Galatsi,318297
11/12/2024,Aspropirgos,94630
11/12/2024,Kiourka,109573
11/12/2024,Menidi,515390
12/12/2024,Menidi,500099
12/12/2024,Kiourka,108239
12/12/2024,Aspropirgos,92800
12/12/2024,Galatsi,311340
13/12/2024,Galatsi,307771
13/12/2024,Aspropirgos,92750
13/12/2024,Kiourka,107581
13/12/2024,Menidi,498054
14/12/2024,Menidi,509410
14/12/2024,Kiourka,108410
14/12/2024,Aspropirgos,92590
14/12/2024,Galatsi,324572
15/12/2024,Galatsi,313689
15/12/2024,Aspropirgos,92490
15/12/2024,Kiourka,107626
15/12/2024,Menidi,496404
16/12/2024,Menidi,493177
16/12/2024,Aspropirgos,94030
16/12/2024,Kiourka,105981
16/12/2024,Galatsi,302406
17/12/2024,Galatsi,328430
17/12/2024,Kiourka,106813
17/12/2024,Aspropirgos,93800
17/12/2024,Menidi,504386
18/12/2024,Menidi,513079
18/12/2024,Aspropirgos,94490
18/12/2024,Kiourka,105493
18/12/2024,Galatsi,322933
19/12/2024,Galatsi,318499
19/12/2024,Kiourka,105402
19/12/2024,Aspropirgos,95690
19/12/2024,Menidi,505931
20/12/2024,Menidi,505153
20/12/2024,Aspropirgos,95170
20/12/2024,Kiourka,105126
20/12/2024,Galatsi,320874
21/12/2024,Kiourka,106147
21/12/2024,Aspropirgos,94700
21/12/2024,Menidi,504854
21/12/2024,Galatsi,347016
22/12/2024,Menidi,493125
22/12/2024,Kiourka,107074
22/12/2024,Aspropirgos,92120
22/12/2024,Galatsi,314355
23/12/2024,Galatsi,317089
23/12/2024,Kiourka,105974
23/12/2024,Aspropirgos,92050
23/12/2024,Menidi,497853
24/12/2024,Menidi,496763
24/12/2024,Kiourka,106450
24/12/2024,Aspropirgos,92190
24/12/2024,Galatsi,316109
25/12/2024,Galatsi,301325
25/12/2024,Aspropirgos,88200
25/12/2024,Kiourka,104097
25/12/2024,Menidi,461293
26/12/2024,Menidi,445400
26/12/2024,Kiourka,104360
26/12/2024,Aspropirgos,88010
26/12/2024,Galatsi,300202
27/12/2024,Galatsi,310299
27/12/2024,Aspropirgos,90060
27/12/2024,Kiourka,105810
27/12/2024,Menidi,480802
28/12/2024,Menidi,468591
28/12/2024,Kiourka,103249
28/12/2024,Aspropirgos,89730
28/12/2024,Galatsi,312420
29/12/2024,Galatsi,312044
29/12/2024,Aspropirgos,90400
29/12/2024,Kiourka,104292
29/12/2024,Menidi,478014
30/12/2024,Menidi,504664
30/12/2024,Kiourka,104097
30/12/2024,Aspropirgos,73970
30/12/2024,Galatsi,321708
31/12/2024,Galatsi,330877
31/12/2024,Kiourka,105736
31/12/2024,Aspropirgos,94590
31/12/2024,Menidi,521728
01/01/2025,Menidi,475941
01/01/2025,Kiourka,103720
01/01/2025,Aspropirgos,88710
01/01/2025,Galatsi,311046
02/01/2025,Galatsi,313979
02/01/2025,Aspropirgos,90260
02/01/2025,Kiourka,105588
02/01/2025,Menidi,493051
03/01/2025,Menidi,490902
03/01/2025,Kiourka,106118
03/01/2025,Aspropirgos,90670
03/01/2025,Galatsi,312331
04/01/2025,Galatsi,313530
04/01/2025,Aspropirgos,90640
04/01/2025,Kiourka,105033
04/01/2025,Menidi,492643
05/01/2025,Menidi,488594
05/01/2025,Kiourka,105423
05/01/2025,Aspropirgos,91270
05/01/2025,Galatsi,311704
06/01/2025,Galatsi,314778
06/01/2025,Aspropirgos,90710
06/01/2025,Kiourka,104553
06/01/2025,Menidi,481445
07/01/2025,Menidi,514323
07/01/2025,Kiourka,105286
07/01/2025,Aspropirgos,91710
07/01/2025,Galatsi,318002
08/01/2025,Galatsi,321932
08/01/2025,Aspropirgos,91650
08/01/2025,Kiourka,105523
08/01/2025,Menidi,520392
09/01/2025,Menidi,520293
09/01/2025,Kiourka,104573
09/01/2025,Aspropirgos,93730
09/01/2025,Galatsi,316929
10/01/2025,Galatsi,317617
10/01/2025,Kiourka,104487
10/01/2025,Aspropirgos,92330
10/01/2025,Menidi,516679
11/01/2025,Menidi,520870
11/01/2025,Kiourka,106338
11/01/2025,Aspropirgos,92540
11/01/2025,Galatsi,314322
12/01/2025,Galatsi,313559
12/01/2025,Aspropirgos,92000
12/01/2025,Kiourka,108178
12/01/2025,Menidi,522985
13/01/2025,Menidi,492771
13/01/2025,Aspropirgos,86770
13/01/2025,Kiourka,102503
13/01/2025,Galatsi,305387
14/01/2025,Galatsi,290687
14/01/2025,Kiourka,103150
14/01/2025,Aspropirgos,85370
14/01/2025,Menidi,487180
15/01/2025,Menidi,506679
15/01/2025,Aspropirgos,88020
15/01/2025,Kiourka,105108
15/01/2025,Galatsi,325245
16/01/2025,Galatsi,316784
16/01/2025,Kiourka,103640
16/01/2025,Aspropirgos,94440
16/01/2025,Menidi,504210
17/01/2025,Menidi,502108
17/01/2025,Aspropirgos,95870
17/01/2025,Kiourka,104106
17/01/2025,Galatsi,321710
18/01/2025,Galatsi,321884
18/01/2025,Kiourka,105943
18/01/2025,Aspropirgos,94440
18/01/2025,Menidi,520305
19/01/2025,Menidi,507032
19/01/2025,Kiourka,105825
19/01/2025,Aspropirgos,91610
19/01/2025,Galatsi,318872
20/01/2025,Galatsi,320656
20/01/2025,Aspropirgos,90080
20/01/2025,Kiourka,105173
20/01/2025,Menidi,513774
21/01/2025,Menidi,500672
21/01/2025,Kiourka,104971
21/01/2025,Aspropirgos,88940
21/01/2025,Galatsi,305027
22/01/2025,Galatsi,334437
22/01/2025,Aspropirgos,92180
22/01/2025,Kiourka,105628
22/01/2025,Menidi,507683
23/01/2025,Menidi,503837
23/01/2025,Kiourka,105687
23/01/2025,Aspropirgos,91030
23/01/2025,Galatsi,318337
24/01/2025,Galatsi,319302
24/01/2025,Aspropirgos,90310
24/01/2025,Kiourka,105731
24/01/2025,Menidi,500882
25/01/2025,Menidi,512958
25/01/2025,Aspropirgos,92950
25/01/2025,Kiourka,107952
25/01/2025,Galatsi,325774
26/01/2025,Galatsi,318497
26/01/2025,Kiourka,107403
26/01/2025,Aspropirgos,89390
26/01/2025,Menidi,500332
27/01/2025,Menidi,474209
27/01/2025,Aspropirgos,90530
27/01/2025,Kiourka,104951
27/01/2025,Galatsi,323977
28/01/2025,Galatsi,323153
28/01/2025,Aspropirgos,95300
28/01/2025,Kiourka,98826
28/01/2025,Menidi,526093
29/01/2025,Menidi,526466
29/01/2025,Kiourka,93796
29/01/2025,Aspropirgos,91290
29/01/2025,Galatsi,329020
30/01/2025,Galatsi,322867
30/01/2025,Aspropirgos,91560
30/01/2025,Kiourka,99042
30/01/2025,Menidi,487903
31/01/2025,Menidi,504102
31/01/2025,Aspropirgos,92390
31/01/2025,Kiourka,107109
31/01/2025,Galatsi,328290
01/02/2025,Galatsi,329214
01/02/2025,Kiourka,107479
01/02/2025,Aspropirgos,92400
01/02/2025,Menidi,513145
02/02/2025,Menidi,509507
02/02/2025,Kiourka,106707
02/02/2025,Aspropirgos,91250
02/02/2025,Galatsi,325684
03/02/2025,Galatsi,324516
03/02/2025,Aspropirgos,90960
03/02/2025,Kiourka,103599
03/02/2025,Menidi,496495
04/02/2025,Menidi,496937
04/02/2025,Kiourka,102540
04/02/2025,Aspropirgos,85990
04/02/2025,Galatsi,319916
05/02/2025,Galatsi,317070
05/02/2025,Aspropirgos,87990
05/02/2025,Kiourka,103328
05/02/2025,Menidi,487697
06/02/2025,Menidi,474374
06/02/2025,Kiourka,102479
06/02/2025,Aspropirgos,88270
06/02/2025,Galatsi,317070
07/02/2025,Galatsi,321787
07/02/2025,Aspropirgos,86330
07/02/2025,Kiourka,103771
07/02/2025,Menidi,472479
08/02/2025,Menidi,498795
08/02/2025,Kiourka,105269
08/02/2025,Aspropirgos,86930
08/02/2025,Galatsi,320440
09/02/2025,Galatsi,318549
09/02/2025,Aspropirgos,87220
09/02/2025,Kiourka,105094
09/02/2025,Menidi,494037
10/02/2025,Menidi,513217
10/02/2025,Aspropirgos,89500
10/02/2025,Kiourka,107937
10/02/2025,Galatsi,320080
11/02/2025,Galatsi,315002
11/02/2025,Aspropirgos,88320
11/02/2025,Kiourka,103011
11/02/2025,Menidi,487482
12/02/2025,Menidi,504163
12/02/2025,Kiourka,101956
12/02/2025,Aspropirgos,87540
12/02/2025,Galatsi,316159
13/02/2025,Galatsi,323646
13/02/2025,Aspropirgos,91340
13/02/2025,Kiourka,104060
13/02/2025,Menidi,510745
14/02/2025,Menidi,516782
14/02/2025,Kiourka,103579
14/02/2025,Aspropirgos,92200
14/02/2025,Galatsi,317513
15/02/2025,Galatsi,307159
15/02/2025,Kiourka,105333
15/02/2025,Aspropirgos,95110
15/02/2025,Menidi,523251
16/02/2025,Menidi,488978
16/02/2025,Kiourka,103888
16/02/2025,Aspropirgos,90080
16/02/2025,Galatsi,308341
17/02/2025,Galatsi,312722
17/02/2025,Kiourka,103387
17/02/2025,Aspropirgos,94490
17/02/2025,Menidi,507288
18/02/2025,Menidi,498969
18/02/2025,Kiourka,100482
18/02/2025,Aspropirgos,91690
18/02/2025,Galatsi,299574
19/02/2025,Galatsi,288891
19/02/2025,Aspropirgos,90760
19/02/2025,Kiourka,102254
19/02/2025,Menidi,494777
20/02/2025,Menidi,485920
20/02/2025,Kiourka,101904
20/02/2025,Aspropirgos,92510
20/02/2025,Galatsi,296619
21/02/2025,Galatsi,299201
21/02/2025,Aspropirgos,92010
21/02/2025,Kiourka,102038
21/02/2025,Menidi,487189
22/02/2025,Menidi,496227
22/02/2025,Kiourka,102803
22/02/2025,Aspropirgos,92350
22/02/2025,Galatsi,302750
23/02/2025,Galatsi,304185
23/02/2025,Kiourka,104146
23/02/2025,Aspropirgos,92830
23/02/2025,Menidi,498235
24/02/2025,Menidi,492041
24/02/2025,Aspropirgos,93230
24/02/2025,Kiourka,103848
24/02/2025,Galatsi,299064
25/02/2025,Galatsi,298926
25/02/2025,Kiourka,104361
25/02/2025,Aspropirgos,93520
25/02/2025,Menidi,503774
26/02/2025,Menidi,519854
26/02/2025,Aspropirgos,95570
26/02/2025,Kiourka,103514
26/02/2025,Galatsi,306812
27/02/2025,Galatsi,296126
27/02/2025,Kiourka,104090
27/02/2025,Aspropirgos,91290
27/02/2025,Menidi,492981
28/02/2025,Menidi,473300
28/02/2025,Aspropirgos,89810
28/02/2025,Kiourka,105229
28/02/2025,Galatsi,300225
01/03/2025,Galatsi,297345
01/03/2025,Aspropirgos,93690
01/03/2025,Kiourka,109446
01/03/2025,Menidi,505898
02/03/2025,Menidi,458691
02/03/2025,Kiourka,108636
02/03/2025,Aspropirgos,89040
02/03/2025,Galatsi,287102
03/03/2025,Galatsi,289357
03/03/2025,Aspropirgos,89550
03/03/2025,Kiourka,107683
03/03/2025,Menidi,471276
04/03/2025,Menidi,500483
04/03/2025,Aspropirgos,92400
04/03/2025,Kiourka,105624
04/03/2025,Galatsi,302156
05/03/2025,Galatsi,304672
05/03/2025,Kiourka,107520
05/03/2025,Aspropirgos,93930
05/03/2025,Menidi,517109
06/03/2025,Menidi,511898
06/03/2025,Kiourka,113145
06/03/2025,Aspropirgos,96300
06/03/2025,Galatsi,304973
07/03/2025,Galatsi,307312
07/03/2025,Aspropirgos,97400
07/03/2025,Kiourka,111366
07/03/2025,Menidi,503849
08/03/2025,Menidi,539993
08/03/2025,Kiourka,114290
08/03/2025,Aspropirgos,98200
08/03/2025,Galatsi,310713
09/03/2025,Galatsi,304797
09/03/2025,Aspropirgos,95640
09/03/2025,Kiourka,113266
09/03/2025,Menidi,527812
10/03/2025,Galatsi,309211
10/03/2025,Menidi,521857
10/03/2025,Kiourka,110130
10/03/2025,Aspropirgos,94410
11/03/2025,Galatsi,305595
11/03/2025,Kiourka,108900
11/03/2025,Menidi,514460
11/03/2025,Aspropirgos,95880
12/03/2025,Aspropirgos,94220
12/03/2025,Galatsi,306709
12/03/2025,Kiourka,108840
12/03/2025,Menidi,529840
13/03/2025,Aspropirgos,96160
13/03/2025,Galatsi,304550
13/03/2025,Kiourka,110263
13/03/2025,Menidi,526515
14/03/2025,Aspropirgos,97340
14/03/2025,Galatsi,310104
14/03/2025,Kiourka,113593
14/03/2025,Menidi,535887
15/03/2025,Aspropirgos,98920
15/03/2025,Galatsi,312302
15/03/2025,Kiourka,118034
15/03/2025,Menidi,548726
16/03/2025,Aspropirgos,97020
16/03/2025,Galatsi,305796
16/03/2025,Kiourka,118809
16/03/2025,Menidi,544046
17/03/2025,Aspropirgos,95520
17/03/2025,Galatsi,305191
17/03/2025,Kiourka,113889
17/03/2025,Menidi,558054
18/03/2025,Aspropirgos,93840
18/03/2025,Galatsi,301045
18/03/2025,Kiourka,112147
18/03/2025,Menidi,510510
19/03/2025,Aspropirgos,91600
19/03/2025,Galatsi,301030
19/03/2025,Kiourka,109930
19/03/2025,Menidi,504953
20/03/2025,Aspropirgos,93670
20/03/2025,Galatsi,301804
20/03/2025,Kiourka,109273
20/03/2025,Menidi,509645
21/03/2025,Aspropirgos,98400
21/03/2025,Galatsi,304900
21/03/2025,Kiourka,114383
21/03/2025,Menidi,522826
22/03/2025,Aspropirgos,101060
22/03/2025,Galatsi,310592
22/03/2025,Kiourka,119458
22/03/2025,Menidi,532914
23/03/2025,Aspropirgos,95810
23/03/2025,Galatsi,293980
23/03/2025,Kiourka,118677
23/03/2025,Menidi,507613
24/03/2025,Aspropirgos,95750
24/03/2025,Galatsi,298221
24/03/2025,Kiourka,117585
24/03/2025,Menidi,498607
25/03/2025,Aspropirgos,91950
25/03/2025,Galatsi,291974
25/03/2025,Kiourka,115901
25/03/2025,Menidi,497617
26/03/2025,Aspropirgos,100480
26/03/2025,Galatsi,304751
26/03/2025,Kiourka,117334
26/03/2025,Menidi,531126
27/03/2025,Aspropirgos,98280
27/03/2025,Galatsi,311824
27/03/2025,Kiourka,117250
27/03/2025,Menidi,530711
28/03/2025,Aspropirgos,100690
28/03/2025,Galatsi,315956
28/03/2025,Kiourka,119745
28/03/2025,Menidi,535117
29/03/2025,Aspropirgos,100020
29/03/2025,Galatsi,319521
29/03/2025,Kiourka,124332
29/03/2025,Menidi,544805
30/03/2025,Aspropirgos,96910
30/03/2025,Galatsi,306244
30/03/2025,Kiourka,126507
30/03/2025,Menidi,514557
31/03/2025,Aspropirgos,89280
31/03/2025,Galatsi,312158
31/03/2025,Kiourka,116557
31/03/2025,Menidi,519873
01/04/2025,Aspropirgos,92770
01/04/2025,Galatsi,310760
01/04/2025,Kiourka,117202
01/04/2025,Menidi,519148
02/04/2025,Aspropirgos,85820
02/04/2025,Galatsi,301246
02/04/2025,Kiourka,102850
02/04/2025,Menidi,511508
03/04/2025,Galatsi,312132
03/04/2025,Aspropirgos,93340
03/04/2025,Kiourka,85850
03/04/2025,Menidi,524245
04/04/2025,Galatsi,316258
04/04/2025,Aspropirgos,92590
04/04/2025,Kiourka,93073
04/04/2025,Menidi,517131
05/04/2025,Aspropirgos,91810
05/04/2025,Galatsi,317146
05/04/2025,Kiourka,115311
05/04/2025,Menidi,513595
06/04/2025,Aspropirgos,91070
06/04/2025,Galatsi,318915
06/04/2025,Kiourka,117167
06/04/2025,Menidi,519690
07/04/2025,Aspropirgos,88320
07/04/2025,Galatsi,314018
07/04/2025,Kiourka,110373
07/04/2025,Menidi,494887
08/04/2025,Aspropirgos,87100
08/04/2025,Galatsi,310618
08/04/2025,Kiourka,111391
08/04/2025,Menidi,494301
09/04/2025,Aspropirgos,88670
09/04/2025,Galatsi,311279
09/04/2025,Kiourka,109944
09/04/2025,Menidi,500848
10/04/2025,Galatsi,319208
10/04/2025,Aspropirgos,92650
10/04/2025,Kiourka,114439
10/04/2025,Menidi,517807
11/04/2025,Aspropirgos,95380
11/04/2025,Galatsi,322288
11/04/2025,Kiourka,114503
11/04/2025,Menidi,523697
12/04/2025,Aspropirgos,98150
12/04/2025,Galatsi,321575
12/04/2025,Kiourka,116339
12/04/2025,Menidi,538847
13/04/2025,Aspropirgos,94910
13/04/2025,Galatsi,318084
13/04/2025,Kiourka,117260
13/04/2025,Menidi,515490
14/04/2025,Aspropirgos,96210
14/04/2025,Galatsi,316507
14/04/2025,Kiourka,125133
14/04/2025,Menidi,524300
15/04/2025,Aspropirgos,92510
15/04/2025,Galatsi,312960
15/04/2025,Kiourka,131947
15/04/2025,Menidi,495500
16/04/2025,Aspropirgos,96740
16/04/2025,Galatsi,302872
16/04/2025,Kiourka,121902
16/04/2025,Menidi,528849
17/04/2025,Aspropirgos,95040
17/04/2025,Galatsi,324165
17/04/2025,Kiourka,124133
17/04/2025,Menidi,519299
18/04/2025,Aspropirgos,89560
18/04/2025,Galatsi,285319
18/04/2025,Kiourka,120610
18/04/2025,Menidi,471312
19/04/2025,Aspropirgos,94160
19/04/2025,Galatsi,285930
19/04/2025,Kiourka,123339
19/04/2025,Menidi,504910
20/04/2025,Aspropirgos,88180
20/04/2025,Galatsi,255881
20/04/2025,Kiourka,108665
20/04/2025,Menidi,424182
21/04/2025,Aspropirgos,91870
21/04/2025,Galatsi,267348
21/04/2025,Kiourka,124257
21/04/2025,Menidi,469287
22/04/2025,Aspropirgos,93670
22/04/2025,Galatsi,308814
22/04/2025,Kiourka,120474
22/04/2025,Menidi,510163
23/04/2025,Aspropirgos,92930
23/04/2025,Galatsi,301633
23/04/2025,Kiourka,121399
23/04/2025,Menidi,528082
24/04/2025,Aspropirgos,92360
24/04/2025,Galatsi,309410
24/04/2025,Kiourka,118016
24/04/2025,Menidi,516206
25/04/2025,Aspropirgos,91740
25/04/2025,Galatsi,312150
25/04/2025,Kiourka,118361
25/04/2025,Menidi,506527
26/04/2025,Aspropirgos,94520
26/04/2025,Galatsi,320107
26/04/2025,Kiourka,124998
26/04/2025,Menidi,528438
27/04/2025,Aspropirgos,87390
27/04/2025,Galatsi,316280
27/04/2025,Kiourka,122428
27/04/2025,Menidi,504336
28/04/2025,Aspropirgos,89690
28/04/2025,Galatsi,317783
28/04/2025,Kiourka,128442
28/04/2025,Menidi,518949
29/04/2025,Aspropirgos,86770
29/04/2025,Galatsi,320139
29/04/2025,Kiourka,128198
29/04/2025,Menidi,512286
30/04/2025,Aspropirgos,84840
30/04/2025,Galatsi,314761
30/04/2025,Kiourka,98016
30/04/2025,Menidi,540790
01/05/2025,Aspropirgos,87740
01/05/2025,Galatsi,315842
01/05/2025,Kiourka,131488
01/05/2025,Menidi,517595
02/05/2025,Aspropirgos,90640
02/05/2025,Galatsi,319453
02/05/2025,Kiourka,143589
02/05/2025,Menidi,524612
03/05/2025,Aspropirgos,94590
03/05/2025,Galatsi,328048
03/05/2025,Kiourka,146951
03/05/2025,Menidi,554787
04/05/2025,Aspropirgos,93080
04/05/2025,Galatsi,327260
04/05/2025,Kiourka,147860
04/05/2025,Menidi,548757
05/05/2025,Aspropirgos,92070
05/05/2025,Galatsi,330275
05/05/2025,Kiourka,143848
05/05/2025,Menidi,540034
06/05/2025,Aspropirgos,92270
06/05/2025,Galatsi,332105
06/05/2025,Kiourka,144134
06/05/2025,Menidi,551234
07/05/2025,Aspropirgos,98050
07/05/2025,Galatsi,332885
07/05/2025,Menidi,560337
07/05/2025,Kiourka,144250
08/05/2025,Aspropirgos,100280
08/05/2025,Galatsi,334370
08/05/2025,Kiourka,145177
08/05/2025,Menidi,562971
09/05/2025,Aspropirgos,96340
09/05/2025,Galatsi,335201
09/05/2025,Kiourka,146793
09/05/2025,Menidi,569397
10/05/2025,Aspropirgos,98210
10/05/2025,Galatsi,340524
10/05/2025,Kiourka,148621
10/05/2025,Kiourka,148621
10/05/2025,Menidi,572508
11/05/2025,Aspropirgos,95690
11/05/2025,Galatsi,331966
11/05/2025,Kiourka,148483
11/05/2025,Menidi,566493
12/05/2025,Aspropirgos,97470
12/05/2025,Galatsi,323130
12/05/2025,Kiourka,146387
12/05/2025,Menidi,555861
13/05/2025,Aspropirgos,93740
13/05/2025,Galatsi,324822
13/05/2025,Kiourka,142466
13/05/2025,Menidi,524999
14/05/2025,Aspropirgos,92980
14/05/2025,Galatsi,326324
14/05/2025,Kiourka,143822
14/05/2025,Menidi,538166
15/05/2025,Aspropirgos,93650
15/05/2025,Galatsi,330011
15/05/2025,Kiourka,142919
15/05/2025,Menidi,541040
16/05/2025,Aspropirgos,92640
16/05/2025,Galatsi,321576
16/05/2025,Kiourka,140470
16/05/2025,Menidi,521720
17/05/2025,Aspropirgos,96210
17/05/2025,Galatsi,338272
17/05/2025,Kiourka,149717
17/05/2025,Menidi,572119
18/05/2025,Aspropirgos,96850
18/05/2025,Galatsi,332081
18/05/2025,Kiourka,149532
18/05/2025,Menidi,560908
19/05/2025,Aspropirgos,99060
19/05/2025,Galatsi,338684
19/05/2025,Kiourka,147632
19/05/2025,Menidi,568003
20/05/2025,Aspropirgos,98390
20/05/2025,Galatsi,334390
20/05/2025,Kiourka,147865
20/05/2025,Menidi,581621
21/05/2025,Aspropirgos,100280
21/05/2025,Galatsi,335354
21/05/2025,Kiourka,150654
21/05/2025,Menidi,571050
22/05/2025,Aspropirgos,99670
22/05/2025,Galatsi,331557
22/05/2025,Kiourka,147440
22/05/2025,Menidi,574805
23/05/2025,Aspropirgos,99100
23/05/2025,Galatsi,333613
23/05/2025,Kiourka,150484
23/05/2025,Menidi,581625
24/05/2025,Aspropirgos,108350
24/05/2025,Galatsi,337002
24/05/2025,Kiourka,157820
24/05/2025,Menidi,580217
25/05/2025,Aspropirgos,104260
25/05/2025,Galatsi,317005
25/05/2025,Kiourka,143989
25/05/2025,Menidi,531595
26/05/2025,Aspropirgos,104980
26/05/2025,Galatsi,327852
26/05/2025,Kiourka,122529
26/05/2025,Menidi,566180
27/05/2025,Aspropirgos,108980
27/05/2025,Galatsi,319984
27/05/2025,Kiourka,119023
27/05/2025,Menidi,568997
27/05/2025,Galatsi,319984
28/05/2025,Aspropirgos,105320
28/05/2025,Galatsi,329617
28/05/2025,Kiourka,128774
28/05/2025,Menidi,554516
29/05/2025,Aspropirgos,103840
29/05/2025,Galatsi,331351
29/05/2025,Kiourka,120786
29/05/2025,Menidi,570255
30/05/2025,Aspropirgos,102530
30/05/2025,Galatsi,328789
30/05/2025,Kiourka,133390
30/05/2025,Menidi,552104
31/05/2025,Galatsi,330718
31/05/2025,Aspropirgos,106290
31/05/2025,Kiourka,127866
31/05/2025,Menidi,588995
01/06/2025,Aspropirgos,108780
01/06/2025,Galatsi,331520
01/06/2025,Kiourka,131001
01/06/2025,Menidi,587252
02/06/2025,Aspropirgos,111460
02/06/2025,Galatsi,334350
02/06/2025,Kiourka,128623
02/06/2025,Menidi,597869
03/06/2025,Aspropirgos,112810
03/06/2025,Galatsi,338784
03/06/2025,Kiourka,131900
03/06/2025,Menidi,599972
04/06/2025,Aspropirgos,114160
04/06/2025,Galatsi,336999
04/06/2025,Kiourka,131500
04/06/2025,Menidi,614219
05/06/2025,Aspropirgos,112880
05/06/2025,Galatsi,344409
05/06/2025,Kiourka,133176
05/06/2025,Menidi,624677
06/06/2025,Aspropirgos,115650
06/06/2025,Galatsi,342371
06/06/2025,Kiourka,154192
06/06/2025,Menidi,604635
07/06/2025,Aspropirgos,117190
07/06/2025,Galatsi,337415
07/06/2025,Kiourka,145888
07/06/2025,Menidi,611409
08/06/2025,Aspropirgos,115330
08/06/2025,Galatsi,322345
08/06/2025,Kiourka,145826
08/06/2025,Menidi,592398
09/06/2025,Aspropirgos,116110
09/06/2025,Galatsi,327944
09/06/2025,Kiourka,144764
09/06/2025,Menidi,602378
10/06/2025,Aspropirgos,116200
10/06/2025,Galatsi,344330
10/06/2025,Kiourka,137035
10/06/2025,Menidi,625496
11/06/2025,Aspropirgos,118780
11/06/2025,Galatsi,340493
11/06/2025,Kiourka,143970
11/06/2025,Menidi,628232
12/06/2025,Aspropirgos,121370
12/06/2025,Galatsi,342475
12/06/2025,Kiourka,144561
12/06/2025,Menidi,627711
13/06/2025,Aspropirgos,121070
13/06/2025,Galatsi,345130
13/06/2025,Kiourka,144069
13/06/2025,Menidi,635149
14/06/2025,Aspropirgos,122830
14/06/2025,Galatsi,341987
14/06/2025,Kiourka,147921
14/06/2025,Menidi,627025
15/06/2025,Aspropirgos,119410
15/06/2025,Galatsi,334796
15/06/2025,Kiourka,148918
15/06/2025,Menidi,613767
16/06/2025,Aspropirgos,119150
16/06/2025,Galatsi,341174
16/06/2025,Kiourka,139742
16/06/2025,Menidi,624688
17/06/2025,Aspropirgos,119310
17/06/2025,Galatsi,328612
17/06/2025,Kiourka,144445
17/06/2025,Menidi,623118
18/06/2025,Aspropirgos,122190
18/06/2025,Galatsi,358995
18/06/2025,Kiourka,146959
18/06/2025,Menidi,631057
19/06/2025,Aspropirgos,120600
19/06/2025,Galatsi,343264
19/06/2025,Kiourka,144998
19/06/2025,Menidi,637626
20/06/2025,Aspropirgos,118340
20/06/2025,Galatsi,346735
20/06/2025,Kiourka,152555
20/06/2025,Menidi,635783
21/06/2025,Aspropirgos,114060
21/06/2025,Galatsi,337934
21/06/2025,Kiourka,147900
21/06/2025,Menidi,616179
22/06/2025,Aspropirgos,109210
22/06/2025,Galatsi,314144
22/06/2025,Kiourka,145468
22/06/2025,Menidi,596802
23/06/2025,Aspropirgos,115320
23/06/2025,Galatsi,350410
23/06/2025,Kiourka,148077
23/06/2025,Menidi,625632
24/06/2025,Aspropirgos,117410
24/06/2025,Galatsi,343806
24/06/2025,Kiourka,155246
24/06/2025,Menidi,628529
25/06/2025,Aspropirgos,117680
25/06/2025,Galatsi,345185
25/06/2025,Kiourka,158968
25/06/2025,Menidi,636413
26/06/2025,Aspropirgos,121090
26/06/2025,Galatsi,344179
26/06/2025,Kiourka,160920
26/06/2025,Menidi,642218
27/06/2025,Aspropirgos,126440
27/06/2025,Galatsi,339813
27/06/2025,Kiourka,161902
27/06/2025,Menidi,647382
28/06/2025,Aspropirgos,123200
28/06/2025,Galatsi,342684
28/06/2025,Kiourka,172399
28/06/2025,Menidi,645509
29/06/2025,Aspropirgos,115930
29/06/2025,Galatsi,330785
29/06/2025,Kiourka,158141
29/06/2025,Menidi,622260
30/06/2025,Aspropirgos,115420
30/06/2025,Galatsi,341058
30/06/2025,Kiourka,154217
30/06/2025,Menidi,635665
01/07/2025,Aspropirgos,116070
01/07/2025,Galatsi,342271
01/07/2025,Kiourka,165510
01/07/2025,Menidi,646096
02/07/2025,Aspropirgos,116550
02/07/2025,Galatsi,327868
02/07/2025,Kiourka,165436
02/07/2025,Menidi,652480
03/07/2025,Aspropirgos,117900
03/07/2025,Galatsi,351094
03/07/2025,Kiourka,165017
03/07/2025,Menidi,645142
04/07/2025,Aspropirgos,119010
04/07/2025,Galatsi,347941
04/07/2025,Kiourka,166235
04/07/2025,Menidi,643004
05/07/2025,Aspropirgos,117860
05/07/2025,Galatsi,335999
05/07/2025,Kiourka,172456
05/07/2025,Menidi,641636
06/07/2025,Aspropirgos,118610
06/07/2025,Galatsi,329208
06/07/2025,Kiourka,171490
06/07/2025,Menidi,629743
07/07/2025,Aspropirgos,118590
07/07/2025,Galatsi,328257
07/07/2025,Kiourka,174392
07/07/2025,Menidi,645595
08/07/2025,Aspropirgos,121090
08/07/2025,Galatsi,356360
08/07/2025,Kiourka,176303
08/07/2025,Menidi,650684
09/07/2025,Aspropirgos,120700
09/07/2025,Galatsi,350473
09/07/2025,Kiourka,182571
09/07/2025,Menidi,650705
10/07/2025,Aspropirgos,116160
10/07/2025,Galatsi,333034
10/07/2025,Kiourka,180500
10/07/2025,Menidi,632906
11/07/2025,Aspropirgos,118210
11/07/2025,Galatsi,335292
11/07/2025,Kiourka,179980
11/07/2025,Menidi,631027
12/07/2025,Aspropirgos,118760
12/07/2025,Galatsi,317023
12/07/2025,Kiourka,162705
12/07/2025,Menidi,629875
13/07/2025,Aspropirgos,117980
13/07/2025,Galatsi,334742
13/07/2025,Kiourka,167622
13/07/2025,Menidi,624124
14/07/2025,Aspropirgos,121030
14/07/2025,Galatsi,331410
14/07/2025,Kiourka,168649
14/07/2025,Menidi,641212
15/07/2025,Aspropirgos,116960
15/07/2025,Galatsi,322091
15/07/2025,Kiourka,169397
15/07/2025,Menidi,642102
16/07/2025,Aspropirgos,123190
16/07/2025,Galatsi,353861
16/07/2025,Kiourka,171068
16/07/2025,Menidi,652637
17/07/2025,Aspropirgos,120370
17/07/2025,Galatsi,335744
17/07/2025,Kiourka,172605
17/07/2025,Menidi,649888
18/07/2025,Aspropirgos,119270
18/07/2025,Galatsi,336950
18/07/2025,Kiourka,173847
18/07/2025,Menidi,648072
19/07/2025,Aspropirgos,117890
19/07/2025,Galatsi,331257
19/07/2025,Kiourka,172516
19/07/2025,Menidi,637003
20/07/2025,Aspropirgos,117180
20/07/2025,Galatsi,304354
20/07/2025,Kiourka,165492
20/07/2025,Menidi,621023
21/07/2025,Aspropirgos,119620
21/07/2025,Galatsi,342531
21/07/2025,Kiourka,170161
21/07/2025,Menidi,642991
22/07/2025,Aspropirgos,121300
22/07/2025,Galatsi,333060
22/07/2025,Kiourka,173864
22/07/2025,Menidi,641721
23/07/2025,Aspropirgos,119910
23/07/2025,Galatsi,334147
23/07/2025,Kiourka,174972
23/07/2025,Menidi,648306
24/07/2025,Aspropirgos,120870
24/07/2025,Galatsi,332544
24/07/2025,Kiourka,171803
24/07/2025,Menidi,645543
25/07/2025,Aspropirgos,122619
25/07/2025,Galatsi,337177
25/07/2025,Kiourka,176228
25/07/2025,Menidi,650716
26/07/2025,Aspropirgos,122240
26/07/2025,Galatsi,326138
26/07/2025,Kiourka,176167
26/07/2025,Menidi,636963
27/07/2025,Aspropirgos,121850
27/07/2025,Galatsi,321259
27/07/2025,Kiourka,176126
27/07/2025,Menidi,630794
28/07/2025,Aspropirgos,117910
28/07/2025,Galatsi,331859
28/07/2025,Kiourka,174771
28/07/2025,Menidi,647356
29/07/2025,Aspropirgos,117910
29/07/2025,Galatsi,331001
29/07/2025,Kiourka,170931
29/07/2025,Menidi,643100
30/07/2025,Aspropirgos,119120
30/07/2025,Galatsi,327901
30/07/2025,Kiourka,172701
30/07/2025,Menidi,647456
31/07/2025,Aspropirgos,119440
31/07/2025,Galatsi,328923
31/07/2025,Kiourka,162932
31/07/2025,Menidi,625238
01/08/2025,Aspropirgos,116640
01/08/2025,Galatsi,319386
01/08/2025,Kiourka,162863
01/08/2025,Menidi,602235
02/08/2025,Aspropirgos,118660
02/08/2025,Galatsi,326427
02/08/2025,Kiourka,160227
02/08/2025,Menidi,610880
03/08/2025,Aspropirgos,120110
03/08/2025,Galatsi,307512
03/08/2025,Kiourka,159855
03/08/2025,Menidi,595195
04/08/2025,Aspropirgos,120890
04/08/2025,Galatsi,318385
04/08/2025,Kiourka,167368
04/08/2025,Menidi,601634
05/08/2025,Aspropirgos,118100
05/08/2025,Galatsi,313539
05/08/2025,Kiourka,159538
05/08/2025,Menidi,594932
06/08/2025,Aspropirgos,119460
06/08/2025,Galatsi,307827
06/08/2025,Kiourka,160521
06/08/2025,Menidi,590597
07/08/2025,Aspropirgos,120380
07/08/2025,Galatsi,299509
07/08/2025,Kiourka,156563
07/08/2025,Menidi,590819
08/08/2025,Aspropirgos,118790
08/08/2025,Galatsi,326607
08/08/2025,Kiourka,162757
08/08/2025,Menidi,595323
09/08/2025,Aspropirgos,118680
09/08/2025,Galatsi,302497
09/08/2025,Kiourka,163068
09/08/2025,Menidi,585122
10/08/2025,Aspropirgos,119420
10/08/2025,Galatsi,290209
10/08/2025,Kiourka,162519
10/08/2025,Menidi,567646
11/08/2025,Aspropirgos,120970
11/08/2025,Galatsi,289525
11/08/2025,Kiourka,161367
11/08/2025,Menidi,583853
12/08/2025,Aspropirgos,117880
12/08/2025,Galatsi,287559
12/08/2025,Kiourka,160858
12/08/2025,Menidi,578773
13/08/2025,Aspropirgos,120380
13/08/2025,Galatsi,283040
13/08/2025,Kiourka,161772
13/08/2025,Menidi,572017
14/08/2025,Aspropirgos,118720
14/08/2025,Galatsi,276247
14/08/2025,Kiourka,159639
14/08/2025,Menidi,565856
15/08/2025,Aspropirgos,114090
15/08/2025,Galatsi,266994
15/08/2025,Menidi,509805
15/08/2025,Kiourka,155576
16/08/2025,Aspropirgos,116780
16/08/2025,Galatsi,264273
16/08/2025,Kiourka,157805
16/08/2025,Menidi,528579
17/08/2025,Aspropirgos,116150
17/08/2025,Galatsi,262511
17/08/2025,Kiourka,158486
17/08/2025,Menidi,541623
18/08/2025,Aspropirgos,118370
18/08/2025,Galatsi,297943
18/08/2025,Kiourka,157779
18/08/2025,Menidi,568644
19/08/2025,Aspropirgos,119750
19/08/2025,Galatsi,285332
19/08/2025,Kiourka,155202
19/08/2025,Menidi,553875
20/08/2025,Aspropirgos,116950
20/08/2025,Galatsi,284998
20/08/2025,Kiourka,155835
20/08/2025,Menidi,561515
21/08/2025,Aspropirgos,113590
21/08/2025,Galatsi,277857
21/08/2025,Kiourka,153697
21/08/2025,Menidi,575532
22/08/2025,Aspropirgos,118300
22/08/2025,Galatsi,302695
22/08/2025,Kiourka,152322
22/08/2025,Menidi,585644
23/08/2025,Aspropirgos,118020
23/08/2025,Galatsi,290295
23/08/2025,Kiourka,154538
23/08/2025,Menidi,581470
24/08/2025,Aspropirgos,117500
24/08/2025,Galatsi,295316
24/08/2025,Kiourka,153297
24/08/2025,Menidi,591343
25/08/2025,Aspropirgos,117760
25/08/2025,Galatsi,306707
25/08/2025,Kiourka,151717
25/08/2025,Menidi,610195
26/08/2025,Aspropirgos,116590
26/08/2025,Galatsi,305676
26/08/2025,Kiourka,157867
26/08/2025,Menidi,605166
27/08/2025,Aspropirgos,114570
27/08/2025,Galatsi,310313
27/08/2025,Kiourka,149852
27/08/2025,Menidi,613780
28/08/2025,Aspropirgos,117910
28/08/2025,Galatsi,310250
28/08/2025,Kiourka,153852
28/08/2025,Menidi,625102
29/08/2025,Aspropirgos,116690
29/08/2025,Galatsi,312627
29/08/2025,Kiourka,161431
29/08/2025,Menidi,620099
30/08/2025,Aspropirgos,115990
30/08/2025,Galatsi,323620
30/08/2025,Kiourka,158069
30/08/2025,Menidi,625558
31/08/2025,Aspropirgos,114760
31/08/2025,Galatsi,322967
31/08/2025,Kiourka,162302
31/08/2025,Menidi,617759
01/09/2025,Aspropirgos,116050
01/09/2025,Galatsi,333074
01/09/2025,Kiourka,159432
01/09/2025,Menidi,629812
02/09/2025,Aspropirgos,113370
02/09/2025,Galatsi,337441
02/09/2025,Kiourka,158020
02/09/2025,Menidi,631733
03/09/2025,Aspropirgos,113130
03/09/2025,Galatsi,337052
03/09/2025,Kiourka,149321
03/09/2025,Menidi,634376
04/09/2025,Aspropirgos,113610
04/09/2025,Kiourka,157960
04/09/2025,Galatsi,337107
04/09/2025,Menidi,633898
05/09/2025,Aspropirgos,114400
05/09/2025,Galatsi,336883
05/09/2025,Kiourka,159844
05/09/2025,Menidi,632631
06/09/2025,Aspropirgos,116060
06/09/2025,Galatsi,334623
06/09/2025,Kiourka,159567
06/09/2025,Menidi,631503
07/09/2025,Aspropirgos,114090
07/09/2025,Galatsi,326368
07/09/2025,Kiourka,153797
07/09/2025,Menidi,621693
08/09/2025,Aspropirgos,115250
08/09/2025,Kiourka,157507
08/09/2025,Menidi,626207
08/09/2025,Galatsi,334414
09/09/2025,Aspropirgos,112770
09/09/2025,Galatsi,324861
09/09/2025,Kiourka,151464
09/09/2025,Menidi,637196
10/09/2025,Aspropirgos,113860
10/09/2025,Galatsi,328367
10/09/2025,Kiourka,154713
10/09/2025,Menidi,645186
11/09/2025,Aspropirgos,112080
11/09/2025,Galatsi,330310
11/09/2025,Kiourka,153829
11/09/2025,Menidi,633271
12/09/2025,Aspropirgos,113010
12/09/2025,Galatsi,329121
12/09/2025,Kiourka,158516
12/09/2025,Menidi,638204
13/09/2025,Menidi,632458
13/09/2025,Kiourka,158962
13/09/2025,Galatsi,326992
13/09/2025,Aspropirgos,114390
14/09/2025,Aspropirgos,112240
14/09/2025,Galatsi,319752
14/09/2025,Kiourka,151858
14/09/2025,Menidi,624813
15/09/2025,Aspropirgos,112080
15/09/2025,Galatsi,325600
15/09/2025,Kiourka,148624
15/09/2025,Menidi,635511
16/09/2025,Aspropirgos,110820
16/09/2025,Galatsi,326976
16/09/2025,Kiourka,154780
16/09/2025,Menidi,644104
17/09/2025,Aspropirgos,109880
17/09/2025,Galatsi,325793
17/09/2025,Kiourka,158870
17/09/2025,Menidi,632326
18/09/2025,Aspropirgos,107230
18/09/2025,Galatsi,320965
18/09/2025,Kiourka,150949
18/09/2025,Menidi,614152
19/09/2025,Aspropirgos,107900
19/09/2025,Galatsi,321854
19/09/2025,Menidi,616731
19/09/2025,Kiourka,152083
20/09/2025,Kiourka,152972
20/09/2025,Menidi,619512
20/09/2025,Galatsi,321525
20/09/2025,Aspropirgos,108280
21/09/2025,Aspropirgos,109120
21/09/2025,Galatsi,318263
21/09/2025,Menidi,625579
21/09/2025,Kiourka,151554
22/09/2025,Kiourka,145481
22/09/2025,Menidi,623816
22/09/2025,Galatsi,322860
22/09/2025,Aspropirgos,108550
23/09/2025,Aspropirgos,106520
23/09/2025,Galatsi,325872
23/09/2025,Kiourka,142813
23/09/2025,Menidi,630630
24/09/2025,Aspropirgos,105360
24/09/2025,Galatsi,322279
24/09/2025,Kiourka,142126
24/09/2025,Menidi,628291
25/09/2025,Aspropirgos,105090
25/09/2025,Galatsi,322991
25/09/2025,Kiourka,141933
25/09/2025,Menidi,622630
26/09/2025,Menidi,619768
26/09/2025,Kiourka,139103
26/09/2025,Galatsi,323931
26/09/2025,Aspropirgos,104190
27/09/2025,Aspropirgos,104150
27/09/2025,Galatsi,316457
27/09/2025,Kiourka,141772
27/09/2025,Menidi,610091
28/09/2025,Menidi,605717
28/09/2025,Kiourka,132876
28/09/2025,Galatsi,297270
28/09/2025,Aspropirgos,99970
29/09/2025,Galatsi,324043
29/09/2025,Aspropirgos,98120
29/09/2025,Kiourka,120130
29/09/2025,Menidi,583502
30/09/2025,Aspropirgos,97690
30/09/2025,Galatsi,310873
30/09/2025,Kiourka,121530
30/09/2025,Menidi,591656
01/10/2025,Aspropirgos,96200
01/10/2025,Kiourka,120389
01/10/2025,Menidi,592259
01/10/2025,Galatsi,314265
02/10/2025,Aspropirgos,94110
02/10/2025,Galatsi,306521
02/10/2025,Kiourka,101625
02/10/2025,Menidi,573474
03/10/2025,Aspropirgos,93490
03/10/2025,Galatsi,311129
03/10/2025,Kiourka,110498
03/10/2025,Menidi,588394
04/10/2025,Aspropirgos,95690
04/10/2025,Galatsi,314029
04/10/2025,Kiourka,110330
04/10/2025,Menidi,587249
05/10/2025,Aspropirgos,95430
05/10/2025,Galatsi,311392
05/10/2025,Kiourka,110729
05/10/2025,Menidi,580729
06/10/2025,Aspropirgos,92550
06/10/2025,Galatsi,307890
06/10/2025,Kiourka,99202
06/10/2025,Menidi,569393
07/10/2025,Aspropirgos,90990
07/10/2025,Galatsi,303655
07/10/2025,Kiourka,100489
07/10/2025,Menidi,568226
08/10/2025,Aspropirgos,91860
08/10/2025,Galatsi,308451
08/10/2025,Kiourka,100191
08/10/2025,Menidi,573518
09/10/2025,Aspropirgos,95350
09/10/2025,Galatsi,308888
09/10/2025,Kiourka,103569
09/10/2025,Menidi,583156
10/10/2025,Aspropirgos,96090
10/10/2025,Galatsi,305889
10/10/2025,Kiourka,110501
10/10/2025,Menidi,577697
11/10/2025,Aspropirgos,95890
11/10/2025,Galatsi,314090
11/10/2025,Kiourka,112442
11/10/2025,Menidi,582709
12/10/2025,Aspropirgos,95750
12/10/2025,Galatsi,308060
12/10/2025,Kiourka,102807
12/10/2025,Menidi,577945
13/10/2025,Aspropirgos,97700
13/10/2025,Galatsi,312029
13/10/2025,Kiourka,107148
13/10/2025,Menidi,582282
14/10/2025,Aspropirgos,95310
14/10/2025,Galatsi,306322
14/10/2025,Kiourka,105047
14/10/2025,Menidi,576707
15/10/2025,Aspropirgos,95250
15/10/2025,Galatsi,309327
15/10/2025,Kiourka,110501
15/10/2025,Menidi,575555
16/10/2025,Aspropirgos,95490
16/10/2025,Galatsi,307598
16/10/2025,Kiourka,109576
16/10/2025,Menidi,565702
17/10/2025,Aspropirgos,96270
17/10/2025,Galatsi,304600
17/10/2025,Menidi,618021
17/10/2025,Kiourka,110718
18/10/2025,Kiourka,114521
18/10/2025,Menidi,521718
18/10/2025,Galatsi,311014
18/10/2025,Aspropirgos,97080
19/10/2025,Aspropirgos,92080
19/10/2025,Galatsi,298840
19/10/2025,Menidi,541878
19/10/2025,Kiourka,116505
20/10/2025,Kiourka,95814
20/10/2025,Menidi,552274
20/10/2025,Galatsi,300497
20/10/2025,Aspropirgos,89600
21/10/2025,Aspropirgos,91330
21/10/2025,Galatsi,304086
21/10/2025,Kiourka,100025
21/10/2025,Menidi,559411
22/10/2025,Aspropirgos,92600
22/10/2025,Galatsi,306576
22/10/2025,Kiourka,103990
22/10/2025,Menidi,558916
23/10/2025,Aspropirgos,91840
23/10/2025,Galatsi,307244
23/10/2025,Kiourka,96866
23/10/2025,Menidi,563879
24/10/2025,Aspropirgos,93750
24/10/2025,Galatsi,304385
24/10/2025,Menidi,561476
24/10/2025,Kiourka,107211
25/10/2025,Kiourka,102604
25/10/2025,Menidi,568380
25/10/2025,Galatsi,307276
25/10/2025,Aspropirgos,95080
26/10/2025,Aspropirgos,99430
26/10/2025,Galatsi,304269
26/10/2025,Menidi,560489
26/10/2025,Kiourka,100952
27/10/2025,Galatsi,295347
27/10/2025,Aspropirgos,94330
27/10/2025,Menidi,547749
27/10/2025,Kiourka,99236
28/10/2025,Kiourka,102462
28/10/2025,Menidi,542616
28/10/2025,Aspropirgos,92170
28/10/2025,Galatsi,297062
29/10/2025,Aspropirgos,93520
29/10/2025,Galatsi,302086
29/10/2025,Kiourka,101035
29/10/2025,Menidi,563041
30/10/2025,Aspropirgos,94570
30/10/2025,Galatsi,304622
30/10/2025,Kiourka,98019
30/10/2025,Menidi,573521
31/10/2025,Aspropirgos,92880
31/10/2025,Galatsi,302318
31/10/2025,Kiourka,99866
31/10/2025,Menidi,548652
01/11/2025,Aspropirgos,93260
01/11/2025,Galatsi,304162
01/11/2025,Kiourka,99601
01/11/2025,Menidi,560409
02/11/2025,Aspropirgos,92300
02/11/2025,Galatsi,299717
02/11/2025,Kiourka,96448
02/11/2025,Menidi,562747
03/11/2025,Aspropirgos,95050
03/11/2025,Galatsi,305449
03/11/2025,Kiourka,95782
03/11/2025,Menidi,569591
04/11/2025,Menidi,559143
04/11/2025,Kiourka,91864
04/11/2025,Galatsi,287574
04/11/2025,Aspropirgos,93890
05/11/2025,Aspropirgos,91640
05/11/2025,Galatsi,313535
05/11/2025,Kiourka,85400
05/11/2025,Menidi,549054
06/11/2025,Aspropirgos,91580
06/11/2025,Galatsi,301192
06/11/2025,Kiourka,86747
06/11/2025,Menidi,553933
07/11/2025,Aspropirgos,93250
07/11/2025,Galatsi,310330
07/11/2025,Menidi,561953
07/11/2025,Kiourka,86512
08/11/2025,Kiourka,86113
08/11/2025,Menidi,550275
08/11/2025,Galatsi,310939
08/11/2025,Aspropirgos,91560
09/11/2025,Aspropirgos,92220
09/11/2025,Galatsi,311836
09/11/2025,Menidi,559350
09/11/2025,Kiourka,91547
10/11/2025,Galatsi,306389
10/11/2025,Aspropirgos,90090
10/11/2025,Menidi,537418
10/11/2025,Kiourka,88715
11/11/2025,Kiourka,90878
11/11/2025,Menidi,561679
11/11/2025,Aspropirgos,90850
11/11/2025,Galatsi,308013
12/11/2025,Aspropirgos,89830
12/11/2025,Galatsi,308865
12/11/2025,Kiourka,88924
12/11/2025,Menidi,557295
13/11/2025,Aspropirgos,90460
13/11/2025,Galatsi,304923
13/11/2025,Kiourka,88476
13/11/2025,Menidi,548415
14/11/2025,Aspropirgos,91370
14/11/2025,Galatsi,301763
14/11/2025,Kiourka,92490
14/11/2025,Menidi,541983
15/11/2025,Menidi,559913
15/11/2025,Kiourka,93839
15/11/2025,Galatsi,304382
15/11/2025,Aspropirgos,93280
16/11/2025,Aspropirgos,90890
16/11/2025,Galatsi,301108
16/11/2025,Kiourka,91861
16/11/2025,Menidi,552773
17/11/2025,Aspropirgos,89980
17/11/2025,Galatsi,291989
17/11/2025,Kiourka,92214
17/11/2025,Menidi,558665
18/11/2025,Aspropirgos,89280
18/11/2025,Galatsi,297497
18/11/2025,Kiourka,86399
18/11/2025,Menidi,542578
19/11/2025,Aspropirgos,90600
19/11/2025,Galatsi,301114
19/11/2025,Kiourka,97352
19/11/2025,Menidi,534579
20/11/2025,Aspropirgos,91890
20/11/2025,Galatsi,301215
20/11/2025,Kiourka,88813
20/11/2025,Menidi,545764
21/11/2025,Aspropirgos,91050
21/11/2025,Galatsi,288045
21/11/2025,Menidi,554512
21/11/2025,Kiourka,87249
22/11/2025,Kiourka,87696
22/11/2025,Menidi,554272
22/11/2025,Galatsi,315316
22/11/2025,Aspropirgos,91620
23/11/2025,Aspropirgos,89900
23/11/2025,Galatsi,301482
23/11/2025,Menidi,553318
23/11/2025,Kiourka,87466
24/11/2025,Aspropirgos,90490
24/11/2025,Galatsi,301259
24/11/2025,Kiourka,86311
24/11/2025,Menidi,551538
25/11/2025,Aspropirgos,90260
25/11/2025,Galatsi,294050
25/11/2025,Kiourka,84792
25/11/2025,Menidi,543261
26/11/2025,Menidi,537968
26/11/2025,Kiourka,86262
26/11/2025,Galatsi,295633
26/11/2025,Aspropirgos,88920
27/11/2025,Aspropirgos,86940
27/11/2025,Galatsi,294504
27/11/2025,Kiourka,79717
27/11/2025,Menidi,535747
28/11/2025,Aspropirgos,86860
28/11/2025,Galatsi,290853
28/11/2025,Menidi,524452
28/11/2025,Kiourka,78221
29/11/2025,Kiourka,88889
29/11/2025,Menidi,563271
29/11/2025,Galatsi,305634
29/11/2025,Aspropirgos,88230
30/11/2025,Aspropirgos,87300
30/11/2025,Galatsi,299059
30/11/2025,Menidi,534697
30/11/2025,Kiourka,81653
01/12/2025,Aspropirgos,88370
01/12/2025,Galatsi,299268
01/12/2025,Kiourka,84219
01/12/2025,Menidi,538783
02/12/2025,Aspropirgos,86300
02/12/2025,Galatsi,296180
02/12/2025,Kiourka,80545
02/12/2025,Menidi,542273
03/12/2025,Aspropirgos,85220
03/12/2025,Menidi,535191
03/12/2025,Galatsi,296106
03/12/2025,Kiourka,79940
04/12/2025,Kiourka,78196
04/12/2025,Galatsi,282309
04/12/2025,Menidi,522394
04/12/2025,Aspropirgos,83350
05/12/2025,Aspropirgos,93210
05/12/2025,Galatsi,303112
05/12/2025,Menidi,500841
05/12/2025,Kiourka,99692
06/12/2025,Kiourka,90589
06/12/2025,Menidi,548364
06/12/2025,Galatsi,305539
06/12/2025,Aspropirgos,93210
07/12/2025,Aspropirgos,88190
07/12/2025,Galatsi,295427
07/12/2025,Menidi,516556
07/12/2025,Kiourka,83213
08/12/2025,Kiourka,81138
08/12/2025,Menidi,537272
08/12/2025,Galatsi,301150
08/12/2025,Aspropirgos,90560
09/12/2025,Aspropirgos,88590
09/12/2025,Galatsi,297379
09/12/2025,Menidi,532536
09/12/2025,Kiourka,77467
10/12/2025,Kiourka,78748
10/12/2025,Menidi,541493
10/12/2025,Galatsi,303707
10/12/2025,Aspropirgos,89820
11/12/2025,Aspropirgos,87950
11/12/2025,Galatsi,305635
11/12/2025,Menidi,537658
11/12/2025,Kiourka,81481
12/12/2025,Galatsi,308012
12/12/2025,Kiourka,78699
12/12/2025,Menidi,531662
12/12/2025,Aspropirgos,87670
13/12/2025,Aspropirgos,88810
13/12/2025,Menidi,523800
13/12/2025,Kiourka,81413
13/12/2025,Galatsi,307778
14/12/2025,Galatsi,303459
14/12/2025,Kiourka,80686
14/12/2025,Menidi,511529
14/12/2025,Aspropirgos,86330
15/12/2025,Aspropirgos,88000
15/12/2025,Menidi,523350
15/12/2025,Kiourka,78646
15/12/2025,Galatsi,306742
16/12/2025,Galatsi,302689
16/12/2025,Kiourka,83350
16/12/2025,Menidi,520608
16/12/2025,Aspropirgos,86510
17/12/2025,Aspropirgos,86330
17/12/2025,Galatsi,307628
17/12/2025,Menidi,535181
17/12/2025,Kiourka,82208
18/12/2025,Kiourka,95276
18/12/2025,Menidi,523220
18/12/2025,Galatsi,306530
18/12/2025,Aspropirgos,87210
19/12/2025,Aspropirgos,84370
19/12/2025,Menidi,525317
19/12/2025,Galatsi,309011
19/12/2025,Kiourka,81084
20/12/2025,Kiourka,83976
20/12/2025,Galatsi,307767
20/12/2025,Menidi,525515
20/12/2025,Aspropirgos,83520
21/12/2025,Aspropirgos,82890
21/12/2025,Menidi,523504
21/12/2025,Galatsi,307021
21/12/2025,Kiourka,83283
22/12/2025,Aspropirgos,84200
22/12/2025,Galatsi,306927
22/12/2025,Kiourka,77296
22/12/2025,Menidi,528230
23/12/2025,Aspropirgos,85980
23/12/2025,Galatsi,305347
23/12/2025,Kiourka,79871
23/12/2025,Menidi,525458
24/12/2025,Menidi,504994
24/12/2025,Kiourka,88378
24/12/2025,Galatsi,303059
24/12/2025,Aspropirgos,81920
25/12/2025,Aspropirgos,78800
25/12/2025,Galatsi,290110
25/12/2025,Kiourka,75583
25/12/2025,Menidi,482261
26/12/2025,Menidi,475268
26/12/2025,Kiourka,75843
26/12/2025,Galatsi,292384
26/12/2025,Aspropirgos,78930
27/12/2025,Aspropirgos,80170
27/12/2025,Galatsi,295026
27/12/2025,Kiourka,78245
27/12/2025,Menidi,479778
28/12/2025,Menidi,492579
28/12/2025,Kiourka,78696
28/12/2025,Galatsi,295647
28/12/2025,Aspropirgos,80800
29/12/2025,Aspropirgos,82790
29/12/2025,Galatsi,303029
29/12/2025,Kiourka,83439
29/12/2025,Menidi,508465
30/12/2025,Menidi,508771
30/12/2025,Kiourka,79692
30/12/2025,Galatsi,304002
30/12/2025,Aspropirgos,84890
31/12/2025,Aspropirgos,83150
31/12/2025,Galatsi,312194
31/12/2025,Kiourka,83982
31/12/2025,Menidi,519509
01/01/2026,Aspropirgos,80450
01/01/2026,Galatsi,292538
01/01/2026,Menidi,467895
01/01/2026,Kiourka,78970
02/01/2026,Kiourka,79954
02/01/2026,Menidi,508655
02/01/2026,Galatsi,296597
02/01/2026,Aspropirgos,84670
03/01/2026,Aspropirgos,83810
03/01/2026,Galatsi,296975
03/01/2026,Menidi,506786
03/01/2026,Kiourka,83529
04/01/2026,Kiourka,85352
04/01/2026,Menidi,500861
04/01/2026,Galatsi,300054
04/01/2026,Aspropirgos,83390
05/01/2026,Aspropirgos,87350
05/01/2026,Galatsi,302679
05/01/2026,Menidi,510212
05/01/2026,Kiourka,91880
06/01/2026,Kiourka,78724
06/01/2026,Menidi,498838
06/01/2026,Galatsi,297968
06/01/2026,Aspropirgos,82820
07/01/2026,Aspropirgos,86010
07/01/2026,Galatsi,308036
07/01/2026,Menidi,529985
07/01/2026,Kiourka,83142
08/01/2026,Galatsi,308547
08/01/2026,Aspropirgos,85740
08/01/2026,Menidi,525406
08/01/2026,Kiourka,82001
09/01/2026,Kiourka,72363
09/01/2026,Menidi,532681
09/01/2026,Aspropirgos,84830
09/01/2026,Galatsi,310331
10/01/2026,Galatsi,313575
10/01/2026,Aspropirgos,88170
10/01/2026,Menidi,554345
10/01/2026,Kiourka,62897
11/01/2026,Kiourka,79404
11/01/2026,Menidi,536111
11/01/2026,Aspropirgos,84360
11/01/2026,Galatsi,307895
12/01/2026,Aspropirgos,84660
12/01/2026,Galatsi,307947
12/01/2026,Kiourka,81046
12/01/2026,Menidi,523085
13/01/2026,Aspropirgos,90000
13/01/2026,Galatsi,302148
13/01/2026,Kiourka,82214
13/01/2026,Menidi,522883
14/01/2026,Aspropirgos,85910
14/01/2026,Galatsi,303998
14/01/2026,Menidi,538623
14/01/2026,Kiourka,83298
15/01/2026,Aspropirgos,85770
15/01/2026,Galatsi,298969
15/01/2026,Kiourka,86080
15/01/2026,Menidi,534527
16/01/2026,Aspropirgos,87580
16/01/2026,Galatsi,303742
16/01/2026,Menidi,532559
16/01/2026,Kiourka,84062
17/01/2026,Kiourka,85929
17/01/2026,Menidi,523556
17/01/2026,Galatsi,298971
17/01/2026,Aspropirgos,88940
18/01/2026,Aspropirgos,85190
18/01/2026,Galatsi,298202
18/01/2026,Menidi,514762
18/01/2026,Kiourka,84107
19/01/2026,Aspropirgos,86010
19/01/2026,Galatsi,300069
19/01/2026,Kiourka,77489
19/01/2026,Menidi,526812
20/01/2026,Menidi,509511
20/01/2026,Kiourka,83923
20/01/2026,Galatsi,298945
20/01/2026,Aspropirgos,85970
21/01/2026,Aspropirgos,83910
21/01/2026,Galatsi,292702
21/01/2026,Kiourka,80604
21/01/2026,Menidi,510160
22/01/2026,Menidi,545674
22/01/2026,Kiourka,89428
22/01/2026,Galatsi,301772
22/01/2026,Aspropirgos,86280
23/01/2026,Aspropirgos,87580
23/01/2026,Menidi,542898
23/01/2026,Galatsi,304083
23/01/2026,Kiourka,90963
24/01/2026,Kiourka,90250
24/01/2026,Galatsi,312085
24/01/2026,Menidi,550227
24/01/2026,Aspropirgos,88070
25/01/2026,Aspropirgos,83490
25/01/2026,Menidi,526343
25/01/2026,Galatsi,303947
25/01/2026,Kiourka,85914
26/01/2026,Aspropirgos,83060
26/01/2026,Galatsi,297203
26/01/2026,Kiourka,82222
26/01/2026,Menidi,523589
27/01/2026,Aspropirgos,83750
27/01/2026,Galatsi,302766
27/01/2026,Kiourka,91475
27/01/2026,Menidi,530736
28/01/2026,Menidi,539367
28/01/2026,Galatsi,309922
28/01/2026,Kiourka,83908
28/01/2026,Aspropirgos,84230
29/01/2026,Aspropirgos,82530
29/01/2026,Galatsi,300081
29/01/2026,Kiourka,81742
29/01/2026,Menidi,520081
30/01/2026,Aspropirgos,86230
30/01/2026,Galatsi,304809
30/01/2026,Kiourka,88004
30/01/2026,Menidi,530240
31/01/2026,Menidi,547327
31/01/2026,Kiourka,85518
31/01/2026,Aspropirgos,86440
31/01/2026,Galatsi,310734
