Ημερομηνία,Ταμιευτήρας,Τιμή
01/01/2023,Marathonas,25626000
01/01/2023,Iliki,409725000
01/01/2023,Mornos,599930000
01/01/2023,Evinos,20813000
02/01/2023,Marathonas,25626000
02/01/2023,Iliki,409725000
02/01/2023,Mornos,599127000
02/01/2023,Evinos,20990000
03/01/2023,Marathonas,25605000
03/01/2023,Iliki,409725000
03/01/2023,Mornos,598325000
03/01/2023,Evinos,21168000
04/01/2023,Marathonas,25605000
04/01/2023,Iliki,409725000
04/01/2023,Mornos,597524000
04/01/2023,Evinos,21346000
05/01/2023,Marathonas,25605000
05/01/2023,Iliki,409725000
05/01/2023,Mornos,596563000
05/01/2023,Evinos,21525000
06/01/2023,Marathonas,25605000
06/01/2023,Iliki,409520000
06/01/2023,Mornos,595763000
06/01/2023,Evinos,21704000
07/01/2023,Marathonas,25584000
07/01/2023,Iliki,409520000
07/01/2023,Mornos,594963000
07/01/2023,Evinos,21885000
08/01/2023,Marathonas,25584000
08/01/2023,Iliki,409520000
08/01/2023,Mornos,594165000
08/01/2023,Evinos,21975000
09/01/2023,Marathonas,25563000
09/01/2023,Iliki,409520000
09/01/2023,Mornos,593365000
09/01/2023,Evinos,22156000
10/01/2023,Marathonas,25542000
10/01/2023,Iliki,409520000
10/01/2023,Mornos,593046000
10/01/2023,Evinos,22612000
11/01/2023,Marathonas,25542000
11/01/2023,Iliki,409520000
11/01/2023,Mornos,594165000
11/01/2023,Evinos,25243000
12/01/2023,Marathonas,25521000
12/01/2023,Iliki,409315000
12/01/2023,Mornos,594005000
12/01/2023,Evinos,26118000
13/01/2023,Marathonas,25500000
13/01/2023,Iliki,409315000
13/01/2023,Mornos,593365000
13/01/2023,Evinos,26808000
14/01/2023,Marathonas,25521000
14/01/2023,Iliki,409315000
14/01/2023,Mornos,593046000
14/01/2023,Evinos,27306000
15/01/2023,Marathonas,25521000
15/01/2023,Iliki,409315000
15/01/2023,Mornos,592409000
15/01/2023,Evinos,27708000
16/01/2023,Marathonas,25480000
16/01/2023,Iliki,409110000
16/01/2023,Mornos,591772000
16/01/2023,Evinos,28113000
17/01/2023,Marathonas,25438000
17/01/2023,Iliki,409110000
17/01/2023,Mornos,591134000
17/01/2023,Evinos,28521000
18/01/2023,Marathonas,25417000
18/01/2023,Iliki,409110000
18/01/2023,Mornos,591134000
18/01/2023,Evinos,29658000
19/01/2023,Marathonas,25334000
19/01/2023,Iliki,409110000
19/01/2023,Mornos,590975000
19/01/2023,Evinos,30499000
20/01/2023,Marathonas,25375000
20/01/2023,Iliki,409110000
20/01/2023,Mornos,590815000
20/01/2023,Evinos,31353000
21/01/2023,Marathonas,25375000
21/01/2023,Iliki,409110000
21/01/2023,Mornos,591134000
21/01/2023,Evinos,33876000
22/01/2023,Marathonas,25375000
22/01/2023,Iliki,408905000
22/01/2023,Mornos,593206000
22/01/2023,Evinos,39492000
23/01/2023,Marathonas,25354000
23/01/2023,Iliki,408905000
23/01/2023,Mornos,594804000
23/01/2023,Evinos,40718000
24/01/2023,Marathonas,25354000
24/01/2023,Iliki,408905000
24/01/2023,Mornos,596723000
24/01/2023,Evinos,40938000
25/01/2023,Marathonas,25292000
25/01/2023,Iliki,408905000
25/01/2023,Mornos,598645000
25/01/2023,Evinos,40938000
26/01/2023,Marathonas,25313000
26/01/2023,Iliki,408905000
26/01/2023,Mornos,600733000
26/01/2023,Evinos,41601000
27/01/2023,Marathonas,25668000
27/01/2023,Iliki,410135000
27/01/2023,Mornos,604434000
27/01/2023,Evinos,43175000
28/01/2023,Marathonas,25668000
28/01/2023,Iliki,410750000
28/01/2023,Mornos,607016000
28/01/2023,Evinos,43974000
29/01/2023,Marathonas,25605000
29/01/2023,Iliki,410750000
29/01/2023,Mornos,609118000
29/01/2023,Evinos,44205000
30/01/2023,Marathonas,25521000
30/01/2023,Iliki,410750000
30/01/2023,Mornos,610575000
30/01/2023,Evinos,43974000
31/01/2023,Marathonas,25500000
31/01/2023,Iliki,410750000
31/01/2023,Mornos,612197000
31/01/2023,Evinos,43288000
01/02/2023,Marathonas,25521000
01/02/2023,Iliki,410750000
01/02/2023,Mornos,613658000
01/02/2023,Evinos,42609000
02/02/2023,Marathonas,25521000
02/02/2023,Iliki,410750000
02/02/2023,Mornos,614958000
02/02/2023,Evinos,41824000
03/02/2023,Marathonas,25500000
03/02/2023,Iliki,410750000
03/02/2023,Mornos,616098000
03/02/2023,Evinos,40938000
04/02/2023,Marathonas,25459000
04/02/2023,Iliki,410750000
04/02/2023,Mornos,617075000
04/02/2023,Evinos,39954000
05/02/2023,Marathonas,25396000
05/02/2023,Iliki,410955000
05/02/2023,Mornos,618216000
05/02/2023,Evinos,38763000
06/02/2023,Marathonas,25438000
06/02/2023,Iliki,411365000
06/02/2023,Mornos,619359000
06/02/2023,Evinos,37804000
07/02/2023,Marathonas,25438000
07/02/2023,Iliki,411775000
07/02/2023,Mornos,618869000
07/02/2023,Evinos,38282000
08/02/2023,Marathonas,25459000
08/02/2023,Iliki,411775000
08/02/2023,Mornos,618380000
08/02/2023,Evinos,38763000
09/02/2023,Marathonas,25396000
09/02/2023,Iliki,412185000
09/02/2023,Mornos,617727000
09/02/2023,Evinos,39248000
10/02/2023,Marathonas,25334000
10/02/2023,Iliki,412390000
10/02/2023,Mornos,617238000
10/02/2023,Evinos,39614000
11/02/2023,Marathonas,25271000
11/02/2023,Iliki,412390000
11/02/2023,Mornos,616424000
11/02/2023,Evinos,39954000
12/02/2023,Marathonas,25250000
12/02/2023,Iliki,412390000
12/02/2023,Mornos,615772000
12/02/2023,Evinos,40389000
13/02/2023,Marathonas,25230000
13/02/2023,Iliki,412595000
13/02/2023,Mornos,615121000
13/02/2023,Evinos,40718000
14/02/2023,Marathonas,25209000
14/02/2023,Iliki,412595000
14/02/2023,Mornos,614470000
14/02/2023,Evinos,41048000
15/02/2023,Marathonas,25250000
15/02/2023,Iliki,412595000
15/02/2023,Mornos,613820000
15/02/2023,Evinos,41379000
16/02/2023,Marathonas,25271000
16/02/2023,Iliki,412595000
16/02/2023,Mornos,613008000
16/02/2023,Evinos,41713000
17/02/2023,Marathonas,25334000
17/02/2023,Iliki,412800000
17/02/2023,Mornos,612360000
17/02/2023,Evinos,41936000
18/02/2023,Marathonas,25334000
18/02/2023,Iliki,412800000
18/02/2023,Mornos,611711000
18/02/2023,Evinos,42159000
19/02/2023,Marathonas,25271000
19/02/2023,Iliki,412800000
19/02/2023,Mornos,611062000
19/02/2023,Evinos,42384000
20/02/2023,Marathonas,25250000
20/02/2023,Iliki,412800000
20/02/2023,Mornos,610413000
20/02/2023,Evinos,42722000
21/02/2023,Marathonas,25230000
21/02/2023,Iliki,412800000
21/02/2023,Mornos,609603000
21/02/2023,Evinos,43061000
22/02/2023,Marathonas,25209000
22/02/2023,Iliki,412800000
22/02/2023,Mornos,608956000
22/02/2023,Evinos,43402000
23/02/2023,Marathonas,25188000
23/02/2023,Iliki,412800000
23/02/2023,Mornos,608471000
23/02/2023,Evinos,43745000
24/02/2023,Marathonas,25209000
24/02/2023,Iliki,412800000
24/02/2023,Mornos,607985000
24/02/2023,Evinos,44089000
25/02/2023,Marathonas,25230000
25/02/2023,Iliki,412800000
25/02/2023,Mornos,607339000
25/02/2023,Evinos,44667000
26/02/2023,Marathonas,25271000
26/02/2023,Iliki,412800000
26/02/2023,Mornos,606855000
26/02/2023,Evinos,45132000
27/02/2023,Marathonas,25292000
27/02/2023,Iliki,412800000
27/02/2023,Mornos,606209000
27/02/2023,Evinos,45718000
28/02/2023,Marathonas,25313000
28/02/2023,Iliki,412800000
28/02/2023,Mornos,605402000
28/02/2023,Evinos,46190000
01/03/2023,Marathonas,25334000
01/03/2023,Iliki,412800000
01/03/2023,Mornos,604756000
01/03/2023,Evinos,46664000
02/03/2023,Marathonas,25292000
02/03/2023,Iliki,413005000
02/03/2023,Mornos,603950000
02/03/2023,Evinos,47262000
03/03/2023,Marathonas,25313000
03/03/2023,Iliki,413005000
03/03/2023,Mornos,603628000
03/03/2023,Evinos,47986000
04/03/2023,Marathonas,25396000
04/03/2023,Iliki,413210000
04/03/2023,Mornos,603145000
04/03/2023,Evinos,48594000
05/03/2023,Marathonas,25396000
05/03/2023,Iliki,413210000
05/03/2023,Mornos,602663000
05/03/2023,Evinos,49206000
06/03/2023,Marathonas,25354000
06/03/2023,Iliki,413210000
06/03/2023,Mornos,602180000
06/03/2023,Evinos,49700000
07/03/2023,Marathonas,25396000
07/03/2023,Iliki,413210000
07/03/2023,Mornos,602019000
07/03/2023,Evinos,50197000
08/03/2023,Marathonas,25396000
08/03/2023,Iliki,413210000
08/03/2023,Mornos,603628000
08/03/2023,Evinos,54023000
09/03/2023,Marathonas,25375000
09/03/2023,Iliki,412800000
09/03/2023,Mornos,603628000
09/03/2023,Evinos,55870000
10/03/2023,Marathonas,25354000
10/03/2023,Iliki,412595000
10/03/2023,Mornos,604918000
10/03/2023,Evinos,55604000
11/03/2023,Marathonas,25354000
11/03/2023,Iliki,412595000
11/03/2023,Mornos,606693000
11/03/2023,Evinos,55604000
12/03/2023,Marathonas,25334000
12/03/2023,Iliki,412595000
12/03/2023,Mornos,608147000
12/03/2023,Evinos,56004000
13/03/2023,Marathonas,25313000
13/03/2023,Iliki,412595000
13/03/2023,Mornos,610090000
13/03/2023,Evinos,55870000
14/03/2023,Marathonas,25292000
14/03/2023,Iliki,412595000
14/03/2023,Mornos,611711000
14/03/2023,Evinos,55206000
15/03/2023,Marathonas,25292000
15/03/2023,Iliki,412595000
15/03/2023,Mornos,613170000
15/03/2023,Evinos,54415000
16/03/2023,Marathonas,25313000
16/03/2023,Iliki,412595000
16/03/2023,Mornos,614796000
16/03/2023,Evinos,53892000
17/03/2023,Marathonas,25354000
17/03/2023,Iliki,412595000
17/03/2023,Mornos,616261000
17/03/2023,Evinos,53373000
18/03/2023,Marathonas,25369000
18/03/2023,Evinos,52856000
18/03/2023,Iliki,412595000
18/03/2023,Mornos,617564000
19/03/2023,Mornos,618869000
19/03/2023,Iliki,412390000
19/03/2023,Evinos,52088000
19/03/2023,Marathonas,25417000
20/03/2023,Marathonas,25396000
20/03/2023,Iliki,412390000
20/03/2023,Mornos,620175000
20/03/2023,Evinos,51200000
21/03/2023,Marathonas,25313000
21/03/2023,Iliki,412390000
21/03/2023,Mornos,621483000
21/03/2023,Evinos,51074000
22/03/2023,Marathonas,25313000
22/03/2023,Iliki,412390000
22/03/2023,Mornos,622794000
22/03/2023,Evinos,48961000
23/03/2023,Marathonas,25313000
23/03/2023,Iliki,412185000
23/03/2023,Mornos,623776000
23/03/2023,Evinos,47986000
24/03/2023,Marathonas,25271000
24/03/2023,Iliki,412185000
24/03/2023,Mornos,624596000
24/03/2023,Evinos,46664000
25/03/2023,Marathonas,25209000
25/03/2023,Iliki,411980000
25/03/2023,Mornos,625415000
25/03/2023,Evinos,45483000
26/03/2023,Marathonas,25147000
26/03/2023,Iliki,411980000
26/03/2023,Mornos,626237000
26/03/2023,Evinos,44435000
27/03/2023,Marathonas,25105000
27/03/2023,Iliki,411980000
27/03/2023,Mornos,627223000
27/03/2023,Evinos,43288000
28/03/2023,Marathonas,25064000
28/03/2023,Iliki,411775000
28/03/2023,Mornos,626895000
28/03/2023,Evinos,43631000
29/03/2023,Marathonas,25064000
29/03/2023,Iliki,411775000
29/03/2023,Mornos,626566000
29/03/2023,Evinos,44205000
30/03/2023,Marathonas,25105000
30/03/2023,Iliki,411775000
30/03/2023,Mornos,626073000
30/03/2023,Evinos,44667000
31/03/2023,Marathonas,25147000
31/03/2023,Iliki,411160000
31/03/2023,Mornos,625251000
31/03/2023,Evinos,45132000
01/04/2023,Marathonas,25147000
01/04/2023,Iliki,410750000
01/04/2023,Mornos,624596000
01/04/2023,Evinos,45718000
02/04/2023,Marathonas,25105000
02/04/2023,Iliki,410545000
02/04/2023,Mornos,623940000
02/04/2023,Evinos,46190000
03/04/2023,Marathonas,25126000
03/04/2023,Iliki,410545000
03/04/2023,Mornos,622958000
03/04/2023,Evinos,46784000
04/04/2023,Marathonas,25250000
04/04/2023,Iliki,410545000
04/04/2023,Mornos,622794000
04/04/2023,Evinos,47865000
05/04/2023,Marathonas,25334000
05/04/2023,Iliki,410545000
05/04/2023,Mornos,622630000
05/04/2023,Evinos,48838000
06/04/2023,Marathonas,25417000
06/04/2023,Iliki,410340000
06/04/2023,Mornos,622138000
06/04/2023,Evinos,49700000
07/04/2023,Marathonas,25500000
07/04/2023,Iliki,410340000
07/04/2023,Mornos,621974000
07/04/2023,Evinos,50822000
08/04/2023,Marathonas,25521000
08/04/2023,Iliki,410135000
08/04/2023,Mornos,621483000
08/04/2023,Evinos,51833000
09/04/2023,Marathonas,25647000
09/04/2023,Iliki,410135000
09/04/2023,Mornos,620992000
09/04/2023,Evinos,52728000
10/04/2023,Marathonas,25773000
10/04/2023,Iliki,409725000
10/04/2023,Mornos,620501000
10/04/2023,Evinos,53373000
11/04/2023,Marathonas,25920000
11/04/2023,Iliki,409520000
11/04/2023,Mornos,620175000
11/04/2023,Evinos,54023000
12/04/2023,Marathonas,26068000
12/04/2023,Iliki,409315000
12/04/2023,Mornos,619522000
12/04/2023,Evinos,54678000
13/04/2023,Marathonas,26153000
13/04/2023,Iliki,409110000
13/04/2023,Mornos,618869000
13/04/2023,Evinos,55338000
14/04/2023,Marathonas,26174000
14/04/2023,Iliki,408905000
14/04/2023,Mornos,618380000
14/04/2023,Evinos,55870000
15/04/2023,Marathonas,26216000
15/04/2023,Iliki,408700000
15/04/2023,Mornos,617727000
15/04/2023,Evinos,56271000
16/04/2023,Marathonas,26365000
16/04/2023,Iliki,408700000
16/04/2023,Mornos,615075000
16/04/2023,Evinos,56674000
17/04/2023,Marathonas,26557000
17/04/2023,Iliki,408501000
17/04/2023,Mornos,616587000
17/04/2023,Evinos,57214000
18/04/2023,Marathonas,26729000
18/04/2023,Iliki,408302000
18/04/2023,Mornos,616098000
18/04/2023,Evinos,57758000
19/04/2023,Marathonas,26793000
19/04/2023,Iliki,408103000
19/04/2023,Mornos,615284000
19/04/2023,Evinos,58305000
20/04/2023,Marathonas,26879000
20/04/2023,Iliki,408103000
20/04/2023,Mornos,614958000
20/04/2023,Evinos,58855000
21/04/2023,Marathonas,26944000
21/04/2023,Iliki,407904000
21/04/2023,Mornos,614633000
21/04/2023,Evinos,59409000
22/04/2023,Marathonas,26987000
22/04/2023,Iliki,407705000
22/04/2023,Mornos,613983000
22/04/2023,Evinos,59966000
23/04/2023,Marathonas,27052000
23/04/2023,Iliki,407705000
23/04/2023,Mornos,613495000
23/04/2023,Evinos,60668000
24/04/2023,Marathonas,27074000
24/04/2023,Iliki,407506000
24/04/2023,Mornos,612846000
24/04/2023,Evinos,61375000
25/04/2023,Iliki,407307000
25/04/2023,Mornos,612360000
25/04/2023,Evinos,61944000
25/04/2023,Marathonas,27117000
26/04/2023,Evinos,62517000
26/04/2023,Mornos,611711000
26/04/2023,Iliki,407307000
26/04/2023,Marathonas,27160000
27/04/2023,Marathonas,27160000
27/04/2023,Iliki,407307000
27/04/2023,Mornos,611062000
27/04/2023,Evinos,62949000
28/04/2023,Marathonas,27160000
28/04/2023,Iliki,406909000
28/04/2023,Mornos,610252000
28/04/2023,Evinos,63528000
29/04/2023,Marathonas,27203000
29/04/2023,Iliki,406511000
29/04/2023,Mornos,610252000
29/04/2023,Evinos,62230000
30/04/2023,Marathonas,27225000
30/04/2023,Iliki,406312000
30/04/2023,Mornos,611873000
30/04/2023,Evinos,60668000
01/05/2023,Marathonas,27247000
01/05/2023,Iliki,406113000
01/05/2023,Mornos,613008000
01/05/2023,Evinos,59132000
02/05/2023,Marathonas,27312000
02/05/2023,Iliki,405914000
02/05/2023,Mornos,613983000
02/05/2023,Evinos,57622000
03/05/2023,Marathonas,27421000
03/05/2023,Iliki,405914000
03/05/2023,Mornos,615284000
03/05/2023,Evinos,56137000
04/05/2023,Marathonas,27442000
04/05/2023,Iliki,405715000
04/05/2023,Mornos,616587000
04/05/2023,Evinos,54678000
05/05/2023,Marathonas,27486000
05/05/2023,Iliki,405715000
05/05/2023,Mornos,618053000
05/05/2023,Evinos,53502000
06/05/2023,Marathonas,27530000
06/05/2023,Iliki,406113000
06/05/2023,Mornos,619195000
06/05/2023,Evinos,52471000
07/05/2023,Marathonas,27573000
07/05/2023,Iliki,405914000
07/05/2023,Mornos,620501000
07/05/2023,Evinos,51452000
08/05/2023,Marathonas,27617000
08/05/2023,Iliki,405715000
08/05/2023,Mornos,621811000
08/05/2023,Evinos,50446000
09/05/2023,Marathonas,27573000
09/05/2023,Iliki,405516000
09/05/2023,Mornos,623121000
09/05/2023,Evinos,49330000
10/05/2023,Marathonas,27552000
10/05/2023,Iliki,405317000
10/05/2023,Mornos,624267000
10/05/2023,Evinos,48107000
11/05/2023,Marathonas,27639000
11/05/2023,Iliki,405118000
11/05/2023,Mornos,623940000
11/05/2023,Evinos,48107000
12/05/2023,Marathonas,27748000
12/05/2023,Iliki,405118000
12/05/2023,Mornos,623285000
12/05/2023,Evinos,48350000
13/05/2023,Marathonas,27792000
13/05/2023,Iliki,405118000
13/05/2023,Mornos,622630000
13/05/2023,Evinos,48716000
14/05/2023,Marathonas,27748000
14/05/2023,Iliki,404919000
14/05/2023,Mornos,621974000
14/05/2023,Evinos,49083000
15/05/2023,Marathonas,27705000
15/05/2023,Iliki,404720000
15/05/2023,Mornos,621319000
15/05/2023,Evinos,49453000
16/05/2023,Marathonas,27705000
16/05/2023,Iliki,404720000
16/05/2023,Mornos,620665000
16/05/2023,Evinos,49824000
17/05/2023,Marathonas,27770000
17/05/2023,Iliki,404521000
17/05/2023,Mornos,621319000
17/05/2023,Evinos,48838000
18/05/2023,Marathonas,27814000
18/05/2023,Iliki,404521000
18/05/2023,Mornos,622466000
18/05/2023,Evinos,47262000
19/05/2023,Marathonas,27792000
19/05/2023,Iliki,404521000
19/05/2023,Mornos,622302000
19/05/2023,Evinos,47382000
20/05/2023,Marathonas,27748000
20/05/2023,Iliki,404322000
20/05/2023,Mornos,621647000
20/05/2023,Evinos,47744000
21/05/2023,Marathonas,27792000
21/05/2023,Iliki,404322000
21/05/2023,Mornos,620992000
21/05/2023,Evinos,47986000
22/05/2023,Marathonas,27858000
22/05/2023,Iliki,404123000
22/05/2023,Mornos,620175000
22/05/2023,Evinos,48350000
23/05/2023,Marathonas,27858000
23/05/2023,Iliki,403924000
23/05/2023,Mornos,619522000
23/05/2023,Evinos,48594000
24/05/2023,Marathonas,27880000
24/05/2023,Iliki,403526000
24/05/2023,Mornos,618869000
24/05/2023,Evinos,48961000
25/05/2023,Marathonas,27902000
25/05/2023,Iliki,403128000
25/05/2023,Mornos,618216000
25/05/2023,Evinos,49206000
26/05/2023,Marathonas,27858000
26/05/2023,Iliki,402929000
26/05/2023,Mornos,617401000
26/05/2023,Evinos,49576000
27/05/2023,Marathonas,27836000
27/05/2023,Iliki,402730000
27/05/2023,Mornos,616587000
27/05/2023,Evinos,49824000
28/05/2023,Marathonas,27748000
28/05/2023,Iliki,402531000
28/05/2023,Mornos,615772000
28/05/2023,Evinos,50072000
29/05/2023,Marathonas,27705000
29/05/2023,Iliki,402332000
29/05/2023,Mornos,615121000
29/05/2023,Evinos,50322000
30/05/2023,Marathonas,27661000
30/05/2023,Iliki,402133000
30/05/2023,Mornos,614470000
30/05/2023,Evinos,50571000
31/05/2023,Marathonas,27617000
31/05/2023,Iliki,401735000
31/05/2023,Mornos,613495000
31/05/2023,Evinos,50822000
01/06/2023,Marathonas,27683000
01/06/2023,Iliki,401337000
01/06/2023,Mornos,612846000
01/06/2023,Evinos,51200000
02/06/2023,Marathonas,27770000
02/06/2023,Iliki,401337000
02/06/2023,Mornos,612360000
02/06/2023,Evinos,51452000
03/06/2023,Marathonas,27814000
03/06/2023,Iliki,400939000
03/06/2023,Mornos,611224000
03/06/2023,Evinos,51706000
04/06/2023,Marathonas,27836000
04/06/2023,Iliki,400740000
04/06/2023,Mornos,610090000
04/06/2023,Evinos,51960000
05/06/2023,Marathonas,27836000
05/06/2023,Iliki,400541000
05/06/2023,Mornos,609442000
05/06/2023,Evinos,52215000
06/06/2023,Marathonas,27814000
06/06/2023,Iliki,400342000
06/06/2023,Mornos,608471000
06/06/2023,Evinos,52471000
07/06/2023,Evinos,52599000
07/06/2023,Mornos,607500000
07/06/2023,Iliki,400143000
07/06/2023,Marathonas,27814000
08/06/2023,Marathonas,27814000
08/06/2023,Iliki,399546000
08/06/2023,Mornos,606532000
08/06/2023,Evinos,52728000
09/06/2023,Marathonas,27792000
09/06/2023,Iliki,398949000
09/06/2023,Mornos,605563000
09/06/2023,Evinos,52856000
10/06/2023,Marathonas,27748000
10/06/2023,Iliki,398551000
10/06/2023,Mornos,605725000
10/06/2023,Evinos,51452000
11/06/2023,Marathonas,27661000
11/06/2023,Iliki,397954000
11/06/2023,Mornos,606855000
11/06/2023,Evinos,49824000
12/06/2023,Marathonas,27661000
12/06/2023,Iliki,397357000
12/06/2023,Mornos,607824000
12/06/2023,Evinos,48228000
13/06/2023,Marathonas,27661000
13/06/2023,Iliki,396760000
13/06/2023,Mornos,608632000
13/06/2023,Evinos,46664000
14/06/2023,Marathonas,27770000
14/06/2023,Iliki,395964000
14/06/2023,Mornos,609442000
14/06/2023,Evinos,45132000
15/06/2023,Marathonas,27792000
15/06/2023,Iliki,395168000
15/06/2023,Mornos,608794000
15/06/2023,Evinos,45366000
16/06/2023,Marathonas,27814000
16/06/2023,Iliki,394571000
16/06/2023,Mornos,607824000
16/06/2023,Evinos,45718000
17/06/2023,Marathonas,27814000
17/06/2023,Iliki,394173000
17/06/2023,Mornos,607016000
17/06/2023,Evinos,45953000
18/06/2023,Marathonas,27836000
18/06/2023,Iliki,394173000
18/06/2023,Mornos,606370000
18/06/2023,Evinos,46308000
19/06/2023,Marathonas,27924000
19/06/2023,Iliki,393974000
19/06/2023,Mornos,605725000
19/06/2023,Evinos,46664000
20/06/2023,Marathonas,27968000
20/06/2023,Iliki,393974000
20/06/2023,Mornos,604918000
20/06/2023,Evinos,46903000
21/06/2023,Marathonas,27924000
21/06/2023,Iliki,393377000
21/06/2023,Mornos,603950000
21/06/2023,Evinos,47142000
22/06/2023,Marathonas,28012000
22/06/2023,Iliki,392979000
22/06/2023,Mornos,602984000
22/06/2023,Evinos,47262000
23/06/2023,Marathonas,27990000
23/06/2023,Iliki,392780000
23/06/2023,Mornos,602019000
23/06/2023,Evinos,47503000
24/06/2023,Marathonas,27924000
24/06/2023,Iliki,392382000
24/06/2023,Mornos,601054000
24/06/2023,Evinos,47623000
25/06/2023,Marathonas,27858000
25/06/2023,Iliki,391785000
25/06/2023,Mornos,600251000
25/06/2023,Evinos,47986000
26/06/2023,Marathonas,27836000
26/06/2023,Iliki,391387000
26/06/2023,Mornos,599608000
26/06/2023,Evinos,48228000
27/06/2023,Marathonas,27858000
27/06/2023,Iliki,390989000
27/06/2023,Mornos,598805000
27/06/2023,Evinos,48350000
28/06/2023,Marathonas,27814000
28/06/2023,Iliki,390392000
28/06/2023,Mornos,597844000
28/06/2023,Evinos,48594000
29/06/2023,Marathonas,27705000
29/06/2023,Iliki,389994000
29/06/2023,Mornos,596723000
29/06/2023,Evinos,48838000
30/06/2023,Marathonas,27661000
30/06/2023,Iliki,389198000
30/06/2023,Mornos,595763000
30/06/2023,Evinos,48961000
01/07/2023,Marathonas,27573000
01/07/2023,Iliki,388606000
01/07/2023,Mornos,594484000
01/07/2023,Evinos,48961000
02/07/2023,Marathonas,27508000
02/07/2023,Iliki,388024000
02/07/2023,Mornos,593365000
02/07/2023,Evinos,49083000
03/07/2023,Marathonas,27486000
03/07/2023,Iliki,387248000
03/07/2023,Mornos,592249000
03/07/2023,Evinos,49083000
04/07/2023,Marathonas,27421000
04/07/2023,Iliki,386472000
04/07/2023,Mornos,591293000
04/07/2023,Evinos,49083000
05/07/2023,Marathonas,27377000
05/07/2023,Iliki,385890000
05/07/2023,Mornos,590178000
05/07/2023,Evinos,49206000
06/07/2023,Marathonas,27312000
06/07/2023,Iliki,385308000
06/07/2023,Mornos,589224000
06/07/2023,Evinos,49330000
07/07/2023,Marathonas,27247000
07/07/2023,Iliki,384532000
07/07/2023,Mornos,588110000
07/07/2023,Evinos,49330000
08/07/2023,Marathonas,27269000
08/07/2023,Iliki,383756000
08/07/2023,Mornos,586840000
08/07/2023,Evinos,49453000
09/07/2023,Marathonas,27225000
09/07/2023,Iliki,382980000
09/07/2023,Mornos,585728000
09/07/2023,Evinos,49576000
10/07/2023,Marathonas,27225000
10/07/2023,Iliki,382204000
10/07/2023,Mornos,584461000
10/07/2023,Evinos,49700000
11/07/2023,Marathonas,27203000
11/07/2023,Iliki,381428000
11/07/2023,Mornos,583352000
11/07/2023,Evinos,49824000
12/07/2023,Marathonas,27203000
12/07/2023,Iliki,380652000
12/07/2023,Mornos,582087000
12/07/2023,Evinos,49824000
13/07/2023,Marathonas,27138000
13/07/2023,Iliki,380264000
13/07/2023,Mornos,580822000
13/07/2023,Evinos,49824000
14/07/2023,Marathonas,27160000
14/07/2023,Iliki,379294000
14/07/2023,Mornos,579559000
14/07/2023,Evinos,49824000
15/07/2023,Marathonas,27160000
15/07/2023,Iliki,378712000
15/07/2023,Evinos,49948000
15/07/2023,Mornos,577982000
16/07/2023,Mornos,576722000
16/07/2023,Evinos,49948000
16/07/2023,Iliki,378130000
16/07/2023,Marathonas,27160000
17/07/2023,Marathonas,27182000
17/07/2023,Iliki,377354000
17/07/2023,Evinos,49948000
17/07/2023,Mornos,576722000
18/07/2023,Mornos,574048000
18/07/2023,Evinos,49948000
18/07/2023,Iliki,376578000
18/07/2023,Marathonas,27182000
19/07/2023,Marathonas,27138000
19/07/2023,Iliki,375802000
19/07/2023,Mornos,572792000
19/07/2023,Evinos,49948000
20/07/2023,Evinos,49948000
20/07/2023,Mornos,571537000
20/07/2023,Iliki,375026000
20/07/2023,Marathonas,27009000
21/07/2023,Marathonas,26793000
21/07/2023,Iliki,374250000
21/07/2023,Mornos,570127000
21/07/2023,Evinos,49948000
22/07/2023,Mornos,568875000
22/07/2023,Evinos,49948000
22/07/2023,Iliki,373474000
22/07/2023,Marathonas,26579000
23/07/2023,Marathonas,26750000
23/07/2023,Iliki,372698000
23/07/2023,Evinos,49948000
23/07/2023,Mornos,567624000
24/07/2023,Mornos,566219000
24/07/2023,Evinos,49948000
24/07/2023,Iliki,371922000
24/07/2023,Marathonas,26772000
25/07/2023,Marathonas,26793000
25/07/2023,Iliki,371146000
25/07/2023,Mornos,564972000
25/07/2023,Evinos,49948000
26/07/2023,Marathonas,26750000
26/07/2023,Iliki,370370000
26/07/2023,Mornos,563882000
26/07/2023,Evinos,49824000
27/07/2023,Marathonas,26729000
27/07/2023,Iliki,369788000
27/07/2023,Mornos,562638000
27/07/2023,Evinos,49824000
28/07/2023,Marathonas,26686000
28/07/2023,Iliki,369209000
28/07/2023,Mornos,561393000
28/07/2023,Evinos,49824000
29/07/2023,Marathonas,26707000
29/07/2023,Iliki,368445000
29/07/2023,Mornos,559995000
29/07/2023,Evinos,49824000
30/07/2023,Evinos,49824000
30/07/2023,Mornos,558754000
30/07/2023,Iliki,367681000
30/07/2023,Marathonas,26729000
31/07/2023,Marathonas,26750000
31/07/2023,Iliki,366917000
31/07/2023,Mornos,557360000
31/07/2023,Evinos,49824000
01/08/2023,Marathonas,26729000
01/08/2023,Iliki,366153000
01/08/2023,Mornos,556121000
01/08/2023,Evinos,49824000
02/08/2023,Marathonas,26729000
02/08/2023,Iliki,365389000
02/08/2023,Mornos,554728000
02/08/2023,Evinos,49824000
03/08/2023,Marathonas,26707000
03/08/2023,Iliki,364625000
03/08/2023,Mornos,553339000
03/08/2023,Evinos,49824000
04/08/2023,Marathonas,26707000
04/08/2023,Iliki,363861000
04/08/2023,Mornos,552105000
04/08/2023,Evinos,49700000
05/08/2023,Marathonas,26686000
05/08/2023,Iliki,363097000
05/08/2023,Mornos,550718000
05/08/2023,Evinos,49700000
06/08/2023,Marathonas,26686000
06/08/2023,Iliki,362333000
06/08/2023,Mornos,549334000
06/08/2023,Evinos,49700000
07/08/2023,Marathonas,26707000
07/08/2023,Iliki,361378000
07/08/2023,Mornos,548105000
07/08/2023,Evinos,49700000
08/08/2023,Marathonas,26707000
08/08/2023,Iliki,360614000
08/08/2023,Mornos,546876000
08/08/2023,Evinos,49700000
09/08/2023,Marathonas,26686000
09/08/2023,Iliki,359850000
09/08/2023,Mornos,545649000
09/08/2023,Evinos,49700000
10/08/2023,Marathonas,26600000
10/08/2023,Iliki,359277000
10/08/2023,Mornos,544421000
10/08/2023,Evinos,49700000
11/08/2023,Marathonas,26579000
11/08/2023,Iliki,358513000
11/08/2023,Mornos,543195000
11/08/2023,Evinos,49576000
12/08/2023,Marathonas,26579000
12/08/2023,Iliki,357558000
12/08/2023,Mornos,541970000
12/08/2023,Evinos,49576000
13/08/2023,Marathonas,26579000
13/08/2023,Iliki,356794000
13/08/2023,Mornos,540749000
13/08/2023,Evinos,49453000
14/08/2023,Iliki,356030000
14/08/2023,Mornos,539528000
14/08/2023,Evinos,49453000
14/08/2023,Marathonas,26579000
15/08/2023,Marathonas,26622000
15/08/2023,Iliki,355075000
15/08/2023,Mornos,538310000
15/08/2023,Evinos,49453000
16/08/2023,Marathonas,26664000
16/08/2023,Iliki,354502000
16/08/2023,Mornos,537092000
16/08/2023,Evinos,49453000
17/08/2023,Marathonas,26707000
17/08/2023,Iliki,353929000
17/08/2023,Mornos,536028000
17/08/2023,Evinos,49453000
18/08/2023,Marathonas,26750000
18/08/2023,Iliki,353356000
18/08/2023,Mornos,534812000
18/08/2023,Evinos,49453000
19/08/2023,Marathonas,26750000
19/08/2023,Iliki,352783000
19/08/2023,Mornos,533448000
19/08/2023,Evinos,49453000
20/08/2023,Evinos,49330000
20/08/2023,Mornos,532084000
20/08/2023,Iliki,352210000
20/08/2023,Marathonas,26729000
21/08/2023,Marathonas,26729000
21/08/2023,Iliki,351367000
21/08/2023,Mornos,530872000
21/08/2023,Evinos,49330000
22/08/2023,Marathonas,26707000
22/08/2023,Mornos,529511000
22/08/2023,Evinos,49206000
22/08/2023,Iliki,351064000
23/08/2023,Marathonas,26664000
23/08/2023,Iliki,350491000
23/08/2023,Mornos,528302000
23/08/2023,Evinos,49206000
24/08/2023,Marathonas,26600000
24/08/2023,Iliki,349924000
24/08/2023,Mornos,526942000
24/08/2023,Evinos,49083000
25/08/2023,Marathonas,26515000
25/08/2023,Iliki,349360000
25/08/2023,Mornos,525585000
25/08/2023,Evinos,49083000
26/08/2023,Marathonas,26408000
26/08/2023,Evinos,49083000
26/08/2023,Iliki,348984000
26/08/2023,Mornos,524229000
27/08/2023,Mornos,522875000
27/08/2023,Iliki,348420000
27/08/2023,Evinos,48961000
27/08/2023,Marathonas,26365000
28/08/2023,Marathonas,26365000
28/08/2023,Evinos,48961000
28/08/2023,Iliki,347856000
28/08/2023,Mornos,521524000
29/08/2023,Marathonas,26280000
29/08/2023,Iliki,347486000
29/08/2023,Mornos,521824000
29/08/2023,Evinos,47503000
30/08/2023,Marathonas,26238000
30/08/2023,Iliki,346916000
30/08/2023,Mornos,522274000
30/08/2023,Evinos,45835000
31/08/2023,Marathonas,26153000
31/08/2023,Iliki,346540000
31/08/2023,Mornos,522574000
31/08/2023,Evinos,44089000
01/09/2023,Marathonas,26047000
01/09/2023,Iliki,345976000
01/09/2023,Mornos,523326000
01/09/2023,Evinos,42384000
02/09/2023,Marathonas,25941000
02/09/2023,Iliki,345600000
02/09/2023,Mornos,523778000
02/09/2023,Evinos,40718000
03/09/2023,Marathonas,25920000
03/09/2023,Iliki,345224000
03/09/2023,Mornos,524229000
03/09/2023,Evinos,39006000
04/09/2023,Marathonas,25857000
04/09/2023,Iliki,344660000
04/09/2023,Mornos,524681000
04/09/2023,Evinos,37329000
05/09/2023,Marathonas,25815000
05/09/2023,Iliki,345036000
05/09/2023,Mornos,525284000
05/09/2023,Evinos,35695000
06/09/2023,Marathonas,25857000
06/09/2023,Iliki,345036000
06/09/2023,Mornos,525886000
06/09/2023,Evinos,34101000
07/09/2023,Marathonas,26132000
07/09/2023,Iliki,346916000
07/09/2023,Mornos,526489000
07/09/2023,Evinos,32766000
08/09/2023,Marathonas,26174000
08/09/2023,Iliki,347856000
08/09/2023,Mornos,527093000
08/09/2023,Evinos,31460000
09/09/2023,Marathonas,26153000
09/09/2023,Iliki,347856000
09/09/2023,Mornos,527547000
09/09/2023,Evinos,29972000
10/09/2023,Marathonas,26132000
10/09/2023,Iliki,347856000
10/09/2023,Mornos,528000000
10/09/2023,Evinos,28419000
11/09/2023,Marathonas,26132000
11/09/2023,Iliki,347856000
11/09/2023,Mornos,528302000
11/09/2023,Evinos,26907000
12/09/2023,Marathonas,26089000
12/09/2023,Iliki,347480000
12/09/2023,Mornos,526942000
12/09/2023,Evinos,26511000
13/09/2023,Marathonas,26068000
13/09/2023,Iliki,347104000
13/09/2023,Mornos,525886000
13/09/2023,Evinos,26511000
14/09/2023,Marathonas,25984000
14/09/2023,Iliki,346916000
14/09/2023,Mornos,524832000
14/09/2023,Evinos,26511000
15/09/2023,Marathonas,25941000
15/09/2023,Iliki,346916000
15/09/2023,Mornos,523778000
15/09/2023,Evinos,26511000
16/09/2023,Marathonas,25836000
16/09/2023,Iliki,346728000
16/09/2023,Mornos,522725000
16/09/2023,Evinos,26511000
17/09/2023,Marathonas,25752000
17/09/2023,Iliki,346540000
17/09/2023,Mornos,521524000
17/09/2023,Evinos,26511000
18/09/2023,Marathonas,25668000
18/09/2023,Iliki,346352000
18/09/2023,Mornos,520323000
18/09/2023,Evinos,26511000
19/09/2023,Marathonas,25563000
19/09/2023,Iliki,346164000
19/09/2023,Mornos,519274000
19/09/2023,Evinos,26511000
20/09/2023,Marathonas,25521000
20/09/2023,Iliki,345788000
20/09/2023,Mornos,518076000
20/09/2023,Evinos,26412000
21/09/2023,Marathonas,25459000
21/09/2023,Iliki,345600000
21/09/2023,Mornos,517030000
21/09/2023,Evinos,26412000
22/09/2023,Marathonas,25417000
22/09/2023,Iliki,345224000
22/09/2023,Mornos,515834000
22/09/2023,Evinos,26412000
23/09/2023,Marathonas,25313000
23/09/2023,Iliki,345224000
23/09/2023,Mornos,514640000
23/09/2023,Evinos,26412000
24/09/2023,Marathonas,25520000
24/09/2023,Iliki,345036000
24/09/2023,Mornos,513448000
24/09/2023,Evinos,26412000
25/09/2023,Marathonas,25147000
25/09/2023,Iliki,344848000
25/09/2023,Mornos,512257000
25/09/2023,Evinos,26412000
26/09/2023,Marathonas,25043000
26/09/2023,Iliki,344848000
26/09/2023,Mornos,511365000
26/09/2023,Evinos,26412000
27/09/2023,Marathonas,25105000
27/09/2023,Iliki,344848000
27/09/2023,Mornos,510474000
27/09/2023,Evinos,29450000
28/09/2023,Marathonas,25043000
28/09/2023,Iliki,345976000
28/09/2023,Mornos,515237000
28/09/2023,Evinos,35007000
29/09/2023,Marathonas,25250000
29/09/2023,Iliki,349172000
29/09/2023,Mornos,517328000
29/09/2023,Evinos,36390000
30/09/2023,Marathonas,25105000
30/09/2023,Iliki,350873000
30/09/2023,Mornos,517179000
30/09/2023,Evinos,37093000
01/10/2023,Marathonas,25043000
01/10/2023,Iliki,351446000
01/10/2023,Mornos,516730000
01/10/2023,Evinos,37566000
02/10/2023,Marathonas,24961000
02/10/2023,Mornos,516133000
02/10/2023,Evinos,37923000
02/10/2023,Iliki,351446000
03/10/2023,Marathonas,24837000
03/10/2023,Mornos,515536000
03/10/2023,Evinos,38162000
03/10/2023,Iliki,351446000
04/10/2023,Marathonas,24755000
04/10/2023,Iliki,351446000
04/10/2023,Mornos,514789000
04/10/2023,Evinos,38402000
05/10/2023,Marathonas,24734000
05/10/2023,Iliki,351255000
05/10/2023,Mornos,514044000
05/10/2023,Evinos,38643000
06/10/2023,Marathonas,24693000
06/10/2023,Iliki,351255000
06/10/2023,Mornos,513299000
06/10/2023,Evinos,38884000
07/10/2023,Marathonas,24652000
07/10/2023,Iliki,351064000
07/10/2023,Mornos,512406000
07/10/2023,Evinos,39006000
08/10/2023,Marathonas,24611000
08/10/2023,Iliki,350873000
08/10/2023,Mornos,511514000
08/10/2023,Evinos,39248000
09/10/2023,Marathonas,24529000
09/10/2023,Iliki,350873000
09/10/2023,Mornos,510622000
09/10/2023,Evinos,39370000
10/10/2023,Marathonas,24529000
10/10/2023,Iliki,350682000
10/10/2023,Mornos,509731000
10/10/2023,Evinos,39492000
11/10/2023,Marathonas,24489000
11/10/2023,Iliki,350682000
11/10/2023,Mornos,508841000
11/10/2023,Evinos,39492000
12/10/2023,Marathonas,24468000
12/10/2023,Iliki,350491000
12/10/2023,Mornos,507803000
12/10/2023,Evinos,39370000
13/10/2023,Marathonas,24407000
13/10/2023,Iliki,350112000
13/10/2023,Mornos,506914000
13/10/2023,Evinos,39370000
14/10/2023,Marathonas,24326000
14/10/2023,Iliki,349924000
14/10/2023,Mornos,505878000
14/10/2023,Evinos,39370000
15/10/2023,Marathonas,24265000
15/10/2023,Iliki,349924000
15/10/2023,Mornos,504843000
15/10/2023,Evinos,39370000
16/10/2023,Marathonas,24224000
16/10/2023,Iliki,349736000
16/10/2023,Mornos,503662000
16/10/2023,Evinos,39370000
17/10/2023,Marathonas,24143000
17/10/2023,Iliki,349548000
17/10/2023,Mornos,502630000
17/10/2023,Evinos,39370000
18/10/2023,Marathonas,24102000
18/10/2023,Iliki,349548000
18/10/2023,Mornos,501893000
18/10/2023,Evinos,39614000
19/10/2023,Marathonas,24102000
19/10/2023,Iliki,349360000
19/10/2023,Mornos,500715000
19/10/2023,Evinos,39737000
20/10/2023,Marathonas,24123000
20/10/2023,Iliki,349360000
20/10/2023,Mornos,499685000
20/10/2023,Evinos,39845000
21/10/2023,Marathonas,24102000
21/10/2023,Iliki,349172000
21/10/2023,Mornos,498656000
21/10/2023,Evinos,39845000
22/10/2023,Marathonas,24082000
22/10/2023,Iliki,348984000
22/10/2023,Mornos,497482000
22/10/2023,Evinos,39954000
23/10/2023,Marathonas,24042000
23/10/2023,Iliki,348984000
23/10/2023,Mornos,496455000
23/10/2023,Evinos,40062000
24/10/2023,Marathonas,23941000
24/10/2023,Iliki,348796000
24/10/2023,Mornos,495283000
24/10/2023,Evinos,40062000
25/10/2023,Marathonas,23900000
25/10/2023,Iliki,348796000
25/10/2023,Mornos,494112000
25/10/2023,Evinos,40062000
26/10/2023,Marathonas,23900000
26/10/2023,Iliki,348420000
26/10/2023,Mornos,493088000
26/10/2023,Evinos,40062000
27/10/2023,Marathonas,23900000
27/10/2023,Iliki,348420000
27/10/2023,Mornos,492067000
27/10/2023,Evinos,40171000
28/10/2023,Marathonas,23900000
28/10/2023,Iliki,348420000
28/10/2023,Mornos,491046000
28/10/2023,Evinos,40171000
29/10/2023,Marathonas,23900000
29/10/2023,Iliki,348232000
29/10/2023,Mornos,490172000
29/10/2023,Evinos,40171000
30/10/2023,Marathonas,23880000
30/10/2023,Iliki,348232000
30/10/2023,Mornos,489152000
30/10/2023,Evinos,40171000
31/10/2023,Marathonas,23840000
31/10/2023,Iliki,348044000
31/10/2023,Mornos,488134000
31/10/2023,Evinos,40280000
01/11/2023,Marathonas,23780000
01/11/2023,Iliki,347856000
01/11/2023,Mornos,487116000
01/11/2023,Evinos,40280000
02/11/2023,Marathonas,23740000
02/11/2023,Iliki,347856000
02/11/2023,Mornos,486389000
02/11/2023,Evinos,40280000
03/11/2023,Marathonas,23699000
03/11/2023,Iliki,347668000
03/11/2023,Mornos,485518000
03/11/2023,Evinos,40389000
04/11/2023,Marathonas,23720000
04/11/2023,Iliki,347480000
04/11/2023,Mornos,484502000
04/11/2023,Evinos,40389000
05/11/2023,Marathonas,23720000
05/11/2023,Iliki,347480000
05/11/2023,Mornos,483632000
05/11/2023,Evinos,40608000
06/11/2023,Marathonas,23699000
06/11/2023,Iliki,347292000
06/11/2023,Mornos,482620000
06/11/2023,Evinos,40718000
07/11/2023,Marathonas,23699000
07/11/2023,Iliki,347292000
07/11/2023,Mornos,481608000
07/11/2023,Evinos,40718000
08/11/2023,Marathonas,23720000
08/11/2023,Iliki,347104000
08/11/2023,Mornos,480453000
08/11/2023,Evinos,40718000
09/11/2023,Marathonas,23720000
09/11/2023,Iliki,346916000
09/11/2023,Mornos,479443000
09/11/2023,Evinos,40828000
10/11/2023,Marathonas,23720000
10/11/2023,Iliki,346916000
10/11/2023,Mornos,478290000
10/11/2023,Evinos,40828000
11/11/2023,Marathonas,23760000
11/11/2023,Iliki,346540000
11/11/2023,Mornos,477282000
11/11/2023,Evinos,40938000
12/11/2023,Marathonas,23840000
12/11/2023,Iliki,346540000
12/11/2023,Mornos,476275000
12/11/2023,Evinos,41158000
13/11/2023,Marathonas,23880000
13/11/2023,Iliki,346540000
13/11/2023,Mornos,476419000
13/11/2023,Evinos,41379000
14/11/2023,Marathonas,23900000
14/11/2023,Iliki,346540000
14/11/2023,Mornos,475843000
14/11/2023,Evinos,41713000
15/11/2023,Marathonas,23921000
15/11/2023,Iliki,346540000
15/11/2023,Mornos,474837000
15/11/2023,Evinos,41936000
16/11/2023,Marathonas,23921000
16/11/2023,Iliki,346164000
16/11/2023,Mornos,473976000
16/11/2023,Evinos,42047000
17/11/2023,Marathonas,23981000
17/11/2023,Iliki,345976000
17/11/2023,Mornos,472974000
17/11/2023,Evinos,42047000
18/11/2023,Marathonas,24042000
18/11/2023,Iliki,345788000
18/11/2023,Mornos,471972000
18/11/2023,Evinos,42159000
19/11/2023,Marathonas,24082000
19/11/2023,Iliki,345788000
19/11/2023,Mornos,470970000
19/11/2023,Evinos,42384000
20/11/2023,Marathonas,24082000
20/11/2023,Iliki,345788000
20/11/2023,Mornos,469685000
20/11/2023,Evinos,42384000
21/11/2023,Marathonas,24102000
21/11/2023,Iliki,345600000
21/11/2023,Mornos,468685000
21/11/2023,Evinos,42496000
22/11/2023,Marathonas,24102000
22/11/2023,Iliki,345412000
22/11/2023,Mornos,467544000
22/11/2023,Evinos,42609000
23/11/2023,Marathonas,24143000
23/11/2023,Iliki,345412000
23/11/2023,Mornos,466405000
23/11/2023,Evinos,42609000
24/11/2023,Iliki,345412000
24/11/2023,Mornos,465125000
24/11/2023,Evinos,42722000
24/11/2023,Marathonas,24204000
25/11/2023,Marathonas,25285000
25/11/2023,Iliki,345412000
25/11/2023,Mornos,464131000
25/11/2023,Evinos,42948000
26/11/2023,Marathonas,24346000
26/11/2023,Iliki,345412000
26/11/2023,Mornos,463562000
26/11/2023,Evinos,45953000
27/11/2023,Marathonas,24407000
27/11/2023,Iliki,345036000
27/11/2023,Mornos,463846000
27/11/2023,Evinos,47382000
28/11/2023,Marathonas,24468000
28/11/2023,Iliki,345036000
28/11/2023,Mornos,463704000
28/11/2023,Evinos,47865000
29/11/2023,Marathonas,24489000
29/11/2023,Iliki,345036000
29/11/2023,Mornos,469257000
29/11/2023,Evinos,52985000
30/11/2023,Marathonas,24550000
30/11/2023,Iliki,344848000
30/11/2023,Mornos,472258000
30/11/2023,Evinos,52985000
01/12/2023,Marathonas,24611000
01/12/2023,Iliki,344660000
01/12/2023,Mornos,473117000
01/12/2023,Evinos,57894000
02/12/2023,Marathonas,24652000
02/12/2023,Iliki,344660000
02/12/2023,Mornos,473690000
02/12/2023,Evinos,58580000
03/12/2023,Marathonas,24693000
03/12/2023,Iliki,344472000
03/12/2023,Mornos,473547000
03/12/2023,Evinos,59409000
04/12/2023,Marathonas,24714000
04/12/2023,Iliki,344472000
04/12/2023,Mornos,473547000
04/12/2023,Evinos,59966000
05/12/2023,Marathonas,24775000
05/12/2023,Iliki,344284000
05/12/2023,Mornos,473547000
05/12/2023,Evinos,60387000
06/12/2023,Marathonas,24878000
06/12/2023,Iliki,344284000
06/12/2023,Mornos,474550000
06/12/2023,Evinos,60950000
07/12/2023,Marathonas,24961000
07/12/2023,Iliki,344284000
07/12/2023,Mornos,475268000
07/12/2023,Evinos,61659000
08/12/2023,Marathonas,25023000
08/12/2023,Iliki,344096000
08/12/2023,Mornos,476131000
08/12/2023,Evinos,62087000
09/12/2023,Marathonas,25105000
09/12/2023,Iliki,344096000
09/12/2023,Mornos,475268000
09/12/2023,Evinos,62517000
10/12/2023,Marathonas,25188000
10/12/2023,Iliki,344096000
10/12/2023,Mornos,474263000
10/12/2023,Evinos,62949000
11/12/2023,Marathonas,25250000
11/12/2023,Iliki,344096000
11/12/2023,Mornos,473260000
11/12/2023,Evinos,63238000
12/12/2023,Marathonas,25292000
12/12/2023,Iliki,343908000
12/12/2023,Mornos,472258000
12/12/2023,Evinos,63528000
13/12/2023,Marathonas,25313000
13/12/2023,Iliki,343908000
13/12/2023,Mornos,471257000
13/12/2023,Evinos,63819000
14/12/2023,Marathonas,25396000
14/12/2023,Iliki,343908000
14/12/2023,Mornos,470113000
14/12/2023,Evinos,64111000
15/12/2023,Marathonas,25438000
15/12/2023,Iliki,343908000
15/12/2023,Mornos,469114000
15/12/2023,Evinos,64403000
16/12/2023,Marathonas,25521000
16/12/2023,Iliki,344284000
16/12/2023,Mornos,468114000
16/12/2023,Evinos,64697000
17/12/2023,Marathonas,25605000
17/12/2023,Iliki,344848000
17/12/2023,Mornos,467401000
17/12/2023,Evinos,64991000
18/12/2023,Marathonas,25710000
18/12/2023,Iliki,345036000
18/12/2023,Mornos,466689000
18/12/2023,Evinos,65271000
19/12/2023,Marathonas,25815000
19/12/2023,Iliki,345224000
19/12/2023,Mornos,465836000
19/12/2023,Evinos,65537000
20/12/2023,Marathonas,25815000
20/12/2023,Iliki,345412000
20/12/2023,Mornos,464841000
20/12/2023,Evinos,65803000
21/12/2023,Marathonas,25668000
21/12/2023,Iliki,345600000
21/12/2023,Mornos,463846000
21/12/2023,Evinos,65936000
22/12/2023,Marathonas,25899000
22/12/2023,Iliki,345600000
22/12/2023,Mornos,462711000
22/12/2023,Evinos,66203000
23/12/2023,Marathonas,25941000
23/12/2023,Evinos,66203000
23/12/2023,Mornos,462002000
23/12/2023,Iliki,345600000
24/12/2023,Iliki,345600000
24/12/2023,Mornos,462711000
24/12/2023,Evinos,64697000
24/12/2023,Marathonas,25941000
25/12/2023,Marathonas,25962000
25/12/2023,Evinos,62661000
25/12/2023,Mornos,463846000
25/12/2023,Iliki,345600000
26/12/2023,Iliki,345600000
26/12/2023,Mornos,465125000
26/12/2023,Evinos,60668000
26/12/2023,Marathonas,26026000
27/12/2023,Marathonas,26068000
27/12/2023,Evinos,58717000
27/12/2023,Mornos,466405000
27/12/2023,Iliki,345600000
28/12/2023,Marathonas,26047000
28/12/2023,Iliki,345600000
28/12/2023,Mornos,467401000
28/12/2023,Evinos,56809000
29/12/2023,Marathonas,26026000
29/12/2023,Iliki,345600000
29/12/2023,Mornos,468543000
29/12/2023,Evinos,55074000
30/12/2023,Marathonas,26005000
30/12/2023,Iliki,345600000
30/12/2023,Mornos,469542000
30/12/2023,Evinos,53243000
31/12/2023,Marathonas,26005000
31/12/2023,Iliki,345412000
31/12/2023,Mornos,469542000
31/12/2023,Evinos,52856000
01/01/2024,Marathonas,26005000
01/01/2024,Iliki,345412000
01/01/2024,Mornos,469257000
01/01/2024,Evinos,52985000
02/01/2024,Marathonas,25962000
02/01/2024,Iliki,345412000
02/01/2024,Mornos,468543000
02/01/2024,Evinos,53114000
03/01/2024,Marathonas,25962000
03/01/2024,Iliki,345412000
03/01/2024,Mornos,467544000
03/01/2024,Evinos,53243000
04/01/2024,Marathonas,25984000
04/01/2024,Iliki,345412000
04/01/2024,Mornos,466547000
04/01/2024,Evinos,53243000
05/01/2024,Marathonas,25962000
05/01/2024,Iliki,345412000
05/01/2024,Mornos,465552000
05/01/2024,Evinos,53373000
06/01/2024,Marathonas,25941000
06/01/2024,Iliki,345412000
06/01/2024,Mornos,465978000
06/01/2024,Evinos,51833000
07/01/2024,Marathonas,25899000
07/01/2024,Iliki,345600000
07/01/2024,Mornos,466832000
07/01/2024,Evinos,50322000
08/01/2024,Marathonas,25920000
08/01/2024,Iliki,345600000
08/01/2024,Mornos,468400000
08/01/2024,Evinos,52985000
09/01/2024,Marathonas,25920000
09/01/2024,Iliki,345600000
09/01/2024,Mornos,474406000
09/01/2024,Evinos,53892000
10/01/2024,Marathonas,25962000
10/01/2024,Iliki,345600000
10/01/2024,Mornos,475124000
10/01/2024,Evinos,53632000
11/01/2024,Marathonas,25984000
11/01/2024,Iliki,345788000
11/01/2024,Mornos,475843000
11/01/2024,Evinos,52856000
12/01/2024,Marathonas,25984000
12/01/2024,Iliki,345788000
12/01/2024,Mornos,479876000
12/01/2024,Evinos,51706000
13/01/2024,Marathonas,25941000
13/01/2024,Iliki,345788000
13/01/2024,Mornos,482765000
13/01/2024,Evinos,50571000
14/01/2024,Marathonas,25941000
14/01/2024,Iliki,345788000
14/01/2024,Mornos,484938000
14/01/2024,Evinos,49083000
15/01/2024,Marathonas,25857000
15/01/2024,Iliki,345788000
15/01/2024,Mornos,486680000
15/01/2024,Evinos,47744000
16/01/2024,Marathonas,25773000
16/01/2024,Iliki,345788000
16/01/2024,Mornos,488861000
16/01/2024,Evinos,47142000
17/01/2024,Marathonas,25710000
17/01/2024,Iliki,345788000
17/01/2024,Mornos,491629000
17/01/2024,Evinos,47142000
18/01/2024,Marathonas,25647000
18/01/2024,Iliki,345976000
18/01/2024,Mornos,493381000
18/01/2024,Evinos,46545000
19/01/2024,Marathonas,25605000
19/01/2024,Iliki,345976000
19/01/2024,Mornos,495137000
19/01/2024,Evinos,44783000
20/01/2024,Marathonas,25542000
20/01/2024,Iliki,345976000
20/01/2024,Mornos,496602000
20/01/2024,Evinos,45132000
21/01/2024,Marathonas,25500000
21/01/2024,Iliki,345976000
21/01/2024,Mornos,498069000
21/01/2024,Evinos,44089000
22/01/2024,Marathonas,25459000
22/01/2024,Iliki,345976000
22/01/2024,Mornos,499391000
22/01/2024,Evinos,43061000
23/01/2024,Marathonas,25417000
23/01/2024,Iliki,345976000
23/01/2024,Mornos,500715000
23/01/2024,Evinos,41936000
24/01/2024,Marathonas,25334000
24/01/2024,Iliki,346164000
24/01/2024,Mornos,500273000
24/01/2024,Evinos,41601000
25/01/2024,Marathonas,25271000
25/01/2024,Iliki,346164000
25/01/2024,Mornos,499685000
25/01/2024,Evinos,42047000
26/01/2024,Marathonas,25188000
26/01/2024,Iliki,346164000
26/01/2024,Mornos,500567000
26/01/2024,Evinos,41048000
27/01/2024,Marathonas,25085000
27/01/2024,Iliki,346164000
27/01/2024,Mornos,501893000
27/01/2024,Evinos,39737000
28/01/2024,Marathonas,25023000
28/01/2024,Iliki,345976000
28/01/2024,Mornos,503072000
28/01/2024,Evinos,38282000
29/01/2024,Marathonas,24961000
29/01/2024,Iliki,345976000
29/01/2024,Mornos,504400000
29/01/2024,Evinos,36858000
30/01/2024,Marathonas,24981000
30/01/2024,Iliki,346164000
30/01/2024,Mornos,505583000
30/01/2024,Evinos,35926000
31/01/2024,Marathonas,25023000
31/01/2024,Iliki,346728000
31/01/2024,Mornos,506766000
31/01/2024,Evinos,34779000
01/02/2024,Marathonas,25023000
01/02/2024,Iliki,347292000
01/02/2024,Mornos,507803000
01/02/2024,Evinos,33653000
02/02/2024,Marathonas,24961000
02/02/2024,Iliki,347292000
02/02/2024,Mornos,508693000
02/02/2024,Evinos,32437000
03/02/2024,Marathonas,24817000
03/02/2024,Iliki,347292000
03/02/2024,Mornos,509433000
03/02/2024,Evinos,31031000
04/02/2024,Iliki,347480000
04/02/2024,Mornos,510176000
04/02/2024,Evinos,29554000
04/02/2024,Marathonas,24714000
05/02/2024,Marathonas,24611000
05/02/2024,Iliki,347668000
05/02/2024,Mornos,511067000
05/02/2024,Evinos,28215000
06/02/2024,Marathonas,24570000
06/02/2024,Iliki,347856000
06/02/2024,Mornos,511959000
06/02/2024,Evinos,26808000
07/02/2024,Marathonas,24529000
07/02/2024,Iliki,347856000
07/02/2024,Mornos,512853000
07/02/2024,Evinos,25436000
08/02/2024,Marathonas,24448000
08/02/2024,Iliki,348044000
08/02/2024,Mornos,512406000
08/02/2024,Evinos,25436000
09/02/2024,Marathonas,24366000
09/02/2024,Iliki,348044000
09/02/2024,Mornos,511662000
09/02/2024,Evinos,25630000
10/02/2024,Marathonas,24285000
10/02/2024,Iliki,348232000
10/02/2024,Mornos,511067000
10/02/2024,Evinos,25825000
11/02/2024,Marathonas,24204000
11/02/2024,Iliki,348420000
11/02/2024,Mornos,510474000
11/02/2024,Evinos,26020000
12/02/2024,Marathonas,24102000
12/02/2024,Iliki,348420000
12/02/2024,Mornos,510474000
12/02/2024,Evinos,26412000
13/02/2024,Marathonas,24062000
13/02/2024,Iliki,348420000
13/02/2024,Mornos,510622000
13/02/2024,Evinos,27206000
14/02/2024,Marathonas,24001000
14/02/2024,Iliki,348796000
14/02/2024,Mornos,510028000
14/02/2024,Evinos,27809000
15/02/2024,Marathonas,23981000
15/02/2024,Iliki,348796000
15/02/2024,Evinos,28215000
15/02/2024,Mornos,509582000
16/02/2024,Marathonas,24001000
16/02/2024,Iliki,348796000
16/02/2024,Mornos,508841000
16/02/2024,Evinos,28521000
17/02/2024,Marathonas,24001000
17/02/2024,Iliki,349172000
17/02/2024,Mornos,508247000
17/02/2024,Evinos,28829000
18/02/2024,Marathonas,23961000
18/02/2024,Iliki,349172000
18/02/2024,Mornos,507507000
18/02/2024,Evinos,29138000
19/02/2024,Marathonas,23880000
19/02/2024,Iliki,349172000
19/02/2024,Mornos,506914000
19/02/2024,Evinos,29346000
20/02/2024,Marathonas,23800000
20/02/2024,Iliki,349172000
20/02/2024,Mornos,506175000
20/02/2024,Evinos,29658000
21/02/2024,Marathonas,23720000
21/02/2024,Iliki,349172000
21/02/2024,Mornos,505435000
21/02/2024,Evinos,29867000
22/02/2024,Marathonas,23679000
22/02/2024,Iliki,349172000
22/02/2024,Evinos,29972000
22/02/2024,Mornos,504843000
23/02/2024,Mornos,504104000
23/02/2024,Marathonas,23599000
23/02/2024,Iliki,349172000
23/02/2024,Evinos,30077000
24/02/2024,Marathonas,23559000
24/02/2024,Iliki,349360000
24/02/2024,Mornos,503662000
24/02/2024,Evinos,30182000
25/02/2024,Marathonas,23479000
25/02/2024,Iliki,349360000
25/02/2024,Mornos,503072000
25/02/2024,Evinos,30712000
26/02/2024,Marathonas,23380000
26/02/2024,Iliki,349360000
26/02/2024,Mornos,503072000
26/02/2024,Evinos,31568000
27/02/2024,Marathonas,23380000
27/02/2024,Iliki,350112000
27/02/2024,Mornos,502630000
27/02/2024,Evinos,32876000
28/02/2024,Marathonas,23300000
28/02/2024,Iliki,350491000
28/02/2024,Mornos,502040000
28/02/2024,Evinos,33653000
29/02/2024,Marathonas,23261000
29/02/2024,Iliki,350491000
29/02/2024,Mornos,501451000
29/02/2024,Evinos,34213000
01/03/2024,Marathonas,23181000
01/03/2024,Iliki,350300000
01/03/2024,Mornos,500862000
01/03/2024,Evinos,35121000
02/03/2024,Marathonas,23142000
02/03/2024,Iliki,350873000
02/03/2024,Mornos,502335000
02/03/2024,Evinos,39006000
03/03/2024,Marathonas,23082000
03/03/2024,Iliki,352019000
03/03/2024,Mornos,502335000
03/03/2024,Evinos,40718000
04/03/2024,Marathonas,22964000
04/03/2024,Iliki,352783000
04/03/2024,Mornos,502187000
04/03/2024,Evinos,41824000
05/03/2024,Marathonas,22846000
05/03/2024,Iliki,353356000
05/03/2024,Mornos,502630000
05/03/2024,Evinos,43175000
06/03/2024,Marathonas,22787000
06/03/2024,Iliki,353929000
06/03/2024,Mornos,502777000
06/03/2024,Evinos,44435000
07/03/2024,Marathonas,22708000
07/03/2024,Iliki,354311000
07/03/2024,Mornos,502482000
07/03/2024,Evinos,45249000
08/03/2024,Marathonas,22650000
08/03/2024,Iliki,354693000
08/03/2024,Mornos,502777000
08/03/2024,Evinos,46308000
09/03/2024,Marathonas,22572000
09/03/2024,Iliki,354884000
09/03/2024,Mornos,502630000
09/03/2024,Evinos,47262000
10/03/2024,Marathonas,22493000
10/03/2024,Iliki,355075000
10/03/2024,Mornos,502187000
10/03/2024,Evinos,47986000
11/03/2024,Marathonas,22455000
11/03/2024,Iliki,355075000
11/03/2024,Mornos,501598000
11/03/2024,Evinos,48716000
12/03/2024,Marathonas,22493000
12/03/2024,Iliki,355075000
12/03/2024,Evinos,49453000
12/03/2024,Mornos,501009000
13/03/2024,Marathonas,22532000
13/03/2024,Iliki,355266000
13/03/2024,Mornos,501009000
13/03/2024,Evinos,50697000
14/03/2024,Marathonas,22611000
14/03/2024,Iliki,355266000
14/03/2024,Mornos,500420000
14/03/2024,Evinos,51706000
15/03/2024,Marathonas,22689000
15/03/2024,Iliki,355266000
15/03/2024,Mornos,499832000
15/03/2024,Evinos,52599000
16/03/2024,Iliki,355457000
16/03/2024,Marathonas,22728000
16/03/2024,Mornos,499538000
16/03/2024,Evinos,53373000
17/03/2024,Marathonas,22767000
17/03/2024,Iliki,355457000
17/03/2024,Mornos,499391000
17/03/2024,Evinos,54023000
18/03/2024,Marathonas,22846000
18/03/2024,Iliki,355457000
18/03/2024,Mornos,498950000
18/03/2024,Evinos,54547000
19/03/2024,Marathonas,22865000
19/03/2024,Iliki,355266000
19/03/2024,Mornos,498509000
19/03/2024,Evinos,55074000
20/03/2024,Marathonas,22905000
20/03/2024,Iliki,355266000
20/03/2024,Mornos,498216000
20/03/2024,Evinos,55604000
21/03/2024,Marathonas,23003000
21/03/2024,Iliki,355457000
21/03/2024,Mornos,497628000
21/03/2024,Evinos,56004000
22/03/2024,Marathonas,23043000
22/03/2024,Iliki,355457000
22/03/2024,Mornos,497189000
22/03/2024,Evinos,56405000
23/03/2024,Marathonas,23880000
23/03/2024,Iliki,355457000
23/03/2024,Evinos,58031000
23/03/2024,Mornos,496602000
24/03/2024,Mornos,496162000
24/03/2024,Iliki,355457000
24/03/2024,Evinos,57214000
24/03/2024,Marathonas,22885000
25/03/2024,Marathonas,22689000
25/03/2024,Mornos,495429000
25/03/2024,Evinos,57622000
25/03/2024,Iliki,355457000
26/03/2024,Mornos,494844000
26/03/2024,Iliki,355457000
26/03/2024,Evinos,58031000
26/03/2024,Marathonas,22650000
27/03/2024,Marathonas,22572000
27/03/2024,Iliki,355457000
27/03/2024,Mornos,494551000
27/03/2024,Evinos,58442000
28/03/2024,Marathonas,22493000
28/03/2024,Iliki,355075000
28/03/2024,Mornos,494258000
28/03/2024,Evinos,58717000
29/03/2024,Marathonas,22318000
29/03/2024,Iliki,354884000
29/03/2024,Evinos,59132000
29/03/2024,Mornos,493819000
30/03/2024,Marathonas,22222000
30/03/2024,Iliki,354884000
30/03/2024,Mornos,493234000
30/03/2024,Evinos,59409000
31/03/2024,Marathonas,22067000
31/03/2024,Mornos,492796000
31/03/2024,Iliki,354693000
31/03/2024,Evinos,59687000
01/04/2024,Marathonas,21913000
01/04/2024,Iliki,354311000
01/04/2024,Mornos,492067000
01/04/2024,Evinos,59966000
02/04/2024,Marathonas,21875000
02/04/2024,Iliki,354120000
02/04/2024,Mornos,491046000
02/04/2024,Evinos,60246000
03/04/2024,Marathonas,21875000
03/04/2024,Iliki,353929000
03/04/2024,Mornos,490463000
03/04/2024,Evinos,60527000
04/04/2024,Marathonas,21894000
04/04/2024,Iliki,353547000
04/04/2024,Mornos,489589000
04/04/2024,Evinos,60809000
05/04/2024,Marathonas,21913000
05/04/2024,Iliki,353165000
05/04/2024,Mornos,488716000
05/04/2024,Evinos,61091000
06/04/2024,Marathonas,21990000
06/04/2024,Iliki,352783000
06/04/2024,Mornos,488134000
06/04/2024,Evinos,61233000
07/04/2024,Marathonas,22048000
07/04/2024,Iliki,352592000
07/04/2024,Mornos,487116000
07/04/2024,Evinos,61517000
08/04/2024,Marathonas,22105000
08/04/2024,Iliki,352401000
08/04/2024,Mornos,486244000
08/04/2024,Evinos,61801000
09/04/2024,Marathonas,22202000
09/04/2024,Iliki,352019000
09/04/2024,Mornos,485228000
09/04/2024,Evinos,62087000
10/04/2024,Marathonas,22280000
10/04/2024,Iliki,351637000
10/04/2024,Mornos,484357000
10/04/2024,Evinos,62230000
11/04/2024,Marathonas,22318000
11/04/2024,Iliki,351446000
11/04/2024,Mornos,483488000
11/04/2024,Evinos,62373000
12/04/2024,Marathonas,22357000
12/04/2024,Iliki,351064000
12/04/2024,Mornos,482620000
12/04/2024,Evinos,62517000
13/04/2024,Marathonas,22435000
13/04/2024,Iliki,350682000
13/04/2024,Mornos,481464000
13/04/2024,Evinos,62661000
14/04/2024,Marathonas,22513000
14/04/2024,Iliki,350300000
14/04/2024,Mornos,480453000
14/04/2024,Evinos,62805000
15/04/2024,Marathonas,22650000
15/04/2024,Iliki,350300000
15/04/2024,Mornos,479443000
15/04/2024,Evinos,62949000
16/04/2024,Iliki,350112000
16/04/2024,Mornos,478434000
16/04/2024,Evinos,63093000
16/04/2024,Marathonas,22708000
17/04/2024,Marathonas,22807000
17/04/2024,Iliki,349736000
17/04/2024,Mornos,477282000
17/04/2024,Evinos,63238000
18/04/2024,Evinos,63383000
18/04/2024,Marathonas,22905000
18/04/2024,Mornos,476275000
18/04/2024,Iliki,349548000
19/04/2024,Marathonas,23003000
19/04/2024,Mornos,475124000
19/04/2024,Evinos,63528000
19/04/2024,Iliki,349172000
20/04/2024,Marathonas,23122000
20/04/2024,Iliki,349172000
20/04/2024,Mornos,474550000
20/04/2024,Evinos,63819000
21/04/2024,Marathonas,23280000
21/04/2024,Iliki,348796000
21/04/2024,Mornos,473690000
21/04/2024,Evinos,63965000
22/04/2024,Marathonas,23400000
22/04/2024,Iliki,348420000
22/04/2024,Mornos,472830000
22/04/2024,Evinos,64257000
23/04/2024,Marathonas,23459000
23/04/2024,Iliki,348044000
23/04/2024,Mornos,472258000
23/04/2024,Evinos,64403000
24/04/2024,Marathonas,23539000
24/04/2024,Iliki,347668000
24/04/2024,Mornos,471400000
24/04/2024,Evinos,64697000
25/04/2024,Marathonas,23559000
25/04/2024,Iliki,347668000
25/04/2024,Mornos,470398000
25/04/2024,Evinos,64844000
26/04/2024,Marathonas,23599000
26/04/2024,Iliki,347104000
26/04/2024,Mornos,469399000
26/04/2024,Evinos,64991000
27/04/2024,Marathonas,23679000
27/04/2024,Iliki,346728000
27/04/2024,Mornos,468543000
27/04/2024,Evinos,64991000
28/04/2024,Marathonas,23760000
28/04/2024,Iliki,346540000
28/04/2024,Mornos,467686000
28/04/2024,Evinos,65139000
29/04/2024,Marathonas,23760000
29/04/2024,Iliki,346540000
29/04/2024,Mornos,467686000
29/04/2024,Evinos,65139000
30/04/2024,Marathonas,23961000
30/04/2024,Iliki,345788000
30/04/2024,Mornos,465552000
30/04/2024,Evinos,65404000
01/05/2024,Marathonas,24082000
01/05/2024,Iliki,345412000
01/05/2024,Mornos,464557000
01/05/2024,Evinos,65537000
02/05/2024,Marathonas,24204000
02/05/2024,Iliki,345036000
02/05/2024,Mornos,463704000
02/05/2024,Evinos,65670000
03/05/2024,Marathonas,24285000
03/05/2024,Iliki,344660000
03/05/2024,Mornos,462569000
03/05/2024,Evinos,65670000
04/05/2024,Marathonas,24407000
04/05/2024,Iliki,344284000
04/05/2024,Mornos,461294000
04/05/2024,Evinos,65803000
05/05/2024,Marathonas,24550000
05/05/2024,Iliki,344096000
05/05/2024,Mornos,460022000
05/05/2024,Evinos,65936000
06/05/2024,Marathonas,24673000
06/05/2024,Iliki,343720000
06/05/2024,Mornos,458750000
06/05/2024,Evinos,65936000
07/05/2024,Marathonas,24858000
07/05/2024,Iliki,343532000
07/05/2024,Mornos,457480000
07/05/2024,Evinos,65936000
08/05/2024,Marathonas,24858000
08/05/2024,Iliki,343156000
08/05/2024,Mornos,456210000
08/05/2024,Evinos,66069000
09/05/2024,Marathonas,24899000
09/05/2024,Iliki,342780000
09/05/2024,Mornos,454804000
09/05/2024,Evinos,66069000
10/05/2024,Marathonas,25002000
10/05/2024,Iliki,342404000
10/05/2024,Mornos,453680000
10/05/2024,Evinos,66203000
11/05/2024,Marathonas,25147000
11/05/2024,Iliki,342216000
11/05/2024,Mornos,453680000
11/05/2024,Evinos,66471000
12/05/2024,Marathonas,25230000
12/05/2024,Iliki,341840000
12/05/2024,Mornos,452978000
12/05/2024,Evinos,66605000
13/05/2024,Marathonas,25292000
13/05/2024,Iliki,341464000
13/05/2024,Mornos,451996000
13/05/2024,Evinos,66739000
14/05/2024,Marathonas,25354000
14/05/2024,Iliki,341088000
14/05/2024,Mornos,451015000
14/05/2024,Evinos,66874000
15/05/2024,Marathonas,25480000
15/05/2024,Iliki,340712000
15/05/2024,Mornos,449896000
15/05/2024,Evinos,67009000
16/05/2024,Marathonas,25563000
16/05/2024,Iliki,340524000
16/05/2024,Mornos,448778000
16/05/2024,Evinos,67144000
17/05/2024,Marathonas,25668000
17/05/2024,Iliki,340148000
17/05/2024,Mornos,447660000
17/05/2024,Evinos,67144000
18/05/2024,Marathonas,25773000
18/05/2024,Iliki,339960000
18/05/2024,Mornos,446684000
18/05/2024,Evinos,67144000
19/05/2024,Marathonas,25878000
19/05/2024,Iliki,339772000
19/05/2024,Mornos,445570000
19/05/2024,Evinos,67279000
20/05/2024,Marathonas,25920000
20/05/2024,Iliki,339396000
20/05/2024,Mornos,444317000
20/05/2024,Evinos,67279000
21/05/2024,Marathonas,25962000
21/05/2024,Iliki,339020000
21/05/2024,Mornos,443206000
21/05/2024,Evinos,67279000
22/05/2024,Marathonas,26047000
22/05/2024,Iliki,338832000
22/05/2024,Mornos,442235000
22/05/2024,Evinos,67414000
23/05/2024,Marathonas,26132000
23/05/2024,Iliki,338644000
23/05/2024,Mornos,441128000
23/05/2024,Evinos,67414000
24/05/2024,Marathonas,26174000
24/05/2024,Iliki,338268000
24/05/2024,Mornos,440020000
24/05/2024,Evinos,67414000
25/05/2024,Marathonas,26280000
25/05/2024,Iliki,338080000
25/05/2024,Mornos,438775000
25/05/2024,Evinos,67549000
26/05/2024,Marathonas,26323000
26/05/2024,Iliki,337704000
26/05/2024,Mornos,438084000
26/05/2024,Evinos,67821000
27/05/2024,Marathonas,26451000
27/05/2024,Iliki,337516000
27/05/2024,Mornos,437394000
27/05/2024,Evinos,67957000
28/05/2024,Marathonas,26515000
28/05/2024,Iliki,336764000
28/05/2024,Mornos,436568000
28/05/2024,Evinos,68093000
29/05/2024,Marathonas,26579000
29/05/2024,Iliki,336388000
29/05/2024,Mornos,435466000
29/05/2024,Evinos,68093000
30/05/2024,Marathonas,26622000
30/05/2024,Iliki,336012000
30/05/2024,Mornos,434228000
30/05/2024,Evinos,68230000
31/05/2024,Marathonas,26707000
31/05/2024,Iliki,335636000
31/05/2024,Mornos,433130000
31/05/2024,Evinos,68230000
01/06/2024,Marathonas,26772000
01/06/2024,Iliki,335448000
01/06/2024,Mornos,431895000
01/06/2024,Evinos,68230000
02/06/2024,Marathonas,26858000
02/06/2024,Iliki,335072000
02/06/2024,Mornos,430661000
02/06/2024,Evinos,68230000
03/06/2024,Marathonas,26922000
03/06/2024,Iliki,334696000
03/06/2024,Mornos,429293000
03/06/2024,Evinos,68366000
04/06/2024,Marathonas,26987000
04/06/2024,Iliki,334320000
04/06/2024,Mornos,427927000
04/06/2024,Evinos,68366000
05/06/2024,Marathonas,27030000
05/06/2024,Iliki,333944000
05/06/2024,Mornos,426699000
05/06/2024,Evinos,68366000
06/06/2024,Marathonas,27030000
06/06/2024,Iliki,333380000
06/06/2024,Mornos,426972000
06/06/2024,Evinos,66739000
07/06/2024,Marathonas,26987000
07/06/2024,Iliki,333004000
07/06/2024,Mornos,427381000
07/06/2024,Evinos,64991000
08/06/2024,Marathonas,26966000
08/06/2024,Iliki,332628000
08/06/2024,Mornos,428063000
08/06/2024,Evinos,62949000
09/06/2024,Marathonas,26901000
09/06/2024,Iliki,332252000
09/06/2024,Evinos,60950000
09/06/2024,Mornos,428610000
10/06/2024,Marathonas,26858000
10/06/2024,Iliki,331876000
10/06/2024,Mornos,429156000
10/06/2024,Evinos,58855000
11/06/2024,Marathonas,26793000
11/06/2024,Iliki,331500000
11/06/2024,Mornos,429840000
11/06/2024,Evinos,56674000
12/06/2024,Marathonas,26686000
12/06/2024,Iliki,330942000
12/06/2024,Mornos,430251000
12/06/2024,Evinos,54547000
13/06/2024,Marathonas,26600000
13/06/2024,Iliki,330384000
13/06/2024,Mornos,430798000
13/06/2024,Evinos,52599000
14/06/2024,Marathonas,26515000
14/06/2024,Iliki,330012000
14/06/2024,Mornos,431483000
14/06/2024,Evinos,50697000
15/06/2024,Marathonas,26387000
15/06/2024,Iliki,329454000
15/06/2024,Mornos,432032000
15/06/2024,Evinos,48838000
16/06/2024,Marathonas,26301000
16/06/2024,Iliki,328896000
16/06/2024,Mornos,432718000
16/06/2024,Evinos,47023000
17/06/2024,Marathonas,26216000
17/06/2024,Iliki,328338000
17/06/2024,Mornos,433130000
17/06/2024,Evinos,45249000
18/06/2024,Marathonas,26174000
18/06/2024,Iliki,327780000
18/06/2024,Mornos,432718000
18/06/2024,Evinos,44783000
19/06/2024,Marathonas,26089000
19/06/2024,Iliki,327408000
19/06/2024,Mornos,431483000
19/06/2024,Evinos,44783000
20/06/2024,Marathonas,26005000
20/06/2024,Iliki,326850000
20/06/2024,Mornos,430251000
20/06/2024,Evinos,44783000
21/06/2024,Marathonas,25899000
21/06/2024,Iliki,326292000
21/06/2024,Mornos,429020000
21/06/2024,Evinos,44783000
22/06/2024,Marathonas,25773000
22/06/2024,Iliki,325734000
22/06/2024,Mornos,427381000
22/06/2024,Evinos,44783000
23/06/2024,Marathonas,25668000
23/06/2024,Iliki,325176000
23/06/2024,Mornos,426154000
23/06/2024,Evinos,44667000
24/06/2024,Marathonas,25542000
24/06/2024,Iliki,324618000
24/06/2024,Mornos,424794000
24/06/2024,Evinos,44667000
25/06/2024,Marathonas,25459000
25/06/2024,Iliki,324060000
25/06/2024,Mornos,423436000
25/06/2024,Evinos,44667000
26/06/2024,Marathonas,25396000
26/06/2024,Iliki,323502000
26/06/2024,Mornos,422079000
26/06/2024,Evinos,44667000
27/06/2024,Marathonas,25313000
27/06/2024,Iliki,322944000
27/06/2024,Mornos,420726000
27/06/2024,Evinos,44551000
28/06/2024,Marathonas,25209000
28/06/2024,Iliki,322572000
28/06/2024,Mornos,419374000
28/06/2024,Evinos,44551000
29/06/2024,Marathonas,25147000
29/06/2024,Iliki,321828000
29/06/2024,Mornos,417889000
29/06/2024,Evinos,44435000
30/06/2024,Marathonas,25085000
30/06/2024,Iliki,321270000
30/06/2024,Mornos,416405000
30/06/2024,Evinos,44435000
01/07/2024,Marathonas,25043000
01/07/2024,Iliki,320526000
01/07/2024,Mornos,414926000
01/07/2024,Evinos,44435000
02/07/2024,Marathonas,24981000
02/07/2024,Iliki,320154000
02/07/2024,Mornos,413449000
02/07/2024,Evinos,44320000
03/07/2024,Marathonas,24919000
03/07/2024,Iliki,319596000
03/07/2024,Mornos,411976000
03/07/2024,Evinos,44320000
04/07/2024,Marathonas,24858000
04/07/2024,Iliki,318852000
04/07/2024,Mornos,410638000
04/07/2024,Evinos,44205000
05/07/2024,Marathonas,24961000
05/07/2024,Iliki,318480000
05/07/2024,Mornos,409570000
05/07/2024,Evinos,44205000
06/07/2024,Marathonas,25043000
06/07/2024,Iliki,317736000
06/07/2024,Mornos,408237000
06/07/2024,Evinos,44205000
07/07/2024,Marathonas,25085000
07/07/2024,Iliki,317364000
07/07/2024,Mornos,406906000
07/07/2024,Evinos,44205000
08/07/2024,Marathonas,25085000
08/07/2024,Iliki,316620000
08/07/2024,Mornos,405578000
08/07/2024,Evinos,44205000
09/07/2024,Marathonas,24981000
09/07/2024,Iliki,316062000
09/07/2024,Mornos,404251000
09/07/2024,Evinos,44089000
10/07/2024,Marathonas,24490000
10/07/2024,Iliki,315132000
10/07/2024,Evinos,44089000
10/07/2024,Mornos,402928000
11/07/2024,Marathonas,24899000
11/07/2024,Iliki,314388000
11/07/2024,Mornos,401475000
11/07/2024,Evinos,44089000
12/07/2024,Marathonas,24837000
12/07/2024,Iliki,313644000
12/07/2024,Mornos,400157000
12/07/2024,Evinos,44089000
13/07/2024,Marathonas,24796000
13/07/2024,Iliki,313086000
13/07/2024,Mornos,398840000
13/07/2024,Evinos,43974000
14/07/2024,Marathonas,24755000
14/07/2024,Iliki,312348000
14/07/2024,Mornos,397525000
14/07/2024,Evinos,43974000
15/07/2024,Marathonas,24693000
15/07/2024,Iliki,311796000
15/07/2024,Mornos,396213000
15/07/2024,Evinos,43860000
16/07/2024,Marathonas,24673000
16/07/2024,Iliki,311060000
16/07/2024,Mornos,394772000
16/07/2024,Evinos,43860000
17/07/2024,Marathonas,24591000
17/07/2024,Iliki,310324000
17/07/2024,Mornos,393335000
17/07/2024,Evinos,43745000
18/07/2024,Marathonas,24509000
18/07/2024,Iliki,309956000
18/07/2024,Mornos,392030000
18/07/2024,Evinos,43745000
19/07/2024,Marathonas,24632000
19/07/2024,Iliki,309404000
19/07/2024,Mornos,390727000
19/07/2024,Evinos,43745000
20/07/2024,Marathonas,24285000
20/07/2024,Iliki,308668000
20/07/2024,Mornos,389297000
20/07/2024,Evinos,43631000
21/07/2024,Marathonas,24204000
21/07/2024,Iliki,307932000
21/07/2024,Mornos,387999000
21/07/2024,Evinos,43631000
22/07/2024,Marathonas,24163000
22/07/2024,Iliki,307196000
22/07/2024,Mornos,386575000
22/07/2024,Evinos,43516000
23/07/2024,Marathonas,24102000
23/07/2024,Iliki,306644000
23/07/2024,Mornos,385283000
23/07/2024,Evinos,43516000
24/07/2024,Marathonas,24143000
24/07/2024,Iliki,306092000
24/07/2024,Mornos,383865000
24/07/2024,Evinos,43516000
25/07/2024,Marathonas,24143000
25/07/2024,Iliki,305356000
25/07/2024,Mornos,382707000
25/07/2024,Evinos,43516000
26/07/2024,Marathonas,24143000
26/07/2024,Iliki,304620000
26/07/2024,Mornos,381422000
26/07/2024,Evinos,43402000
27/07/2024,Marathonas,24183000
27/07/2024,Iliki,303884000
27/07/2024,Mornos,380139000
27/07/2024,Evinos,43402000
28/07/2024,Evinos,43402000
28/07/2024,Mornos,378858000
28/07/2024,Iliki,303332000
28/07/2024,Marathonas,24244000
29/07/2024,Marathonas,24346000
29/07/2024,Iliki,302780000
29/07/2024,Mornos,377452000
29/07/2024,Evinos,43402000
30/07/2024,Marathonas,24346000
30/07/2024,Iliki,301860000
30/07/2024,Mornos,376049000
30/07/2024,Evinos,43288000
31/07/2024,Marathonas,24346000
31/07/2024,Iliki,301124000
31/07/2024,Mornos,374775000
31/07/2024,Evinos,43288000
01/08/2024,Marathonas,24326000
01/08/2024,Iliki,300204000
01/08/2024,Mornos,373378000
01/08/2024,Evinos,43175000
02/08/2024,Marathonas,24326000
02/08/2024,Iliki,299284000
02/08/2024,Mornos,372238000
02/08/2024,Evinos,43175000
03/08/2024,Marathonas,24305000
03/08/2024,Iliki,298548000
03/08/2024,Mornos,370971000
03/08/2024,Evinos,43175000
04/08/2024,Marathonas,24265000
04/08/2024,Iliki,297812000
04/08/2024,Mornos,369833000
04/08/2024,Evinos,43061000
05/08/2024,Marathonas,24346000
05/08/2024,Iliki,297076000
05/08/2024,Mornos,368573000
05/08/2024,Evinos,43061000
06/08/2024,Marathonas,24346000
06/08/2024,Iliki,296340000
06/08/2024,Mornos,367439000
06/08/2024,Evinos,43061000
07/08/2024,Marathonas,24387000
07/08/2024,Iliki,295788000
07/08/2024,Mornos,366308000
07/08/2024,Evinos,42948000
08/08/2024,Marathonas,24448000
08/08/2024,Iliki,295052000
08/08/2024,Mornos,365177000
08/08/2024,Evinos,42948000
09/08/2024,Marathonas,24489000
09/08/2024,Iliki,294318000
09/08/2024,Mornos,364049000
09/08/2024,Evinos,42835000
10/08/2024,Iliki,293590000
10/08/2024,Mornos,362923000
10/08/2024,Evinos,42835000
10/08/2024,Marathonas,24529000
11/08/2024,Marathonas,24550000
11/08/2024,Mornos,361799000
11/08/2024,Evinos,42722000
11/08/2024,Iliki,292862000
12/08/2024,Iliki,292134000
12/08/2024,Mornos,360552000
12/08/2024,Evinos,42722000
12/08/2024,Marathonas,24591000
13/08/2024,Marathonas,24632000
13/08/2024,Mornos,359306000
13/08/2024,Evinos,42609000
13/08/2024,Iliki,291406000
14/08/2024,Marathonas,24611000
14/08/2024,Iliki,290496000
14/08/2024,Mornos,358312000
14/08/2024,Evinos,42496000
15/08/2024,Marathonas,24611000
15/08/2024,Iliki,289586000
15/08/2024,Mornos,356947000
15/08/2024,Evinos,42384000
16/08/2024,Marathonas,24673000
16/08/2024,Iliki,289040000
16/08/2024,Mornos,356327000
16/08/2024,Evinos,42271000
17/08/2024,Marathonas,24734000
17/08/2024,Iliki,288494000
17/08/2024,Mornos,355211000
17/08/2024,Evinos,42159000
18/08/2024,Marathonas,24734000
18/08/2024,Iliki,287766000
18/08/2024,Mornos,354099000
18/08/2024,Evinos,42047000
19/08/2024,Marathonas,24734000
19/08/2024,Iliki,286856000
19/08/2024,Mornos,352988000
19/08/2024,Evinos,42047000
20/08/2024,Marathonas,24693000
20/08/2024,Iliki,286128000
20/08/2024,Mornos,351881000
20/08/2024,Evinos,41936000
21/08/2024,Marathonas,24611000
21/08/2024,Iliki,285400000
21/08/2024,Mornos,350773000
21/08/2024,Evinos,41936000
22/08/2024,Marathonas,24529000
22/08/2024,Iliki,284854000
22/08/2024,Mornos,349669000
22/08/2024,Evinos,41824000
23/08/2024,Marathonas,24529000
23/08/2024,Iliki,284126000
23/08/2024,Mornos,348688000
23/08/2024,Evinos,41824000
24/08/2024,Marathonas,24529000
24/08/2024,Iliki,283398000
24/08/2024,Mornos,347586000
24/08/2024,Evinos,41713000
25/08/2024,Mornos,346486000
25/08/2024,Evinos,41713000
25/08/2024,Iliki,282670000
25/08/2024,Marathonas,24489000
26/08/2024,Marathonas,24407000
26/08/2024,Iliki,281942000
26/08/2024,Mornos,345388000
26/08/2024,Evinos,41601000
27/08/2024,Marathonas,24407000
27/08/2024,Iliki,281214000
27/08/2024,Mornos,344291000
27/08/2024,Evinos,41601000
28/08/2024,Marathonas,24427000
28/08/2024,Iliki,280668000
28/08/2024,Mornos,343197000
28/08/2024,Evinos,41490000
29/08/2024,Marathonas,24468000
29/08/2024,Iliki,279940000
29/08/2024,Mornos,342104000
29/08/2024,Evinos,41490000
30/08/2024,Marathonas,24509000
30/08/2024,Iliki,279212000
30/08/2024,Mornos,341014000
30/08/2024,Evinos,41379000
31/08/2024,Marathonas,24611000
31/08/2024,Iliki,278666000
31/08/2024,Mornos,339926000
31/08/2024,Evinos,41379000
01/09/2024,Marathonas,24734000
01/09/2024,Iliki,278120000
01/09/2024,Mornos,338839000
01/09/2024,Evinos,41379000
02/09/2024,Marathonas,24837000
02/09/2024,Iliki,277756000
02/09/2024,Mornos,337755000
02/09/2024,Evinos,41269000
03/09/2024,Marathonas,24899000
03/09/2024,Iliki,277210000
03/09/2024,Mornos,336551000
03/09/2024,Evinos,41269000
04/09/2024,Marathonas,24919000
04/09/2024,Iliki,276664000
04/09/2024,Mornos,335471000
04/09/2024,Evinos,41158000
05/09/2024,Marathonas,24940000
05/09/2024,Iliki,276127000
05/09/2024,Mornos,334392000
05/09/2024,Evinos,41048000
06/09/2024,Marathonas,24940000
06/09/2024,Iliki,275608000
06/09/2024,Mornos,333314000
06/09/2024,Evinos,40938000
07/09/2024,Marathonas,24919000
07/09/2024,Iliki,275089000
07/09/2024,Mornos,332239000
07/09/2024,Evinos,40938000
08/09/2024,Marathonas,24940000
08/09/2024,Iliki,274743000
08/09/2024,Mornos,331165000
08/09/2024,Evinos,40828000
09/09/2024,Marathonas,24981000
09/09/2024,Iliki,274224000
09/09/2024,Mornos,330093000
09/09/2024,Evinos,40828000
10/09/2024,Marathonas,25043000
10/09/2024,Iliki,273705000
10/09/2024,Mornos,329380000
10/09/2024,Evinos,40894000
11/09/2024,Marathonas,25126000
11/09/2024,Iliki,273186000
11/09/2024,Mornos,328429000
11/09/2024,Evinos,40982000
12/09/2024,Marathonas,25209000
12/09/2024,Iliki,272840000
12/09/2024,Mornos,327362000
12/09/2024,Evinos,40982000
13/09/2024,Marathonas,25292000
13/09/2024,Iliki,272494000
13/09/2024,Mornos,326296000
13/09/2024,Evinos,40982000
14/09/2024,Marathonas,25334000
14/09/2024,Iliki,271802000
14/09/2024,Mornos,325232000
14/09/2024,Evinos,40982000
15/09/2024,Marathonas,25375000
15/09/2024,Iliki,271110000
15/09/2024,Mornos,324053000
15/09/2024,Evinos,40982000
16/09/2024,Marathonas,25375000
16/09/2024,Iliki,270591000
16/09/2024,Mornos,322995000
16/09/2024,Evinos,40938000
17/09/2024,Marathonas,25375000
17/09/2024,Iliki,270072000
17/09/2024,Mornos,321821000
17/09/2024,Evinos,40916000
18/09/2024,Marathonas,25417000
18/09/2024,Iliki,269553000
18/09/2024,Mornos,320767000
18/09/2024,Evinos,40916000
19/09/2024,Marathonas,25480000
19/09/2024,Iliki,269207000
19/09/2024,Mornos,319715000
19/09/2024,Evinos,40872000
20/09/2024,Marathonas,25563000
20/09/2024,Iliki,268861000
20/09/2024,Mornos,318664000
20/09/2024,Evinos,40872000
21/09/2024,Marathonas,25626000
21/09/2024,Iliki,268515000
21/09/2024,Mornos,317616000
21/09/2024,Evinos,40828000
22/09/2024,Marathonas,25668000
22/09/2024,Iliki,267996000
22/09/2024,Mornos,316570000
22/09/2024,Evinos,40784000
23/09/2024,Marathonas,25689000
23/09/2024,Iliki,267477000
23/09/2024,Mornos,315525000
23/09/2024,Evinos,40784000
24/09/2024,Marathonas,25731000
24/09/2024,Iliki,266958000
24/09/2024,Mornos,314482000
24/09/2024,Evinos,40740000
25/09/2024,Marathonas,25773000
25/09/2024,Iliki,266439000
25/09/2024,Mornos,313442000
25/09/2024,Evinos,40696000
26/09/2024,Marathonas,25773000
26/09/2024,Iliki,265920000
26/09/2024,Mornos,312403000
26/09/2024,Evinos,40652000
27/09/2024,Marathonas,25773000
27/09/2024,Iliki,265401000
27/09/2024,Mornos,311368000
27/09/2024,Evinos,40608000
28/09/2024,Marathonas,25815000
28/09/2024,Iliki,265055000
28/09/2024,Mornos,310333000
28/09/2024,Evinos,40608000
29/09/2024,Marathonas,25836000
29/09/2024,Iliki,264882000
29/09/2024,Mornos,309300000
29/09/2024,Evinos,40564000
30/09/2024,Marathonas,25836000
30/09/2024,Iliki,264363000
30/09/2024,Mornos,308384000
30/09/2024,Evinos,40499000
01/10/2024,Marathonas,25815000
01/10/2024,Iliki,263844000
01/10/2024,Mornos,307354000
01/10/2024,Evinos,40499000
02/10/2024,Marathonas,25857000
02/10/2024,Iliki,263498000
02/10/2024,Mornos,306214000
02/10/2024,Evinos,40499000
03/10/2024,Marathonas,25899000
03/10/2024,Iliki,262979000
03/10/2024,Mornos,305190000
03/10/2024,Evinos,40499000
04/10/2024,Marathonas,25984000
04/10/2024,Iliki,262633000
04/10/2024,Mornos,304167000
04/10/2024,Evinos,40433000
05/10/2024,Marathonas,26026000
05/10/2024,Iliki,262287000
05/10/2024,Mornos,303145000
05/10/2024,Evinos,40433000
06/10/2024,Marathonas,26047000
06/10/2024,Iliki,262114000
06/10/2024,Mornos,302128000
06/10/2024,Evinos,40389000
07/10/2024,Marathonas,26110000
07/10/2024,Iliki,261768000
07/10/2024,Mornos,301112000
07/10/2024,Evinos,40346000
08/10/2024,Marathonas,26132000
08/10/2024,Iliki,261422000
08/10/2024,Mornos,300098000
08/10/2024,Evinos,40346000
09/10/2024,Marathonas,26216000
09/10/2024,Iliki,260903000
09/10/2024,Mornos,298974000
09/10/2024,Evinos,40280000
10/10/2024,Marathonas,26280000
10/10/2024,Iliki,260384000
10/10/2024,Mornos,297963000
10/10/2024,Evinos,40237000
11/10/2024,Marathonas,26301000
11/10/2024,Iliki,259865000
11/10/2024,Mornos,296956000
11/10/2024,Evinos,40193000
12/10/2024,Marathonas,26344000
12/10/2024,Iliki,259346000
12/10/2024,Mornos,295837000
12/10/2024,Evinos,40149000
13/10/2024,Marathonas,26365000
13/10/2024,Iliki,259000000
13/10/2024,Mornos,294835000
13/10/2024,Evinos,40084000
14/10/2024,Marathonas,26387000
14/10/2024,Iliki,258660000
14/10/2024,Mornos,293833000
14/10/2024,Evinos,40019000
15/10/2024,Marathonas,26387000
15/10/2024,Iliki,258150000
15/10/2024,Mornos,292834000
15/10/2024,Evinos,39954000
16/10/2024,Marathonas,26365000
16/10/2024,Iliki,257810000
16/10/2024,Mornos,291837000
16/10/2024,Evinos,39910000
17/10/2024,Marathonas,26365000
17/10/2024,Iliki,257300000
17/10/2024,Mornos,290952000
17/10/2024,Evinos,39867000
18/10/2024,Marathonas,26408000
18/10/2024,Iliki,256960000
18/10/2024,Mornos,289958000
18/10/2024,Evinos,39824000
19/10/2024,Marathonas,26451000
19/10/2024,Iliki,256450000
19/10/2024,Mornos,288967000
19/10/2024,Evinos,39780000
20/10/2024,Marathonas,26408000
20/10/2024,Iliki,256110000
20/10/2024,Mornos,287977000
20/10/2024,Evinos,39737000
21/10/2024,Marathonas,26387000
21/10/2024,Iliki,255600000
21/10/2024,Mornos,286989000
21/10/2024,Evinos,39688000
22/10/2024,Marathonas,26344000
22/10/2024,Iliki,255260000
22/10/2024,Mornos,286004000
22/10/2024,Evinos,39639000
23/10/2024,Marathonas,26280000
23/10/2024,Iliki,254750000
23/10/2024,Mornos,285021000
23/10/2024,Evinos,39590000
24/10/2024,Marathonas,26216000
24/10/2024,Iliki,254240000
24/10/2024,Mornos,284148000
24/10/2024,Evinos,39541000
25/10/2024,Marathonas,26132000
25/10/2024,Iliki,253900000
25/10/2024,Mornos,283059000
25/10/2024,Evinos,39492000
26/10/2024,Marathonas,26068000
26/10/2024,Iliki,253390000
26/10/2024,Mornos,282189000
26/10/2024,Evinos,39443000
27/10/2024,Marathonas,26026000
27/10/2024,Iliki,252880000
27/10/2024,Mornos,281321000
27/10/2024,Evinos,39395000
28/10/2024,Marathonas,26005000
28/10/2024,Iliki,252370000
28/10/2024,Mornos,280346000
28/10/2024,Evinos,39321000
29/10/2024,Marathonas,25941000
29/10/2024,Iliki,252200000
29/10/2024,Mornos,279373000
29/10/2024,Evinos,39273000
30/10/2024,Marathonas,25857000
30/10/2024,Iliki,251860000
30/10/2024,Mornos,278511000
30/10/2024,Evinos,39200000
31/10/2024,Marathonas,25752000
31/10/2024,Iliki,251350000
31/10/2024,Mornos,274538000
31/10/2024,Evinos,39151000
01/11/2024,Mornos,276574000
01/11/2024,Evinos,39103000
01/11/2024,Marathonas,25689000
01/11/2024,Iliki,251010000
02/11/2024,Marathonas,25605000
02/11/2024,Iliki,250670000
02/11/2024,Mornos,275608000
02/11/2024,Evinos,39054000
03/11/2024,Marathonas,25542000
03/11/2024,Iliki,250330000
03/11/2024,Mornos,274645000
03/11/2024,Evinos,39006000
04/11/2024,Marathonas,25459000
04/11/2024,Iliki,249990000
04/11/2024,Mornos,273788000
04/11/2024,Evinos,38957000
05/11/2024,Marathonas,25438000
05/11/2024,Iliki,249650000
05/11/2024,Mornos,272828000
05/11/2024,Evinos,38909000
06/11/2024,Marathonas,25375000
06/11/2024,Iliki,249140000
06/11/2024,Evinos,38836000
06/11/2024,Mornos,271763000
07/11/2024,Marathonas,25313000
07/11/2024,Iliki,248800000
07/11/2024,Mornos,270913000
07/11/2024,Evinos,38812000
08/11/2024,Marathonas,25271000
08/11/2024,Iliki,248460000
08/11/2024,Mornos,270064000
08/11/2024,Evinos,38739000
09/11/2024,Marathonas,25230000
09/11/2024,Iliki,247780000
09/11/2024,Mornos,269110000
09/11/2024,Evinos,38667000
10/11/2024,Marathonas,25167000
10/11/2024,Iliki,247270000
10/11/2024,Mornos,268158000
10/11/2024,Evinos,38595000
11/11/2024,Marathonas,25126000
11/11/2024,Iliki,246760000
11/11/2024,Mornos,267209000
11/11/2024,Evinos,38522000
12/11/2024,Marathonas,25085000
12/11/2024,Iliki,246420000
12/11/2024,Mornos,266471000
12/11/2024,Evinos,38498000
13/11/2024,Marathonas,25085000
13/11/2024,Iliki,246420000
13/11/2024,Mornos,265944000
13/11/2024,Evinos,38498000
14/11/2024,Marathonas,25147000
14/11/2024,Iliki,246590000
14/11/2024,Mornos,265209000
14/11/2024,Evinos,38570000
15/11/2024,Marathonas,25167000
15/11/2024,Iliki,246590000
15/11/2024,Mornos,264999000
15/11/2024,Evinos,38884000
16/11/2024,Marathonas,25230000
16/11/2024,Iliki,246250000
16/11/2024,Mornos,264475000
16/11/2024,Evinos,39200000
17/11/2024,Marathonas,25250000
17/11/2024,Iliki,246080000
17/11/2024,Mornos,263531000
17/11/2024,Evinos,39492000
18/11/2024,Marathonas,25250000
18/11/2024,Iliki,245740000
18/11/2024,Mornos,262695000
18/11/2024,Evinos,39541000
19/11/2024,Marathonas,25250000
19/11/2024,Iliki,245400000
19/11/2024,Mornos,261860000
19/11/2024,Evinos,39590000
20/11/2024,Marathonas,25250000
20/11/2024,Iliki,245060000
20/11/2024,Mornos,261131000
20/11/2024,Evinos,39639000
21/11/2024,Marathonas,25250000
21/11/2024,Iliki,244890000
21/11/2024,Mornos,261860000
21/11/2024,Evinos,39737000
22/11/2024,Marathonas,25230000
22/11/2024,Iliki,244380000
22/11/2024,Mornos,261756000
22/11/2024,Evinos,39845000
23/11/2024,Marathonas,25250000
23/11/2024,Iliki,244040000
23/11/2024,Mornos,263112000
23/11/2024,Evinos,39954000
24/11/2024,Marathonas,25209000
24/11/2024,Iliki,243700000
24/11/2024,Mornos,262695000
24/11/2024,Evinos,40171000
25/11/2024,Marathonas,25147000
25/11/2024,Iliki,243530000
25/11/2024,Mornos,262068000
25/11/2024,Evinos,40258000
26/11/2024,Marathonas,25126000
26/11/2024,Iliki,243190000
26/11/2024,Mornos,261339000
26/11/2024,Evinos,40346000
27/11/2024,Marathonas,25126000
27/11/2024,Iliki,242850000
27/11/2024,Mornos,260507000
27/11/2024,Evinos,40433000
28/11/2024,Marathonas,25105000
28/11/2024,Iliki,242680000
28/11/2024,Mornos,259885000
28/11/2024,Evinos,40455000
29/11/2024,Marathonas,25085000
29/11/2024,Iliki,242510000
29/11/2024,Mornos,259159000
29/11/2024,Evinos,40477000
30/11/2024,Marathonas,25043000
30/11/2024,Iliki,242170000
30/11/2024,Mornos,259159000
30/11/2024,Evinos,40740000
01/12/2024,Marathonas,25147000
01/12/2024,Iliki,242340000
01/12/2024,Mornos,262590000
01/12/2024,Evinos,43016000
02/12/2024,Marathonas,25147000
02/12/2024,Iliki,242340000
02/12/2024,Mornos,264160000
02/12/2024,Evinos,45249000
03/12/2024,Marathonas,25147000
03/12/2024,Iliki,242000000
03/12/2024,Mornos,264580000
03/12/2024,Evinos,46308000
04/12/2024,Marathonas,25147000
04/12/2024,Iliki,241833000
04/12/2024,Mornos,264580000
04/12/2024,Evinos,46951000
05/12/2024,Marathonas,25126000
05/12/2024,Iliki,241666000
05/12/2024,Mornos,264370000
05/12/2024,Evinos,47310000
06/12/2024,Marathonas,25167000
06/12/2024,Iliki,241666000
06/12/2024,Mornos,264265000
06/12/2024,Evinos,47623000
07/12/2024,Marathonas,25354000
07/12/2024,Iliki,241499000
07/12/2024,Mornos,263531000
07/12/2024,Evinos,47961000
08/12/2024,Marathonas,25375000
08/12/2024,Iliki,241165000
08/12/2024,Mornos,264790000
08/12/2024,Evinos,50697000
09/12/2024,Marathonas,25375000
09/12/2024,Iliki,240831000
09/12/2024,Mornos,266365000
09/12/2024,Evinos,53166000
10/12/2024,Marathonas,25334000
10/12/2024,Iliki,240497000
10/12/2024,Mornos,268792000
10/12/2024,Evinos,57622000
11/12/2024,Marathonas,25313000
11/12/2024,Iliki,240330000
11/12/2024,Mornos,271870000
11/12/2024,Evinos,59132000
12/12/2024,Marathonas,25271000
12/12/2024,Iliki,240163000
12/12/2024,Mornos,274430000
12/12/2024,Evinos,58994000
13/12/2024,Marathonas,25250000
13/12/2024,Iliki,239829000
13/12/2024,Mornos,276574000
13/12/2024,Evinos,58168000
14/12/2024,Marathonas,25250000
14/12/2024,Iliki,239495000
14/12/2024,Mornos,278511000
14/12/2024,Evinos,57079000
15/12/2024,Marathonas,25230000
15/12/2024,Iliki,239495000
15/12/2024,Mornos,282298000
15/12/2024,Evinos,58855000
16/12/2024,Marathonas,25147000
16/12/2024,Iliki,238994000
16/12/2024,Mornos,286332000
16/12/2024,Evinos,60387000
17/12/2024,Marathonas,25085000
17/12/2024,Iliki,238827000
17/12/2024,Mornos,288747000
17/12/2024,Evinos,59994000
18/12/2024,Marathonas,25064000
18/12/2024,Iliki,238660000
18/12/2024,Mornos,290841000
18/12/2024,Evinos,59076000
19/12/2024,Marathonas,25064000
19/12/2024,Iliki,238326000
19/12/2024,Mornos,292723000
19/12/2024,Evinos,57922000
20/12/2024,Marathonas,25043000
20/12/2024,Iliki,238159000
20/12/2024,Mornos,294390000
20/12/2024,Evinos,56620000
21/12/2024,Marathonas,24981000
21/12/2024,Iliki,237658000
21/12/2024,Mornos,300323000
21/12/2024,Evinos,55524000
22/12/2024,Marathonas,24940000
22/12/2024,Iliki,237324000
22/12/2024,Mornos,296396000
22/12/2024,Evinos,54810000
23/12/2024,Marathonas,24961000
23/12/2024,Iliki,236990000
23/12/2024,Mornos,300323000
23/12/2024,Evinos,53892000
24/12/2024,Marathonas,24981000
24/12/2024,Iliki,237324000
24/12/2024,Mornos,303940000
24/12/2024,Evinos,55074000
25/12/2024,Marathonas,24961000
25/12/2024,Iliki,236990000
25/12/2024,Mornos,307469000
25/12/2024,Evinos,55737000
26/12/2024,Marathonas,25605000
26/12/2024,Iliki,237992000
26/12/2024,Mornos,310563000
26/12/2024,Evinos,55285000
27/12/2024,Marathonas,26323000
27/12/2024,Iliki,239996000
27/12/2024,Mornos,312519000
27/12/2024,Evinos,54625000
28/12/2024,Marathonas,26280000
28/12/2024,Iliki,240664000
28/12/2024,Mornos,314830000
28/12/2024,Evinos,53866000
29/12/2024,Marathonas,26195000
29/12/2024,Iliki,240998000
29/12/2024,Mornos,316802000
29/12/2024,Evinos,52831000
30/12/2024,Marathonas,26089000
30/12/2024,Iliki,240831000
30/12/2024,Mornos,318548000
30/12/2024,Evinos,51452000
31/12/2024,Marathonas,25731000
31/12/2024,Iliki,240998000
31/12/2024,Mornos,320299000
31/12/2024,Evinos,50072000
01/01/2025,Marathonas,25626000
01/01/2025,Iliki,241666000
01/01/2025,Mornos,322056000
01/01/2025,Evinos,48716000
02/01/2025,Marathonas,25542000
02/01/2025,Iliki,241833000
02/01/2025,Mornos,323700000
02/01/2025,Evinos,47382000
03/01/2025,Marathonas,25521000
03/01/2025,Iliki,241833000
03/01/2025,Mornos,324996000
03/01/2025,Evinos,46190000
04/01/2025,Marathonas,25354000
04/01/2025,Iliki,242000000
04/01/2025,Mornos,326296000
04/01/2025,Evinos,45016000
05/01/2025,Marathonas,25313000
05/01/2025,Iliki,242000000
05/01/2025,Mornos,327718000
05/01/2025,Evinos,43860000
06/01/2025,Marathonas,25230000
06/01/2025,Iliki,242000000
06/01/2025,Mornos,328667000
06/01/2025,Evinos,42722000
07/01/2025,Marathonas,25126000
07/01/2025,Iliki,242000000
07/01/2025,Mornos,329618000
07/01/2025,Evinos,41490000
08/01/2025,Marathonas,25064000
08/01/2025,Iliki,242000000
08/01/2025,Mornos,330927000
08/01/2025,Evinos,40389000
09/01/2025,Marathonas,24940000
09/01/2025,Iliki,242000000
09/01/2025,Mornos,332239000
09/01/2025,Evinos,39370000
10/01/2025,Marathonas,24817000
10/01/2025,Iliki,241833000
10/01/2025,Mornos,333553000
10/01/2025,Evinos,38282000
11/01/2025,Marathonas,24714000
11/01/2025,Iliki,241833000
11/01/2025,Mornos,334871000
11/01/2025,Evinos,37211000
12/01/2025,Marathonas,24550000
12/01/2025,Iliki,241666000
12/01/2025,Mornos,336190000
12/01/2025,Evinos,36042000
13/01/2025,Marathonas,24468000
13/01/2025,Iliki,242170000
13/01/2025,Mornos,338719000
13/01/2025,Evinos,35121000
14/01/2025,Marathonas,24509000
14/01/2025,Iliki,244380000
14/01/2025,Mornos,339804000
14/01/2025,Evinos,34439000
15/01/2025,Marathonas,24611000
15/01/2025,Iliki,246930000
15/01/2025,Mornos,341135000
15/01/2025,Evinos,33541000
16/01/2025,Marathonas,24489000
16/01/2025,Iliki,248630000
16/01/2025,Mornos,342711000
16/01/2025,Evinos,32722000
17/01/2025,Marathonas,24366000
17/01/2025,Iliki,249990000
17/01/2025,Mornos,344291000
17/01/2025,Evinos,32066000
18/01/2025,Marathonas,24224000
18/01/2025,Iliki,251010000
18/01/2025,Mornos,345754000
18/01/2025,Evinos,31288000
19/01/2025,Marathonas,24082000
19/01/2025,Iliki,251860000
19/01/2025,Mornos,347341000
19/01/2025,Evinos,30499000
20/01/2025,Marathonas,23961000
20/01/2025,Iliki,252540000
20/01/2025,Mornos,348565000
20/01/2025,Evinos,29930000
21/01/2025,Marathonas,23860000
21/01/2025,Iliki,252710000
21/01/2025,Mornos,349914000
21/01/2025,Evinos,29242000
22/01/2025,Marathonas,23760000
22/01/2025,Iliki,253390000
22/01/2025,Mornos,351635000
22/01/2025,Evinos,29035000
23/01/2025,Marathonas,23699000
23/01/2025,Iliki,253730000
23/01/2025,Mornos,353235000
23/01/2025,Evinos,28624000
24/01/2025,Marathonas,23579000
24/01/2025,Iliki,254240000
24/01/2025,Mornos,354840000
24/01/2025,Evinos,28012000
25/01/2025,Marathonas,23459000
25/01/2025,Iliki,254580000
25/01/2025,Mornos,356327000
25/01/2025,Evinos,27306000
26/01/2025,Marathonas,23340000
26/01/2025,Iliki,254920000
26/01/2025,Mornos,357567000
26/01/2025,Evinos,26511000
27/01/2025,Marathonas,23221000
27/01/2025,Iliki,255260000
27/01/2025,Mornos,358933000
27/01/2025,Evinos,25650000
28/01/2025,Marathonas,23122000
28/01/2025,Iliki,255600000
28/01/2025,Mornos,360178000
28/01/2025,Evinos,24744000
29/01/2025,Marathonas,23003000
29/01/2025,Iliki,255940000
29/01/2025,Mornos,361425000
29/01/2025,Evinos,23798000
30/01/2025,Marathonas,22885000
30/01/2025,Iliki,256110000
30/01/2025,Mornos,362548000
30/01/2025,Evinos,22888000
31/01/2025,Marathonas,22826000
31/01/2025,Iliki,256790000
31/01/2025,Mornos,363673000
31/01/2025,Evinos,21975000
01/02/2025,Marathonas,22708000
01/02/2025,Iliki,256960000
01/02/2025,Mornos,364801000
01/02/2025,Evinos,21043000
02/02/2025,Marathonas,22552000
02/02/2025,Iliki,257130000
02/02/2025,Mornos,365085000
02/02/2025,Evinos,20077000
03/02/2025,Marathonas,22435000
03/02/2025,Iliki,257470000
03/02/2025,Mornos,366308000
03/02/2025,Evinos,18966000
04/02/2025,Marathonas,22416000
04/02/2025,Iliki,257980000
04/02/2025,Mornos,367565000
04/02/2025,Evinos,18045000
05/02/2025,Marathonas,22455000
05/02/2025,Iliki,258660000
05/02/2025,Mornos,368951000
05/02/2025,Evinos,17048000
06/02/2025,Marathonas,22357000
06/02/2025,Iliki,259173000
06/02/2025,Mornos,370086000
06/02/2025,Evinos,16092000
07/02/2025,Marathonas,22222000
07/02/2025,Iliki,259692000
07/02/2025,Mornos,370592000
07/02/2025,Evinos,15030000
08/02/2025,Marathonas,22144000
08/02/2025,Iliki,260038000
08/02/2025,Mornos,371477000
08/02/2025,Evinos,13994000
09/02/2025,Marathonas,22009000
09/02/2025,Iliki,260384000
09/02/2025,Mornos,371224000
09/02/2025,Evinos,14206000
10/02/2025,Marathonas,21913000
10/02/2025,Iliki,260557000
10/02/2025,Mornos,370718000
10/02/2025,Evinos,14562000
11/02/2025,Marathonas,21836000
11/02/2025,Iliki,260903000
11/02/2025,Mornos,370212000
11/02/2025,Evinos,14886000
12/02/2025,Marathonas,21702000
12/02/2025,Iliki,261076000
12/02/2025,Mornos,369455000
12/02/2025,Evinos,15211000
13/02/2025,Marathonas,21569000
13/02/2025,Iliki,261422000
13/02/2025,Mornos,368951000
13/02/2025,Evinos,15539000
14/02/2025,Marathonas,21569000
14/02/2025,Iliki,261422000
14/02/2025,Mornos,368951000
14/02/2025,Evinos,15539000
15/02/2025,Marathonas,21303000
15/02/2025,Iliki,261768000
15/02/2025,Mornos,368447000
15/02/2025,Evinos,16390000
16/02/2025,Marathonas,21171000
16/02/2025,Iliki,261941000
16/02/2025,Mornos,367943000
16/02/2025,Evinos,16992000
17/02/2025,Marathonas,21058000
17/02/2025,Iliki,262287000
17/02/2025,Mornos,367439000
17/02/2025,Evinos,17659000
18/02/2025,Marathonas,20926000
18/02/2025,Iliki,262287000
18/02/2025,Mornos,366936000
18/02/2025,Evinos,18259000
19/02/2025,Marathonas,20851000
19/02/2025,Iliki,262633000
19/02/2025,Mornos,366308000
19/02/2025,Evinos,18768000
20/02/2025,Marathonas,20758000
20/02/2025,Iliki,262806000
20/02/2025,Mornos,365930000
20/02/2025,Evinos,19267000
21/02/2025,Marathonas,20646000
21/02/2025,Iliki,262806000
21/02/2025,Mornos,365428000
21/02/2025,Evinos,19593000
22/02/2025,Marathonas,20535000
22/02/2025,Iliki,262806000
22/02/2025,Mornos,365052000
22/02/2025,Evinos,19851000
23/02/2025,Marathonas,20405000
23/02/2025,Iliki,262806000
23/02/2025,Mornos,364550000
23/02/2025,Evinos,20112000
24/02/2025,Marathonas,20313000
24/02/2025,Iliki,262806000
24/02/2025,Mornos,364049000
24/02/2025,Evinos,20374000
25/02/2025,Marathonas,20129000
25/02/2025,Iliki,262806000
25/02/2025,Mornos,363548000
25/02/2025,Evinos,20637000
26/02/2025,Marathonas,20038000
26/02/2025,Iliki,262979000
26/02/2025,Mornos,363048000
26/02/2025,Evinos,20902000
27/02/2025,Marathonas,19946000
27/02/2025,Iliki,263152000
27/02/2025,Mornos,362298000
27/02/2025,Evinos,21150000
28/02/2025,Iliki,263325000
28/02/2025,Marathonas,19855000
28/02/2025,Mornos,361550000
28/02/2025,Evinos,21382000
01/03/2025,Marathonas,19782000
01/03/2025,Iliki,263498000
01/03/2025,Mornos,360926000
01/03/2025,Evinos,21686000
02/03/2025,Marathonas,19764000
02/03/2025,Iliki,263671000
02/03/2025,Mornos,360303000
02/03/2025,Evinos,21939000
03/03/2025,Marathonas,19692000
03/03/2025,Iliki,263844000
03/03/2025,Mornos,359555000
03/03/2025,Evinos,22138000
04/03/2025,Marathonas,19655000
04/03/2025,Iliki,263844000
04/03/2025,Mornos,358933000
04/03/2025,Evinos,22356000
05/03/2025,Marathonas,19601000
05/03/2025,Iliki,264017000
05/03/2025,Mornos,358188000
05/03/2025,Evinos,22612000
06/03/2025,Marathonas,19475000
06/03/2025,Iliki,264017000
06/03/2025,Mornos,357567000
06/03/2025,Evinos,22814000
07/03/2025,Marathonas,19331000
07/03/2025,Iliki,263844000
07/03/2025,Mornos,356947000
07/03/2025,Evinos,23017000
08/03/2025,Marathonas,19206000
08/03/2025,Iliki,264017000
08/03/2025,Mornos,356327000
08/03/2025,Evinos,23220000
09/03/2025,Marathonas,19152000
09/03/2025,Iliki,264017000
09/03/2025,Mornos,355583000
09/03/2025,Evinos,23387000
10/03/2025,Marathonas,19099000
10/03/2025,Iliki,263844000
10/03/2025,Mornos,354840000
10/03/2025,Evinos,23555000
11/03/2025,Marathonas,19045000
11/03/2025,Iliki,263671000
11/03/2025,Mornos,354099000
11/03/2025,Evinos,23472000
12/03/2025,Marathonas,19152000
12/03/2025,Iliki,263498000
12/03/2025,Mornos,353358000
12/03/2025,Evinos,23930000
13/03/2025,Marathonas,19331000
13/03/2025,Iliki,263152000
13/03/2025,Mornos,352372000
13/03/2025,Evinos,24193000
14/03/2025,Marathonas,19475000
14/03/2025,Iliki,262806000
14/03/2025,Mornos,352372000
14/03/2025,Evinos,24573000
15/03/2025,Marathonas,19601000
15/03/2025,Iliki,262460000
15/03/2025,Mornos,351758000
15/03/2025,Evinos,24859000
16/03/2025,Marathonas,19710000
16/03/2025,Iliki,262287000
16/03/2025,Mornos,351142000
16/03/2025,Evinos,25051000
17/03/2025,Marathonas,19855000
17/03/2025,Iliki,262114000
17/03/2025,Mornos,350528000
17/03/2025,Evinos,25243000
18/03/2025,Marathonas,19983000
18/03/2025,Iliki,261941000
18/03/2025,Mornos,349791000
18/03/2025,Evinos,25436000
19/03/2025,Marathonas,20166000
19/03/2025,Iliki,261595000
19/03/2025,Mornos,349178000
19/03/2025,Evinos,25630000
20/03/2025,Marathonas,20350000
20/03/2025,Iliki,261422000
20/03/2025,Mornos,348565000
20/03/2025,Evinos,25825000
21/03/2025,Marathonas,20535000
21/03/2025,Iliki,261076000
21/03/2025,Mornos,347830000
21/03/2025,Evinos,26020000
22/03/2025,Marathonas,20665000
22/03/2025,Iliki,260730000
22/03/2025,Evinos,26177000
22/03/2025,Mornos,347219000
23/03/2025,Mornos,346608000
23/03/2025,Marathonas,20739000
23/03/2025,Iliki,260384000
23/03/2025,Evinos,26334000
24/03/2025,Marathonas,20851000
24/03/2025,Iliki,260384000
24/03/2025,Mornos,345876000
24/03/2025,Evinos,26472000
25/03/2025,Marathonas,21039000
25/03/2025,Iliki,260038000
25/03/2025,Mornos,345144000
25/03/2025,Evinos,26709000
26/03/2025,Marathonas,21227000
26/03/2025,Iliki,259692000
26/03/2025,Mornos,344535000
26/03/2025,Evinos,26907000
27/03/2025,Marathonas,21303000
27/03/2025,Iliki,259865000
27/03/2025,Mornos,343562000
27/03/2025,Evinos,27106000
28/03/2025,Marathonas,21341000
28/03/2025,Iliki,259519000
28/03/2025,Mornos,342832000
28/03/2025,Evinos,27306000
29/03/2025,Marathonas,21379000
29/03/2025,Iliki,259346000
29/03/2025,Mornos,342226000
29/03/2025,Evinos,27608000
30/03/2025,Marathonas,21436000
30/03/2025,Iliki,259173000
30/03/2025,Mornos,341862000
30/03/2025,Evinos,28215000
31/03/2025,Marathonas,21492000
31/03/2025,Iliki,259000000
31/03/2025,Mornos,341377000
31/03/2025,Evinos,29138000
01/04/2025,Marathonas,21645000
01/04/2025,Iliki,259000000
01/04/2025,Mornos,340893000
01/04/2025,Evinos,29554000
02/04/2025,Marathonas,21760000
02/04/2025,Iliki,258660000
02/04/2025,Mornos,340409000
02/04/2025,Evinos,30394000
03/04/2025,Marathonas,21855000
03/04/2025,Iliki,258490000
03/04/2025,Mornos,339926000
03/04/2025,Evinos,31138000
04/04/2025,Marathonas,21990000
04/04/2025,Iliki,258320000
04/04/2025,Mornos,339443000
04/04/2025,Evinos,31633000
05/04/2025,Marathonas,22105000
05/04/2025,Iliki,258320000
05/04/2025,Mornos,338960000
05/04/2025,Evinos,32219000
06/04/2025,Marathonas,22183000
06/04/2025,Iliki,258150000
06/04/2025,Mornos,338478000
06/04/2025,Evinos,32700000
07/04/2025,Marathonas,22299000
07/04/2025,Iliki,257980000
07/04/2025,Mornos,338116000
07/04/2025,Evinos,33252000
08/04/2025,Marathonas,22396000
08/04/2025,Iliki,257980000
08/04/2025,Mornos,337634000
08/04/2025,Evinos,33698000
09/04/2025,Marathonas,22474000
09/04/2025,Iliki,257980000
09/04/2025,Mornos,337634000
09/04/2025,Evinos,34056000
10/04/2025,Marathonas,22591000
10/04/2025,Iliki,257640000
10/04/2025,Mornos,336551000
10/04/2025,Evinos,34416000
11/04/2025,Marathonas,22689000
11/04/2025,Iliki,257470000
11/04/2025,Mornos,335830000
11/04/2025,Evinos,34734000
12/04/2025,Marathonas,22728000
12/04/2025,Iliki,257300000
12/04/2025,Mornos,335231000
12/04/2025,Evinos,35052000
13/04/2025,Marathonas,22748000
13/04/2025,Iliki,256960000
13/04/2025,Mornos,334632000
13/04/2025,Evinos,35373000
14/04/2025,Marathonas,22767000
14/04/2025,Iliki,256960000
14/04/2025,Mornos,333912000
14/04/2025,Evinos,35580000
15/04/2025,Marathonas,22826000
15/04/2025,Iliki,256620000
15/04/2025,Mornos,333314000
15/04/2025,Evinos,35810000
16/04/2025,Marathonas,22885000
16/04/2025,Iliki,256280000
16/04/2025,Mornos,332716000
16/04/2025,Evinos,36088000
17/04/2025,Marathonas,22905000
17/04/2025,Iliki,255770000
17/04/2025,Mornos,332239000
17/04/2025,Evinos,36344000
18/04/2025,Marathonas,22905000
18/04/2025,Iliki,255430000
18/04/2025,Mornos,331762000
18/04/2025,Evinos,36624000
19/04/2025,Marathonas,23003000
19/04/2025,Iliki,255260000
19/04/2025,Mornos,331165000
19/04/2025,Evinos,36858000
20/04/2025,Marathonas,23082000
20/04/2025,Iliki,255090000
20/04/2025,Mornos,330688000
20/04/2025,Evinos,37093000
21/04/2025,Marathonas,23221000
21/04/2025,Iliki,254750000
21/04/2025,Mornos,330093000
21/04/2025,Evinos,37282000
22/04/2025,Marathonas,23280000
22/04/2025,Iliki,254410000
22/04/2025,Mornos,329499000
22/04/2025,Evinos,37471000
23/04/2025,Marathonas,23280000
23/04/2025,Iliki,254410000
23/04/2025,Mornos,328785000
23/04/2025,Evinos,37637000
24/04/2025,Marathonas,23300000
24/04/2025,Iliki,253900000
24/04/2025,Mornos,328074000
24/04/2025,Evinos,37804000
25/04/2025,Marathonas,23380000
25/04/2025,Iliki,253900000
25/04/2025,Mornos,327481000
25/04/2025,Evinos,38090000
26/04/2025,Marathonas,23459000
26/04/2025,Iliki,253560000
26/04/2025,Mornos,326888000
26/04/2025,Evinos,38330000
27/04/2025,Marathonas,23579000
27/04/2025,Iliki,253560000
27/04/2025,Mornos,326296000
27/04/2025,Evinos,38522000
28/04/2025,Marathonas,23619000
28/04/2025,Iliki,253220000
28/04/2025,Mornos,325705000
28/04/2025,Evinos,38763000
29/04/2025,Marathonas,23659000
29/04/2025,Iliki,252880000
29/04/2025,Mornos,325114000
29/04/2025,Evinos,38957000
30/04/2025,Marathonas,23720000
30/04/2025,Iliki,252540000
30/04/2025,Mornos,324407000
30/04/2025,Evinos,39151000
01/05/2025,Marathonas,23780000
01/05/2025,Iliki,252030000
01/05/2025,Mornos,323465000
01/05/2025,Evinos,39248000
02/05/2025,Marathonas,23860000
02/05/2025,Iliki,251520000
02/05/2025,Mornos,322877000
02/05/2025,Evinos,39321000
03/05/2025,Marathonas,23880000
03/05/2025,Iliki,251350000
03/05/2025,Mornos,322173000
03/05/2025,Evinos,39321000
04/05/2025,Marathonas,23860000
04/05/2025,Iliki,251010000
04/05/2025,Mornos,321353000
04/05/2025,Evinos,39321000
05/05/2025,Marathonas,23820000
05/05/2025,Iliki,250670000
05/05/2025,Mornos,320650000
05/05/2025,Evinos,39370000
06/05/2025,Marathonas,23780000
06/05/2025,Iliki,250330000
06/05/2025,Mornos,319832000
06/05/2025,Evinos,39443000
07/05/2025,Marathonas,23740000
07/05/2025,Iliki,250160000
07/05/2025,Mornos,319132000
07/05/2025,Evinos,39541000
08/05/2025,Marathonas,23720000
08/05/2025,Iliki,249650000
08/05/2025,Mornos,318431000
08/05/2025,Evinos,39663000
09/05/2025,Marathonas,23659000
09/05/2025,Iliki,249480000
09/05/2025,Mornos,317733000
09/05/2025,Evinos,39759000
10/05/2025,Marathonas,23639000
10/05/2025,Iliki,248970000
10/05/2025,Mornos,316918000
10/05/2025,Evinos,39824000
11/05/2025,Marathonas,23639000
11/05/2025,Iliki,248800000
11/05/2025,Mornos,315872000
11/05/2025,Evinos,39867000
12/05/2025,Marathonas,23699000
12/05/2025,Iliki,248460000
12/05/2025,Mornos,314946000
12/05/2025,Evinos,39867000
13/05/2025,Marathonas,23780000
13/05/2025,Iliki,247950000
13/05/2025,Mornos,314366000
13/05/2025,Evinos,40041000
14/05/2025,Marathonas,23900000
14/05/2025,Iliki,247780000
14/05/2025,Mornos,313673000
14/05/2025,Evinos,40237000
15/05/2025,Marathonas,23961000
15/05/2025,Iliki,247440000
15/05/2025,Mornos,312865000
15/05/2025,Evinos,40521000
16/05/2025,Marathonas,24001000
16/05/2025,Iliki,246930000
16/05/2025,Mornos,312173000
16/05/2025,Evinos,40718000
17/05/2025,Marathonas,24062000
17/05/2025,Iliki,246590000
17/05/2025,Mornos,311598000
17/05/2025,Evinos,40872000
18/05/2025,Marathonas,24082000
18/05/2025,Iliki,246080000
18/05/2025,Mornos,310908000
18/05/2025,Evinos,40960000
19/05/2025,Marathonas,24042000
19/05/2025,Iliki,245910000
19/05/2025,Mornos,310218000
19/05/2025,Evinos,41048000
20/05/2025,Marathonas,24062000
20/05/2025,Iliki,245570000
20/05/2025,Mornos,309300000
20/05/2025,Evinos,41202000
21/05/2025,Marathonas,24082000
21/05/2025,Iliki,245230000
21/05/2025,Mornos,308384000
21/05/2025,Evinos,41357000
22/05/2025,Marathonas,24102000
22/05/2025,Iliki,244890000
22/05/2025,Mornos,307354000
22/05/2025,Evinos,41446000
23/05/2025,Marathonas,24183000
23/05/2025,Iliki,244550000
23/05/2025,Mornos,306556000
23/05/2025,Evinos,41579000
24/05/2025,Marathonas,24204000
24/05/2025,Iliki,244210000
24/05/2025,Mornos,305758000
24/05/2025,Evinos,41735000
25/05/2025,Marathonas,24224000
25/05/2025,Iliki,243870000
25/05/2025,Mornos,304962000
25/05/2025,Evinos,41891000
26/05/2025,Marathonas,24305000
26/05/2025,Iliki,243700000
26/05/2025,Mornos,304167000
26/05/2025,Evinos,42025000
27/05/2025,Marathonas,24407000
27/05/2025,Iliki,243360000
27/05/2025,Mornos,303372000
27/05/2025,Evinos,42137000
28/05/2025,Marathonas,24509000
28/05/2025,Iliki,243020000
28/05/2025,Mornos,302579000
28/05/2025,Evinos,42271000
29/05/2025,Marathonas,24529000
29/05/2025,Iliki,242680000
29/05/2025,Mornos,301789000
29/05/2025,Evinos,42384000
30/05/2025,Marathonas,24529000
30/05/2025,Iliki,241833000
30/05/2025,Mornos,301337000
30/05/2025,Evinos,42677000
31/05/2025,Marathonas,24550000
31/05/2025,Iliki,241666000
31/05/2025,Mornos,300548000
31/05/2025,Evinos,42948000
01/06/2025,Marathonas,24611000
01/06/2025,Iliki,241165000
01/06/2025,Mornos,299648000
01/06/2025,Evinos,43175000
02/06/2025,Marathonas,24611000
02/06/2025,Iliki,240664000
02/06/2025,Mornos,298638000
02/06/2025,Evinos,43357000
03/06/2025,Marathonas,24632000
03/06/2025,Iliki,240163000
03/06/2025,Mornos,297740000
03/06/2025,Evinos,43471000
04/06/2025,Marathonas,24652000
04/06/2025,Iliki,239829000
04/06/2025,Mornos,296844000
04/06/2025,Evinos,43585000
05/06/2025,Marathonas,24693000
05/06/2025,Iliki,239328000
05/06/2025,Mornos,295949000
05/06/2025,Evinos,43699000
06/06/2025,Marathonas,24714000
06/06/2025,Iliki,238660000
06/06/2025,Mornos,295058000
06/06/2025,Evinos,43791000
07/06/2025,Marathonas,24693000
07/06/2025,Iliki,238159000
07/06/2025,Mornos,294166000
07/06/2025,Evinos,43883000
08/06/2025,Marathonas,24693000
08/06/2025,Iliki,237658000
08/06/2025,Mornos,293277000
08/06/2025,Evinos,43974000
09/06/2025,Marathonas,24755000
09/06/2025,Iliki,236990000
09/06/2025,Mornos,292391000
09/06/2025,Evinos,44066000
10/06/2025,Marathonas,24796000
10/06/2025,Iliki,236489000
10/06/2025,Mornos,291505000
10/06/2025,Evinos,44112000
11/06/2025,Marathonas,24817000
11/06/2025,Iliki,235988000
11/06/2025,Mornos,290510000
11/06/2025,Evinos,44158000
12/06/2025,Marathonas,24796000
12/06/2025,Iliki,235320000
12/06/2025,Mornos,289517000
12/06/2025,Evinos,44181000
13/06/2025,Marathonas,24796000
13/06/2025,Iliki,234652000
13/06/2025,Mornos,288637000
13/06/2025,Evinos,44251000
14/06/2025,Marathonas,24775000
14/06/2025,Iliki,233984000
14/06/2025,Mornos,287868000
14/06/2025,Evinos,44320000
15/06/2025,Marathonas,24755000
15/06/2025,Iliki,233316000
15/06/2025,Mornos,286880000
15/06/2025,Evinos,44389000
16/06/2025,Marathonas,24755000
16/06/2025,Iliki,232648000
16/06/2025,Mornos,286004000
16/06/2025,Evinos,44482000
17/06/2025,Marathonas,24755000
17/06/2025,Iliki,232314000
17/06/2025,Mornos,284803000
17/06/2025,Evinos,44597000
18/06/2025,Marathonas,24755000
18/06/2025,Iliki,231646000
18/06/2025,Mornos,283821000
18/06/2025,Evinos,44713000
19/06/2025,Marathonas,24693000
19/06/2025,Iliki,230978000
19/06/2025,Mornos,282732000
19/06/2025,Evinos,44829000
20/06/2025,Marathonas,24673000
20/06/2025,Iliki,230143000
20/06/2025,Mornos,281755000
20/06/2025,Evinos,44922000
21/06/2025,Marathonas,24632000
21/06/2025,Iliki,229475000
21/06/2025,Mornos,280779000
21/06/2025,Evinos,45016000
22/06/2025,Marathonas,24550000
22/06/2025,Iliki,228807000
22/06/2025,Mornos,279913000
22/06/2025,Evinos,45155000
23/06/2025,Marathonas,24611000
23/06/2025,Iliki,228139000
23/06/2025,Mornos,278834000
23/06/2025,Evinos,45202000
24/06/2025,Marathonas,24652000
24/06/2025,Iliki,227638000
24/06/2025,Mornos,277864000
24/06/2025,Evinos,45296000
25/06/2025,Marathonas,24611000
25/06/2025,Iliki,226970000
25/06/2025,Mornos,276896000
25/06/2025,Evinos,45366000
26/06/2025,Marathonas,24489000
26/06/2025,Iliki,226302000
26/06/2025,Mornos,275930000
26/06/2025,Evinos,45413000
27/06/2025,Marathonas,24468000
27/06/2025,Iliki,225634000
27/06/2025,Mornos,274966000
27/06/2025,Evinos,45460000
28/06/2025,Marathonas,24448000
28/06/2025,Iliki,224970000
28/06/2025,Mornos,274002000
28/06/2025,Evinos,45506000
29/06/2025,Marathonas,24427000
29/06/2025,Iliki,224310000
29/06/2025,Mornos,273041000
29/06/2025,Evinos,45530000
30/06/2025,Marathonas,24387000
30/06/2025,Iliki,223485000
30/06/2025,Mornos,271976000
30/06/2025,Evinos,45530000
01/07/2025,Marathonas,24407000
01/07/2025,Iliki,222660000
01/07/2025,Mornos,270806000
01/07/2025,Evinos,45553000
02/07/2025,Marathonas,24387000
02/07/2025,Iliki,221835000
02/07/2025,Mornos,269640000
02/07/2025,Evinos,45553000
03/07/2025,Marathonas,24387000
03/07/2025,Iliki,221010000
03/07/2025,Mornos,268370000
03/07/2025,Evinos,45553000
04/07/2025,Marathonas,24387000
04/07/2025,Iliki,220020000
04/07/2025,Mornos,267103000
04/07/2025,Evinos,45577000
05/07/2025,Marathonas,24366000
05/07/2025,Iliki,219195000
05/07/2025,Mornos,265734000
05/07/2025,Evinos,45600000
06/07/2025,Marathonas,24326000
06/07/2025,Iliki,218370000
06/07/2025,Mornos,264475000
06/07/2025,Evinos,45600000
07/07/2025,Marathonas,24366000
07/07/2025,Iliki,217710000
07/07/2025,Mornos,263112000
07/07/2025,Evinos,45624000
08/07/2025,Marathonas,24407000
08/07/2025,Iliki,216885000
08/07/2025,Mornos,261860000
08/07/2025,Evinos,45624000
09/07/2025,Marathonas,24448000
09/07/2025,Iliki,216225000
09/07/2025,Mornos,260611000
09/07/2025,Evinos,45647000
10/07/2025,Marathonas,24468000
10/07/2025,Iliki,215400000
10/07/2025,Mornos,259055000
10/07/2025,Evinos,45647000
11/07/2025,Marathonas,24468000
11/07/2025,Iliki,214575000
11/07/2025,Mornos,257917000
11/07/2025,Evinos,45671000
12/07/2025,Marathonas,24509000
12/07/2025,Iliki,213750000
12/07/2025,Mornos,256884000
12/07/2025,Evinos,45671000
13/07/2025,Marathonas,24509000
13/07/2025,Iliki,212925000
13/07/2025,Mornos,255855000
13/07/2025,Evinos,45694000
14/07/2025,Marathonas,24489000
14/07/2025,Iliki,212265000
14/07/2025,Mornos,254623000
14/07/2025,Evinos,45694000
15/07/2025,Marathonas,24387000
15/07/2025,Iliki,211275000
15/07/2025,Mornos,253598000
15/07/2025,Evinos,45694000
16/07/2025,Marathonas,24305000
16/07/2025,Iliki,210615000
16/07/2025,Mornos,252576000
16/07/2025,Evinos,45718000
17/07/2025,Marathonas,24224000
17/07/2025,Iliki,209955000
17/07/2025,Mornos,251556000
17/07/2025,Evinos,45741000
18/07/2025,Marathonas,24163000
18/07/2025,Iliki,209295000
18/07/2025,Mornos,250436000
18/07/2025,Evinos,45765000
19/07/2025,Marathonas,24082000
19/07/2025,Iliki,208474000
19/07/2025,Mornos,249320000
19/07/2025,Evinos,45765000
20/07/2025,Marathonas,24042000
20/07/2025,Iliki,207659000
20/07/2025,Mornos,248206000
20/07/2025,Evinos,45788000
21/07/2025,Marathonas,24042000
21/07/2025,Iliki,207007000
21/07/2025,Mornos,246994000
21/07/2025,Evinos,45812000
22/07/2025,Marathonas,23941000
22/07/2025,Iliki,206192000
22/07/2025,Mornos,245785000
22/07/2025,Evinos,45812000
23/07/2025,Marathonas,23780000
23/07/2025,Iliki,205377000
23/07/2025,Mornos,244581000
23/07/2025,Evinos,45812000
24/07/2025,Marathonas,23659000
24/07/2025,Iliki,204562000
24/07/2025,Mornos,243379000
24/07/2025,Evinos,45812000
25/07/2025,Marathonas,23519000
25/07/2025,Iliki,203747000
25/07/2025,Mornos,242280000
25/07/2025,Evinos,45812000
26/07/2025,Marathonas,23400000
26/07/2025,Iliki,202932000
26/07/2025,Mornos,241186000
26/07/2025,Evinos,45835000
27/07/2025,Marathonas,23261000
27/07/2025,Iliki,202280000
27/07/2025,Mornos,240093000
27/07/2025,Evinos,45835000
28/07/2025,Marathonas,23142000
28/07/2025,Iliki,201628000
28/07/2025,Mornos,239002000
28/07/2025,Evinos,45835000
29/07/2025,Marathonas,23023000
29/07/2025,Iliki,200813000
29/07/2025,Mornos,237915000
29/07/2025,Evinos,45812000
30/07/2025,Marathonas,22924000
30/07/2025,Iliki,199998000
30/07/2025,Mornos,236830000
30/07/2025,Evinos,45812000
31/07/2025,Marathonas,22846000
31/07/2025,Iliki,199183000
31/07/2025,Mornos,235748000
31/07/2025,Evinos,45812000
01/08/2025,Marathonas,22767000
01/08/2025,Iliki,198368000
01/08/2025,Mornos,234670000
01/08/2025,Evinos,45812000
02/08/2025,Marathonas,22748000
02/08/2025,Iliki,197390000
02/08/2025,Mornos,233691000
02/08/2025,Evinos,45812000
03/08/2025,Marathonas,22748000
03/08/2025,Iliki,196575000
03/08/2025,Mornos,232714000
03/08/2025,Evinos,45812000
04/08/2025,Marathonas,22650000
04/08/2025,Iliki,195760000
04/08/2025,Mornos,231741000
04/08/2025,Evinos,45812000
05/08/2025,Marathonas,22493000
05/08/2025,Iliki,194945000
05/08/2025,Mornos,230671000
05/08/2025,Evinos,45812000
06/08/2025,Marathonas,22435000
06/08/2025,Iliki,194130000
06/08/2025,Mornos,229701000
06/08/2025,Evinos,45835000
07/08/2025,Marathonas,22357000
07/08/2025,Iliki,193315000
07/08/2025,Mornos,228540000
07/08/2025,Evinos,45835000
08/08/2025,Marathonas,22318000
08/08/2025,Iliki,192500000
08/08/2025,Mornos,227479000
08/08/2025,Evinos,45835000
09/08/2025,Marathonas,22222000
09/08/2025,Iliki,191700000
09/08/2025,Mornos,226517000
09/08/2025,Evinos,45835000
10/08/2025,Marathonas,22164000
10/08/2025,Iliki,190900000
10/08/2025,Mornos,225461000
10/08/2025,Evinos,45835000
11/08/2025,Marathonas,22125000
11/08/2025,Iliki,190100000
11/08/2025,Mornos,224121000
11/08/2025,Evinos,45835000
12/08/2025,Marathonas,22067000
12/08/2025,Iliki,189300000
12/08/2025,Mornos,223166000
12/08/2025,Evinos,45812000
13/08/2025,Marathonas,21990000
13/08/2025,Iliki,188500000
13/08/2025,Mornos,222120000
13/08/2025,Evinos,45812000
14/08/2025,Marathonas,21894000
14/08/2025,Iliki,187700000
14/08/2025,Mornos,221076000
14/08/2025,Evinos,45788000
15/08/2025,Marathonas,21875000
15/08/2025,Iliki,186900000
15/08/2025,Mornos,220035000
15/08/2025,Evinos,45788000
16/08/2025,Marathonas,21894000
16/08/2025,Iliki,186100000
16/08/2025,Mornos,219091000
16/08/2025,Evinos,45765000
17/08/2025,Marathonas,21894000
17/08/2025,Iliki,185300000
17/08/2025,Mornos,218055000
17/08/2025,Evinos,45765000
18/08/2025,Marathonas,21913000
18/08/2025,Iliki,184500000
18/08/2025,Mornos,217116000
18/08/2025,Evinos,45765000
19/08/2025,Marathonas,21875000
19/08/2025,Iliki,183700000
19/08/2025,Mornos,216273000
19/08/2025,Evinos,45741000
20/08/2025,Marathonas,21798000
20/08/2025,Iliki,183220000
20/08/2025,Mornos,215244000
20/08/2025,Evinos,45765000
21/08/2025,Marathonas,21740000
21/08/2025,Iliki,182580000
21/08/2025,Mornos,214311000
21/08/2025,Evinos,45765000
22/08/2025,Mornos,213288000
22/08/2025,Marathonas,21702000
22/08/2025,Iliki,181780000
22/08/2025,Evinos,45765000
23/08/2025,Marathonas,21683000
23/08/2025,Iliki,180980000
23/08/2025,Mornos,212268000
23/08/2025,Evinos,45471000
24/08/2025,Marathonas,21645000
24/08/2025,Iliki,180340000
24/08/2025,Mornos,211251000
24/08/2025,Evinos,45765000
25/08/2025,Marathonas,21588000
25/08/2025,Iliki,179540000
25/08/2025,Mornos,210237000
25/08/2025,Evinos,45765000
26/08/2025,Marathonas,21474000
26/08/2025,Iliki,178900000
26/08/2025,Mornos,209227000
26/08/2025,Evinos,45765000
27/08/2025,Marathonas,21436000
27/08/2025,Iliki,178100000
27/08/2025,Mornos,208310000
27/08/2025,Evinos,45765000
28/08/2025,Marathonas,21417000
28/08/2025,Iliki,177300000
28/08/2025,Mornos,207304000
28/08/2025,Evinos,45765000
29/08/2025,Marathonas,21360000
29/08/2025,Iliki,176500000
29/08/2025,Mornos,206209000
29/08/2025,Evinos,45765000
30/08/2025,Marathonas,21284000
30/08/2025,Iliki,175880000
30/08/2025,Mornos,205209000
30/08/2025,Evinos,45741000
31/08/2025,Marathonas,21208000
31/08/2025,Iliki,175570000
31/08/2025,Mornos,204212000
31/08/2025,Evinos,45741000
01/09/2025,Marathonas,21133000
01/09/2025,Iliki,175260000
01/09/2025,Mornos,203219000
01/09/2025,Evinos,45741000
02/09/2025,Marathonas,21039000
02/09/2025,Iliki,174950000
02/09/2025,Mornos,202318000
02/09/2025,Evinos,45741000
03/09/2025,Marathonas,20908000
03/09/2025,Iliki,174640000
03/09/2025,Mornos,201420000
03/09/2025,Evinos,45741000
04/09/2025,Marathonas,20777000
04/09/2025,Iliki,174330000
04/09/2025,Mornos,200435000
04/09/2025,Evinos,45741000
05/09/2025,Marathonas,20646000
05/09/2025,Iliki,174020000
05/09/2025,Mornos,199365000
05/09/2025,Evinos,45741000
06/09/2025,Marathonas,20516000
06/09/2025,Iliki,173400000
06/09/2025,Mornos,198476000
06/09/2025,Evinos,45741000
07/09/2025,Marathonas,20387000
07/09/2025,Iliki,172780000
07/09/2025,Mornos,197499000
07/09/2025,Evinos,45741000
08/09/2025,Marathonas,20239000
08/09/2025,Iliki,172470000
08/09/2025,Mornos,196527000
08/09/2025,Evinos,45718000
09/09/2025,Marathonas,20129000
09/09/2025,Iliki,172160000
09/09/2025,Mornos,195555000
09/09/2025,Evinos,45718000
10/09/2025,Marathonas,20074000
10/09/2025,Iliki,171850000
10/09/2025,Mornos,194676000
10/09/2025,Evinos,45694000
11/09/2025,Marathonas,19928000
11/09/2025,Iliki,171540000
11/09/2025,Mornos,193710000
11/09/2025,Evinos,45694000
12/09/2025,Marathonas,19819000
12/09/2025,Iliki,170920000
12/09/2025,Mornos,192834000
12/09/2025,Evinos,45671000
13/09/2025,Marathonas,19710000
13/09/2025,Iliki,170610000
13/09/2025,Mornos,191872000
13/09/2025,Evinos,45671000
14/09/2025,Marathonas,19619000
14/09/2025,Iliki,170300000
14/09/2025,Mornos,191000000
14/09/2025,Evinos,45671000
15/09/2025,Marathonas,19565000
15/09/2025,Iliki,169990000
15/09/2025,Mornos,190045000
15/09/2025,Evinos,45671000
16/09/2025,Marathonas,19511000
16/09/2025,Iliki,169525000
16/09/2025,Mornos,188831000
16/09/2025,Evinos,45647000
17/09/2025,Marathonas,19439000
17/09/2025,Iliki,169060000
17/09/2025,Mornos,187968000
17/09/2025,Evinos,45647000
18/09/2025,Marathonas,19331000
18/09/2025,Iliki,168595000
18/09/2025,Mornos,186932000
18/09/2025,Evinos,45647000
19/09/2025,Marathonas,19259000
19/09/2025,Iliki,168130000
19/09/2025,Mornos,185985000
19/09/2025,Evinos,45647000
20/09/2025,Marathonas,19152000
20/09/2025,Iliki,167820000
20/09/2025,Mornos,185041000
20/09/2025,Evinos,45624000
21/09/2025,Marathonas,19045000
21/09/2025,Iliki,167355000
21/09/2025,Mornos,184100000
21/09/2025,Evinos,45624000
22/09/2025,Marathonas,18974000
22/09/2025,Iliki,166890000
22/09/2025,Mornos,183161000
22/09/2025,Evinos,45600000
23/09/2025,Marathonas,18868000
23/09/2025,Iliki,166270000
23/09/2025,Mornos,182223000
23/09/2025,Evinos,45600000
24/09/2025,Marathonas,18744000
24/09/2025,Iliki,165805000
24/09/2025,Mornos,181203000
24/09/2025,Evinos,45600000
25/09/2025,Marathonas,18621000
25/09/2025,Iliki,165495000
25/09/2025,Mornos,180271000
25/09/2025,Evinos,45600000
26/09/2025,Marathonas,18533000
26/09/2025,Iliki,165030000
26/09/2025,Mornos,179256000
26/09/2025,Evinos,45600000
27/09/2025,Marathonas,18481000
27/09/2025,Iliki,164565000
27/09/2025,Mornos,178328000
27/09/2025,Evinos,45577000
28/09/2025,Marathonas,18428000
28/09/2025,Iliki,164100000
28/09/2025,Mornos,177318000
28/09/2025,Evinos,45577000
29/09/2025,Marathonas,18428000
29/09/2025,Iliki,163790000
29/09/2025,Mornos,176563000
29/09/2025,Evinos,45577000
30/09/2025,Marathonas,18463000
30/09/2025,Iliki,163790000
30/09/2025,Mornos,175558000
30/09/2025,Evinos,45577000
01/10/2025,Marathonas,18463000
01/10/2025,Iliki,163480000
01/10/2025,Mornos,174640000
01/10/2025,Evinos,45577000
02/10/2025,Marathonas,18481000
02/10/2025,Iliki,163170000
02/10/2025,Mornos,173890000
02/10/2025,Evinos,45647000
03/10/2025,Marathonas,18621000
03/10/2025,Iliki,163015000
03/10/2025,Mornos,173308000
03/10/2025,Evinos,46119000
04/10/2025,Marathonas,18656000
04/10/2025,Iliki,162705000
04/10/2025,Mornos,172479000
04/10/2025,Evinos,46379000
05/10/2025,Marathonas,18638000
05/10/2025,Iliki,162395000
05/10/2025,Mornos,171651000
05/10/2025,Evinos,46545000
06/10/2025,Marathonas,18638000
06/10/2025,Iliki,162085000
06/10/2025,Mornos,170743000
06/10/2025,Evinos,46617000
07/10/2025,Marathonas,18709000
07/10/2025,Iliki,161775000
07/10/2025,Evinos,46879000
07/10/2025,Mornos,170084000
08/10/2025,Marathonas,18762000
08/10/2025,Iliki,161310000
08/10/2025,Mornos,169096000
08/10/2025,Evinos,47023000
09/10/2025,Marathonas,18797000
09/10/2025,Iliki,160852000
09/10/2025,Mornos,168441000
09/10/2025,Evinos,47118000
10/10/2025,Marathonas,18850000
10/10/2025,Iliki,160408000
10/10/2025,Mornos,167786000
10/10/2025,Evinos,47190000
11/10/2025,Marathonas,18868000
11/10/2025,Iliki,160112000
11/10/2025,Mornos,167051000
11/10/2025,Evinos,47262000
12/10/2025,Marathonas,18868000
12/10/2025,Iliki,159816000
12/10/2025,Mornos,165909000
12/10/2025,Evinos,47334000
13/10/2025,Marathonas,18886000
13/10/2025,Iliki,159520000
13/10/2025,Mornos,165097000
13/10/2025,Evinos,47382000
14/10/2025,Marathonas,18903000
14/10/2025,Iliki,159520000
14/10/2025,Mornos,164205000
14/10/2025,Evinos,47382000
15/10/2025,Marathonas,18974000
15/10/2025,Iliki,159520000
15/10/2025,Mornos,163316000
15/10/2025,Evinos,47430000
16/10/2025,Marathonas,19010000
16/10/2025,Iliki,159224000
16/10/2025,Mornos,162429000
16/10/2025,Evinos,47430000
17/10/2025,Marathonas,19045000
17/10/2025,Iliki,158928000
17/10/2025,Mornos,161544000
17/10/2025,Evinos,47478000
18/10/2025,Marathonas,19117000
18/10/2025,Iliki,158780000
18/10/2025,Mornos,160823000
18/10/2025,Evinos,47816000
19/10/2025,Marathonas,19152000
19/10/2025,Iliki,158632000
19/10/2025,Mornos,160021000
19/10/2025,Evinos,48058000
20/10/2025,Marathonas,19242000
20/10/2025,Iliki,158336000
20/10/2025,Mornos,159142000
20/10/2025,Evinos,48204000
21/10/2025,Marathonas,19367000
21/10/2025,Iliki,158040000
21/10/2025,Mornos,158425000
21/10/2025,Evinos,48350000
22/10/2025,Marathonas,19421000
22/10/2025,Iliki,157744000
22/10/2025,Mornos,157630000
22/10/2025,Evinos,48472000
23/10/2025,Marathonas,19403000
23/10/2025,Iliki,157448000
23/10/2025,Mornos,156996000
23/10/2025,Evinos,48642000
24/10/2025,Marathonas,19385000
24/10/2025,Iliki,157300000
24/10/2025,Mornos,156442000
24/10/2025,Evinos,48716000
25/10/2025,Marathonas,19367000
25/10/2025,Iliki,157004000
25/10/2025,Mornos,155732000
25/10/2025,Evinos,48838000
26/10/2025,Marathonas,19331000
26/10/2025,Iliki,157004000
26/10/2025,Mornos,155023000
26/10/2025,Evinos,48936000
27/10/2025,Marathonas,19367000
27/10/2025,Iliki,156708000
27/10/2025,Mornos,154317000
27/10/2025,Evinos,49010000
28/10/2025,Marathonas,19367000
28/10/2025,Iliki,156264000
28/10/2025,Mornos,153612000
28/10/2025,Evinos,49083000
29/10/2025,Marathonas,19367000
29/10/2025,Iliki,155968000
29/10/2025,Mornos,152909000
29/10/2025,Evinos,49133000
30/10/2025,Marathonas,19367000
30/10/2025,Iliki,155672000
30/10/2025,Mornos,152207000
30/10/2025,Evinos,49231000
31/10/2025,Marathonas,19367000
31/10/2025,Iliki,155376000
31/10/2025,Mornos,151507000
31/10/2025,Evinos,49305000
01/11/2025,Marathonas,19331000
01/11/2025,Iliki,155080000
01/11/2025,Mornos,150809000
01/11/2025,Evinos,49354000
02/11/2025,Marathonas,19313000
02/11/2025,Iliki,154784000
02/11/2025,Mornos,150113000
02/11/2025,Evinos,49403000
03/11/2025,Marathonas,19331000
03/11/2025,Iliki,154488000
03/11/2025,Mornos,149341000
03/11/2025,Evinos,49478000
04/11/2025,Marathonas,19331000
04/11/2025,Iliki,154192000
04/11/2025,Mornos,148649000
04/11/2025,Evinos,49576000
05/11/2025,Marathonas,19331000
05/11/2025,Iliki,154784000
05/11/2025,Mornos,148034000
05/11/2025,Evinos,48750000
06/11/2025,Marathonas,19331000
06/11/2025,Iliki,155080000
06/11/2025,Mornos,147269000
06/11/2025,Evinos,49849000
07/11/2025,Marathonas,19295000
07/11/2025,Iliki,154784000
07/11/2025,Mornos,146504000
07/11/2025,Evinos,49948000
08/11/2025,Marathonas,19277000
08/11/2025,Iliki,154488000
08/11/2025,Mornos,145818000
08/11/2025,Evinos,50047000
09/11/2025,Marathonas,19277000
09/11/2025,Iliki,154192000
09/11/2025,Mornos,145361000
09/11/2025,Evinos,50923000
10/11/2025,Marathonas,19259000
10/11/2025,Iliki,153896000
10/11/2025,Mornos,144982000
10/11/2025,Evinos,52266000
11/11/2025,Marathonas,19259000
11/11/2025,Iliki,153748000
11/11/2025,Mornos,144603000
11/11/2025,Evinos,53502000
12/11/2025,Marathonas,19242000
12/11/2025,Iliki,153452000
12/11/2025,Mornos,145742000
12/11/2025,Evinos,52805000
13/11/2025,Marathonas,19206000
13/11/2025,Iliki,153156000
13/11/2025,Mornos,147039000
13/11/2025,Evinos,51326000
14/11/2025,Marathonas,19188000
14/11/2025,Iliki,152860000
14/11/2025,Mornos,148265000
14/11/2025,Evinos,49824000
15/11/2025,Marathonas,19170000
15/11/2025,Iliki,152712000
15/11/2025,Mornos,149650000
15/11/2025,Evinos,48301000
16/11/2025,Marathonas,19134000
16/11/2025,Iliki,152712000
16/11/2025,Mornos,150345000
16/11/2025,Evinos,46617000
17/11/2025,Marathonas,19081000
17/11/2025,Iliki,152564000
17/11/2025,Mornos,151042000
17/11/2025,Evinos,45202000
18/11/2025,Marathonas,19063000
18/11/2025,Iliki,152416000
18/11/2025,Mornos,152207000
18/11/2025,Evinos,43631000
19/11/2025,Marathonas,19063000
19/11/2025,Iliki,152416000
19/11/2025,Mornos,153221000
19/11/2025,Evinos,42159000
20/11/2025,Marathonas,19045000
20/11/2025,Iliki,152268000
20/11/2025,Mornos,154160000
20/11/2025,Evinos,40608000
21/11/2025,Marathonas,18992000
21/11/2025,Iliki,152120000
21/11/2025,Mornos,155102000
21/11/2025,Evinos,39127000
22/11/2025,Marathonas,19010000
22/11/2025,Iliki,151824000
22/11/2025,Mornos,156126000
22/11/2025,Evinos,37329000
23/11/2025,Marathonas,18992000
23/11/2025,Iliki,151528000
23/11/2025,Mornos,157154000
23/11/2025,Evinos,36158000
24/11/2025,Marathonas,18939000
24/11/2025,Iliki,151232000
24/11/2025,Mornos,158345000
24/11/2025,Evinos,35007000
25/11/2025,Marathonas,18921000
25/11/2025,Iliki,150936000
25/11/2025,Mornos,159302000
25/11/2025,Evinos,33832000
26/11/2025,Marathonas,18886000
26/11/2025,Iliki,150788000
26/11/2025,Mornos,160662000
26/11/2025,Evinos,33009000
27/11/2025,Marathonas,18903000
27/11/2025,Iliki,150492000
27/11/2025,Mornos,162188000
27/11/2025,Evinos,33564000
28/11/2025,Marathonas,19028000
28/11/2025,Iliki,150344000
28/11/2025,Mornos,165097000
28/11/2025,Evinos,37117000
29/11/2025,Marathonas,19188000
29/11/2025,Iliki,150196000
29/11/2025,Mornos,167867000
29/11/2025,Evinos,39737000
30/11/2025,Marathonas,19242000
30/11/2025,Iliki,149900000
30/11/2025,Mornos,169425000
30/11/2025,Evinos,41379000
01/12/2025,Marathonas,19206000
01/12/2025,Iliki,149604000
01/12/2025,Mornos,170907000
01/12/2025,Evinos,41601000
02/12/2025,Marathonas,19206000
02/12/2025,Iliki,149308000
02/12/2025,Mornos,172065000
02/12/2025,Evinos,41158000
03/12/2025,Marathonas,19242000
03/12/2025,Iliki,149012000
03/12/2025,Mornos,173557000
03/12/2025,Evinos,40499000
04/12/2025,Marathonas,19277000
04/12/2025,Iliki,148864000
04/12/2025,Mornos,174973000
04/12/2025,Evinos,39614000
05/12/2025,Marathonas,20093000
05/12/2025,Iliki,149604000
05/12/2025,Mornos,177067000
05/12/2025,Evinos,39006000
06/12/2025,Marathonas,20739000
06/12/2025,Iliki,150344000
06/12/2025,Mornos,180779000
06/12/2025,Evinos,40280000
07/12/2025,Marathonas,20777000
07/12/2025,Iliki,150492000
07/12/2025,Mornos,183331000
07/12/2025,Evinos,41490000
08/12/2025,Marathonas,20758000
08/12/2025,Iliki,150344000
08/12/2025,Mornos,185041000
08/12/2025,Evinos,41824000
09/12/2025,Marathonas,20777000
09/12/2025,Iliki,150196000
09/12/2025,Mornos,187363000
09/12/2025,Evinos,41446000
10/12/2025,Marathonas,20758000
10/12/2025,Iliki,149900000
10/12/2025,Mornos,188918000
10/12/2025,Evinos,40828000
11/12/2025,Marathonas,20777000
11/12/2025,Iliki,149752000
11/12/2025,Mornos,190566000
11/12/2025,Evinos,40062000
12/12/2025,Marathonas,20814000
12/12/2025,Iliki,149604000
12/12/2025,Mornos,191872000
12/12/2025,Evinos,39127000
13/12/2025,Marathonas,20851000
13/12/2025,Iliki,149456000
13/12/2025,Mornos,193272000
13/12/2025,Evinos,38043000
14/12/2025,Marathonas,20870000
14/12/2025,Iliki,149160000
14/12/2025,Mornos,194763000
14/12/2025,Evinos,36858000
15/12/2025,Marathonas,20889000
15/12/2025,Iliki,148864000
15/12/2025,Mornos,196173000
15/12/2025,Evinos,35626000
16/12/2025,Marathonas,20926000
16/12/2025,Iliki,148716000
16/12/2025,Mornos,197588000
16/12/2025,Evinos,34349000
17/12/2025,Marathonas,20964000
17/12/2025,Iliki,148568000
17/12/2025,Mornos,198832000
17/12/2025,Evinos,33097000
18/12/2025,Marathonas,21020000
18/12/2025,Iliki,148420000
18/12/2025,Mornos,199900000
18/12/2025,Evinos,31871000
19/12/2025,Marathonas,21039000
19/12/2025,Iliki,148124000
19/12/2025,Mornos,200883000
19/12/2025,Evinos,30648000
20/12/2025,Marathonas,21020000
20/12/2025,Iliki,147976000
20/12/2025,Mornos,201869000
20/12/2025,Evinos,29408000
21/12/2025,Marathonas,21039000
21/12/2025,Iliki,147828000
21/12/2025,Mornos,202948000
21/12/2025,Evinos,28195000
22/12/2025,Marathonas,21020000
22/12/2025,Iliki,147680000
22/12/2025,Mornos,204122000
22/12/2025,Evinos,26907000
23/12/2025,Marathonas,21039000
23/12/2025,Iliki,147532000
23/12/2025,Mornos,203760000
23/12/2025,Evinos,26907000
24/12/2025,Marathonas,21058000
24/12/2025,Iliki,147384000
24/12/2025,Mornos,203309000
24/12/2025,Evinos,27226000
25/12/2025,Marathonas,21190000
25/12/2025,Iliki,147236000
25/12/2025,Mornos,203039000
25/12/2025,Evinos,27971000
26/12/2025,Marathonas,21227000
26/12/2025,Iliki,146940000
26/12/2025,Mornos,202678000
26/12/2025,Evinos,28932000
27/12/2025,Marathonas,21303000
27/12/2025,Iliki,146940000
27/12/2025,Mornos,202498000
27/12/2025,Evinos,29450000
28/12/2025,Marathonas,21322000
28/12/2025,Iliki,146644000
28/12/2025,Mornos,202318000
28/12/2025,Evinos,29972000
29/12/2025,Marathonas,21322000
29/12/2025,Iliki,146348000
29/12/2025,Mornos,202228000
29/12/2025,Evinos,30499000
30/12/2025,Marathonas,21265000
30/12/2025,Iliki,146348000
30/12/2025,Mornos,201779000
30/12/2025,Evinos,30818000
31/12/2025,Marathonas,21152000
31/12/2025,Iliki,146200000
31/12/2025,Mornos,201241000
31/12/2025,Evinos,31245000
01/01/2026,Marathonas,21020000
01/01/2026,Iliki,146200000
01/01/2026,Mornos,200883000
01/01/2026,Evinos,31633000
02/01/2026,Marathonas,20908000
02/01/2026,Iliki,146059000
02/01/2026,Mornos,200257000
02/01/2026,Evinos,31958000
03/01/2026,Marathonas,20889000
03/01/2026,Iliki,145918000
03/01/2026,Mornos,199989000
03/01/2026,Evinos,32437000
04/01/2026,Marathonas,20851000
04/01/2026,Iliki,145777000
04/01/2026,Mornos,203760000
04/01/2026,Evinos,37023000
05/01/2026,Marathonas,20795000
05/01/2026,Iliki,145777000
05/01/2026,Mornos,207212000
05/01/2026,Evinos,41891000
06/01/2026,Marathonas,20739000
06/01/2026,Iliki,145636000
06/01/2026,Mornos,209135000
06/01/2026,Evinos,44505000
07/01/2026,Marathonas,20684000
07/01/2026,Iliki,145495000
07/01/2026,Mornos,209869000
07/01/2026,Evinos,46142000
08/01/2026,Marathonas,20665000
08/01/2026,Iliki,145354000
08/01/2026,Mornos,212916000
08/01/2026,Evinos,49330000
09/01/2026,Marathonas,20479000
09/01/2026,Iliki,145354000
09/01/2026,Mornos,216647000
09/01/2026,Evinos,52779000
10/01/2026,Marathonas,20258000
10/01/2026,Iliki,145354000
10/01/2026,Mornos,220129000
10/01/2026,Evinos,53971000
11/01/2026,Marathonas,20074000
11/01/2026,Iliki,145354000
11/01/2026,Mornos,231644000
11/01/2026,Evinos,63965000
12/01/2026,Marathonas,19946000
12/01/2026,Iliki,145213000
12/01/2026,Mornos,237323000
12/01/2026,Evinos,66955000
13/01/2026,Marathonas,19837000
13/01/2026,Iliki,145213000
13/01/2026,Mornos,240291000
13/01/2026,Evinos,68503000
14/01/2026,Marathonas,19782000
14/01/2026,Iliki,145072000
14/01/2026,Mornos,243379000
14/01/2026,Evinos,68503000
15/01/2026,Marathonas,19692000
15/01/2026,Iliki,144931000
15/01/2026,Mornos,245785000
15/01/2026,Evinos,68011000
16/01/2026,Marathonas,19637000
16/01/2026,Iliki,144790000
16/01/2026,Mornos,247903000
16/01/2026,Evinos,67333000
17/01/2026,Marathonas,19547000
17/01/2026,Iliki,144790000
17/01/2026,Mornos,249929000
17/01/2026,Evinos,66524000
18/01/2026,Marathonas,19475000
18/01/2026,Iliki,144649000
18/01/2026,Mornos,251250000
18/01/2026,Evinos,65616000
19/01/2026,Marathonas,19439000
19/01/2026,Iliki,144508000
19/01/2026,Mornos,252576000
19/01/2026,Evinos,64403000
20/01/2026,Marathonas,19403000
20/01/2026,Iliki,144367000
20/01/2026,Mornos,254110000
20/01/2026,Evinos,63528000
21/01/2026,Marathonas,19367000
21/01/2026,Iliki,144367000
21/01/2026,Mornos,256061000
21/01/2026,Evinos,61801000
22/01/2026,Marathonas,23122000
22/01/2026,Iliki,144649000
22/01/2026,Mornos,258020000
22/01/2026,Evinos,60668000
23/01/2026,Marathonas,23440000
23/01/2026,Iliki,145777000
23/01/2026,Mornos,260092000
23/01/2026,Evinos,59827000
24/01/2026,Marathonas,23559000
24/01/2026,Iliki,145918000
24/01/2026,Mornos,262173000
24/01/2026,Evinos,58994000
25/01/2026,Marathonas,23619000
25/01/2026,Iliki,146059000
25/01/2026,Mornos,264580000
25/01/2026,Evinos,58168000
26/01/2026,Marathonas,23760000
26/01/2026,Iliki,146059000
26/01/2026,Mornos,266471000
26/01/2026,Evinos,57486000
27/01/2026,Marathonas,24022000
27/01/2026,Iliki,146940000
27/01/2026,Mornos,268581000
27/01/2026,Evinos,57513000
28/01/2026,Marathonas,24102000
28/01/2026,Iliki,147088000
28/01/2026,Mornos,270064000
28/01/2026,Evinos,57106000
29/01/2026,Marathonas,24244000
29/01/2026,Iliki,147532000
29/01/2026,Mornos,272934000
29/01/2026,Evinos,58168000
30/01/2026,Marathonas,24489000
30/01/2026,Iliki,147680000
30/01/2026,Mornos,281104000
30/01/2026,Evinos,66069000
31/01/2026,Marathonas,24652000
31/01/2026,Iliki,147976000
31/01/2026,Mornos,285676000
31/01/2026,Evinos,68777000
