Ημερομηνία,Longitude,Latitude,"Περιοχή συλλογής δείγματος",Μέτρηση,"Είδος αποτελέσματος","Μονάδα μέτρησης",Τιμή
,23.81291067,38.06845423,1954,Θολότητα,"Τελικό Αποτέλεσμα",NTU,0.207
,23.72850158,38.02107731,2010,Θολότητα,"Τελικό Αποτέλεσμα",NTU,0.459
,23.70747263,38.06250703,2030,Θολότητα,"Τελικό Αποτέλεσμα",NTU,0.253
,23.684522,38.04327857,2050,Θολότητα,"Τελικό Αποτέλεσμα",NTU,0.186
,23.67622507,38.03886797,2060,Θολότητα,"Τελικό Αποτέλεσμα",NTU,0.287
,23.69070897,38.03873978,2070,Θολότητα,"Τελικό Αποτέλεσμα",NTU,0.145
,23.71109252,38.03060497,2080,Θολότητα,"Τελικό Αποτέλεσμα",NTU,0.347
,23.70393953,38.01961122,2090,Θολότητα,"Τελικό Αποτέλεσμα",NTU,0.291
,23.690026,38.01459418,2100,Θολότητα,"Τελικό Αποτέλεσμα",NTU,0.364
,23.63371988,38.01446194,2140,Θολότητα,"Τελικό Αποτέλεσμα",NTU,0.342
,23.66048215,38.00325623,2160,Θολότητα,"Τελικό Αποτέλεσμα",NTU,0.312
,23.65721338,37.99035734,2170,Θολότητα,"Τελικό Αποτέλεσμα",NTU,0.279
,23.66968564,37.99103311,2180,Θολότητα,"Τελικό Αποτέλεσμα",NTU,0.276
,23.68827264,37.99218476,2190,Θολότητα,"Τελικό Αποτέλεσμα",NTU,0.354
,23.70903775,37.99405955,2210,Θολότητα,"Τελικό Αποτέλεσμα",NTU,0.416
,23.60908187,38.01006333,2250,Θολότητα,"Τελικό Αποτέλεσμα",NTU,0.241
,23.78300677,38.09159562,1940,Θολότητα,"Τελικό Αποτέλεσμα",NTU,0.283
,23.78300677,38.09159562,1940,Θολότητα,"Τελικό Αποτέλεσμα",NTU,0.089
,23.78300677,38.09159562,1940,Θολότητα,"Τελικό Αποτέλεσμα",NTU,0.225
,23.64211712,37.93337194,146,Θολότητα,"Τελικό Αποτέλεσμα",NTU,0.345
,23.68542623,37.97707661,6010,Θολότητα,"Τελικό Αποτέλεσμα",NTU,0.096
,23.6601472,37.98029121,6020,Θολότητα,"Τελικό Αποτέλεσμα",NTU,0.153
,23.65618491,37.98059442,6030,Θολότητα,"Τελικό Αποτέλεσμα",NTU,0.227
,23.65342067,37.97688798,6040,Θολότητα,"Τελικό Αποτέλεσμα",NTU,0.08
,23.64020099,37.97361646,6060,Θολότητα,"Τελικό Αποτέλεσμα",NTU,0.114
,23.63321043,37.96700035,6080,Θολότητα,"Τελικό Αποτέλεσμα",NTU,0.111
,23.63400949,37.95347226,6120,Θολότητα,"Τελικό Αποτέλεσμα",NTU,0.095
,23.63373384,37.95087389,6130,Θολότητα,"Τελικό Αποτέλεσμα",NTU,0.126
,23.6420689,37.92834411,6150,Θολότητα,"Τελικό Αποτέλεσμα",NTU,0.132
,23.62796265,37.93233446,6160,Θολότητα,"Τελικό Αποτέλεσμα",NTU,0.135
,23.65217193,37.93962271,6170,Θολότητα,"Τελικό Αποτέλεσμα",NTU,0.194
,23.67323412,37.94610991,6190,Θολότητα,"Τελικό Αποτέλεσμα",NTU,0.159
,23.69164396,37.94801301,6210,Θολότητα,"Τελικό Αποτέλεσμα",NTU,0.129
,23.69432319,37.9524174,6220,Θολότητα,"Τελικό Αποτέλεσμα",NTU,0.066
,23.64026269,37.93961412,6240,Θολότητα,"Τελικό Αποτέλεσμα",NTU,0.178
,23.6352338,37.97282615,1926,Θολότητα,"Τελικό Αποτέλεσμα",NTU,0.245
,23.65049179,38.02069052,1936,Θολότητα,"Τελικό Αποτέλεσμα",NTU,0.166
,23.6605722,37.99659467,1950,Θολότητα,"Τελικό Αποτέλεσμα",NTU,0.1
,23.6374825,37.98494645,1941,Θολότητα,"Τελικό Αποτέλεσμα",NTU,0.219
,23.63673627,37.98591907,1935,Θολότητα,"Τελικό Αποτέλεσμα",NTU,0.145
,23.64440874,37.95951177,1928,Θολότητα,"Τελικό Αποτέλεσμα",NTU,0.198
,23.65573754,37.93998668,1930,Θολότητα,"Τελικό Αποτέλεσμα",NTU,0.106
,23.68632522,38.0498052,1939,Θολότητα,"Τελικό Αποτέλεσμα",NTU,0.099
,23.57742263,37.96842252,1943,Θολότητα,"Τελικό Αποτέλεσμα",NTU,0.173
,23.57686641,37.96682786,1945,Θολότητα,"Τελικό Αποτέλεσμα",NTU,0.365
,22.8984324,38.25405489,7011,Θολότητα,"Τελικό Αποτέλεσμα",NTU,0.111
,23.8184361,38.03015277,191,Θολότητα,"Τελικό Αποτέλεσμα",NTU,0.375
,23.82898036,38.04390182,193,Θολότητα,"Τελικό Αποτέλεσμα",NTU,0.154
,23.76331913,37.9671107,120,Θολότητα,"Τελικό Αποτέλεσμα",NTU,0.188
,23.76373822,37.96231002,125,Θολότητα,"Τελικό Αποτέλεσμα",NTU,0.225
,23.74628153,37.95494925,130,Θολότητα,"Τελικό Αποτέλεσμα",NTU,0.13
,23.76902716,37.99339131,4010,Θολότητα,"Τελικό Αποτέλεσμα",NTU,0.276
,23.77648607,37.99622098,4020,Θολότητα,"Τελικό Αποτέλεσμα",NTU,0.363
,23.77644626,37.99275168,4030,Θολότητα,"Τελικό Αποτέλεσμα",NTU,0.661
,23.77656931,37.97125316,4060,Θολότητα,"Τελικό Αποτέλεσμα",NTU,0.475
,23.77323663,37.96994397,4070,Θολότητα,"Τελικό Αποτέλεσμα",NTU,0.273
,23.75945557,37.97068504,4090,Θολότητα,"Τελικό Αποτέλεσμα",NTU,0.262
,23.77359043,37.94663449,4100,Θολότητα,"Τελικό Αποτέλεσμα",NTU,0.386
,23.75841416,37.95734094,4110,Θολότητα,"Τελικό Αποτέλεσμα",NTU,0.148
,23.7483243,37.95728104,4120,Θολότητα,"Τελικό Αποτέλεσμα",NTU,0.276
,23.7419006,37.95316688,4140,Θολότητα,"Τελικό Αποτέλεσμα",NTU,0.129
,23.75099403,37.93022254,4160,Θολότητα,"Τελικό Αποτέλεσμα",NTU,0.266
,23.73449966,37.92178254,4180,Θολότητα,"Τελικό Αποτέλεσμα",NTU,0.1
,23.72863096,37.93616832,4190,Θολότητα,"Τελικό Αποτέλεσμα",NTU,0.123
,23.7276664,37.95106354,4220,Θολότητα,"Τελικό Αποτέλεσμα",NTU,0.127
,23.72659763,37.95526612,4230,Θολότητα,"Τελικό Αποτέλεσμα",NTU,0.184
,23.72688782,37.95811379,4240,Θολότητα,"Τελικό Αποτέλεσμα",NTU,0.265
,23.41656871,37.91177786,1967,Θολότητα,"Τελικό Αποτέλεσμα",NTU,0.18
,23.4174242,37.90741906,2601,Θολότητα,"Τελικό Αποτέλεσμα",NTU,0.245
,23.78300677,38.09159562,1940,Θολότητα,"Τελικό Αποτέλεσμα",NTU,0.27
,23.64405229,38.00426495,1947,Θολότητα,"Τελικό Αποτέλεσμα",NTU,0.421
,23.78300677,38.09159562,1940,Θολότητα,"Τελικό Αποτέλεσμα",NTU,0.27
,23.76621884,37.94149317,135,Θολότητα,"Τελικό Αποτέλεσμα",NTU,0.404
,23.70168246,37.91807243,137,Θολότητα,"Τελικό Αποτέλεσμα",NTU,0.238
,23.80223198,37.83311234,140,Θολότητα,"Τελικό Αποτέλεσμα",NTU,0.222
,23.74864808,37.91609723,5010,Θολότητα,"Τελικό Αποτέλεσμα",NTU,0.212
,23.75342223,37.90482065,5020,Θολότητα,"Τελικό Αποτέλεσμα",NTU,0.314
,23.74605589,37.88420804,5040,Θολότητα,"Τελικό Αποτέλεσμα",NTU,0.381
,23.75796495,37.86035435,5050,Θολότητα,"Τελικό Αποτέλεσμα",NTU,0.421
,23.75697704,37.84809852,5080,Θολότητα,"Τελικό Αποτέλεσμα",NTU,0.233
,23.76068543,37.81516677,5090,Θολότητα,"Τελικό Αποτέλεσμα",NTU,0.246
,23.77438684,37.81229933,5100,Θολότητα,"Τελικό Αποτέλεσμα",NTU,0.271
,23.78633796,37.82289436,5110,Θολότητα,"Τελικό Αποτέλεσμα",NTU,0.2
,23.79034019,37.83538362,5150,Θολότητα,"Τελικό Αποτέλεσμα",NTU,0.321
,23.73997328,37.86958627,5160,Θολότητα,"Τελικό Αποτέλεσμα",NTU,0.345
,23.72543914,37.88816507,5170,Θολότητα,"Τελικό Αποτέλεσμα",NTU,0.251
,23.72008222,37.90342424,5180,Θολότητα,"Τελικό Αποτέλεσμα",NTU,0.177
,23.7141366,37.91270737,5190,Θολότητα,"Τελικό Αποτέλεσμα",NTU,0.221
,23.71284044,37.91562054,5200,Θολότητα,"Τελικό Αποτέλεσμα",NTU,0.235
,23.70643521,37.91960099,5210,Θολότητα,"Τελικό Αποτέλεσμα",NTU,0.341
,23.70488133,37.93521995,5230,Θολότητα,"Τελικό Αποτέλεσμα",NTU,0.288
,23.53153657,38.07172532,2260,Θολότητα,"Τελικό Αποτέλεσμα",NTU,0.294
,23.75121334,38.12052926,2270,Θολότητα,"Τελικό Αποτέλεσμα",NTU,0.134
,23.78300677,38.09159562,1940,Θολότητα,"Τελικό Αποτέλεσμα",NTU,0.212
,23.85447866,38.05288412,105,Θολότητα,"Τελικό Αποτέλεσμα",NTU,0.376
,23.77682568,38.06522626,180,Θολότητα,"Τελικό Αποτέλεσμα",NTU,0.191
,23.79478287,38.039643,230,Θολότητα,"Τελικό Αποτέλεσμα",NTU,0.461
,23.79465296,38.03514891,235,Θολότητα,"Τελικό Αποτέλεσμα",NTU,0.481
,23.75187919,38.03442418,3010,Θολότητα,"Τελικό Αποτέλεσμα",NTU,0.142
,23.75279316,38.04341932,3020,Θολότητα,"Τελικό Αποτέλεσμα",NTU,0.267
,23.75797185,38.05889094,3030,Θολότητα,"Τελικό Αποτέλεσμα",NTU,0.218
,23.80475064,38.09155778,3050,Θολότητα,"Τελικό Αποτέλεσμα",NTU,0.12
,23.8076845,38.07968756,3060,Θολότητα,"Τελικό Αποτέλεσμα",NTU,0.133
,23.82658845,38.06873396,3080,Θολότητα,"Τελικό Αποτέλεσμα",NTU,0.515
,23.85772963,38.05887086,3090,Θολότητα,"Τελικό Αποτέλεσμα",NTU,0.19
,23.85885083,38.00940503,3110,Θολότητα,"Τελικό Αποτέλεσμα",NTU,0.271
,23.88593611,38.00348657,3120,Θολότητα,"Τελικό Αποτέλεσμα",NTU,0.155
,23.88358142,38.00166538,3130,Θολότητα,"Τελικό Αποτέλεσμα",NTU,0.235
,23.83289436,38.00690221,3150,Θολότητα,"Τελικό Αποτέλεσμα",NTU,0.12
,23.8176997,37.99941782,3160,Θολότητα,"Τελικό Αποτέλεσμα",NTU,0.155
,23.79680957,37.99819507,3170,Θολότητα,"Τελικό Αποτέλεσμα",NTU,0.292
,23.79494863,37.99586454,3180,Θολότητα,"Τελικό Αποτέλεσμα",NTU,0.206
,23.79552655,37.98210489,3190,Θολότητα,"Τελικό Αποτέλεσμα",NTU,0.133
,23.78026269,38.00051154,3200,Θολότητα,"Τελικό Αποτέλεσμα",NTU,0.195
,23.78796777,38.0084814,3220,Θολότητα,"Τελικό Αποτέλεσμα",NTU,0.24
,23.78013336,38.01994403,3240,Θολότητα,"Τελικό Αποτέλεσμα",NTU,0.149
,23.81127403,38.04572875,3260,Θολότητα,"Τελικό Αποτέλεσμα",NTU,0.205
,23.78300677,38.09159562,1940,Θολότητα,"Τελικό Αποτέλεσμα",NTU,0.196
,23.78300677,38.09159562,1940,Θολότητα,"Τελικό Αποτέλεσμα",NTU,0.116
,23.33981264,38.00410848,225,Θολότητα,"Τελικό Αποτέλεσμα",NTU,0.234
,23.78300677,38.09159562,1940,Θολότητα,"Τελικό Αποτέλεσμα",NTU,0.166
,23.7419006,37.95316688,4140,Θολότητα,"Τελικό Αποτέλεσμα",NTU,0.344
,23.78781925,38.0878097,195,Θολότητα,"Τελικό Αποτέλεσμα",NTU,0.812
,23.72049547,37.94647249,160,Θολότητα,"Τελικό Αποτέλεσμα",NTU,0.146
,23.7232452,37.93440384,165,Θολότητα,"Τελικό Αποτέλεσμα",NTU,0.186
,23.69418089,37.99877315,7120,Θολότητα,"Τελικό Αποτέλεσμα",NTU,0.244
,23.66748989,37.95803203,7170,Θολότητα,"Τελικό Αποτέλεσμα",NTU,0.178
,23.67862566,37.97172973,7230,Θολότητα,"Τελικό Αποτέλεσμα",NTU,0.273
,23.68519653,37.97596579,7250,Θολότητα,"Τελικό Αποτέλεσμα",NTU,0.352
,23.69752839,37.97170234,7270,Θολότητα,"Τελικό Αποτέλεσμα",NTU,0.095
,23.71283325,37.96856483,7300,Θολότητα,"Τελικό Αποτέλεσμα",NTU,0.151
,23.71170376,37.97057149,7320,Θολότητα,"Τελικό Αποτέλεσμα",NTU,0.197
,23.71541292,38.00374961,8010,Θολότητα,"Τελικό Αποτέλεσμα",NTU,0.12
,23.71578119,37.99037338,8040,Θολότητα,"Τελικό Αποτέλεσμα",NTU,0.167
,23.7122762,37.98040557,8060,Θολότητα,"Τελικό Αποτέλεσμα",NTU,0.272
,23.71481682,37.97943025,8070,Θολότητα,"Τελικό Αποτέλεσμα",NTU,0.128
,23.68251737,37.96148113,8100,Θολότητα,"Τελικό Αποτέλεσμα",NTU,0.083
,23.70043454,37.962644,8140,Θολότητα,"Τελικό Αποτέλεσμα",NTU,0.125
,23.69959745,37.94970908,8170,Θολότητα,"Τελικό Αποτέλεσμα",NTU,0.2
,23.70891649,37.94569184,8210,Θολότητα,"Τελικό Αποτέλεσμα",NTU,0.183
,23.71621067,37.95514139,8260,Θολότητα,"Τελικό Αποτέλεσμα",NTU,0.193
,23.71457142,37.96617497,8270,Θολότητα,"Τελικό Αποτέλεσμα",NTU,0.163
,23.72176206,37.96483486,8280,Θολότητα,"Τελικό Αποτέλεσμα",NTU,0.185
,23.72614349,37.96555625,8290,Θολότητα,"Τελικό Αποτέλεσμα",NTU,0.236
,23.73089644,37.98300722,8350,Θολότητα,"Τελικό Αποτέλεσμα",NTU,0.25
,23.59521034,38.06468139,2810,Θολότητα,"Τελικό Αποτέλεσμα",NTU,0.1
,23.58213759,38.06052513,2820,Θολότητα,"Τελικό Αποτέλεσμα",NTU,0.346
,23.58754823,38.0664655,2830,Θολότητα,"Τελικό Αποτέλεσμα",NTU,0.157
,23.5318038,38.05090121,2840,Θολότητα,"Τελικό Αποτέλεσμα",NTU,0.132
,23.54270396,38.04336154,2850,Θολότητα,"Τελικό Αποτέλεσμα",NTU,0.263
,23.53939487,38.0361051,2860,Θολότητα,"Τελικό Αποτέλεσμα",NTU,0.12
,23.54885279,38.03762139,2870,Θολότητα,"Τελικό Αποτέλεσμα",NTU,0.144
,23.73746872,38.08509072,2890,Θολότητα,"Τελικό Αποτέλεσμα",NTU,0.66
,23.78300677,38.09159562,1940,Θολότητα,"Τελικό Αποτέλεσμα",NTU,0.266
,22.8984324,38.25405489,7011,Θολότητα,"Τελικό Αποτέλεσμα",NTU,0.092
,23.82140342,38.07735607,3070,Θολότητα,"Τελικό Αποτέλεσμα",NTU,0.514
,23.78256861,38.1336252,1932,Θολότητα,"Τελικό Αποτέλεσμα",NTU,0.387
,23.74996363,38.12819997,1933,Θολότητα,"Τελικό Αποτέλεσμα",NTU,0.207
,23.8527507,38.12333569,1946,Θολότητα,"Τελικό Αποτέλεσμα",NTU,0.249
,23.83967824,38.07817527,1948,Θολότητα,"Τελικό Αποτέλεσμα",NTU,0.364
,23.81291067,38.06845423,1954,Θολότητα,"Τελικό Αποτέλεσμα",NTU,0.314
,23.86470833,38.10061721,1956,Θολότητα,"Τελικό Αποτέλεσμα",NTU,0.341
,23.75279316,38.04341932,3020,Θολότητα,"Τελικό Αποτέλεσμα",NTU,0.2
,23.50231957,37.96481152,170,Θολότητα,"Τελικό Αποτέλεσμα",NTU,0.686
,23.5289617,37.96581528,2540,Θολότητα,"Τελικό Αποτέλεσμα",NTU,0.174
,23.53503262,37.95677855,2550,Θολότητα,"Τελικό Αποτέλεσμα",NTU,0.185
,23.46773064,37.92181628,2600,Θολότητα,"Τελικό Αποτέλεσμα",NTU,0.144
,23.49475198,37.96793762,2630,Θολότητα,"Τελικό Αποτέλεσμα",NTU,0.677
,23.48803323,37.96254865,2660,Θολότητα,"Τελικό Αποτέλεσμα",NTU,0.117
,23.44062195,37.9258773,2680,Θολότητα,"Τελικό Αποτέλεσμα",NTU,0.833
,23.52415052,37.96223485,2690,Θολότητα,"Τελικό Αποτέλεσμα",NTU,0.193
,23.78300677,38.09159562,1940,Θολότητα,"Τελικό Αποτέλεσμα",NTU,0.268
,23.78300677,38.09159562,1940,Θολότητα,"Τελικό Αποτέλεσμα",NTU,0.241
,23.5318038,38.05090121,2840,Θολότητα,"Τελικό Αποτέλεσμα",NTU,0.403
,23.85025321,37.98994386,6600,Θολότητα,"Τελικό Αποτέλεσμα",NTU,0.284
,23.95034322,37.8943453,6622,Θολότητα,"Τελικό Αποτέλεσμα",NTU,0.193
,24.02347685,37.89610538,6635,Θολότητα,"Τελικό Αποτέλεσμα",NTU,0.292
,23.9711191,37.81103106,6640,Θολότητα,"Τελικό Αποτέλεσμα",NTU,0.186
,24.05094448,37.70399221,6651,Θολότητα,"Τελικό Αποτέλεσμα",NTU,0.118
,24.00045431,37.66293707,6660,Θολότητα,"Τελικό Αποτέλεσμα",NTU,0.236
,23.93846122,37.69492932,6670,Θολότητα,"Τελικό Αποτέλεσμα",NTU,0.187
,23.95494234,37.75171359,6690,Θολότητα,"Τελικό Αποτέλεσμα",NTU,0.29
,23.92361047,37.73101879,6700,Θολότητα,"Τελικό Αποτέλεσμα",NTU,0.346
,23.90348973,37.82055314,6705,Θολότητα,"Τελικό Αποτέλεσμα",NTU,0.102
,23.89013644,37.78136061,6706,Θολότητα,"Τελικό Αποτέλεσμα",NTU,0.241
,23.78300677,38.09159562,1940,Θολότητα,"Τελικό Αποτέλεσμα",NTU,0.132
,23.72850158,38.02107731,2010,Θολότητα,"Τελικό Αποτέλεσμα",NTU,0.27
,23.71516747,38.06439445,2020,Θολότητα,"Τελικό Αποτέλεσμα",NTU,0.114
,23.70747263,38.06250703,2030,Θολότητα,"Τελικό Αποτέλεσμα",NTU,0.18
,23.684522,38.04327857,2050,Θολότητα,"Τελικό Αποτέλεσμα",NTU,0.202
,23.67622507,38.03886797,2060,Θολότητα,"Τελικό Αποτέλεσμα",NTU,0.151
,23.69070897,38.03873978,2070,Θολότητα,"Τελικό Αποτέλεσμα",NTU,0.185
,23.71109252,38.03060497,2080,Θολότητα,"Τελικό Αποτέλεσμα",NTU,0.277
,23.70393953,38.01961122,2090,Θολότητα,"Τελικό Αποτέλεσμα",NTU,0.301
,23.690026,38.01459418,2100,Θολότητα,"Τελικό Αποτέλεσμα",NTU,0.414
,23.68563533,38.01170402,2110,Θολότητα,"Τελικό Αποτέλεσμα",NTU,0.312
,23.69068855,38.00659931,2130,Θολότητα,"Τελικό Αποτέλεσμα",NTU,0.3
,23.63371988,38.01446194,2140,Θολότητα,"Τελικό Αποτέλεσμα",NTU,0.323
,23.60436979,38.01172891,2150,Θολότητα,"Τελικό Αποτέλεσμα",NTU,0.295
,23.66048215,38.00325623,2160,Θολότητα,"Τελικό Αποτέλεσμα",NTU,0.355
,23.65721338,37.99035734,2170,Θολότητα,"Τελικό Αποτέλεσμα",NTU,0.152
,23.66968564,37.99103311,2180,Θολότητα,"Τελικό Αποτέλεσμα",NTU,0.223
,23.68827264,37.99218476,2190,Θολότητα,"Τελικό Αποτέλεσμα",NTU,0.401
,23.70903775,37.99405955,2210,Θολότητα,"Τελικό Αποτέλεσμα",NTU,0.155
,23.71167012,37.99890096,2220,Θολότητα,"Τελικό Αποτέλεσμα",NTU,0.276
,23.72396633,38.00996468,2240,Θολότητα,"Τελικό Αποτέλεσμα",NTU,0.256
,23.60908187,38.01006333,2250,Θολότητα,"Τελικό Αποτέλεσμα",NTU,0.325
,23.78300677,38.09159562,1940,Θολότητα,"Τελικό Αποτέλεσμα",NTU,0.192
,23.78300677,38.09159562,1940,Θολότητα,"Τελικό Αποτέλεσμα",NTU,0.105
,23.78300677,38.09159562,1940,Θολότητα,"Τελικό Αποτέλεσμα",NTU,0.278
,23.79488229,37.83744985,1912,Θολότητα,"Τελικό Αποτέλεσμα",NTU,0.464
,23.78198962,37.85753892,1964,Θολότητα,"Τελικό Αποτέλεσμα",NTU,0.36
,23.79050885,37.815723,1965,Θολότητα,"Τελικό Αποτέλεσμα",NTU,0.532
,23.78300677,38.09159562,1940,Θολότητα,"Τελικό Αποτέλεσμα",NTU,0.154
,23.84875164,38.12416671,4710,Θολότητα,"Τελικό Αποτέλεσμα",NTU,0.29
,24.03457233,38.19040155,4750,Θολότητα,"Τελικό Αποτέλεσμα",NTU,0.371
,23.98944122,38.03778338,4771,Θολότητα,"Τελικό Αποτέλεσμα",NTU,0.234
,24.01205071,38.01437011,4852,Θολότητα,"Τελικό Αποτέλεσμα",NTU,0.239
,23.9069807,37.96451242,4902,Θολότητα,"Τελικό Αποτέλεσμα",NTU,0.127
,23.9087001,38.16824113,4720,Θολότητα,"Τελικό Αποτέλεσμα",NTU,0.281
,23.97713814,38.08574303,4770,Θολότητα,"Τελικό Αποτέλεσμα",NTU,0.105
,23.9814898,38.06170646,4800,Θολότητα,"Τελικό Αποτέλεσμα",NTU,0.111
,22.8984324,38.25405489,7011,Θολότητα,"Τελικό Αποτέλεσμα",NTU,0.123
,23.77565986,37.94643657,1962,Θολότητα,"Τελικό Αποτέλεσμα",NTU,0.31
,23.84875164,38.12416671,4710,Θολότητα,"Τελικό Αποτέλεσμα",NTU,0.29
,23.97713814,38.08574303,4770,Θολότητα,"Τελικό Αποτέλεσμα",NTU,0.105
,23.53153657,38.07172532,2260,Θολότητα,"Τελικό Αποτέλεσμα",NTU,0.126
,23.75121334,38.12052926,2270,Θολότητα,"Τελικό Αποτέλεσμα",NTU,0.118
,23.7766247,37.88434896,1918,Θολότητα,"Τελικό Αποτέλεσμα",NTU,0.141
,23.76382857,37.88903355,1920,Θολότητα,"Τελικό Αποτέλεσμα",NTU,0.478
,23.75556042,37.91943081,1924,Θολότητα,"Τελικό Αποτέλεσμα",NTU,0.364
,23.74951242,37.9996463,1942,Θολότητα,"Τελικό Αποτέλεσμα",NTU,0.202
,23.73288702,37.955672,1944,Θολότητα,"Τελικό Αποτέλεσμα",NTU,0.113
,23.77756947,37.88994684,1963,Θολότητα,"Τελικό Αποτέλεσμα",NTU,0.309
,23.85447866,38.05288412,105,Θολότητα,"Τελικό Αποτέλεσμα",NTU,0.317
,23.77682568,38.06522626,180,Θολότητα,"Τελικό Αποτέλεσμα",NTU,0.173
,23.79478287,38.039643,230,Θολότητα,"Τελικό Αποτέλεσμα",NTU,0.199
,23.79465296,38.03514891,235,Θολότητα,"Τελικό Αποτέλεσμα",NTU,0.149
,23.75187919,38.03442418,3010,Θολότητα,"Τελικό Αποτέλεσμα",NTU,0.108
,23.75279316,38.04341932,3020,Θολότητα,"Τελικό Αποτέλεσμα",NTU,0.231
,23.75797185,38.05889094,3030,Θολότητα,"Τελικό Αποτέλεσμα",NTU,0.488
,23.80475064,38.09155778,3050,Θολότητα,"Τελικό Αποτέλεσμα",NTU,0.104
,23.8076845,38.07968756,3060,Θολότητα,"Τελικό Αποτέλεσμα",NTU,0.157
,23.82658845,38.06873396,3080,Θολότητα,"Τελικό Αποτέλεσμα",NTU,0.088
,23.85772963,38.05887086,3090,Θολότητα,"Τελικό Αποτέλεσμα",NTU,0.094
,23.85885083,38.00940503,3110,Θολότητα,"Τελικό Αποτέλεσμα",NTU,0.103
,23.88593611,38.00348657,3120,Θολότητα,"Τελικό Αποτέλεσμα",NTU,0.483
,23.88358142,38.00166538,3130,Θολότητα,"Τελικό Αποτέλεσμα",NTU,0.508
,23.83289436,38.00690221,3150,Θολότητα,"Τελικό Αποτέλεσμα",NTU,0.194
,23.8176997,37.99941782,3160,Θολότητα,"Τελικό Αποτέλεσμα",NTU,0.301
,23.79680957,37.99819507,3170,Θολότητα,"Τελικό Αποτέλεσμα",NTU,0.144
,23.79494863,37.99586454,3180,Θολότητα,"Τελικό Αποτέλεσμα",NTU,0.352
,23.79552655,37.98210489,3190,Θολότητα,"Τελικό Αποτέλεσμα",NTU,0.551
,23.78026269,38.00051154,3200,Θολότητα,"Τελικό Αποτέλεσμα",NTU,0.442
,23.78796777,38.0084814,3220,Θολότητα,"Τελικό Αποτέλεσμα",NTU,0.096
,23.78013336,38.01994403,3240,Θολότητα,"Τελικό Αποτέλεσμα",NTU,0.112
,23.78028136,38.04717905,3250,Θολότητα,"Τελικό Αποτέλεσμα",NTU,0.208
,23.81127403,38.04572875,3260,Θολότητα,"Τελικό Αποτέλεσμα",NTU,0.233
,23.78300677,38.09159562,1940,Θολότητα,"Τελικό Αποτέλεσμα",NTU,0.293
,23.78300677,38.09159562,1940,Θολότητα,"Τελικό Αποτέλεσμα",NTU,0.293
,23.76331913,37.9671107,120,Θολότητα,"Τελικό Αποτέλεσμα",NTU,0.083
,23.76373822,37.96231002,125,Θολότητα,"Τελικό Αποτέλεσμα",NTU,0.23
,23.74628153,37.95494925,130,Θολότητα,"Τελικό Αποτέλεσμα",NTU,0.108
,23.76902716,37.99339131,4010,Θολότητα,"Τελικό Αποτέλεσμα",NTU,0.187
,23.77648607,37.99622098,4020,Θολότητα,"Τελικό Αποτέλεσμα",NTU,0.14
,23.77644626,37.99275168,4030,Θολότητα,"Τελικό Αποτέλεσμα",NTU,0.16
,23.768783,37.9828978,4040,Θολότητα,"Τελικό Αποτέλεσμα",NTU,0.109
,23.77656931,37.97125316,4060,Θολότητα,"Τελικό Αποτέλεσμα",NTU,0.094
,23.77323663,37.96994397,4070,Θολότητα,"Τελικό Αποτέλεσμα",NTU,0.885
,23.76210863,37.97447332,4080,Θολότητα,"Τελικό Αποτέλεσμα",NTU,0.386
,23.75945557,37.97068504,4090,Θολότητα,"Τελικό Αποτέλεσμα",NTU,0.118
,23.77359043,37.94663449,4100,Θολότητα,"Τελικό Αποτέλεσμα",NTU,0.095
,23.75841416,37.95734094,4110,Θολότητα,"Τελικό Αποτέλεσμα",NTU,0.246
,23.7483243,37.95728104,4120,Θολότητα,"Τελικό Αποτέλεσμα",NTU,0.172
,23.7419006,37.95316688,4140,Θολότητα,"Τελικό Αποτέλεσμα",NTU,0.072
,23.75099403,37.93022254,4160,Θολότητα,"Τελικό Αποτέλεσμα",NTU,0.244
,23.73717945,37.92398915,4170,Θολότητα,"Τελικό Αποτέλεσμα",NTU,0.432
,23.73449966,37.92178254,4180,Θολότητα,"Τελικό Αποτέλεσμα",NTU,0.19
,23.72863096,37.93616832,4190,Θολότητα,"Τελικό Αποτέλεσμα",NTU,0.195
,23.7276664,37.95106354,4220,Θολότητα,"Τελικό Αποτέλεσμα",NTU,0.34
,23.72659763,37.95526612,4230,Θολότητα,"Τελικό Αποτέλεσμα",NTU,0.342
,23.72688782,37.95811379,4240,Θολότητα,"Τελικό Αποτέλεσμα",NTU,0.111
,23.78300677,38.09159562,1940,Θολότητα,"Τελικό Αποτέλεσμα",NTU,0.225
,23.76621884,37.94149317,135,Θολότητα,"Τελικό Αποτέλεσμα",NTU,0.236
,23.70168246,37.91807243,137,Θολότητα,"Τελικό Αποτέλεσμα",NTU,0.317
,23.80223198,37.83311234,140,Θολότητα,"Τελικό Αποτέλεσμα",NTU,0.109
,23.74864808,37.91609723,5010,Θολότητα,"Τελικό Αποτέλεσμα",NTU,0.286
,23.75342223,37.90482065,5020,Θολότητα,"Τελικό Αποτέλεσμα",NTU,0.1
,23.74470013,37.88994017,5030,Θολότητα,"Τελικό Αποτέλεσμα",NTU,0.197
,23.74605589,37.88420804,5040,Θολότητα,"Τελικό Αποτέλεσμα",NTU,0.39
,23.75796495,37.86035435,5050,Θολότητα,"Τελικό Αποτέλεσμα",NTU,0.317
,23.76070017,37.8524034,5060,Θολότητα,"Τελικό Αποτέλεσμα",NTU,0.61
,23.75697704,37.84809852,5080,Θολότητα,"Τελικό Αποτέλεσμα",NTU,0.139
,23.76068543,37.81516677,5090,Θολότητα,"Τελικό Αποτέλεσμα",NTU,0.09
,23.77438684,37.81229933,5100,Θολότητα,"Τελικό Αποτέλεσμα",NTU,0.136
,23.78633796,37.82289436,5110,Θολότητα,"Τελικό Αποτέλεσμα",NTU,0.145
,23.79034019,37.83538362,5150,Θολότητα,"Τελικό Αποτέλεσμα",NTU,0.103
,23.73997328,37.86958627,5160,Θολότητα,"Τελικό Αποτέλεσμα",NTU,0.163
,23.72543914,37.88816507,5170,Θολότητα,"Τελικό Αποτέλεσμα",NTU,0.105
,23.72008222,37.90342424,5180,Θολότητα,"Τελικό Αποτέλεσμα",NTU,0.483
,23.7141366,37.91270737,5190,Θολότητα,"Τελικό Αποτέλεσμα",NTU,0.134
,23.71284044,37.91562054,5200,Θολότητα,"Τελικό Αποτέλεσμα",NTU,0.264
,23.70643521,37.91960099,5210,Θολότητα,"Τελικό Αποτέλεσμα",NTU,0.088
,23.70488133,37.93521995,5230,Θολότητα,"Τελικό Αποτέλεσμα",NTU,0.18
,23.78300677,38.09159562,1940,Θολότητα,"Τελικό Αποτέλεσμα",NTU,0.09
,23.77290371,37.94499327,1961,Θολότητα,"Τελικό Αποτέλεσμα",NTU,0.121
,23.48905185,37.97043569,2580,Θολότητα,"Τελικό Αποτέλεσμα",NTU,0.13
,23.52045976,37.94358544,1927,Θολότητα,"Τελικό Αποτέλεσμα",NTU,0.085
,23.46565745,37.91849312,1929,Θολότητα,"Τελικό Αποτέλεσμα",NTU,0.126
,23.49030054,37.99544729,1931,Θολότητα,"Τελικό Αποτέλεσμα",NTU,0.08
,23.78300677,38.09159562,1940,Θολότητα,"Τελικό Αποτέλεσμα",NTU,0.091
,23.72049547,37.94647249,160,Θολότητα,"Τελικό Αποτέλεσμα",NTU,0.149
,23.7232452,37.93440384,165,Θολότητα,"Τελικό Αποτέλεσμα",NTU,0.088
,23.69418089,37.99877315,7120,Θολότητα,"Τελικό Αποτέλεσμα",NTU,0.11
,23.66748989,37.95803203,7170,Θολότητα,"Τελικό Αποτέλεσμα",NTU,0.122
,23.67862566,37.97172973,7230,Θολότητα,"Τελικό Αποτέλεσμα",NTU,0.247
,23.68519653,37.97596579,7250,Θολότητα,"Τελικό Αποτέλεσμα",NTU,0.145
,23.69752839,37.97170234,7270,Θολότητα,"Τελικό Αποτέλεσμα",NTU,0.1
,23.71283325,37.96856483,7300,Θολότητα,"Τελικό Αποτέλεσμα",NTU,0.17
,23.71170376,37.97057149,7320,Θολότητα,"Τελικό Αποτέλεσμα",NTU,0.24
,23.71541292,38.00374961,8010,Θολότητα,"Τελικό Αποτέλεσμα",NTU,0.231
,23.71578119,37.99037338,8040,Θολότητα,"Τελικό Αποτέλεσμα",NTU,0.13
,23.7122762,37.98040557,8060,Θολότητα,"Τελικό Αποτέλεσμα",NTU,0.171
,23.71481682,37.97943025,8070,Θολότητα,"Τελικό Αποτέλεσμα",NTU,0.173
,23.68251737,37.96148113,8100,Θολότητα,"Τελικό Αποτέλεσμα",NTU,0.13
,23.70043454,37.962644,8140,Θολότητα,"Τελικό Αποτέλεσμα",NTU,0.101
,23.69959745,37.94970908,8170,Θολότητα,"Τελικό Αποτέλεσμα",NTU,0.198
,23.70623737,37.95093926,8190,Θολότητα,"Τελικό Αποτέλεσμα",NTU,0.185
,23.70891649,37.94569184,8210,Θολότητα,"Τελικό Αποτέλεσμα",NTU,0.095
,23.71621067,37.95514139,8260,Θολότητα,"Τελικό Αποτέλεσμα",NTU,0.195
,23.71457142,37.96617497,8270,Θολότητα,"Τελικό Αποτέλεσμα",NTU,0.19
,23.72176206,37.96483486,8280,Θολότητα,"Τελικό Αποτέλεσμα",NTU,0.243
,23.72614349,37.96555625,8290,Θολότητα,"Τελικό Αποτέλεσμα",NTU,0.174
,23.73089644,37.98300722,8350,Θολότητα,"Τελικό Αποτέλεσμα",NTU,0.212
,23.83934088,38.00884634,1910,Θολότητα,"Τελικό Αποτέλεσμα",NTU,0.224
,23.83405829,38.05503536,13210,Θολότητα,"Τελικό Αποτέλεσμα",NTU,0.443
,23.85034312,38.064696,13250,Θολότητα,"Τελικό Αποτέλεσμα",NTU,0.254
,23.76297533,38.01414907,1951,Θολότητα,"Τελικό Αποτέλεσμα",NTU,0.164
,23.7651004,38.01889155,1952,Θολότητα,"Τελικό Αποτέλεσμα",NTU,0.246
,23.80570194,37.98977289,1953,Θολότητα,"Τελικό Αποτέλεσμα",NTU,0.6
,23.87746291,38.06015,1957,Θολότητα,"Τελικό Αποτέλεσμα",NTU,0.246
,23.85005878,38.0644879,1958,Θολότητα,"Τελικό Αποτέλεσμα",NTU,0.188
,23.87165015,38.05010025,1911,Θολότητα,"Τελικό Αποτέλεσμα",NTU,0.16
,23.78300677,38.09159562,1940,Θολότητα,"Τελικό Αποτέλεσμα",NTU,0.23
,23.64211712,37.93337194,146,Θολότητα,"Τελικό Αποτέλεσμα",NTU,0.146
,23.68542623,37.97707661,6010,Θολότητα,"Τελικό Αποτέλεσμα",NTU,0.142
,23.6601472,37.98029121,6020,Θολότητα,"Τελικό Αποτέλεσμα",NTU,0.225
,23.65618491,37.98059442,6030,Θολότητα,"Τελικό Αποτέλεσμα",NTU,0.17
,23.65342067,37.97688798,6040,Θολότητα,"Τελικό Αποτέλεσμα",NTU,0.354
,23.63989634,37.97755,6050,Θολότητα,"Τελικό Αποτέλεσμα",NTU,0.213
,23.64020099,37.97361646,6060,Θολότητα,"Τελικό Αποτέλεσμα",NTU,0.21
,23.63321043,37.96700035,6080,Θολότητα,"Τελικό Αποτέλεσμα",NTU,0.227
,23.62337019,37.95039855,6110,Θολότητα,"Τελικό Αποτέλεσμα",NTU,0.139
,23.63400949,37.95347226,6120,Θολότητα,"Τελικό Αποτέλεσμα",NTU,0.3
,23.63373384,37.95087389,6130,Θολότητα,"Τελικό Αποτέλεσμα",NTU,0.278
,23.6420689,37.92834411,6150,Θολότητα,"Τελικό Αποτέλεσμα",NTU,0.105
,23.62796265,37.93233446,6160,Θολότητα,"Τελικό Αποτέλεσμα",NTU,0.224
,23.65217193,37.93962271,6170,Θολότητα,"Τελικό Αποτέλεσμα",NTU,0.127
,23.67323412,37.94610991,6190,Θολότητα,"Τελικό Αποτέλεσμα",NTU,0.372
,23.68003741,37.94809685,6200,Θολότητα,"Τελικό Αποτέλεσμα",NTU,0.344
,23.69164396,37.94801301,6210,Θολότητα,"Τελικό Αποτέλεσμα",NTU,0.229
,23.69432319,37.9524174,6220,Θολότητα,"Τελικό Αποτέλεσμα",NTU,0.134
,23.64026269,37.93961412,6240,Θολότητα,"Τελικό Αποτέλεσμα",NTU,0.382
,22.8984324,38.25405489,7011,Θολότητα,"Τελικό Αποτέλεσμα",NTU,0.238
,23.78300677,38.09159562,1940,Θολότητα,"Τελικό Αποτέλεσμα",NTU,0.114
,23.68251737,37.96148113,8100,Θολότητα,"Τελικό Αποτέλεσμα",NTU,0.221
,23.57826232,37.96427313,2520,Θολότητα,"Τελικό Αποτέλεσμα",NTU,0.108
,23.5731997,37.96469669,2530,Θολότητα,"Τελικό Αποτέλεσμα",NTU,0.155
,23.53257622,37.93452623,2560,Θολότητα,"Τελικό Αποτέλεσμα",NTU,0.077
,23.53552983,37.93206092,2570,Θολότητα,"Τελικό Αποτέλεσμα",NTU,0.108
,23.61447157,37.95930428,2700,Θολότητα,"Τελικό Αποτέλεσμα",NTU,0.845
,23.76373822,37.96231002,125,Θολότητα,"Τελικό Αποτέλεσμα",NTU,0.144
,23.78300677,38.09159562,1940,Θολότητα,"Τελικό Αποτέλεσμα",NTU,0.131
,24.05264935,37.72249387,170200,Θολότητα,"Τελικό Αποτέλεσμα",NTU,0.167
,23.74864808,37.91609723,5010,Θολότητα,"Τελικό Αποτέλεσμα",NTU,0.094
,23.76210863,37.97447332,4080,Θολότητα,"Τελικό Αποτέλεσμα",NTU,0.153
,23.84875164,38.12416671,4710,Θολότητα,"Τελικό Αποτέλεσμα",NTU,0.148
,23.9087001,38.16824113,4720,Θολότητα,"Τελικό Αποτέλεσμα",NTU,0.211
,24.03457233,38.19040155,4750,Θολότητα,"Τελικό Αποτέλεσμα",NTU,0.08
,23.97713814,38.08574303,4770,Θολότητα,"Τελικό Αποτέλεσμα",NTU,0.149
,23.98944122,38.03778338,4771,Θολότητα,"Τελικό Αποτέλεσμα",NTU,0.142
,23.9814898,38.06170646,4800,Θολότητα,"Τελικό Αποτέλεσμα",NTU,0.128
,24.01205071,38.01437011,4852,Θολότητα,"Τελικό Αποτέλεσμα",NTU,0.335
,24.00732001,37.98416724,4890,Θολότητα,"Τελικό Αποτέλεσμα",NTU,0.232
,23.9069807,37.96451242,4902,Θολότητα,"Τελικό Αποτέλεσμα",NTU,0.192
,23.97305196,37.95846365,4910,Θολότητα,"Τελικό Αποτέλεσμα",NTU,0.444
,23.78300677,38.09159562,1940,Θολότητα,"Τελικό Αποτέλεσμα",NTU,0.119
,23.7141366,37.91270737,5190,Θολότητα,"Τελικό Αποτέλεσμα",NTU,0.508
,23.78300677,38.09159562,1940,Θολότητα,"Τελικό Αποτέλεσμα",NTU,0.146
,23.62796265,37.93233446,6160,Θολότητα,"Τελικό Αποτέλεσμα",NTU,0.47
,23.78300677,38.09159562,1940,Θολότητα,"Τελικό Αποτέλεσμα",NTU,0.226
,22.8984324,38.25405489,7011,Θολότητα,"Τελικό Αποτέλεσμα",NTU,0.257
,23.78300677,38.09159562,1940,Θολότητα,"Τελικό Αποτέλεσμα",NTU,0.083
,23.78300677,38.09159562,1940,Θολότητα,"Τελικό Αποτέλεσμα",NTU,0.085
,23.6352338,37.97282615,1926,Θολότητα,"Τελικό Αποτέλεσμα",NTU,0.123
,23.65049179,38.02069052,1936,Θολότητα,"Τελικό Αποτέλεσμα",NTU,0.167
,23.6605722,37.99659467,1950,Θολότητα,"Τελικό Αποτέλεσμα",NTU,0.213
,23.6374825,37.98494645,1941,Θολότητα,"Τελικό Αποτέλεσμα",NTU,0.112
,23.63673627,37.98591907,1935,Θολότητα,"Τελικό Αποτέλεσμα",NTU,0.189
,23.64405229,38.00426495,1947,Θολότητα,"Τελικό Αποτέλεσμα",NTU,0.291
,23.72850158,38.02107731,2010,Θολότητα,"Τελικό Αποτέλεσμα",NTU,0.278
,23.70747263,38.06250703,2030,Θολότητα,"Τελικό Αποτέλεσμα",NTU,0.254
,23.684522,38.04327857,2050,Θολότητα,"Τελικό Αποτέλεσμα",NTU,0.244
,23.67622507,38.03886797,2060,Θολότητα,"Τελικό Αποτέλεσμα",NTU,0.124
,23.69070897,38.03873978,2070,Θολότητα,"Τελικό Αποτέλεσμα",NTU,0.092
,23.71109252,38.03060497,2080,Θολότητα,"Τελικό Αποτέλεσμα",NTU,0.123
,23.70393953,38.01961122,2090,Θολότητα,"Τελικό Αποτέλεσμα",NTU,0.107
,23.690026,38.01459418,2100,Θολότητα,"Τελικό Αποτέλεσμα",NTU,0.138
,23.68563533,38.01170402,2110,Θολότητα,"Τελικό Αποτέλεσμα",NTU,0.18
,23.69068855,38.00659931,2130,Θολότητα,"Τελικό Αποτέλεσμα",NTU,0.206
,23.63371988,38.01446194,2140,Θολότητα,"Τελικό Αποτέλεσμα",NTU,0.13
,23.60436979,38.01172891,2150,Θολότητα,"Τελικό Αποτέλεσμα",NTU,0.188
,23.66048215,38.00325623,2160,Θολότητα,"Τελικό Αποτέλεσμα",NTU,0.122
,23.65721338,37.99035734,2170,Θολότητα,"Τελικό Αποτέλεσμα",NTU,0.096
,23.66968564,37.99103311,2180,Θολότητα,"Τελικό Αποτέλεσμα",NTU,0.129
,23.68827264,37.99218476,2190,Θολότητα,"Τελικό Αποτέλεσμα",NTU,0.18
,23.70903775,37.99405955,2210,Θολότητα,"Τελικό Αποτέλεσμα",NTU,0.165
,23.71167012,37.99890096,2220,Θολότητα,"Τελικό Αποτέλεσμα",NTU,0.216
,23.72396633,38.00996468,2240,Θολότητα,"Τελικό Αποτέλεσμα",NTU,0.101
,23.60908187,38.01006333,2250,Θολότητα,"Τελικό Αποτέλεσμα",NTU,0.156
,23.78300677,38.09159562,1940,Θολότητα,"Τελικό Αποτέλεσμα",NTU,0.232
,23.85447866,38.05288412,105,Θολότητα,"Τελικό Αποτέλεσμα",NTU,0.412
,23.77682568,38.06522626,180,Θολότητα,"Τελικό Αποτέλεσμα",NTU,0.307
,23.79478287,38.039643,230,Θολότητα,"Τελικό Αποτέλεσμα",NTU,0.212
,23.75187919,38.03442418,3010,Θολότητα,"Τελικό Αποτέλεσμα",NTU,0.341
,23.75797185,38.05889094,3030,Θολότητα,"Τελικό Αποτέλεσμα",NTU,0.242
,23.80475064,38.09155778,3050,Θολότητα,"Τελικό Αποτέλεσμα",NTU,0.351
,23.8076845,38.07968756,3060,Θολότητα,"Τελικό Αποτέλεσμα",NTU,0.26
,23.82658845,38.06873396,3080,Θολότητα,"Τελικό Αποτέλεσμα",NTU,0.14
,23.85885083,38.00940503,3110,Θολότητα,"Τελικό Αποτέλεσμα",NTU,0.153
,23.88358142,38.00166538,3130,Θολότητα,"Τελικό Αποτέλεσμα",NTU,0.473
,23.83289436,38.00690221,3150,Θολότητα,"Τελικό Αποτέλεσμα",NTU,0.2
,23.8176997,37.99941782,3160,Θολότητα,"Τελικό Αποτέλεσμα",NTU,0.159
,23.79680957,37.99819507,3170,Θολότητα,"Τελικό Αποτέλεσμα",NTU,0.29
,23.79494863,37.99586454,3180,Θολότητα,"Τελικό Αποτέλεσμα",NTU,0.285
,23.79552655,37.98210489,3190,Θολότητα,"Τελικό Αποτέλεσμα",NTU,0.306
,23.78796777,38.0084814,3220,Θολότητα,"Τελικό Αποτέλεσμα",NTU,0.28
,23.78013336,38.01994403,3240,Θολότητα,"Τελικό Αποτέλεσμα",NTU,0.249
,23.78300677,38.09159562,1940,Θολότητα,"Τελικό Αποτέλεσμα",NTU,0.157
,23.78300677,38.09159562,1940,Θολότητα,"Τελικό Αποτέλεσμα",NTU,0.094
,23.76331913,37.9671107,120,Θολότητα,"Τελικό Αποτέλεσμα",NTU,0.126
,23.76373822,37.96231002,125,Θολότητα,"Τελικό Αποτέλεσμα",NTU,0.141
,23.74628153,37.95494925,130,Θολότητα,"Τελικό Αποτέλεσμα",NTU,0.094
,23.77648607,37.99622098,4020,Θολότητα,"Τελικό Αποτέλεσμα",NTU,0.272
,23.77644626,37.99275168,4030,Θολότητα,"Τελικό Αποτέλεσμα",NTU,0.138
,23.77656931,37.97125316,4060,Θολότητα,"Τελικό Αποτέλεσμα",NTU,0.249
,23.77323663,37.96994397,4070,Θολότητα,"Τελικό Αποτέλεσμα",NTU,0.162
,23.75945557,37.97068504,4090,Θολότητα,"Τελικό Αποτέλεσμα",NTU,0.176
,23.77359043,37.94663449,4100,Θολότητα,"Τελικό Αποτέλεσμα",NTU,0.159
,23.75841416,37.95734094,4110,Θολότητα,"Τελικό Αποτέλεσμα",NTU,0.224
,23.7483243,37.95728104,4120,Θολότητα,"Τελικό Αποτέλεσμα",NTU,0.155
,23.7419006,37.95316688,4140,Θολότητα,"Τελικό Αποτέλεσμα",NTU,0.282
,23.75099403,37.93022254,4160,Θολότητα,"Τελικό Αποτέλεσμα",NTU,0.329
,23.73449966,37.92178254,4180,Θολότητα,"Τελικό Αποτέλεσμα",NTU,0.182
,23.72863096,37.93616832,4190,Θολότητα,"Τελικό Αποτέλεσμα",NTU,0.312
,23.7276664,37.95106354,4220,Θολότητα,"Τελικό Αποτέλεσμα",NTU,0.186
,23.72659763,37.95526612,4230,Θολότητα,"Τελικό Αποτέλεσμα",NTU,0.232
,23.72688782,37.95811379,4240,Θολότητα,"Τελικό Αποτέλεσμα",NTU,0.339
,23.88593611,38.00348657,3120,Θολότητα,"Τελικό Αποτέλεσμα",NTU,0.404
,23.81127403,38.04572875,3260,Θολότητα,"Τελικό Αποτέλεσμα",NTU,0.254
,23.78300677,38.09159562,1940,Θολότητα,"Τελικό Αποτέλεσμα",NTU,0.141
,23.76621884,37.94149317,135,Θολότητα,"Τελικό Αποτέλεσμα",NTU,0.343
,23.70168246,37.91807243,137,Θολότητα,"Τελικό Αποτέλεσμα",NTU,0.277
,23.80223198,37.83311234,140,Θολότητα,"Τελικό Αποτέλεσμα",NTU,0.418
,23.74864808,37.91609723,5010,Θολότητα,"Τελικό Αποτέλεσμα",NTU,0.269
,23.75342223,37.90482065,5020,Θολότητα,"Τελικό Αποτέλεσμα",NTU,0.238
,23.74470013,37.88994017,5030,Θολότητα,"Τελικό Αποτέλεσμα",NTU,0.29
,23.74605589,37.88420804,5040,Θολότητα,"Τελικό Αποτέλεσμα",NTU,0.312
,23.75796495,37.86035435,5050,Θολότητα,"Τελικό Αποτέλεσμα",NTU,0.175
,23.75697704,37.84809852,5080,Θολότητα,"Τελικό Αποτέλεσμα",NTU,0.439
,23.76068543,37.81516677,5090,Θολότητα,"Τελικό Αποτέλεσμα",NTU,0.184
,23.77438684,37.81229933,5100,Θολότητα,"Τελικό Αποτέλεσμα",NTU,0.122
,23.78633796,37.82289436,5110,Θολότητα,"Τελικό Αποτέλεσμα",NTU,0.239
,23.79034019,37.83538362,5150,Θολότητα,"Τελικό Αποτέλεσμα",NTU,0.141
,23.73997328,37.86958627,5160,Θολότητα,"Τελικό Αποτέλεσμα",NTU,0.289
,23.72543914,37.88816507,5170,Θολότητα,"Τελικό Αποτέλεσμα",NTU,0.503
,23.72008222,37.90342424,5180,Θολότητα,"Τελικό Αποτέλεσμα",NTU,0.366
,23.7141366,37.91270737,5190,Θολότητα,"Τελικό Αποτέλεσμα",NTU,0.103
,23.71284044,37.91562054,5200,Θολότητα,"Τελικό Αποτέλεσμα",NTU,0.089
,23.70643521,37.91960099,5210,Θολότητα,"Τελικό Αποτέλεσμα",NTU,0.186
,23.70488133,37.93521995,5230,Θολότητα,"Τελικό Αποτέλεσμα",NTU,0.22
,23.78300677,38.09159562,1940,Θολότητα,"Τελικό Αποτέλεσμα",NTU,0.152
,22.8984324,38.25405489,7011,Θολότητα,"Τελικό Αποτέλεσμα",NTU,0.116
,23.6601472,37.98029121,6020,Θολότητα,"Τελικό Αποτέλεσμα",NTU,0.122
,23.65342067,37.97688798,6040,Θολότητα,"Τελικό Αποτέλεσμα",NTU,0.112
,23.64020099,37.97361646,6060,Θολότητα,"Τελικό Αποτέλεσμα",NTU,0.103
,23.63400949,37.95347226,6120,Θολότητα,"Τελικό Αποτέλεσμα",NTU,0.237
,23.63373384,37.95087389,6130,Θολότητα,"Τελικό Αποτέλεσμα",NTU,0.102
,23.6420689,37.92834411,6150,Θολότητα,"Τελικό Αποτέλεσμα",NTU,0.1
,23.62796265,37.93233446,6160,Θολότητα,"Τελικό Αποτέλεσμα",NTU,0.124
,23.65217193,37.93962271,6170,Θολότητα,"Τελικό Αποτέλεσμα",NTU,0.13
,23.67323412,37.94610991,6190,Θολότητα,"Τελικό Αποτέλεσμα",NTU,0.133
,23.68542623,37.97707661,6010,Θολότητα,"Τελικό Αποτέλεσμα",NTU,0.278
,23.65618491,37.98059442,6030,Θολότητα,"Τελικό Αποτέλεσμα",NTU,0.167
,23.63989634,37.97755,6050,Θολότητα,"Τελικό Αποτέλεσμα",NTU,0.2
,23.63321043,37.96700035,6080,Θολότητα,"Τελικό Αποτέλεσμα",NTU,0.124
,23.62337019,37.95039855,6110,Θολότητα,"Τελικό Αποτέλεσμα",NTU,0.135
,23.69164396,37.94801301,6210,Θολότητα,"Τελικό Αποτέλεσμα",NTU,0.205
,23.69432319,37.9524174,6220,Θολότητα,"Τελικό Αποτέλεσμα",NTU,0.083
,23.64026269,37.93961412,6240,Θολότητα,"Τελικό Αποτέλεσμα",NTU,0.419
,23.8184361,38.03015277,191,Θολότητα,"Τελικό Αποτέλεσμα",NTU,0.389
,23.82898036,38.04390182,193,Θολότητα,"Τελικό Αποτέλεσμα",NTU,0.272
,23.78300677,38.09159562,1940,Θολότητα,"Τελικό Αποτέλεσμα",NTU,0.271
,23.72049547,37.94647249,160,Θολότητα,"Τελικό Αποτέλεσμα",NTU,0.361
,23.7232452,37.93440384,165,Θολότητα,"Τελικό Αποτέλεσμα",NTU,0.403
,23.69418089,37.99877315,7120,Θολότητα,"Τελικό Αποτέλεσμα",NTU,0.123
,23.66748989,37.95803203,7170,Θολότητα,"Τελικό Αποτέλεσμα",NTU,0.364
,23.67862566,37.97172973,7230,Θολότητα,"Τελικό Αποτέλεσμα",NTU,0.275
,23.68519653,37.97596579,7250,Θολότητα,"Τελικό Αποτέλεσμα",NTU,0.318
,23.69752839,37.97170234,7270,Θολότητα,"Τελικό Αποτέλεσμα",NTU,0.204
,23.71283325,37.96856483,7300,Θολότητα,"Τελικό Αποτέλεσμα",NTU,0.163
,23.71170376,37.97057149,7320,Θολότητα,"Τελικό Αποτέλεσμα",NTU,0.305
,23.71541292,38.00374961,8010,Θολότητα,"Τελικό Αποτέλεσμα",NTU,0.196
,23.71578119,37.99037338,8040,Θολότητα,"Τελικό Αποτέλεσμα",NTU,0.221
,23.7122762,37.98040557,8060,Θολότητα,"Τελικό Αποτέλεσμα",NTU,0.185
,23.71481682,37.97943025,8070,Θολότητα,"Τελικό Αποτέλεσμα",NTU,0.196
,23.68251737,37.96148113,8100,Θολότητα,"Τελικό Αποτέλεσμα",NTU,0.165
,23.70043454,37.962644,8140,Θολότητα,"Τελικό Αποτέλεσμα",NTU,0.256
,23.69959745,37.94970908,8170,Θολότητα,"Τελικό Αποτέλεσμα",NTU,0.345
,23.70623737,37.95093926,8190,Θολότητα,"Τελικό Αποτέλεσμα",NTU,0.204
,23.70891649,37.94569184,8210,Θολότητα,"Τελικό Αποτέλεσμα",NTU,0.275
,23.71621067,37.95514139,8260,Θολότητα,"Τελικό Αποτέλεσμα",NTU,0.236
,23.71457142,37.96617497,8270,Θολότητα,"Τελικό Αποτέλεσμα",NTU,0.154
,23.72176206,37.96483486,8280,Θολότητα,"Τελικό Αποτέλεσμα",NTU,0.209
,23.72614349,37.96555625,8290,Θολότητα,"Τελικό Αποτέλεσμα",NTU,0.375
,23.78300677,38.09159562,1940,Θολότητα,"Τελικό Αποτέλεσμα",NTU,0.18
,23.78300677,38.09159562,1940,Θολότητα,"Τελικό Αποτέλεσμα",NTU,0.201
,23.64211712,37.93337194,146,Θολότητα,"Τελικό Αποτέλεσμα",NTU,0.305
,23.78300677,38.09159562,1940,Θολότητα,"Τελικό Αποτέλεσμα",NTU,0.146
,23.78781925,38.0878097,195,Θολότητα,"Τελικό Αποτέλεσμα",NTU,0.208
,23.59521034,38.06468139,2810,Θολότητα,"Τελικό Αποτέλεσμα",NTU,0.132
,23.58213759,38.06052513,2820,Θολότητα,"Τελικό Αποτέλεσμα",NTU,0.227
,23.58754823,38.0664655,2830,Θολότητα,"Τελικό Αποτέλεσμα",NTU,0.162
,23.5318038,38.05090121,2840,Θολότητα,"Τελικό Αποτέλεσμα",NTU,0.231
,23.54270396,38.04336154,2850,Θολότητα,"Τελικό Αποτέλεσμα",NTU,0.403
,23.53939487,38.0361051,2860,Θολότητα,"Τελικό Αποτέλεσμα",NTU,0.174
,23.54885279,38.03762139,2870,Θολότητα,"Τελικό Αποτέλεσμα",NTU,0.332
,23.73922598,38.06256112,2880,Θολότητα,"Τελικό Αποτέλεσμα",NTU,0.101
,23.73746872,38.08509072,2890,Θολότητα,"Τελικό Αποτέλεσμα",NTU,0.827
,23.73847585,38.07445445,2900,Θολότητα,"Τελικό Αποτέλεσμα",NTU,0.204
,23.50231957,37.96481152,170,Θολότητα,"Τελικό Αποτέλεσμα",NTU,0.211
,23.5289617,37.96581528,2540,Θολότητα,"Τελικό Αποτέλεσμα",NTU,0.232
,23.53503262,37.95677855,2550,Θολότητα,"Τελικό Αποτέλεσμα",NTU,0.358
,23.46773064,37.92181628,2600,Θολότητα,"Τελικό Αποτέλεσμα",NTU,0.103
,23.49475198,37.96793762,2630,Θολότητα,"Τελικό Αποτέλεσμα",NTU,0.322
,23.48803323,37.96254865,2660,Θολότητα,"Τελικό Αποτέλεσμα",NTU,0.209
,23.78300677,38.09159562,1940,Θολότητα,"Τελικό Αποτέλεσμα",NTU,0.259
,23.85025321,37.98994386,6600,Θολότητα,"Τελικό Αποτέλεσμα",NTU,0.234
,23.95034322,37.8943453,6622,Θολότητα,"Τελικό Αποτέλεσμα",NTU,0.23
,24.02347685,37.89610538,6635,Θολότητα,"Τελικό Αποτέλεσμα",NTU,0.267
,23.9711191,37.81103106,6640,Θολότητα,"Τελικό Αποτέλεσμα",NTU,0.101
,24.05094448,37.70399221,6651,Θολότητα,"Τελικό Αποτέλεσμα",NTU,0.226
,24.00045431,37.66293707,6660,Θολότητα,"Τελικό Αποτέλεσμα",NTU,0.239
,23.93846122,37.69492932,6670,Θολότητα,"Τελικό Αποτέλεσμα",NTU,0.168
,23.95494234,37.75171359,6690,Θολότητα,"Τελικό Αποτέλεσμα",NTU,0.117
,23.92361047,37.73101879,6700,Θολότητα,"Τελικό Αποτέλεσμα",NTU,0.131
,23.90348973,37.82055314,6705,Θολότητα,"Τελικό Αποτέλεσμα",NTU,0.221
,23.89013644,37.78136061,6706,Θολότητα,"Τελικό Αποτέλεσμα",NTU,0.21
,23.78300677,38.09159562,1940,Θολότητα,"Τελικό Αποτέλεσμα",NTU,0.181
,23.64440874,37.95951177,1928,Θολότητα,"Τελικό Αποτέλεσμα",NTU,0.281
,23.65573754,37.93998668,1930,Θολότητα,"Τελικό Αποτέλεσμα",NTU,0.204
,23.68632522,38.0498052,1939,Θολότητα,"Τελικό Αποτέλεσμα",NTU,0.338
,23.57742263,37.96842252,1943,Θολότητα,"Τελικό Αποτέλεσμα",NTU,0.839
,23.57686641,37.96682786,1945,Θολότητα,"Τελικό Αποτέλεσμα",NTU,0.163
,23.84875164,38.12416671,4710,Θολότητα,"Τελικό Αποτέλεσμα",NTU,0.229
,23.9087001,38.16824113,4720,Θολότητα,"Τελικό Αποτέλεσμα",NTU,0.187
,24.03457233,38.19040155,4750,Θολότητα,"Τελικό Αποτέλεσμα",NTU,0.229
,23.97713814,38.08574303,4770,Θολότητα,"Τελικό Αποτέλεσμα",NTU,0.126
,23.98944122,38.03778338,4771,Θολότητα,"Τελικό Αποτέλεσμα",NTU,0.144
,23.9814898,38.06170646,4800,Θολότητα,"Τελικό Αποτέλεσμα",NTU,0.136
,24.01205071,38.01437011,4852,Θολότητα,"Τελικό Αποτέλεσμα",NTU,0.129
,24.00732001,37.98416724,4890,Θολότητα,"Τελικό Αποτέλεσμα",NTU,0.255
,23.9069807,37.96451242,4902,Θολότητα,"Τελικό Αποτέλεσμα",NTU,0.306
,23.97305196,37.95846365,4910,Θολότητα,"Τελικό Αποτέλεσμα",NTU,0.276
,23.88215067,37.90550283,6610,Θολότητα,"Τελικό Αποτέλεσμα",NTU,0.221
,23.78300677,38.09159562,1940,Θολότητα,"Τελικό Αποτέλεσμα",NTU,0.188
,23.79465296,38.03514891,235,Θολότητα,"Τελικό Αποτέλεσμα",NTU,0.681
,22.8984324,38.25405489,7011,Θολότητα,"Τελικό Αποτέλεσμα",NTU,0.233
,23.78300677,38.09159562,1940,Θολότητα,"Τελικό Αποτέλεσμα",NTU,0.13
,23.72850158,38.02107731,2010,Θολότητα,"Τελικό Αποτέλεσμα",NTU,0.218
,23.71516747,38.06439445,2020,Θολότητα,"Τελικό Αποτέλεσμα",NTU,0.174
,23.70747263,38.06250703,2030,Θολότητα,"Τελικό Αποτέλεσμα",NTU,0.131
,23.684522,38.04327857,2050,Θολότητα,"Τελικό Αποτέλεσμα",NTU,0.107
,23.67622507,38.03886797,2060,Θολότητα,"Τελικό Αποτέλεσμα",NTU,0.105
,23.69070897,38.03873978,2070,Θολότητα,"Τελικό Αποτέλεσμα",NTU,0.28
,23.71109252,38.03060497,2080,Θολότητα,"Τελικό Αποτέλεσμα",NTU,0.148
,23.70393953,38.01961122,2090,Θολότητα,"Τελικό Αποτέλεσμα",NTU,0.132
,23.690026,38.01459418,2100,Θολότητα,"Τελικό Αποτέλεσμα",NTU,0.127
,23.68563533,38.01170402,2110,Θολότητα,"Τελικό Αποτέλεσμα",NTU,0.108
,23.69068855,38.00659931,2130,Θολότητα,"Τελικό Αποτέλεσμα",NTU,0.096
,23.63371988,38.01446194,2140,Θολότητα,"Τελικό Αποτέλεσμα",NTU,0.193
,23.60436979,38.01172891,2150,Θολότητα,"Τελικό Αποτέλεσμα",NTU,0.104
,23.66048215,38.00325623,2160,Θολότητα,"Τελικό Αποτέλεσμα",NTU,0.143
,23.65721338,37.99035734,2170,Θολότητα,"Τελικό Αποτέλεσμα",NTU,0.081
,23.66968564,37.99103311,2180,Θολότητα,"Τελικό Αποτέλεσμα",NTU,0.122
,23.68827264,37.99218476,2190,Θολότητα,"Τελικό Αποτέλεσμα",NTU,0.102
,23.70903775,37.99405955,2210,Θολότητα,"Τελικό Αποτέλεσμα",NTU,0.207
,23.71167012,37.99890096,2220,Θολότητα,"Τελικό Αποτέλεσμα",NTU,0.273
,23.72396633,38.00996468,2240,Θολότητα,"Τελικό Αποτέλεσμα",NTU,0.13
,23.60908187,38.01006333,2250,Θολότητα,"Τελικό Αποτέλεσμα",NTU,0.118
,23.78300677,38.09159562,1940,Θολότητα,"Τελικό Αποτέλεσμα",NTU,0.129
,23.78300677,38.09159562,1940,Θολότητα,"Τελικό Αποτέλεσμα",NTU,0.068
,23.78300677,38.09159562,1940,Θολότητα,"Τελικό Αποτέλεσμα",NTU,0.288
,23.78300677,38.09159562,1940,Θολότητα,"Τελικό Αποτέλεσμα",NTU,0.238
,23.78300677,38.09159562,1940,Θολότητα,"Τελικό Αποτέλεσμα",NTU,0.236
,23.85447866,38.05288412,105,Θολότητα,"Τελικό Αποτέλεσμα",NTU,0.244
,23.77682568,38.06522626,180,Θολότητα,"Τελικό Αποτέλεσμα",NTU,0.138
,23.79478287,38.039643,230,Θολότητα,"Τελικό Αποτέλεσμα",NTU,0.326
,23.79465296,38.03514891,235,Θολότητα,"Τελικό Αποτέλεσμα",NTU,0.156
,23.75187919,38.03442418,3010,Θολότητα,"Τελικό Αποτέλεσμα",NTU,0.16
,23.75279316,38.04341932,3020,Θολότητα,"Τελικό Αποτέλεσμα",NTU,0.153
,23.75797185,38.05889094,3030,Θολότητα,"Τελικό Αποτέλεσμα",NTU,0.354
,23.80475064,38.09155778,3050,Θολότητα,"Τελικό Αποτέλεσμα",NTU,0.213
,23.8076845,38.07968756,3060,Θολότητα,"Τελικό Αποτέλεσμα",NTU,0.133
,23.82658845,38.06873396,3080,Θολότητα,"Τελικό Αποτέλεσμα",NTU,0.121
,23.85772963,38.05887086,3090,Θολότητα,"Τελικό Αποτέλεσμα",NTU,0.201
,23.85885083,38.00940503,3110,Θολότητα,"Τελικό Αποτέλεσμα",NTU,0.117
,23.88593611,38.00348657,3120,Θολότητα,"Τελικό Αποτέλεσμα",NTU,0.449
,23.88358142,38.00166538,3130,Θολότητα,"Τελικό Αποτέλεσμα",NTU,0.132
,23.83289436,38.00690221,3150,Θολότητα,"Τελικό Αποτέλεσμα",NTU,0.152
,23.8176997,37.99941782,3160,Θολότητα,"Τελικό Αποτέλεσμα",NTU,0.206
,23.79680957,37.99819507,3170,Θολότητα,"Τελικό Αποτέλεσμα",NTU,0.255
,23.79494863,37.99586454,3180,Θολότητα,"Τελικό Αποτέλεσμα",NTU,0.365
,23.79552655,37.98210489,3190,Θολότητα,"Τελικό Αποτέλεσμα",NTU,0.179
,23.78026269,38.00051154,3200,Θολότητα,"Τελικό Αποτέλεσμα",NTU,0.201
,23.78796777,38.0084814,3220,Θολότητα,"Τελικό Αποτέλεσμα",NTU,0.279
,23.78013336,38.01994403,3240,Θολότητα,"Τελικό Αποτέλεσμα",NTU,0.166
,23.78028136,38.04717905,3250,Θολότητα,"Τελικό Αποτέλεσμα",NTU,0.276
,23.81127403,38.04572875,3260,Θολότητα,"Τελικό Αποτέλεσμα",NTU,0.195
,23.79488229,37.83744985,1912,Θολότητα,"Τελικό Αποτέλεσμα",NTU,0.239
,23.77290371,37.94499327,1961,Θολότητα,"Τελικό Αποτέλεσμα",NTU,0.406
,23.78198962,37.85753892,1964,Θολότητα,"Τελικό Αποτέλεσμα",NTU,0.109
,23.79050885,37.815723,1965,Θολότητα,"Τελικό Αποτέλεσμα",NTU,0.586
,23.78300677,38.09159562,1940,Θολότητα,"Τελικό Αποτέλεσμα",NTU,0.18
,23.76331913,37.9671107,120,Θολότητα,"Τελικό Αποτέλεσμα",NTU,0.33
,23.76373822,37.96231002,125,Θολότητα,"Τελικό Αποτέλεσμα",NTU,0.137
,23.74628153,37.95494925,130,Θολότητα,"Τελικό Αποτέλεσμα",NTU,0.192
,23.76902716,37.99339131,4010,Θολότητα,"Τελικό Αποτέλεσμα",NTU,0.286
,23.77648607,37.99622098,4020,Θολότητα,"Τελικό Αποτέλεσμα",NTU,0.191
,23.77644626,37.99275168,4030,Θολότητα,"Τελικό Αποτέλεσμα",NTU,0.081
,23.768783,37.9828978,4040,Θολότητα,"Τελικό Αποτέλεσμα",NTU,0.143
,23.77656931,37.97125316,4060,Θολότητα,"Τελικό Αποτέλεσμα",NTU,0.188
,23.77323663,37.96994397,4070,Θολότητα,"Τελικό Αποτέλεσμα",NTU,0.265
,23.76210863,37.97447332,4080,Θολότητα,"Τελικό Αποτέλεσμα",NTU,0.164
,23.75945557,37.97068504,4090,Θολότητα,"Τελικό Αποτέλεσμα",NTU,0.341
,23.77359043,37.94663449,4100,Θολότητα,"Τελικό Αποτέλεσμα",NTU,0.117
,23.75841416,37.95734094,4110,Θολότητα,"Τελικό Αποτέλεσμα",NTU,0.204
,23.7483243,37.95728104,4120,Θολότητα,"Τελικό Αποτέλεσμα",NTU,0.255
,23.7419006,37.95316688,4140,Θολότητα,"Τελικό Αποτέλεσμα",NTU,0.121
,23.75099403,37.93022254,4160,Θολότητα,"Τελικό Αποτέλεσμα",NTU,0.358
,23.73717945,37.92398915,4170,Θολότητα,"Τελικό Αποτέλεσμα",NTU,0.231
,23.73449966,37.92178254,4180,Θολότητα,"Τελικό Αποτέλεσμα",NTU,0.182
,23.72863096,37.93616832,4190,Θολότητα,"Τελικό Αποτέλεσμα",NTU,0.142
,23.7276664,37.95106354,4220,Θολότητα,"Τελικό Αποτέλεσμα",NTU,0.534
,23.72659763,37.95526612,4230,Θολότητα,"Τελικό Αποτέλεσμα",NTU,0.157
,23.72688782,37.95811379,4240,Θολότητα,"Τελικό Αποτέλεσμα",NTU,0.291
,23.78300677,38.09159562,1940,Θολότητα,"Τελικό Αποτέλεσμα",NTU,0.266
,23.82140342,38.07735607,3070,Θολότητα,"Τελικό Αποτέλεσμα",NTU,0.157
,23.78256861,38.1336252,1932,Θολότητα,"Τελικό Αποτέλεσμα",NTU,0.31
,23.74996363,38.12819997,1933,Θολότητα,"Τελικό Αποτέλεσμα",NTU,0.286
,23.8527507,38.12333569,1946,Θολότητα,"Τελικό Αποτέλεσμα",NTU,0.177
,23.83967824,38.07817527,1948,Θολότητα,"Τελικό Αποτέλεσμα",NTU,0.345
,23.81291067,38.06845423,1954,Θολότητα,"Τελικό Αποτέλεσμα",NTU,0.268
,23.86470833,38.10061721,1956,Θολότητα,"Τελικό Αποτέλεσμα",NTU,0.333
,23.76621884,37.94149317,135,Θολότητα,"Τελικό Αποτέλεσμα",NTU,0.187
,23.70168246,37.91807243,137,Θολότητα,"Τελικό Αποτέλεσμα",NTU,0.199
,23.80223198,37.83311234,140,Θολότητα,"Τελικό Αποτέλεσμα",NTU,0.119
,23.74864808,37.91609723,5010,Θολότητα,"Τελικό Αποτέλεσμα",NTU,0.294
,23.75342223,37.90482065,5020,Θολότητα,"Τελικό Αποτέλεσμα",NTU,0.172
,23.74470013,37.88994017,5030,Θολότητα,"Τελικό Αποτέλεσμα",NTU,0.104
,23.74605589,37.88420804,5040,Θολότητα,"Τελικό Αποτέλεσμα",NTU,0.271
,23.75796495,37.86035435,5050,Θολότητα,"Τελικό Αποτέλεσμα",NTU,0.228
,23.76070017,37.8524034,5060,Θολότητα,"Τελικό Αποτέλεσμα",NTU,0.15
,23.75697704,37.84809852,5080,Θολότητα,"Τελικό Αποτέλεσμα",NTU,0.262
,23.76068543,37.81516677,5090,Θολότητα,"Τελικό Αποτέλεσμα",NTU,0.146
,23.77438684,37.81229933,5100,Θολότητα,"Τελικό Αποτέλεσμα",NTU,0.13
,23.78633796,37.82289436,5110,Θολότητα,"Τελικό Αποτέλεσμα",NTU,0.286
,23.79034019,37.83538362,5150,Θολότητα,"Τελικό Αποτέλεσμα",NTU,0.129
,23.73997328,37.86958627,5160,Θολότητα,"Τελικό Αποτέλεσμα",NTU,0.089
,23.72543914,37.88816507,5170,Θολότητα,"Τελικό Αποτέλεσμα",NTU,0.228
,23.72008222,37.90342424,5180,Θολότητα,"Τελικό Αποτέλεσμα",NTU,0.311
,23.7141366,37.91270737,5190,Θολότητα,"Τελικό Αποτέλεσμα",NTU,0.125
,23.71284044,37.91562054,5200,Θολότητα,"Τελικό Αποτέλεσμα",NTU,0.161
,23.70643521,37.91960099,5210,Θολότητα,"Τελικό Αποτέλεσμα",NTU,0.115
,23.69070897,38.03873978,2070,Θολότητα,"Τελικό Αποτέλεσμα",NTU,0.141
,23.70488133,37.93521995,5230,Θολότητα,"Τελικό Αποτέλεσμα",NTU,0.187
,23.78300677,38.09159562,1940,Θολότητα,"Τελικό Αποτέλεσμα",NTU,0.255
,22.8984324,38.25405489,7011,Θολότητα,"Τελικό Αποτέλεσμα",NTU,0.247
,23.64211712,37.93337194,146,Θολότητα,"Τελικό Αποτέλεσμα",NTU,0.149
,23.68542623,37.97707661,6010,Θολότητα,"Τελικό Αποτέλεσμα",NTU,0.092
,23.6601472,37.98029121,6020,Θολότητα,"Τελικό Αποτέλεσμα",NTU,0.126
,23.65618491,37.98059442,6030,Θολότητα,"Τελικό Αποτέλεσμα",NTU,0.122
,23.65342067,37.97688798,6040,Θολότητα,"Τελικό Αποτέλεσμα",NTU,0.145
,23.63989634,37.97755,6050,Θολότητα,"Τελικό Αποτέλεσμα",NTU,0.25
,23.64020099,37.97361646,6060,Θολότητα,"Τελικό Αποτέλεσμα",NTU,0.199
,23.63321043,37.96700035,6080,Θολότητα,"Τελικό Αποτέλεσμα",NTU,0.162
,23.62337019,37.95039855,6110,Θολότητα,"Τελικό Αποτέλεσμα",NTU,0.087
,23.63400949,37.95347226,6120,Θολότητα,"Τελικό Αποτέλεσμα",NTU,0.37
,23.63373384,37.95087389,6130,Θολότητα,"Τελικό Αποτέλεσμα",NTU,0.143
,23.6420689,37.92834411,6150,Θολότητα,"Τελικό Αποτέλεσμα",NTU,0.098
,23.62796265,37.93233446,6160,Θολότητα,"Τελικό Αποτέλεσμα",NTU,0.12
,23.65217193,37.93962271,6170,Θολότητα,"Τελικό Αποτέλεσμα",NTU,0.11
,23.67323412,37.94610991,6190,Θολότητα,"Τελικό Αποτέλεσμα",NTU,0.193
,23.68003741,37.94809685,6200,Θολότητα,"Τελικό Αποτέλεσμα",NTU,0.108
,23.69164396,37.94801301,6210,Θολότητα,"Τελικό Αποτέλεσμα",NTU,0.324
,23.69432319,37.9524174,6220,Θολότητα,"Τελικό Αποτέλεσμα",NTU,0.091
,23.64026269,37.93961412,6240,Θολότητα,"Τελικό Αποτέλεσμα",NTU,0.074
,23.53153657,38.07172532,2260,Θολότητα,"Τελικό Αποτέλεσμα",NTU,0.142
,23.75121334,38.12052926,2270,Θολότητα,"Τελικό Αποτέλεσμα",NTU,0.128
,23.78300677,38.09159562,1940,Θολότητα,"Τελικό Αποτέλεσμα",NTU,0.241
,23.48905185,37.97043569,2580,Θολότητα,"Τελικό Αποτέλεσμα",NTU,0.167
,23.52045976,37.94358544,1927,Θολότητα,"Τελικό Αποτέλεσμα",NTU,0.073
,23.46565745,37.91849312,1929,Θολότητα,"Τελικό Αποτέλεσμα",NTU,0.433
,23.49030054,37.99544729,1931,Θολότητα,"Τελικό Αποτέλεσμα",NTU,0.113
,23.72049547,37.94647249,160,Θολότητα,"Τελικό Αποτέλεσμα",NTU,0.11
,23.7232452,37.93440384,165,Θολότητα,"Τελικό Αποτέλεσμα",NTU,0.103
,23.69418089,37.99877315,7120,Θολότητα,"Τελικό Αποτέλεσμα",NTU,0.105
,23.67862566,37.97172973,7230,Θολότητα,"Τελικό Αποτέλεσμα",NTU,0.088
,23.68519653,37.97596579,7250,Θολότητα,"Τελικό Αποτέλεσμα",NTU,0.163
,23.69752839,37.97170234,7270,Θολότητα,"Τελικό Αποτέλεσμα",NTU,0.083
,23.71283325,37.96856483,7300,Θολότητα,"Τελικό Αποτέλεσμα",NTU,0.07
,23.71170376,37.97057149,7320,Θολότητα,"Τελικό Αποτέλεσμα",NTU,0.279
,23.71541292,38.00374961,8010,Θολότητα,"Τελικό Αποτέλεσμα",NTU,0.134
,23.71578119,37.99037338,8040,Θολότητα,"Τελικό Αποτέλεσμα",NTU,0.073
,23.7122762,37.98040557,8060,Θολότητα,"Τελικό Αποτέλεσμα",NTU,0.305
,23.71481682,37.97943025,8070,Θολότητα,"Τελικό Αποτέλεσμα",NTU,0.258
,23.68251737,37.96148113,8100,Θολότητα,"Τελικό Αποτέλεσμα",NTU,0.13
,23.70043454,37.962644,8140,Θολότητα,"Τελικό Αποτέλεσμα",NTU,0.129
,23.69959745,37.94970908,8170,Θολότητα,"Τελικό Αποτέλεσμα",NTU,0.176
,23.70623737,37.95093926,8190,Θολότητα,"Τελικό Αποτέλεσμα",NTU,0.096
,23.70891649,37.94569184,8210,Θολότητα,"Τελικό Αποτέλεσμα",NTU,0.133
,23.71621067,37.95514139,8260,Θολότητα,"Τελικό Αποτέλεσμα",NTU,0.079
,23.71457142,37.96617497,8270,Θολότητα,"Τελικό Αποτέλεσμα",NTU,0.199
,23.72176206,37.96483486,8280,Θολότητα,"Τελικό Αποτέλεσμα",NTU,0.135
,23.72614349,37.96555625,8290,Θολότητα,"Τελικό Αποτέλεσμα",NTU,0.081
,23.73089644,37.98300722,8350,Θολότητα,"Τελικό Αποτέλεσμα",NTU,0.148
,23.78300677,38.09159562,1940,Θολότητα,"Τελικό Αποτέλεσμα",NTU,0.105
,23.64211712,37.93337194,146,Θολότητα,"Τελικό Αποτέλεσμα",NTU,0.164
,23.76070017,37.8524034,5060,Θολότητα,"Τελικό Αποτέλεσμα",NTU,0.134
,23.72008222,37.90342424,5180,Θολότητα,"Τελικό Αποτέλεσμα",NTU,0.184
,23.5731997,37.96469669,2530,Θολότητα,"Τελικό Αποτέλεσμα",NTU,0.31
,23.53552983,37.93206092,2570,Θολότητα,"Τελικό Αποτέλεσμα",NTU,0.227
,23.61447157,37.95930428,2700,Θολότητα,"Τελικό Αποτέλεσμα",NTU,0.171
,23.78300677,38.09159562,1940,Θολότητα,"Τελικό Αποτέλεσμα",NTU,0.308
,24.05264935,37.72249387,170200,Θολότητα,"Τελικό Αποτέλεσμα",NTU,0.3036
,23.78300677,38.09159562,1940,Θολότητα,"Τελικό Αποτέλεσμα",NTU,0.282
,23.78300677,38.09159562,1940,Θολότητα,"Τελικό Αποτέλεσμα",NTU,0.126
,23.41656871,37.91177786,1967,Θολότητα,"Τελικό Αποτέλεσμα",NTU,0.434
,23.4174242,37.90741906,2601,Θολότητα,"Τελικό Αποτέλεσμα",NTU,0.669
,23.78300677,38.09159562,1940,Θολότητα,"Τελικό Αποτέλεσμα",NTU,0.219
,23.33981264,38.00410848,225,Θολότητα,"Τελικό Αποτέλεσμα",NTU,0.234
,22.8984324,38.25405489,7011,Θολότητα,"Τελικό Αποτέλεσμα",NTU,0.162
,23.78300677,38.09159562,1940,Θολότητα,"Τελικό Αποτέλεσμα",NTU,0.208
,23.78300677,38.09159562,1940,Θολότητα,"Τελικό Αποτέλεσμα",NTU,0.167
,23.78300677,38.09159562,1940,Θολότητα,"Τελικό Αποτέλεσμα",NTU,0.181
,23.72850158,38.02107731,2010,Θολότητα,"Τελικό Αποτέλεσμα",NTU,0.265
,23.70747263,38.06250703,2030,Θολότητα,"Τελικό Αποτέλεσμα",NTU,0.281
,23.684522,38.04327857,2050,Θολότητα,"Τελικό Αποτέλεσμα",NTU,0.107
,23.67622507,38.03886797,2060,Θολότητα,"Τελικό Αποτέλεσμα",NTU,0.247
,23.69070897,38.03873978,2070,Θολότητα,"Τελικό Αποτέλεσμα",NTU,0.191
,23.71109252,38.03060497,2080,Θολότητα,"Τελικό Αποτέλεσμα",NTU,0.138
,23.70393953,38.01961122,2090,Θολότητα,"Τελικό Αποτέλεσμα",NTU,0.126
,23.690026,38.01459418,2100,Θολότητα,"Τελικό Αποτέλεσμα",NTU,0.172
,23.68563533,38.01170402,2110,Θολότητα,"Τελικό Αποτέλεσμα",NTU,0.358
,23.69068855,38.00659931,2130,Θολότητα,"Τελικό Αποτέλεσμα",NTU,0.116
,23.63371988,38.01446194,2140,Θολότητα,"Τελικό Αποτέλεσμα",NTU,0.089
,23.60436979,38.01172891,2150,Θολότητα,"Τελικό Αποτέλεσμα",NTU,0.271
,23.66048215,38.00325623,2160,Θολότητα,"Τελικό Αποτέλεσμα",NTU,0.247
,23.65721338,37.99035734,2170,Θολότητα,"Τελικό Αποτέλεσμα",NTU,0.083
,23.66968564,37.99103311,2180,Θολότητα,"Τελικό Αποτέλεσμα",NTU,0.311
,23.68827264,37.99218476,2190,Θολότητα,"Τελικό Αποτέλεσμα",NTU,0.15
,23.70903775,37.99405955,2210,Θολότητα,"Τελικό Αποτέλεσμα",NTU,0.24
,23.71167012,37.99890096,2220,Θολότητα,"Τελικό Αποτέλεσμα",NTU,0.388
,23.60908187,38.01006333,2250,Θολότητα,"Τελικό Αποτέλεσμα",NTU,0.162
,22.8984324,38.25405489,7011,Θολότητα,"Τελικό Αποτέλεσμα",NTU,0.082
,23.78300677,38.09159562,1940,Θολότητα,"Τελικό Αποτέλεσμα",NTU,0.24
,23.85447866,38.05288412,105,Θολότητα,"Τελικό Αποτέλεσμα",NTU,0.307
,23.77682568,38.06522626,180,Θολότητα,"Τελικό Αποτέλεσμα",NTU,0.187
,23.79478287,38.039643,230,Θολότητα,"Τελικό Αποτέλεσμα",NTU,0.197
,23.79465296,38.03514891,235,Θολότητα,"Τελικό Αποτέλεσμα",NTU,0.176
,23.75187919,38.03442418,3010,Θολότητα,"Τελικό Αποτέλεσμα",NTU,0.136
,23.75279316,38.04341932,3020,Θολότητα,"Τελικό Αποτέλεσμα",NTU,0.179
,23.75797185,38.05889094,3030,Θολότητα,"Τελικό Αποτέλεσμα",NTU,0.141
,23.80475064,38.09155778,3050,Θολότητα,"Τελικό Αποτέλεσμα",NTU,0.088
,23.8076845,38.07968756,3060,Θολότητα,"Τελικό Αποτέλεσμα",NTU,0.147
,23.82658845,38.06873396,3080,Θολότητα,"Τελικό Αποτέλεσμα",NTU,0.082
,23.85772963,38.05887086,3090,Θολότητα,"Τελικό Αποτέλεσμα",NTU,0.08
,23.88593611,38.00348657,3120,Θολότητα,"Τελικό Αποτέλεσμα",NTU,0.156
,23.88358142,38.00166538,3130,Θολότητα,"Τελικό Αποτέλεσμα",NTU,0.125
,23.83289436,38.00690221,3150,Θολότητα,"Τελικό Αποτέλεσμα",NTU,0.102
,23.8176997,37.99941782,3160,Θολότητα,"Τελικό Αποτέλεσμα",NTU,0.148
,23.79680957,37.99819507,3170,Θολότητα,"Τελικό Αποτέλεσμα",NTU,0.118
,23.79494863,37.99586454,3180,Θολότητα,"Τελικό Αποτέλεσμα",NTU,0.088
,23.78026269,38.00051154,3200,Θολότητα,"Τελικό Αποτέλεσμα",NTU,0.113
,23.78796777,38.0084814,3220,Θολότητα,"Τελικό Αποτέλεσμα",NTU,0.086
,23.78013336,38.01994403,3240,Θολότητα,"Τελικό Αποτέλεσμα",NTU,0.069
,23.78028136,38.04717905,3250,Θολότητα,"Τελικό Αποτέλεσμα",NTU,0.191
,23.81127403,38.04572875,3260,Θολότητα,"Τελικό Αποτέλεσμα",NTU,0.189
,23.78300677,38.09159562,1940,Θολότητα,"Τελικό Αποτέλεσμα",NTU,0.217
,23.83934088,38.00884634,1910,Θολότητα,"Τελικό Αποτέλεσμα",NTU,0.118
,23.7651004,38.01889155,1952,Θολότητα,"Τελικό Αποτέλεσμα",NTU,0.149
,23.87746291,38.06015,1957,Θολότητα,"Τελικό Αποτέλεσμα",NTU,0.108
,23.87165015,38.05010025,1911,Θολότητα,"Τελικό Αποτέλεσμα",NTU,0.097
,23.76331913,37.9671107,120,Θολότητα,"Τελικό Αποτέλεσμα",NTU,0.303
,23.76373822,37.96231002,125,Θολότητα,"Τελικό Αποτέλεσμα",NTU,0.271
,23.74628153,37.95494925,130,Θολότητα,"Τελικό Αποτέλεσμα",NTU,0.153
,23.77648607,37.99622098,4020,Θολότητα,"Τελικό Αποτέλεσμα",NTU,0.33
,23.77644626,37.99275168,4030,Θολότητα,"Τελικό Αποτέλεσμα",NTU,0.127
,23.77656931,37.97125316,4060,Θολότητα,"Τελικό Αποτέλεσμα",NTU,0.422
,23.77323663,37.96994397,4070,Θολότητα,"Τελικό Αποτέλεσμα",NTU,0.207
,23.76210863,37.97447332,4080,Θολότητα,"Τελικό Αποτέλεσμα",NTU,0.21
,23.75945557,37.97068504,4090,Θολότητα,"Τελικό Αποτέλεσμα",NTU,0.278
,23.77359043,37.94663449,4100,Θολότητα,"Τελικό Αποτέλεσμα",NTU,0.135
,23.7483243,37.95728104,4120,Θολότητα,"Τελικό Αποτέλεσμα",NTU,0.144
,23.75099403,37.93022254,4160,Θολότητα,"Τελικό Αποτέλεσμα",NTU,0.129
,23.73449966,37.92178254,4180,Θολότητα,"Τελικό Αποτέλεσμα",NTU,0.181
,23.72863096,37.93616832,4190,Θολότητα,"Τελικό Αποτέλεσμα",NTU,0.091
,23.7276664,37.95106354,4220,Θολότητα,"Τελικό Αποτέλεσμα",NTU,0.43
,23.72659763,37.95526612,4230,Θολότητα,"Τελικό Αποτέλεσμα",NTU,0.194
,23.72688782,37.95811379,4240,Θολότητα,"Τελικό Αποτέλεσμα",NTU,0.153
,23.76297533,38.01414907,1951,Θολότητα,"Τελικό Αποτέλεσμα",NTU,0.269
,23.85005878,38.0644879,1958,Θολότητα,"Τελικό Αποτέλεσμα",NTU,0.17
,23.80570194,37.98977289,1953,Θολότητα,"Τελικό Αποτέλεσμα",NTU,0.11
,23.78300677,38.09159562,1940,Θολότητα,"Τελικό Αποτέλεσμα",NTU,0.145
,23.78300677,38.09159562,1940,Θολότητα,"Τελικό Αποτέλεσμα",NTU,0.118
,23.78300677,38.09159562,1940,Θολότητα,"Τελικό Αποτέλεσμα",NTU,0.28
,23.64211712,37.93337194,146,Θολότητα,"Τελικό Αποτέλεσμα",NTU,0.212
,23.68542623,37.97707661,6010,Θολότητα,"Τελικό Αποτέλεσμα",NTU,0.154
,23.6601472,37.98029121,6020,Θολότητα,"Τελικό Αποτέλεσμα",NTU,0.364
,23.65618491,37.98059442,6030,Θολότητα,"Τελικό Αποτέλεσμα",NTU,0.201
,23.65342067,37.97688798,6040,Θολότητα,"Τελικό Αποτέλεσμα",NTU,0.227
,23.63989634,37.97755,6050,Θολότητα,"Τελικό Αποτέλεσμα",NTU,0.182
,23.64020099,37.97361646,6060,Θολότητα,"Τελικό Αποτέλεσμα",NTU,0.294
,23.63321043,37.96700035,6080,Θολότητα,"Τελικό Αποτέλεσμα",NTU,0.192
,23.62337019,37.95039855,6110,Θολότητα,"Τελικό Αποτέλεσμα",NTU,0.276
,23.63400949,37.95347226,6120,Θολότητα,"Τελικό Αποτέλεσμα",NTU,0.115
,23.63373384,37.95087389,6130,Θολότητα,"Τελικό Αποτέλεσμα",NTU,0.134
,23.62796265,37.93233446,6160,Θολότητα,"Τελικό Αποτέλεσμα",NTU,0.082
,23.65217193,37.93962271,6170,Θολότητα,"Τελικό Αποτέλεσμα",NTU,0.096
,23.67323412,37.94610991,6190,Θολότητα,"Τελικό Αποτέλεσμα",NTU,0.205
,23.69164396,37.94801301,6210,Θολότητα,"Τελικό Αποτέλεσμα",NTU,0.19
,23.69432319,37.9524174,6220,Θολότητα,"Τελικό Αποτέλεσμα",NTU,0.232
,23.64026269,37.93961412,6240,Θολότητα,"Τελικό Αποτέλεσμα",NTU,0.083
,22.8984324,38.25405489,7011,Θολότητα,"Τελικό Αποτέλεσμα",NTU,0.295
,23.85772963,38.05887086,3090,Θολότητα,"Τελικό Αποτέλεσμα",NTU,0.238
,23.77438684,37.81229933,5100,Θολότητα,"Τελικό Αποτέλεσμα",NTU,0.361
,23.78633796,37.82289436,5110,Θολότητα,"Τελικό Αποτέλεσμα",NTU,0.403
,23.79034019,37.83538362,5150,Θολότητα,"Τελικό Αποτέλεσμα",NTU,0.314
,23.73997328,37.86958627,5160,Θολότητα,"Τελικό Αποτέλεσμα",NTU,0.374
,23.72543914,37.88816507,5170,Θολότητα,"Τελικό Αποτέλεσμα",NTU,0.276
,23.72008222,37.90342424,5180,Θολότητα,"Τελικό Αποτέλεσμα",NTU,0.351
,23.7141366,37.91270737,5190,Θολότητα,"Τελικό Αποτέλεσμα",NTU,0.289
,23.71284044,37.91562054,5200,Θολότητα,"Τελικό Αποτέλεσμα",NTU,0.278
,23.70488133,37.93521995,5230,Θολότητα,"Τελικό Αποτέλεσμα",NTU,0.376
,23.78300677,38.09159562,1940,Θολότητα,"Τελικό Αποτέλεσμα",NTU,0.225
,23.74864808,37.91609723,5010,Θολότητα,"Τελικό Αποτέλεσμα",NTU,0.223
,23.75342223,37.90482065,5020,Θολότητα,"Τελικό Αποτέλεσμα",NTU,0.243
,23.74470013,37.88994017,5030,Θολότητα,"Τελικό Αποτέλεσμα",NTU,0.641
,23.74605589,37.88420804,5040,Θολότητα,"Τελικό Αποτέλεσμα",NTU,0.236
,23.75796495,37.86035435,5050,Θολότητα,"Τελικό Αποτέλεσμα",NTU,0.316
,23.76070017,37.8524034,5060,Θολότητα,"Τελικό Αποτέλεσμα",NTU,0.276
,23.75697704,37.84809852,5080,Θολότητα,"Τελικό Αποτέλεσμα",NTU,0.2
,23.76068543,37.81516677,5090,Θολότητα,"Τελικό Αποτέλεσμα",NTU,0.261
,23.41656871,37.91177786,1967,Θολότητα,"Τελικό Αποτέλεσμα",NTU,0.521
,23.72049547,37.94647249,160,Θολότητα,"Τελικό Αποτέλεσμα",NTU,0.455
,23.7232452,37.93440384,165,Θολότητα,"Τελικό Αποτέλεσμα",NTU,0.269
,23.69418089,37.99877315,7120,Θολότητα,"Τελικό Αποτέλεσμα",NTU,0.121
,23.66748989,37.95803203,7170,Θολότητα,"Τελικό Αποτέλεσμα",NTU,0.323
,23.67862566,37.97172973,7230,Θολότητα,"Τελικό Αποτέλεσμα",NTU,0.273
,23.68519653,37.97596579,7250,Θολότητα,"Τελικό Αποτέλεσμα",NTU,0.0067
,23.69752839,37.97170234,7270,Θολότητα,"Τελικό Αποτέλεσμα",NTU,0.166
,23.71283325,37.96856483,7300,Θολότητα,"Τελικό Αποτέλεσμα",NTU,0.11
,23.71170376,37.97057149,7320,Θολότητα,"Τελικό Αποτέλεσμα",NTU,0.115
,23.71541292,38.00374961,8010,Θολότητα,"Τελικό Αποτέλεσμα",NTU,0.301
,23.71578119,37.99037338,8040,Θολότητα,"Τελικό Αποτέλεσμα",NTU,0.262
,23.7122762,37.98040557,8060,Θολότητα,"Τελικό Αποτέλεσμα",NTU,0.227
,23.71481682,37.97943025,8070,Θολότητα,"Τελικό Αποτέλεσμα",NTU,0.069
,23.68251737,37.96148113,8100,Θολότητα,"Τελικό Αποτέλεσμα",NTU,0.54
,23.70043454,37.962644,8140,Θολότητα,"Τελικό Αποτέλεσμα",NTU,0.146
,23.69959745,37.94970908,8170,Θολότητα,"Τελικό Αποτέλεσμα",NTU,0.111
,23.70623737,37.95093926,8190,Θολότητα,"Τελικό Αποτέλεσμα",NTU,0.207
,23.70891649,37.94569184,8210,Θολότητα,"Τελικό Αποτέλεσμα",NTU,0.13
,23.71621067,37.95514139,8260,Θολότητα,"Τελικό Αποτέλεσμα",NTU,0.1
,23.71457142,37.96617497,8270,Θολότητα,"Τελικό Αποτέλεσμα",NTU,0.203
,23.78300677,38.09159562,1940,Θολότητα,"Τελικό Αποτέλεσμα",NTU,0.212
,23.53153657,38.07172532,2260,Θολότητα,"Τελικό Αποτέλεσμα",NTU,0.276
,23.75121334,38.12052926,2270,Θολότητα,"Τελικό Αποτέλεσμα",NTU,0.235
,23.78300677,38.09159562,1940,Θολότητα,"Τελικό Αποτέλεσμα",NTU,0.243
,23.58754823,38.0664655,2830,Θολότητα,"Τελικό Αποτέλεσμα",NTU,0.09
,23.54270396,38.04336154,2850,Θολότητα,"Τελικό Αποτέλεσμα",NTU,0.081
,23.54885279,38.03762139,2870,Θολότητα,"Τελικό Αποτέλεσμα",NTU,0.177
,23.73746872,38.08509072,2890,Θολότητα,"Τελικό Αποτέλεσμα",NTU,0.076
,23.58213759,38.06052513,2820,Θολότητα,"Τελικό Αποτέλεσμα",NTU,0.212
,23.5318038,38.05090121,2840,Θολότητα,"Τελικό Αποτέλεσμα",NTU,0.162
,23.53939487,38.0361051,2860,Θολότητα,"Τελικό Αποτέλεσμα",NTU,0.227
,23.79488229,37.83744985,1912,Θολότητα,"Τελικό Αποτέλεσμα",NTU,0.114
,23.77290371,37.94499327,1961,Θολότητα,"Τελικό Αποτέλεσμα",NTU,0.241
,23.78198962,37.85753892,1964,Θολότητα,"Τελικό Αποτέλεσμα",NTU,0.148
,23.79050885,37.815723,1965,Θολότητα,"Τελικό Αποτέλεσμα",NTU,0.504
,23.59521034,38.06468139,2810,Θολότητα,"Τελικό Αποτέλεσμα",NTU,0.118
,23.50231957,37.96481152,170,Θολότητα,"Τελικό Αποτέλεσμα",NTU,0.403
,23.5289617,37.96581528,2540,Θολότητα,"Τελικό Αποτέλεσμα",NTU,0.202
,23.53503262,37.95677855,2550,Θολότητα,"Τελικό Αποτέλεσμα",NTU,0.304
,23.46773064,37.92181628,2600,Θολότητα,"Τελικό Αποτέλεσμα",NTU,0.293
,23.49475198,37.96793762,2630,Θολότητα,"Τελικό Αποτέλεσμα",NTU,0.336
,23.48803323,37.96254865,2660,Θολότητα,"Τελικό Αποτέλεσμα",NTU,0.091
,23.44062195,37.9258773,2680,Θολότητα,"Τελικό Αποτέλεσμα",NTU,0.313
,23.52415052,37.96223485,2690,Θολότητα,"Τελικό Αποτέλεσμα",NTU,0.172
,23.78300677,38.09159562,1940,Θολότητα,"Τελικό Αποτέλεσμα",NTU,0.285
,23.85025321,37.98994386,6600,Θολότητα,"Τελικό Αποτέλεσμα",NTU,0.446
,23.88215067,37.90550283,6610,Θολότητα,"Τελικό Αποτέλεσμα",NTU,0.302
,23.95034322,37.8943453,6622,Θολότητα,"Τελικό Αποτέλεσμα",NTU,0.212
,24.02347685,37.89610538,6635,Θολότητα,"Τελικό Αποτέλεσμα",NTU,0.165
,23.9711191,37.81103106,6640,Θολότητα,"Τελικό Αποτέλεσμα",NTU,0.396
,24.05094448,37.70399221,6651,Θολότητα,"Τελικό Αποτέλεσμα",NTU,0.161
,24.00045431,37.66293707,6660,Θολότητα,"Τελικό Αποτέλεσμα",NTU,0.156
,23.93846122,37.69492932,6670,Θολότητα,"Τελικό Αποτέλεσμα",NTU,0.18
,23.95494234,37.75171359,6690,Θολότητα,"Τελικό Αποτέλεσμα",NTU,0.39
,23.92361047,37.73101879,6700,Θολότητα,"Τελικό Αποτέλεσμα",NTU,0.518
,23.90348973,37.82055314,6705,Θολότητα,"Τελικό Αποτέλεσμα",NTU,0.165
,23.78300677,38.09159562,1940,Θολότητα,"Τελικό Αποτέλεσμα",NTU,0.09
,23.78300677,38.09159562,1940,Θολότητα,"Τελικό Αποτέλεσμα",NTU,0.088
,23.78300677,38.09159562,1940,Θολότητα,"Τελικό Αποτέλεσμα",NTU,0.121
,23.78300677,38.09159562,1940,Θολότητα,"Τελικό Αποτέλεσμα",NTU,0.142
,22.8984324,38.25405489,7011,Θολότητα,"Τελικό Αποτέλεσμα",NTU,0.266
,23.76331913,37.9671107,120,Θολότητα,"Τελικό Αποτέλεσμα",NTU,0.17
,23.76373822,37.96231002,125,Θολότητα,"Τελικό Αποτέλεσμα",NTU,0.138
,23.74628153,37.95494925,130,Θολότητα,"Τελικό Αποτέλεσμα",NTU,0.219
,23.77648607,37.99622098,4020,Θολότητα,"Τελικό Αποτέλεσμα",NTU,0.221
,23.77644626,37.99275168,4030,Θολότητα,"Τελικό Αποτέλεσμα",NTU,0.203
,23.768783,37.9828978,4040,Θολότητα,"Τελικό Αποτέλεσμα",NTU,0.099
,23.77656931,37.97125316,4060,Θολότητα,"Τελικό Αποτέλεσμα",NTU,0.217
,23.77323663,37.96994397,4070,Θολότητα,"Τελικό Αποτέλεσμα",NTU,0.357
,23.76210863,37.97447332,4080,Θολότητα,"Τελικό Αποτέλεσμα",NTU,0.15
,23.75945557,37.97068504,4090,Θολότητα,"Τελικό Αποτέλεσμα",NTU,0.226
,23.77359043,37.94663449,4100,Θολότητα,"Τελικό Αποτέλεσμα",NTU,0.443
,23.75841416,37.95734094,4110,Θολότητα,"Τελικό Αποτέλεσμα",NTU,0.139
,23.7483243,37.95728104,4120,Θολότητα,"Τελικό Αποτέλεσμα",NTU,0.113
,23.7419006,37.95316688,4140,Θολότητα,"Τελικό Αποτέλεσμα",NTU,0.117
,23.75099403,37.93022254,4160,Θολότητα,"Τελικό Αποτέλεσμα",NTU,0.123
,23.73717945,37.92398915,4170,Θολότητα,"Τελικό Αποτέλεσμα",NTU,0.18
,23.73449966,37.92178254,4180,Θολότητα,"Τελικό Αποτέλεσμα",NTU,0.185
,23.72863096,37.93616832,4190,Θολότητα,"Τελικό Αποτέλεσμα",NTU,0.101
,23.7276664,37.95106354,4220,Θολότητα,"Τελικό Αποτέλεσμα",NTU,0.326
,23.72659763,37.95526612,4230,Θολότητα,"Τελικό Αποτέλεσμα",NTU,0.295
,23.72688782,37.95811379,4240,Θολότητα,"Τελικό Αποτέλεσμα",NTU,0.232
,23.78300677,38.09159562,1940,Θολότητα,"Τελικό Αποτέλεσμα",NTU,0.242
,23.7766247,37.88434896,1918,Θολότητα,"Τελικό Αποτέλεσμα",NTU,0.5
,23.75556042,37.91943081,1924,Θολότητα,"Τελικό Αποτέλεσμα",NTU,0.335
,23.74951242,37.9996463,1942,Θολότητα,"Τελικό Αποτέλεσμα",NTU,0.324
,23.73288702,37.955672,1944,Θολότητα,"Τελικό Αποτέλεσμα",NTU,0.272
,23.77756947,37.88994684,1963,Θολότητα,"Τελικό Αποτέλεσμα",NTU,0.46
,23.78300677,38.09159562,1940,Θολότητα,"Τελικό Αποτέλεσμα",NTU,0.145
,23.78300677,38.09159562,1940,Θολότητα,"Τελικό Αποτέλεσμα",NTU,0.259
,23.78300677,38.09159562,1940,Θολότητα,"Τελικό Αποτέλεσμα",NTU,0.219
,23.78300677,38.09159562,1940,Θολότητα,"Τελικό Αποτέλεσμα",NTU,0.226
,23.72850158,38.02107731,2010,Θολότητα,"Τελικό Αποτέλεσμα",NTU,0.222
,23.71516747,38.06439445,2020,Θολότητα,"Τελικό Αποτέλεσμα",NTU,0.21
,23.70747263,38.06250703,2030,Θολότητα,"Τελικό Αποτέλεσμα",NTU,0.284
,23.684522,38.04327857,2050,Θολότητα,"Τελικό Αποτέλεσμα",NTU,0.123
,23.67622507,38.03886797,2060,Θολότητα,"Τελικό Αποτέλεσμα",NTU,0.159
,23.69070897,38.03873978,2070,Θολότητα,"Τελικό Αποτέλεσμα",NTU,0.172
,23.71109252,38.03060497,2080,Θολότητα,"Τελικό Αποτέλεσμα",NTU,0.108
,23.70393953,38.01961122,2090,Θολότητα,"Τελικό Αποτέλεσμα",NTU,0.101
,23.690026,38.01459418,2100,Θολότητα,"Τελικό Αποτέλεσμα",NTU,0.117
,23.68563533,38.01170402,2110,Θολότητα,"Τελικό Αποτέλεσμα",NTU,0.446
,23.69068855,38.00659931,2130,Θολότητα,"Τελικό Αποτέλεσμα",NTU,0.1
,23.63371988,38.01446194,2140,Θολότητα,"Τελικό Αποτέλεσμα",NTU,0.143
,23.60436979,38.01172891,2150,Θολότητα,"Τελικό Αποτέλεσμα",NTU,0.13
,23.66048215,38.00325623,2160,Θολότητα,"Τελικό Αποτέλεσμα",NTU,0.097
,23.65721338,37.99035734,2170,Θολότητα,"Τελικό Αποτέλεσμα",NTU,0.258
,23.66968564,37.99103311,2180,Θολότητα,"Τελικό Αποτέλεσμα",NTU,0.216
,23.68827264,37.99218476,2190,Θολότητα,"Τελικό Αποτέλεσμα",NTU,0.12
,23.70903775,37.99405955,2210,Θολότητα,"Τελικό Αποτέλεσμα",NTU,0.177
,23.71167012,37.99890096,2220,Θολότητα,"Τελικό Αποτέλεσμα",NTU,0.146
,23.72396633,38.00996468,2240,Θολότητα,"Τελικό Αποτέλεσμα",NTU,0.41
,23.60908187,38.01006333,2250,Θολότητα,"Τελικό Αποτέλεσμα",NTU,0.252
,23.72850158,38.02107731,2010,Θολότητα,"Τελικό Αποτέλεσμα",NTU,0.214
,23.78300677,38.09159562,1940,Θολότητα,"Τελικό Αποτέλεσμα",NTU,0.286
,23.85447866,38.05288412,105,Θολότητα,"Τελικό Αποτέλεσμα",NTU,0.174
,23.77682568,38.06522626,180,Θολότητα,"Τελικό Αποτέλεσμα",NTU,0.192
,23.79478287,38.039643,230,Θολότητα,"Τελικό Αποτέλεσμα",NTU,0.134
,23.79465296,38.03514891,235,Θολότητα,"Τελικό Αποτέλεσμα",NTU,0.145
,23.75187919,38.03442418,3010,Θολότητα,"Τελικό Αποτέλεσμα",NTU,0.197
,23.75279316,38.04341932,3020,Θολότητα,"Τελικό Αποτέλεσμα",NTU,0.12
,23.75797185,38.05889094,3030,Θολότητα,"Τελικό Αποτέλεσμα",NTU,0.084
,23.76291115,38.06333221,3040,Θολότητα,"Τελικό Αποτέλεσμα",NTU,0.227
,23.80475064,38.09155778,3050,Θολότητα,"Τελικό Αποτέλεσμα",NTU,0.09
,23.82658845,38.06873396,3080,Θολότητα,"Τελικό Αποτέλεσμα",NTU,0.304
,23.85772963,38.05887086,3090,Θολότητα,"Τελικό Αποτέλεσμα",NTU,0.506
,23.85885083,38.00940503,3110,Θολότητα,"Τελικό Αποτέλεσμα",NTU,0.33
,23.88593611,38.00348657,3120,Θολότητα,"Τελικό Αποτέλεσμα",NTU,0.366
,23.88358142,38.00166538,3130,Θολότητα,"Τελικό Αποτέλεσμα",NTU,0.12
,23.83289436,38.00690221,3150,Θολότητα,"Τελικό Αποτέλεσμα",NTU,0.104
,23.8176997,37.99941782,3160,Θολότητα,"Τελικό Αποτέλεσμα",NTU,0.203
,23.79680957,37.99819507,3170,Θολότητα,"Τελικό Αποτέλεσμα",NTU,0.301
,23.79494863,37.99586454,3180,Θολότητα,"Τελικό Αποτέλεσμα",NTU,0.263
,23.79552655,37.98210489,3190,Θολότητα,"Τελικό Αποτέλεσμα",NTU,0.231
,23.78026269,38.00051154,3200,Θολότητα,"Τελικό Αποτέλεσμα",NTU,0.182
,23.78796777,38.0084814,3220,Θολότητα,"Τελικό Αποτέλεσμα",NTU,0.107
,23.78013336,38.01994403,3240,Θολότητα,"Τελικό Αποτέλεσμα",NTU,0.248
,23.78028136,38.04717905,3250,Θολότητα,"Τελικό Αποτέλεσμα",NTU,0.243
,23.81127403,38.04572875,3260,Θολότητα,"Τελικό Αποτέλεσμα",NTU,0.474
,23.6352338,37.97282615,1926,Θολότητα,"Τελικό Αποτέλεσμα",NTU,0.617
,23.65049179,38.02069052,1936,Θολότητα,"Τελικό Αποτέλεσμα",NTU,0.128
,23.63673627,37.98591907,1935,Θολότητα,"Τελικό Αποτέλεσμα",NTU,0.149
,23.78300677,38.09159562,1940,Θολότητα,"Τελικό Αποτέλεσμα",NTU,0.256
,22.8984324,38.25405489,7011,Θολότητα,"Τελικό Αποτέλεσμα",NTU,0.085
,23.84875164,38.12416671,4710,Θολότητα,"Τελικό Αποτέλεσμα",NTU,0.101
,23.9087001,38.16824113,4720,Θολότητα,"Τελικό Αποτέλεσμα",NTU,0.098
,24.03457233,38.19040155,4750,Θολότητα,"Τελικό Αποτέλεσμα",NTU,0.142
,23.97713814,38.08574303,4770,Θολότητα,"Τελικό Αποτέλεσμα",NTU,0.264
,23.98944122,38.03778338,4771,Θολότητα,"Τελικό Αποτέλεσμα",NTU,0.117
,23.9814898,38.06170646,4800,Θολότητα,"Τελικό Αποτέλεσμα",NTU,0.102
,24.01205071,38.01437011,4852,Θολότητα,"Τελικό Αποτέλεσμα",NTU,0.079
,24.00732001,37.98416724,4890,Θολότητα,"Τελικό Αποτέλεσμα",NTU,0.278
,23.9069807,37.96451242,4902,Θολότητα,"Τελικό Αποτέλεσμα",NTU,0.167
,23.97305196,37.95846365,4910,Θολότητα,"Τελικό Αποτέλεσμα",NTU,0.361
,23.70747263,38.06250703,2030,Θολότητα,"Τελικό Αποτέλεσμα",NTU,0.212
,23.78300677,38.09159562,1940,Θολότητα,"Τελικό Αποτέλεσμα",NTU,0.291
,23.76621884,37.94149317,135,Θολότητα,"Τελικό Αποτέλεσμα",NTU,0.202
,23.70168246,37.91807243,137,Θολότητα,"Τελικό Αποτέλεσμα",NTU,0.168
,23.80223198,37.83311234,140,Θολότητα,"Τελικό Αποτέλεσμα",NTU,0.297
,23.74864808,37.91609723,5010,Θολότητα,"Τελικό Αποτέλεσμα",NTU,0.215
,23.75342223,37.90482065,5020,Θολότητα,"Τελικό Αποτέλεσμα",NTU,0.272
,23.74470013,37.88994017,5030,Θολότητα,"Τελικό Αποτέλεσμα",NTU,0.137
,23.74605589,37.88420804,5040,Θολότητα,"Τελικό Αποτέλεσμα",NTU,0.515
,23.75796495,37.86035435,5050,Θολότητα,"Τελικό Αποτέλεσμα",NTU,0.264
,23.76070017,37.8524034,5060,Θολότητα,"Τελικό Αποτέλεσμα",NTU,0.158
,23.75697704,37.84809852,5080,Θολότητα,"Τελικό Αποτέλεσμα",NTU,0.17
,23.76068543,37.81516677,5090,Θολότητα,"Τελικό Αποτέλεσμα",NTU,0.077
,23.77438684,37.81229933,5100,Θολότητα,"Τελικό Αποτέλεσμα",NTU,0.191
,23.78633796,37.82289436,5110,Θολότητα,"Τελικό Αποτέλεσμα",NTU,0.476
,23.79034019,37.83538362,5150,Θολότητα,"Τελικό Αποτέλεσμα",NTU,0.172
,23.73997328,37.86958627,5160,Θολότητα,"Τελικό Αποτέλεσμα",NTU,0.36
,23.72543914,37.88816507,5170,Θολότητα,"Τελικό Αποτέλεσμα",NTU,0.157
,23.72008222,37.90342424,5180,Θολότητα,"Τελικό Αποτέλεσμα",NTU,0.198
,23.7141366,37.91270737,5190,Θολότητα,"Τελικό Αποτέλεσμα",NTU,0.163
,23.71284044,37.91562054,5200,Θολότητα,"Τελικό Αποτέλεσμα",NTU,0.373
,23.70643521,37.91960099,5210,Θολότητα,"Τελικό Αποτέλεσμα",NTU,0.089
,23.70488133,37.93521995,5230,Θολότητα,"Τελικό Αποτέλεσμα",NTU,0.249
,23.78256861,38.1336252,1932,Θολότητα,"Τελικό Αποτέλεσμα",NTU,0.504
,23.74996363,38.12819997,1933,Θολότητα,"Τελικό Αποτέλεσμα",NTU,0.774
,23.8527507,38.12333569,1946,Θολότητα,"Τελικό Αποτέλεσμα",NTU,0.686
,23.83967824,38.07817527,1948,Θολότητα,"Τελικό Αποτέλεσμα",NTU,0.202
,23.82959387,38.07903613,1949,Θολότητα,"Τελικό Αποτέλεσμα",NTU,0.404
,23.81291067,38.06845423,1954,Θολότητα,"Τελικό Αποτέλεσμα",NTU,0.206
,23.86470833,38.10061721,1956,Θολότητα,"Τελικό Αποτέλεσμα",NTU,0.324
,23.82140342,38.07735607,3070,Θολότητα,"Τελικό Αποτέλεσμα",NTU,0.886
,23.64211712,37.93337194,146,Θολότητα,"Τελικό Αποτέλεσμα",NTU,0.223
,23.68542623,37.97707661,6010,Θολότητα,"Τελικό Αποτέλεσμα",NTU,0.213
,23.6601472,37.98029121,6020,Θολότητα,"Τελικό Αποτέλεσμα",NTU,0.314
,23.65618491,37.98059442,6030,Θολότητα,"Τελικό Αποτέλεσμα",NTU,0.402
,23.65342067,37.97688798,6040,Θολότητα,"Τελικό Αποτέλεσμα",NTU,0.188
,23.63989634,37.97755,6050,Θολότητα,"Τελικό Αποτέλεσμα",NTU,0.171
,23.64020099,37.97361646,6060,Θολότητα,"Τελικό Αποτέλεσμα",NTU,0.263
,23.63321043,37.96700035,6080,Θολότητα,"Τελικό Αποτέλεσμα",NTU,0.327
,23.62337019,37.95039855,6110,Θολότητα,"Τελικό Αποτέλεσμα",NTU,0.112
,23.63400949,37.95347226,6120,Θολότητα,"Τελικό Αποτέλεσμα",NTU,0.288
,23.63373384,37.95087389,6130,Θολότητα,"Τελικό Αποτέλεσμα",NTU,0.275
,23.6420689,37.92834411,6150,Θολότητα,"Τελικό Αποτέλεσμα",NTU,0.224
,23.62796265,37.93233446,6160,Θολότητα,"Τελικό Αποτέλεσμα",NTU,0.388
,23.65217193,37.93962271,6170,Θολότητα,"Τελικό Αποτέλεσμα",NTU,0.205
,23.68003741,37.94809685,6200,Θολότητα,"Τελικό Αποτέλεσμα",NTU,0.112
,23.69164396,37.94801301,6210,Θολότητα,"Τελικό Αποτέλεσμα",NTU,0.301
,23.69432319,37.9524174,6220,Θολότητα,"Τελικό Αποτέλεσμα",NTU,0.125
,23.64026269,37.93961412,6240,Θολότητα,"Τελικό Αποτέλεσμα",NTU,0.277
,23.78300677,38.09159562,1940,Θολότητα,"Τελικό Αποτέλεσμα",NTU,0.164
,23.78300677,38.09159562,1940,Θολότητα,"Τελικό Αποτέλεσμα",NTU,0.268
,23.72049547,37.94647249,160,Θολότητα,"Τελικό Αποτέλεσμα",NTU,0.109
,23.7232452,37.93440384,165,Θολότητα,"Τελικό Αποτέλεσμα",NTU,0.145
,23.69418089,37.99877315,7120,Θολότητα,"Τελικό Αποτέλεσμα",NTU,0.125
,23.66748989,37.95803203,7170,Θολότητα,"Τελικό Αποτέλεσμα",NTU,0.108
,23.67862566,37.97172973,7230,Θολότητα,"Τελικό Αποτέλεσμα",NTU,0.115
,23.68519653,37.97596579,7250,Θολότητα,"Τελικό Αποτέλεσμα",NTU,0.1
,23.69752839,37.97170234,7270,Θολότητα,"Τελικό Αποτέλεσμα",NTU,0.062
,23.71283325,37.96856483,7300,Θολότητα,"Τελικό Αποτέλεσμα",NTU,0.153
,23.71170376,37.97057149,7320,Θολότητα,"Τελικό Αποτέλεσμα",NTU,0.151
,23.71541292,38.00374961,8010,Θολότητα,"Τελικό Αποτέλεσμα",NTU,0.187
,23.71578119,37.99037338,8040,Θολότητα,"Τελικό Αποτέλεσμα",NTU,0.073
,23.7122762,37.98040557,8060,Θολότητα,"Τελικό Αποτέλεσμα",NTU,0.186
,23.68251737,37.96148113,8100,Θολότητα,"Τελικό Αποτέλεσμα",NTU,0.152
,23.70043454,37.962644,8140,Θολότητα,"Τελικό Αποτέλεσμα",NTU,0.096
,23.69959745,37.94970908,8170,Θολότητα,"Τελικό Αποτέλεσμα",NTU,0.204
,23.70623737,37.95093926,8190,Θολότητα,"Τελικό Αποτέλεσμα",NTU,0.085
,23.70891649,37.94569184,8210,Θολότητα,"Τελικό Αποτέλεσμα",NTU,0.102
,23.71621067,37.95514139,8260,Θολότητα,"Τελικό Αποτέλεσμα",NTU,0.122
,23.71457142,37.96617497,8270,Θολότητα,"Τελικό Αποτέλεσμα",NTU,0.181
,23.72176206,37.96483486,8280,Θολότητα,"Τελικό Αποτέλεσμα",NTU,0.123
,23.72614349,37.96555625,8290,Θολότητα,"Τελικό Αποτέλεσμα",NTU,0.102
,23.73089644,37.98300722,8350,Θολότητα,"Τελικό Αποτέλεσμα",NTU,0.216
,23.33981264,38.00410848,225,Θολότητα,"Τελικό Αποτέλεσμα",NTU,0.101
,23.78300677,38.09159562,1940,Θολότητα,"Τελικό Αποτέλεσμα",NTU,0.283
,22.8984324,38.25405489,7011,Θολότητα,"Τελικό Αποτέλεσμα",NTU,0.104
,23.63989634,37.97755,6050,Θολότητα,"Τελικό Αποτέλεσμα",NTU,0.251
,23.64020099,37.97361646,6060,Θολότητα,"Τελικό Αποτέλεσμα",NTU,0.401
,23.6420689,37.92834411,6150,Θολότητα,"Τελικό Αποτέλεσμα",NTU,0.306
,23.62796265,37.93233446,6160,Θολότητα,"Τελικό Αποτέλεσμα",NTU,0.242
,23.65217193,37.93962271,6170,Θολότητα,"Τελικό Αποτέλεσμα",NTU,0.248
,23.69164396,37.94801301,6210,Θολότητα,"Τελικό Αποτέλεσμα",NTU,0.291
,23.78300677,38.09159562,1940,Θολότητα,"Τελικό Αποτέλεσμα",NTU,0.298
,23.78300677,38.09159562,1940,Θολότητα,"Τελικό Αποτέλεσμα",NTU,0.132
,23.63989634,37.97755,6050,Θολότητα,"Τελικό Αποτέλεσμα",NTU,0.149
,23.57826232,37.96427313,2520,Θολότητα,"Τελικό Αποτέλεσμα",NTU,0.128
,23.5731997,37.96469669,2530,Θολότητα,"Τελικό Αποτέλεσμα",NTU,0.133
,23.53257622,37.93452623,2560,Θολότητα,"Τελικό Αποτέλεσμα",NTU,0.15
,23.53552983,37.93206092,2570,Θολότητα,"Τελικό Αποτέλεσμα",NTU,0.161
,23.61447157,37.95930428,2700,Θολότητα,"Τελικό Αποτέλεσμα",NTU,0.312
,23.78300677,38.09159562,1940,Θολότητα,"Τελικό Αποτέλεσμα",NTU,0.156
,23.64440874,37.95951177,1928,Θολότητα,"Τελικό Αποτέλεσμα",NTU,0.134
,23.65573754,37.93998668,1930,Θολότητα,"Τελικό Αποτέλεσμα",NTU,0.144
,23.68632522,38.0498052,1939,Θολότητα,"Τελικό Αποτέλεσμα",NTU,0.159
,23.57742263,37.96842252,1943,Θολότητα,"Τελικό Αποτέλεσμα",NTU,0.312
,24.05264935,37.72249387,170200,Θολότητα,"Τελικό Αποτέλεσμα",NTU,0.206
,23.78300677,38.09159562,1940,Θολότητα,"Τελικό Αποτέλεσμα",NTU,0.275
,23.78300677,38.09159562,1940,Θολότητα,"Τελικό Αποτέλεσμα",NTU,0.282
,23.72850158,38.02107731,2010,Θολότητα,"Τελικό Αποτέλεσμα",NTU,0.819
,23.71516747,38.06439445,2020,Θολότητα,"Τελικό Αποτέλεσμα",NTU,0.227
,23.70747263,38.06250703,2030,Θολότητα,"Τελικό Αποτέλεσμα",NTU,0.163
,23.684522,38.04327857,2050,Θολότητα,"Τελικό Αποτέλεσμα",NTU,0.106
,23.67622507,38.03886797,2060,Θολότητα,"Τελικό Αποτέλεσμα",NTU,0.118
,23.69070897,38.03873978,2070,Θολότητα,"Τελικό Αποτέλεσμα",NTU,0.097
,23.71109252,38.03060497,2080,Θολότητα,"Τελικό Αποτέλεσμα",NTU,0.258
,23.70393953,38.01961122,2090,Θολότητα,"Τελικό Αποτέλεσμα",NTU,0.16
,23.690026,38.01459418,2100,Θολότητα,"Τελικό Αποτέλεσμα",NTU,0.09
,23.68563533,38.01170402,2110,Θολότητα,"Τελικό Αποτέλεσμα",NTU,0.23
,23.69068855,38.00659931,2130,Θολότητα,"Τελικό Αποτέλεσμα",NTU,0.103
,23.63371988,38.01446194,2140,Θολότητα,"Τελικό Αποτέλεσμα",NTU,0.276
,23.60436979,38.01172891,2150,Θολότητα,"Τελικό Αποτέλεσμα",NTU,0.28
,23.66048215,38.00325623,2160,Θολότητα,"Τελικό Αποτέλεσμα",NTU,0.26
,23.65721338,37.99035734,2170,Θολότητα,"Τελικό Αποτέλεσμα",NTU,0.213
,23.66968564,37.99103311,2180,Θολότητα,"Τελικό Αποτέλεσμα",NTU,0.115
,23.68827264,37.99218476,2190,Θολότητα,"Τελικό Αποτέλεσμα",NTU,0.5
,23.70903775,37.99405955,2210,Θολότητα,"Τελικό Αποτέλεσμα",NTU,0.227
,23.71167012,37.99890096,2220,Θολότητα,"Τελικό Αποτέλεσμα",NTU,0.213
,23.72396633,38.00996468,2240,Θολότητα,"Τελικό Αποτέλεσμα",NTU,0.275
,23.60908187,38.01006333,2250,Θολότητα,"Τελικό Αποτέλεσμα",NTU,0.161
,23.78300677,38.09159562,1940,Θολότητα,"Τελικό Αποτέλεσμα",NTU,0.175
,23.61447157,37.95930428,2700,Θολότητα,"Τελικό Αποτέλεσμα",NTU,0.136
,23.85447866,38.05288412,105,Θολότητα,"Τελικό Αποτέλεσμα",NTU,0.47
,23.77682568,38.06522626,180,Θολότητα,"Τελικό Αποτέλεσμα",NTU,0.308
,23.79478287,38.039643,230,Θολότητα,"Τελικό Αποτέλεσμα",NTU,0.22
,23.79465296,38.03514891,235,Θολότητα,"Τελικό Αποτέλεσμα",NTU,0.195
,23.75187919,38.03442418,3010,Θολότητα,"Τελικό Αποτέλεσμα",NTU,0.325
,23.75279316,38.04341932,3020,Θολότητα,"Τελικό Αποτέλεσμα",NTU,0.3
,23.75797185,38.05889094,3030,Θολότητα,"Τελικό Αποτέλεσμα",NTU,0.206
,23.80475064,38.09155778,3050,Θολότητα,"Τελικό Αποτέλεσμα",NTU,0.14
,23.8076845,38.07968756,3060,Θολότητα,"Τελικό Αποτέλεσμα",NTU,0.132
,23.82658845,38.06873396,3080,Θολότητα,"Τελικό Αποτέλεσμα",NTU,0.109
,23.85772963,38.05887086,3090,Θολότητα,"Τελικό Αποτέλεσμα",NTU,0.252
,23.85885083,38.00940503,3110,Θολότητα,"Τελικό Αποτέλεσμα",NTU,0.112
,23.88593611,38.00348657,3120,Θολότητα,"Τελικό Αποτέλεσμα",NTU,0.244
,23.88358142,38.00166538,3130,Θολότητα,"Τελικό Αποτέλεσμα",NTU,0.126
,23.83289436,38.00690221,3150,Θολότητα,"Τελικό Αποτέλεσμα",NTU,0.14
,23.8176997,37.99941782,3160,Θολότητα,"Τελικό Αποτέλεσμα",NTU,0.186
,23.79680957,37.99819507,3170,Θολότητα,"Τελικό Αποτέλεσμα",NTU,0.293
,23.79494863,37.99586454,3180,Θολότητα,"Τελικό Αποτέλεσμα",NTU,0.122
,23.78026269,38.00051154,3200,Θολότητα,"Τελικό Αποτέλεσμα",NTU,0.131
,23.78796777,38.0084814,3220,Θολότητα,"Τελικό Αποτέλεσμα",NTU,0.19
,23.78013336,38.01994403,3240,Θολότητα,"Τελικό Αποτέλεσμα",NTU,0.112
,23.78028136,38.04717905,3250,Θολότητα,"Τελικό Αποτέλεσμα",NTU,0.173
,23.81127403,38.04572875,3260,Θολότητα,"Τελικό Αποτέλεσμα",NTU,0.29
,23.78300677,38.09159562,1940,Θολότητα,"Τελικό Αποτέλεσμα",NTU,0.139
,22.8984324,38.25405489,7011,Θολότητα,"Τελικό Αποτέλεσμα",NTU,0.274
,23.64211712,37.93337194,146,Θολότητα,"Τελικό Αποτέλεσμα",NTU,0.215
,23.68542623,37.97707661,6010,Θολότητα,"Τελικό Αποτέλεσμα",NTU,0.124
,23.6601472,37.98029121,6020,Θολότητα,"Τελικό Αποτέλεσμα",NTU,0.081
,23.65618491,37.98059442,6030,Θολότητα,"Τελικό Αποτέλεσμα",NTU,0.372
,23.65342067,37.97688798,6040,Θολότητα,"Τελικό Αποτέλεσμα",NTU,0.179
,23.63989634,37.97755,6050,Θολότητα,"Τελικό Αποτέλεσμα",NTU,0.261
,23.64020099,37.97361646,6060,Θολότητα,"Τελικό Αποτέλεσμα",NTU,0.138
,23.63321043,37.96700035,6080,Θολότητα,"Τελικό Αποτέλεσμα",NTU,0.247
,23.62337019,37.95039855,6110,Θολότητα,"Τελικό Αποτέλεσμα",NTU,0.163
,23.63400949,37.95347226,6120,Θολότητα,"Τελικό Αποτέλεσμα",NTU,0.16
,23.63373384,37.95087389,6130,Θολότητα,"Τελικό Αποτέλεσμα",NTU,0.098
,23.6420689,37.92834411,6150,Θολότητα,"Τελικό Αποτέλεσμα",NTU,0.104
,23.62796265,37.93233446,6160,Θολότητα,"Τελικό Αποτέλεσμα",NTU,0.228
,23.65217193,37.93962271,6170,Θολότητα,"Τελικό Αποτέλεσμα",NTU,0.177
,23.67323412,37.94610991,6190,Θολότητα,"Τελικό Αποτέλεσμα",NTU,0.305
,23.69164396,37.94801301,6210,Θολότητα,"Τελικό Αποτέλεσμα",NTU,0.15
,23.69432319,37.9524174,6220,Θολότητα,"Τελικό Αποτέλεσμα",NTU,0.288
,23.64026269,37.93961412,6240,Θολότητα,"Τελικό Αποτέλεσμα",NTU,0.258
,23.83967824,38.07817527,1948,Θολότητα,"Τελικό Αποτέλεσμα",NTU,0.388
,23.53153657,38.07172532,2260,Θολότητα,"Τελικό Αποτέλεσμα",NTU,0.163
,23.75121334,38.12052926,2270,Θολότητα,"Τελικό Αποτέλεσμα",NTU,0.248
,23.78300677,38.09159562,1940,Θολότητα,"Τελικό Αποτέλεσμα",NTU,0.216
,23.76621884,37.94149317,135,Θολότητα,"Τελικό Αποτέλεσμα",NTU,0.135
,23.70168246,37.91807243,137,Θολότητα,"Τελικό Αποτέλεσμα",NTU,0.329
,23.80223198,37.83311234,140,Θολότητα,"Τελικό Αποτέλεσμα",NTU,0.23
,23.74864808,37.91609723,5010,Θολότητα,"Τελικό Αποτέλεσμα",NTU,0.116
,23.75342223,37.90482065,5020,Θολότητα,"Τελικό Αποτέλεσμα",NTU,0.113
,23.74470013,37.88994017,5030,Θολότητα,"Τελικό Αποτέλεσμα",NTU,0.17
,23.74605589,37.88420804,5040,Θολότητα,"Τελικό Αποτέλεσμα",NTU,0.298
,23.75796495,37.86035435,5050,Θολότητα,"Τελικό Αποτέλεσμα",NTU,0.117
,23.76070017,37.8524034,5060,Θολότητα,"Τελικό Αποτέλεσμα",NTU,0.119
,23.75697704,37.84809852,5080,Θολότητα,"Τελικό Αποτέλεσμα",NTU,0.164
,23.76068543,37.81516677,5090,Θολότητα,"Τελικό Αποτέλεσμα",NTU,0.172
,23.77438684,37.81229933,5100,Θολότητα,"Τελικό Αποτέλεσμα",NTU,0.184
,23.78633796,37.82289436,5110,Θολότητα,"Τελικό Αποτέλεσμα",NTU,0.134
,23.79034019,37.83538362,5150,Θολότητα,"Τελικό Αποτέλεσμα",NTU,0.121
,23.73997328,37.86958627,5160,Θολότητα,"Τελικό Αποτέλεσμα",NTU,0.13
,23.72543914,37.88816507,5170,Θολότητα,"Τελικό Αποτέλεσμα",NTU,0.317
,23.7141366,37.91270737,5190,Θολότητα,"Τελικό Αποτέλεσμα",NTU,0.104
,23.71284044,37.91562054,5200,Θολότητα,"Τελικό Αποτέλεσμα",NTU,0.099
,23.70488133,37.93521995,5230,Θολότητα,"Τελικό Αποτέλεσμα",NTU,0.081
,23.78300677,38.09159562,1940,Θολότητα,"Τελικό Αποτέλεσμα",NTU,0.161
,23.78300677,38.09159562,1940,Θολότητα,"Τελικό Αποτέλεσμα",NTU,0.159
,23.41656871,37.91177786,1967,Θολότητα,"Τελικό Αποτέλεσμα",NTU,0.317
,23.4174242,37.90741906,2601,Θολότητα,"Τελικό Αποτέλεσμα",NTU,0.372
,23.76331913,37.9671107,120,Θολότητα,"Τελικό Αποτέλεσμα",NTU,0.285
,23.78300677,38.09159562,1940,Θολότητα,"Τελικό Αποτέλεσμα",NTU,0.192
,23.76373822,37.96231002,125,Θολότητα,"Τελικό Αποτέλεσμα",NTU,0.25
,23.74628153,37.95494925,130,Θολότητα,"Τελικό Αποτέλεσμα",NTU,0.289
,23.77644626,37.99275168,4030,Θολότητα,"Τελικό Αποτέλεσμα",NTU,0.34
,23.77656931,37.97125316,4060,Θολότητα,"Τελικό Αποτέλεσμα",NTU,0.138
,23.77323663,37.96994397,4070,Θολότητα,"Τελικό Αποτέλεσμα",NTU,0.217
,23.75945557,37.97068504,4090,Θολότητα,"Τελικό Αποτέλεσμα",NTU,0.152
,23.77359043,37.94663449,4100,Θολότητα,"Τελικό Αποτέλεσμα",NTU,0.407
,23.7483243,37.95728104,4120,Θολότητα,"Τελικό Αποτέλεσμα",NTU,0.358
,23.7419006,37.95316688,4140,Θολότητα,"Τελικό Αποτέλεσμα",NTU,0.161
,23.75099403,37.93022254,4160,Θολότητα,"Τελικό Αποτέλεσμα",NTU,0.127
,23.73717945,37.92398915,4170,Θολότητα,"Τελικό Αποτέλεσμα",NTU,0.183
,23.73449966,37.92178254,4180,Θολότητα,"Τελικό Αποτέλεσμα",NTU,0.108
,23.72863096,37.93616832,4190,Θολότητα,"Τελικό Αποτέλεσμα",NTU,0.094
,23.7276664,37.95106354,4220,Θολότητα,"Τελικό Αποτέλεσμα",NTU,0.084
,23.72659763,37.95526612,4230,Θολότητα,"Τελικό Αποτέλεσμα",NTU,0.163
,23.72688782,37.95811379,4240,Θολότητα,"Τελικό Αποτέλεσμα",NTU,0.109
,23.80475064,38.09155778,3050,Θολότητα,"Τελικό Αποτέλεσμα",NTU,0.178
,23.68563533,38.01170402,2110,Θολότητα,"Τελικό Αποτέλεσμα",NTU,0.324
,23.78300677,38.09159562,1940,Θολότητα,"Τελικό Αποτέλεσμα",NTU,0.155
,23.78300677,38.09159562,1940,Θολότητα,"Τελικό Αποτέλεσμα",NTU,0.23
,23.8184361,38.03015277,191,Θολότητα,"Τελικό Αποτέλεσμα",NTU,0.164
,23.82898036,38.04390182,193,Θολότητα,"Τελικό Αποτέλεσμα",NTU,0.175
,23.72049547,37.94647249,160,Θολότητα,"Τελικό Αποτέλεσμα",NTU,0.273
,23.7232452,37.93440384,165,Θολότητα,"Τελικό Αποτέλεσμα",NTU,0.286
,23.69418089,37.99877315,7120,Θολότητα,"Τελικό Αποτέλεσμα",NTU,0.28
,23.66748989,37.95803203,7170,Θολότητα,"Τελικό Αποτέλεσμα",NTU,0.175
,23.67862566,37.97172973,7230,Θολότητα,"Τελικό Αποτέλεσμα",NTU,0.315
,23.68519653,37.97596579,7250,Θολότητα,"Τελικό Αποτέλεσμα",NTU,0.19
,23.69752839,37.97170234,7270,Θολότητα,"Τελικό Αποτέλεσμα",NTU,0.135
,23.71283325,37.96856483,7300,Θολότητα,"Τελικό Αποτέλεσμα",NTU,0.147
,23.71170376,37.97057149,7320,Θολότητα,"Τελικό Αποτέλεσμα",NTU,0.401
,23.71541292,38.00374961,8010,Θολότητα,"Τελικό Αποτέλεσμα",NTU,0.137
,23.71578119,37.99037338,8040,Θολότητα,"Τελικό Αποτέλεσμα",NTU,0.315
,23.7122762,37.98040557,8060,Θολότητα,"Τελικό Αποτέλεσμα",NTU,0.193
,23.71481682,37.97943025,8070,Θολότητα,"Τελικό Αποτέλεσμα",NTU,0.759
,23.68251737,37.96148113,8100,Θολότητα,"Τελικό Αποτέλεσμα",NTU,0.21
,23.70043454,37.962644,8140,Θολότητα,"Τελικό Αποτέλεσμα",NTU,0.29
,23.69959745,37.94970908,8170,Θολότητα,"Τελικό Αποτέλεσμα",NTU,0.898
,23.70623737,37.95093926,8190,Θολότητα,"Τελικό Αποτέλεσμα",NTU,0.18
,23.70891649,37.94569184,8210,Θολότητα,"Τελικό Αποτέλεσμα",NTU,0.256
,23.71621067,37.95514139,8260,Θολότητα,"Τελικό Αποτέλεσμα",NTU,0.377
,23.71457142,37.96617497,8270,Θολότητα,"Τελικό Αποτέλεσμα",NTU,0.18
,23.72176206,37.96483486,8280,Θολότητα,"Τελικό Αποτέλεσμα",NTU,0.78
,23.72614349,37.96555625,8290,Θολότητα,"Τελικό Αποτέλεσμα",NTU,0.208
,23.73089644,37.98300722,8350,Θολότητα,"Τελικό Αποτέλεσμα",NTU,0.264
,23.78300677,38.09159562,1940,Θολότητα,"Τελικό Αποτέλεσμα",NTU,0.29
,23.33981264,38.00410848,225,Θολότητα,"Τελικό Αποτέλεσμα",NTU,0.171
,23.59521034,38.06468139,2810,Θολότητα,"Τελικό Αποτέλεσμα",NTU,0.332
,23.58213759,38.06052513,2820,Θολότητα,"Τελικό Αποτέλεσμα",NTU,0.19
,23.58754823,38.0664655,2830,Θολότητα,"Τελικό Αποτέλεσμα",NTU,0.129
,23.5318038,38.05090121,2840,Θολότητα,"Τελικό Αποτέλεσμα",NTU,0.144
,23.54270396,38.04336154,2850,Θολότητα,"Τελικό Αποτέλεσμα",NTU,0.338
,23.53939487,38.0361051,2860,Θολότητα,"Τελικό Αποτέλεσμα",NTU,0.235
,23.54885279,38.03762139,2870,Θολότητα,"Τελικό Αποτέλεσμα",NTU,0.198
,23.73746872,38.08509072,2890,Θολότητα,"Τελικό Αποτέλεσμα",NTU,0.117
,23.82140342,38.07735607,3070,Θολότητα,"Τελικό Αποτέλεσμα",NTU,0.348
,23.74996363,38.12819997,1933,Θολότητα,"Τελικό Αποτέλεσμα",NTU,0.36
,23.8527507,38.12333569,1946,Θολότητα,"Τελικό Αποτέλεσμα",NTU,0.151
,23.83967824,38.07817527,1948,Θολότητα,"Τελικό Αποτέλεσμα",NTU,0.255
,23.82959387,38.07903613,1949,Θολότητα,"Τελικό Αποτέλεσμα",NTU,0.351
,23.81291067,38.06845423,1954,Θολότητα,"Τελικό Αποτέλεσμα",NTU,0.308
,23.86470833,38.10061721,1956,Θολότητα,"Τελικό Αποτέλεσμα",NTU,0.19
,23.78300677,38.09159562,1940,Θολότητα,"Τελικό Αποτέλεσμα",NTU,0.196
,23.84875164,38.12416671,4710,Θολότητα,"Τελικό Αποτέλεσμα",NTU,0.329
,23.9087001,38.16824113,4720,Θολότητα,"Τελικό Αποτέλεσμα",NTU,0.206
,24.03457233,38.19040155,4750,Θολότητα,"Τελικό Αποτέλεσμα",NTU,0.123
,23.97713814,38.08574303,4770,Θολότητα,"Τελικό Αποτέλεσμα",NTU,0.16
,23.98944122,38.03778338,4771,Θολότητα,"Τελικό Αποτέλεσμα",NTU,0.159
,23.9814898,38.06170646,4800,Θολότητα,"Τελικό Αποτέλεσμα",NTU,0.313
,24.01205071,38.01437011,4852,Θολότητα,"Τελικό Αποτέλεσμα",NTU,0.11
,24.00732001,37.98416724,4890,Θολότητα,"Τελικό Αποτέλεσμα",NTU,0.155
,23.9069807,37.96451242,4902,Θολότητα,"Τελικό Αποτέλεσμα",NTU,0.245
,23.97305196,37.95846365,4910,Θολότητα,"Τελικό Αποτέλεσμα",NTU,0.181
,23.78300677,38.09159562,1940,Θολότητα,"Τελικό Αποτέλεσμα",NTU,0.258
,22.8984324,38.25405489,7011,Θολότητα,"Τελικό Αποτέλεσμα",NTU,0.17
,23.78300677,38.09159562,1940,Θολότητα,"Τελικό Αποτέλεσμα",NTU,0.248
,23.78300677,38.09159562,1940,Θολότητα,"Τελικό Αποτέλεσμα",NTU,0.282
,23.78300677,38.09159562,1940,Θολότητα,"Τελικό Αποτέλεσμα",NTU,0.164
,23.78300677,38.09159562,1940,Θολότητα,"Τελικό Αποτέλεσμα",NTU,0.192
,23.85025321,37.98994386,6600,Θολότητα,"Τελικό Αποτέλεσμα",NTU,0.36
,23.88215067,37.90550283,6610,Θολότητα,"Τελικό Αποτέλεσμα",NTU,0.227
,23.95034322,37.8943453,6622,Θολότητα,"Τελικό Αποτέλεσμα",NTU,0.353
,24.02347685,37.89610538,6635,Θολότητα,"Τελικό Αποτέλεσμα",NTU,0.11
,23.9711191,37.81103106,6640,Θολότητα,"Τελικό Αποτέλεσμα",NTU,0.17
,24.05094448,37.70399221,6651,Θολότητα,"Τελικό Αποτέλεσμα",NTU,0.432
,24.00045431,37.66293707,6660,Θολότητα,"Τελικό Αποτέλεσμα",NTU,0.175
,23.93846122,37.69492932,6670,Θολότητα,"Τελικό Αποτέλεσμα",NTU,0.369
,23.95494234,37.75171359,6690,Θολότητα,"Τελικό Αποτέλεσμα",NTU,0.351
,23.92361047,37.73101879,6700,Θολότητα,"Τελικό Αποτέλεσμα",NTU,0.167
,23.90348973,37.82055314,6705,Θολότητα,"Τελικό Αποτέλεσμα",NTU,0.17
,23.78300677,38.09159562,1940,Θολότητα,"Τελικό Αποτέλεσμα",NTU,0.222
,23.79488229,37.83744985,1912,Θολότητα,"Τελικό Αποτέλεσμα",NTU,0.345
,23.77290371,37.94499327,1961,Θολότητα,"Τελικό Αποτέλεσμα",NTU,0.192
,23.78198962,37.85753892,1964,Θολότητα,"Τελικό Αποτέλεσμα",NTU,0.196
,23.79050885,37.815723,1965,Θολότητα,"Τελικό Αποτέλεσμα",NTU,0.55
,23.6352338,37.97282615,1926,Θολότητα,"Τελικό Αποτέλεσμα",NTU,0.3
,23.65049179,38.02069052,1936,Θολότητα,"Τελικό Αποτέλεσμα",NTU,0.312
,23.6605722,37.99659467,1950,Θολότητα,"Τελικό Αποτέλεσμα",NTU,0.249
,23.6374825,37.98494645,1941,Θολότητα,"Τελικό Αποτέλεσμα",NTU,0.289
,23.63673627,37.98591907,1935,Θολότητα,"Τελικό Αποτέλεσμα",NTU,0.52
,23.50231957,37.96481152,170,Θολότητα,"Τελικό Αποτέλεσμα",NTU,0.227
,23.5289617,37.96581528,2540,Θολότητα,"Τελικό Αποτέλεσμα",NTU,0.137
,23.53503262,37.95677855,2550,Θολότητα,"Τελικό Αποτέλεσμα",NTU,0.195
,23.46773064,37.92181628,2600,Θολότητα,"Τελικό Αποτέλεσμα",NTU,0.175
,23.49475198,37.96793762,2630,Θολότητα,"Τελικό Αποτέλεσμα",NTU,0.19
,23.48803323,37.96254865,2660,Θολότητα,"Τελικό Αποτέλεσμα",NTU,0.205
,23.52415052,37.96223485,2690,Θολότητα,"Τελικό Αποτέλεσμα",NTU,0.179
,23.78300677,38.09159562,1940,Θολότητα,"Τελικό Αποτέλεσμα",NTU,0.277
,23.78300677,38.09159562,1940,Θολότητα,"Τελικό Αποτέλεσμα",NTU,0.239
,23.72850158,38.02107731,2010,Θολότητα,"Τελικό Αποτέλεσμα",NTU,0.147
,23.71516747,38.06439445,2020,Θολότητα,"Τελικό Αποτέλεσμα",NTU,0.211
,23.70747263,38.06250703,2030,Θολότητα,"Τελικό Αποτέλεσμα",NTU,0.158
,23.684522,38.04327857,2050,Θολότητα,"Τελικό Αποτέλεσμα",NTU,0.103
,23.67622507,38.03886797,2060,Θολότητα,"Τελικό Αποτέλεσμα",NTU,0.111
,23.69070897,38.03873978,2070,Θολότητα,"Τελικό Αποτέλεσμα",NTU,0.124
,23.71109252,38.03060497,2080,Θολότητα,"Τελικό Αποτέλεσμα",NTU,0.133
,23.70393953,38.01961122,2090,Θολότητα,"Τελικό Αποτέλεσμα",NTU,0.153
,23.690026,38.01459418,2100,Θολότητα,"Τελικό Αποτέλεσμα",NTU,0.203
,23.68563533,38.01170402,2110,Θολότητα,"Τελικό Αποτέλεσμα",NTU,0.267
,23.69068855,38.00659931,2130,Θολότητα,"Τελικό Αποτέλεσμα",NTU,0.13
,23.63371988,38.01446194,2140,Θολότητα,"Τελικό Αποτέλεσμα",NTU,0.123
,23.60436979,38.01172891,2150,Θολότητα,"Τελικό Αποτέλεσμα",NTU,0.117
,23.66048215,38.00325623,2160,Θολότητα,"Τελικό Αποτέλεσμα",NTU,0.098
,23.65721338,37.99035734,2170,Θολότητα,"Τελικό Αποτέλεσμα",NTU,0.138
,23.66968564,37.99103311,2180,Θολότητα,"Τελικό Αποτέλεσμα",NTU,0.142
,23.68827264,37.99218476,2190,Θολότητα,"Τελικό Αποτέλεσμα",NTU,0.18
,23.70903775,37.99405955,2210,Θολότητα,"Τελικό Αποτέλεσμα",NTU,0.095
,23.71167012,37.99890096,2220,Θολότητα,"Τελικό Αποτέλεσμα",NTU,0.162
,23.72396633,38.00996468,2240,Θολότητα,"Τελικό Αποτέλεσμα",NTU,0.099
,23.60908187,38.01006333,2250,Θολότητα,"Τελικό Αποτέλεσμα",NTU,0.138
,23.78300677,38.09159562,1940,Θολότητα,"Τελικό Αποτέλεσμα",NTU,0.308
,23.85447866,38.05288412,105,Θολότητα,"Τελικό Αποτέλεσμα",NTU,0.217
,23.77682568,38.06522626,180,Θολότητα,"Τελικό Αποτέλεσμα",NTU,0.172
,23.79478287,38.039643,230,Θολότητα,"Τελικό Αποτέλεσμα",NTU,0.135
,23.79465296,38.03514891,235,Θολότητα,"Τελικό Αποτέλεσμα",NTU,0.284
,23.75187919,38.03442418,3010,Θολότητα,"Τελικό Αποτέλεσμα",NTU,0.16
,23.75279316,38.04341932,3020,Θολότητα,"Τελικό Αποτέλεσμα",NTU,0.207
,23.75797185,38.05889094,3030,Θολότητα,"Τελικό Αποτέλεσμα",NTU,0.331
,23.76291115,38.06333221,3040,Θολότητα,"Τελικό Αποτέλεσμα",NTU,0.169
,23.80475064,38.09155778,3050,Θολότητα,"Τελικό Αποτέλεσμα",NTU,0.134
,23.8076845,38.07968756,3060,Θολότητα,"Τελικό Αποτέλεσμα",NTU,0.111
,23.82658845,38.06873396,3080,Θολότητα,"Τελικό Αποτέλεσμα",NTU,0.148
,23.85772963,38.05887086,3090,Θολότητα,"Τελικό Αποτέλεσμα",NTU,0.193
,23.85885083,38.00940503,3110,Θολότητα,"Τελικό Αποτέλεσμα",NTU,0.221
,23.88593611,38.00348657,3120,Θολότητα,"Τελικό Αποτέλεσμα",NTU,0.931
,23.88358142,38.00166538,3130,Θολότητα,"Τελικό Αποτέλεσμα",NTU,0.175
,23.83289436,38.00690221,3150,Θολότητα,"Τελικό Αποτέλεσμα",NTU,0.167
,23.8176997,37.99941782,3160,Θολότητα,"Τελικό Αποτέλεσμα",NTU,0.112
,23.79680957,37.99819507,3170,Θολότητα,"Τελικό Αποτέλεσμα",NTU,0.738
,23.79494863,37.99586454,3180,Θολότητα,"Τελικό Αποτέλεσμα",NTU,0.521
,23.79552655,37.98210489,3190,Θολότητα,"Τελικό Αποτέλεσμα",NTU,0.18
,23.78026269,38.00051154,3200,Θολότητα,"Τελικό Αποτέλεσμα",NTU,0.217
,23.78796777,38.0084814,3220,Θολότητα,"Τελικό Αποτέλεσμα",NTU,0.287
,23.78013336,38.01994403,3240,Θολότητα,"Τελικό Αποτέλεσμα",NTU,0.1
,23.81127403,38.04572875,3260,Θολότητα,"Τελικό Αποτέλεσμα",NTU,0.144
,22.8984324,38.25405489,7011,Θολότητα,"Τελικό Αποτέλεσμα",NTU,0.163
,23.64211712,37.93337194,146,Θολότητα,"Τελικό Αποτέλεσμα",NTU,0.14
,23.68542623,37.97707661,6010,Θολότητα,"Τελικό Αποτέλεσμα",NTU,0.159
,23.6601472,37.98029121,6020,Θολότητα,"Τελικό Αποτέλεσμα",NTU,0.118
,23.65618491,37.98059442,6030,Θολότητα,"Τελικό Αποτέλεσμα",NTU,0.126
,23.65342067,37.97688798,6040,Θολότητα,"Τελικό Αποτέλεσμα",NTU,0.092
,23.63989634,37.97755,6050,Θολότητα,"Τελικό Αποτέλεσμα",NTU,0.19
,23.64020099,37.97361646,6060,Θολότητα,"Τελικό Αποτέλεσμα",NTU,0.167
,23.63321043,37.96700035,6080,Θολότητα,"Τελικό Αποτέλεσμα",NTU,0.121
,23.62337019,37.95039855,6110,Θολότητα,"Τελικό Αποτέλεσμα",NTU,0.138
,23.63400949,37.95347226,6120,Θολότητα,"Τελικό Αποτέλεσμα",NTU,0.227
,23.63373384,37.95087389,6130,Θολότητα,"Τελικό Αποτέλεσμα",NTU,0.14
,23.62796265,37.93233446,6160,Θολότητα,"Τελικό Αποτέλεσμα",NTU,0.124
,23.65217193,37.93962271,6170,Θολότητα,"Τελικό Αποτέλεσμα",NTU,0.453
,23.67323412,37.94610991,6190,Θολότητα,"Τελικό Αποτέλεσμα",NTU,0.168
,23.68003741,37.94809685,6200,Θολότητα,"Τελικό Αποτέλεσμα",NTU,0.109
,23.69164396,37.94801301,6210,Θολότητα,"Τελικό Αποτέλεσμα",NTU,0.329
,23.69432319,37.9524174,6220,Θολότητα,"Τελικό Αποτέλεσμα",NTU,0.286
,23.64026269,37.93961412,6240,Θολότητα,"Τελικό Αποτέλεσμα",NTU,0.227
,23.78300677,38.09159562,1940,Θολότητα,"Τελικό Αποτέλεσμα",NTU,0.245
,23.6420689,37.92834411,6150,Θολότητα,"Τελικό Αποτέλεσμα",NTU,0.099
,23.684522,38.04327857,2050,Θολότητα,"Τελικό Αποτέλεσμα",NTU,0.184
,23.68563533,38.01170402,2110,Θολότητα,"Τελικό Αποτέλεσμα",NTU,0.139
,23.69068855,38.00659931,2130,Θολότητα,"Τελικό Αποτέλεσμα",NTU,0.1
,23.78300677,38.09159562,1940,Θολότητα,"Τελικό Αποτέλεσμα",NTU,0.305
,23.76382857,37.88903355,1920,Θολότητα,"Τελικό Αποτέλεσμα",NTU,0.187
,23.7766247,37.88434896,1918,Θολότητα,"Τελικό Αποτέλεσμα",NTU,0.276
,23.77756947,37.88994684,1963,Θολότητα,"Τελικό Αποτέλεσμα",NTU,0.164
,23.76621884,37.94149317,135,Θολότητα,"Τελικό Αποτέλεσμα",NTU,0.13
,23.74864808,37.91609723,5010,Θολότητα,"Τελικό Αποτέλεσμα",NTU,0.211
,23.75342223,37.90482065,5020,Θολότητα,"Τελικό Αποτέλεσμα",NTU,0.205
,23.74470013,37.88994017,5030,Θολότητα,"Τελικό Αποτέλεσμα",NTU,0.188
,23.74605589,37.88420804,5040,Θολότητα,"Τελικό Αποτέλεσμα",NTU,0.36
,23.76070017,37.8524034,5060,Θολότητα,"Τελικό Αποτέλεσμα",NTU,0.342
,23.75697704,37.84809852,5080,Θολότητα,"Τελικό Αποτέλεσμα",NTU,0.205
,23.76068543,37.81516677,5090,Θολότητα,"Τελικό Αποτέλεσμα",NTU,0.131
,23.77438684,37.81229933,5100,Θολότητα,"Τελικό Αποτέλεσμα",NTU,0.17
,23.78633796,37.82289436,5110,Θολότητα,"Τελικό Αποτέλεσμα",NTU,0.444
,23.79034019,37.83538362,5150,Θολότητα,"Τελικό Αποτέλεσμα",NTU,0.112
,23.73997328,37.86958627,5160,Θολότητα,"Τελικό Αποτέλεσμα",NTU,0.212
,23.7141366,37.91270737,5190,Θολότητα,"Τελικό Αποτέλεσμα",NTU,0.102
,23.71284044,37.91562054,5200,Θολότητα,"Τελικό Αποτέλεσμα",NTU,0.313
,23.70643521,37.91960099,5210,Θολότητα,"Τελικό Αποτέλεσμα",NTU,0.087
,23.70488133,37.93521995,5230,Θολότητα,"Τελικό Αποτέλεσμα",NTU,0.144
,23.80223198,37.83311234,140,Θολότητα,"Τελικό Αποτέλεσμα",NTU,0.149
,23.75796495,37.86035435,5050,Θολότητα,"Τελικό Αποτέλεσμα",NTU,0.23
,23.72543914,37.88816507,5170,Θολότητα,"Τελικό Αποτέλεσμα",NTU,0.239
,23.75187919,38.03442418,3010,Θολότητα,"Τελικό Αποτέλεσμα",NTU,0.186
,23.82658845,38.06873396,3080,Θολότητα,"Τελικό Αποτέλεσμα",NTU,0.261
,23.75556042,37.91943081,1924,Θολότητα,"Τελικό Αποτέλεσμα",NTU,0.344
,23.74951242,37.9996463,1942,Θολότητα,"Τελικό Αποτέλεσμα",NTU,0.4
,23.73288702,37.955672,1944,Θολότητα,"Τελικό Αποτέλεσμα",NTU,0.133
,23.78300677,38.09159562,1940,Θολότητα,"Τελικό Αποτέλεσμα",NTU,0.302
,23.65721338,37.99035734,2170,Θολότητα,"Τελικό Αποτέλεσμα",NTU,0.219
,23.76331913,37.9671107,120,Θολότητα,"Τελικό Αποτέλεσμα",NTU,0.153
,23.76373822,37.96231002,125,Θολότητα,"Τελικό Αποτέλεσμα",NTU,0.341
,23.74628153,37.95494925,130,Θολότητα,"Τελικό Αποτέλεσμα",NTU,0.18
,23.76902716,37.99339131,4010,Θολότητα,"Τελικό Αποτέλεσμα",NTU,0.533
,23.77648607,37.99622098,4020,Θολότητα,"Τελικό Αποτέλεσμα",NTU,0.158
,23.77644626,37.99275168,4030,Θολότητα,"Τελικό Αποτέλεσμα",NTU,0.186
,23.768783,37.9828978,4040,Θολότητα,"Τελικό Αποτέλεσμα",NTU,0.327
,23.77656931,37.97125316,4060,Θολότητα,"Τελικό Αποτέλεσμα",NTU,0.112
,23.77323663,37.96994397,4070,Θολότητα,"Τελικό Αποτέλεσμα",NTU,0.228
,23.76210863,37.97447332,4080,Θολότητα,"Τελικό Αποτέλεσμα",NTU,0.149
,23.75945557,37.97068504,4090,Θολότητα,"Τελικό Αποτέλεσμα",NTU,0.445
,23.77359043,37.94663449,4100,Θολότητα,"Τελικό Αποτέλεσμα",NTU,0.157
,23.75841416,37.95734094,4110,Θολότητα,"Τελικό Αποτέλεσμα",NTU,0.248
,23.7483243,37.95728104,4120,Θολότητα,"Τελικό Αποτέλεσμα",NTU,0.168
,23.7419006,37.95316688,4140,Θολότητα,"Τελικό Αποτέλεσμα",NTU,0.18
,23.75099403,37.93022254,4160,Θολότητα,"Τελικό Αποτέλεσμα",NTU,0.302
,23.73717945,37.92398915,4170,Θολότητα,"Τελικό Αποτέλεσμα",NTU,0.758
,23.73449966,37.92178254,4180,Θολότητα,"Τελικό Αποτέλεσμα",NTU,0.496
,23.72863096,37.93616832,4190,Θολότητα,"Τελικό Αποτέλεσμα",NTU,0.088
,23.7276664,37.95106354,4220,Θολότητα,"Τελικό Αποτέλεσμα",NTU,0.147
,23.72659763,37.95526612,4230,Θολότητα,"Τελικό Αποτέλεσμα",NTU,0.163
,23.72688782,37.95811379,4240,Θολότητα,"Τελικό Αποτέλεσμα",NTU,0.106
,23.53153657,38.07172532,2260,Θολότητα,"Τελικό Αποτέλεσμα",NTU,0.266
,23.72049547,37.94647249,160,Θολότητα,"Τελικό Αποτέλεσμα",NTU,0.227
,23.7232452,37.93440384,165,Θολότητα,"Τελικό Αποτέλεσμα",NTU,0.388
,23.69418089,37.99877315,7120,Θολότητα,"Τελικό Αποτέλεσμα",NTU,0.139
,23.66748989,37.95803203,7170,Θολότητα,"Τελικό Αποτέλεσμα",NTU,0.23
,23.67862566,37.97172973,7230,Θολότητα,"Τελικό Αποτέλεσμα",NTU,0.157
,23.68519653,37.97596579,7250,Θολότητα,"Τελικό Αποτέλεσμα",NTU,0.128
,23.69752839,37.97170234,7270,Θολότητα,"Τελικό Αποτέλεσμα",NTU,0.121
,23.71283325,37.96856483,7300,Θολότητα,"Τελικό Αποτέλεσμα",NTU,0.3
,23.71541292,38.00374961,8010,Θολότητα,"Τελικό Αποτέλεσμα",NTU,0.208
,23.71578119,37.99037338,8040,Θολότητα,"Τελικό Αποτέλεσμα",NTU,0.363
,23.7122762,37.98040557,8060,Θολότητα,"Τελικό Αποτέλεσμα",NTU,0.154
,23.68251737,37.96148113,8100,Θολότητα,"Τελικό Αποτέλεσμα",NTU,0.233
,23.70043454,37.962644,8140,Θολότητα,"Τελικό Αποτέλεσμα",NTU,0.301
,23.69959745,37.94970908,8170,Θολότητα,"Τελικό Αποτέλεσμα",NTU,0.21
,23.70623737,37.95093926,8190,Θολότητα,"Τελικό Αποτέλεσμα",NTU,0.2
,23.70891649,37.94569184,8210,Θολότητα,"Τελικό Αποτέλεσμα",NTU,0.083
,23.71621067,37.95514139,8260,Θολότητα,"Τελικό Αποτέλεσμα",NTU,0.383
,23.71457142,37.96617497,8270,Θολότητα,"Τελικό Αποτέλεσμα",NTU,0.221
,23.72176206,37.96483486,8280,Θολότητα,"Τελικό Αποτέλεσμα",NTU,0.105
,23.72614349,37.96555625,8290,Θολότητα,"Τελικό Αποτέλεσμα",NTU,0.315
,23.73089644,37.98300722,8350,Θολότητα,"Τελικό Αποτέλεσμα",NTU,0.305
,23.78300677,38.09159562,1940,Θολότητα,"Τελικό Αποτέλεσμα",NTU,0.149
,23.75556042,37.91943081,1924,Θολότητα,"Τελικό Αποτέλεσμα",NTU,0.287
,23.48905185,37.97043569,2580,Θολότητα,"Τελικό Αποτέλεσμα",NTU,0.304
,23.52045976,37.94358544,1927,Θολότητα,"Τελικό Αποτέλεσμα",NTU,0.303
,23.46565745,37.91849312,1929,Θολότητα,"Τελικό Αποτέλεσμα",NTU,0.178
,23.49030054,37.99544729,1931,Θολότητα,"Τελικό Αποτέλεσμα",NTU,0.365
,23.78300677,38.09159562,1940,Θολότητα,"Τελικό Αποτέλεσμα",NTU,0.183
,22.8984324,38.25405489,7011,Θολότητα,"Τελικό Αποτέλεσμα",NTU,0.258
,23.84875164,38.12416671,4710,Θολότητα,"Τελικό Αποτέλεσμα",NTU,0.226
,23.9087001,38.16824113,4720,Θολότητα,"Τελικό Αποτέλεσμα",NTU,0.113
,24.03457233,38.19040155,4750,Θολότητα,"Τελικό Αποτέλεσμα",NTU,0.154
,23.97713814,38.08574303,4770,Θολότητα,"Τελικό Αποτέλεσμα",NTU,0.088
,23.98944122,38.03778338,4771,Θολότητα,"Τελικό Αποτέλεσμα",NTU,0.092
,24.01205071,38.01437011,4852,Θολότητα,"Τελικό Αποτέλεσμα",NTU,0.1
,24.00732001,37.98416724,4890,Θολότητα,"Τελικό Αποτέλεσμα",NTU,0.09
,23.9069807,37.96451242,4902,Θολότητα,"Τελικό Αποτέλεσμα",NTU,0.133
,23.97305196,37.95846365,4910,Θολότητα,"Τελικό Αποτέλεσμα",NTU,0.237
,23.78300677,38.09159562,1940,Θολότητα,"Τελικό Αποτέλεσμα",NTU,0.304
,23.78300677,38.09159562,1940,Θολότητα,"Τελικό Αποτέλεσμα",NTU,0.269
,23.83934088,38.00884634,1910,Θολότητα,"Τελικό Αποτέλεσμα",NTU,0.364
,23.7651004,38.01889155,1952,Θολότητα,"Τελικό Αποτέλεσμα",NTU,0.168
,23.87746291,38.06015,1957,Θολότητα,"Τελικό Αποτέλεσμα",NTU,0.18
,23.87165015,38.05010025,1911,Θολότητα,"Τελικό Αποτέλεσμα",NTU,0.281
,23.78300677,38.09159562,1940,Θολότητα,"Τελικό Αποτέλεσμα",NTU,0.289
,23.78300677,38.09159562,1940,Θολότητα,"Τελικό Αποτέλεσμα",NTU,0.283
,24.05264935,37.72249387,170200,Θολότητα,"Τελικό Αποτέλεσμα",NTU,0.23
,23.78300677,38.09159562,1940,Θολότητα,"Τελικό Αποτέλεσμα",NTU,0.23
,23.64440874,37.95951177,1928,Θολότητα,"Τελικό Αποτέλεσμα",NTU,0.263
,23.65573754,37.93998668,1930,Θολότητα,"Τελικό Αποτέλεσμα",NTU,0.236
,23.68632522,38.0498052,1939,Θολότητα,"Τελικό Αποτέλεσμα",NTU,0.213
,23.57742263,37.96842252,1943,Θολότητα,"Τελικό Αποτέλεσμα",NTU,0.19
,23.57686641,37.96682786,1945,Θολότητα,"Τελικό Αποτέλεσμα",NTU,0.182
,22.8984324,38.25405489,7011,Θολότητα,"Τελικό Αποτέλεσμα",NTU,0.245
01/01/2023,23.78300677,38.09159562,1940,Θολότητα,"Τελικό Αποτέλεσμα",NTU,0.207
01/01/2025,23.783006772263,38.091595618101,1940,Θολότητα,"Τελικό Αποτέλεσμα",NTU,0.111
01/02/2023,23.72850158,38.02107731,2010,Θολότητα,"Τελικό Αποτέλεσμα",NTU,0.266
01/02/2023,23.71516747,38.06439445,2020,Θολότητα,"Τελικό Αποτέλεσμα",NTU,0.825
01/02/2023,23.70747263,38.06250703,2030,Θολότητα,"Τελικό Αποτέλεσμα",NTU,0.146
01/02/2023,23.684522,38.04327857,2050,Θολότητα,"Τελικό Αποτέλεσμα",NTU,0.274
01/02/2023,23.67622507,38.03886797,2060,Θολότητα,"Τελικό Αποτέλεσμα",NTU,0.2
01/02/2023,23.69070897,38.03873978,2070,Θολότητα,"Τελικό Αποτέλεσμα",NTU,0.37
01/02/2023,23.70393953,38.01961122,2090,Θολότητα,"Τελικό Αποτέλεσμα",NTU,0.292
01/02/2023,23.690026,38.01459418,2100,Θολότητα,"Τελικό Αποτέλεσμα",NTU,0.34
01/02/2023,23.68563533,38.01170402,2110,Θολότητα,"Τελικό Αποτέλεσμα",NTU,0.3
01/02/2023,23.69068855,38.00659931,2130,Θολότητα,"Τελικό Αποτέλεσμα",NTU,0.13
01/02/2023,23.63371988,38.01446194,2140,Θολότητα,"Τελικό Αποτέλεσμα",NTU,0.516
01/02/2023,23.60436979,38.01172891,2150,Θολότητα,"Τελικό Αποτέλεσμα",NTU,0.08
01/02/2023,23.66048215,38.00325623,2160,Θολότητα,"Τελικό Αποτέλεσμα",NTU,0.462
01/02/2023,23.65721338,37.99035734,2170,Θολότητα,"Τελικό Αποτέλεσμα",NTU,0.13
01/02/2023,23.66968564,37.99103311,2180,Θολότητα,"Τελικό Αποτέλεσμα",NTU,0.3
01/02/2023,23.68827264,37.99218476,2190,Θολότητα,"Τελικό Αποτέλεσμα",NTU,0.514
01/02/2023,23.70903775,37.99405955,2210,Θολότητα,"Τελικό Αποτέλεσμα",NTU,0.162
01/02/2023,23.71167012,37.99890096,2220,Θολότητα,"Τελικό Αποτέλεσμα",NTU,0.42
01/02/2023,23.72396633,38.00996468,2240,Θολότητα,"Τελικό Αποτέλεσμα",NTU,0.594
01/02/2023,23.60908187,38.01006333,2250,Θολότητα,"Τελικό Αποτέλεσμα",NTU,0.084
01/02/2023,23.78300677,38.09159562,1940,Θολότητα,"Τελικό Αποτέλεσμα",NTU,0.175
01/02/2023,23.85034312,38.064696,13250,Θολότητα,"Τελικό Αποτέλεσμα",NTU,0.169
01/02/2025,23.783006772263,38.091595618101,1940,Θολότητα,"Τελικό Αποτέλεσμα",NTU,0.261
01/03/2023,23.8184361,38.03015277,191,Θολότητα,"Τελικό Αποτέλεσμα",NTU,0.25
01/03/2023,23.82898036,38.04390182,193,Θολότητα,"Τελικό Αποτέλεσμα",NTU,0.221
01/03/2023,23.78300677,38.09159562,1940,Θολότητα,"Τελικό Αποτέλεσμα",NTU,0.207
01/03/2023,23.72850158,38.02107731,2010,Θολότητα,"Τελικό Αποτέλεσμα",NTU,0.123
01/03/2023,23.71516747,38.06439445,2020,Θολότητα,"Τελικό Αποτέλεσμα",NTU,0.174
01/03/2023,23.70747263,38.06250703,2030,Θολότητα,"Τελικό Αποτέλεσμα",NTU,0.182
01/03/2023,23.684522,38.04327857,2050,Θολότητα,"Τελικό Αποτέλεσμα",NTU,0.118
01/03/2023,23.67622507,38.03886797,2060,Θολότητα,"Τελικό Αποτέλεσμα",NTU,0.147
01/03/2023,23.69070897,38.03873978,2070,Θολότητα,"Τελικό Αποτέλεσμα",NTU,0.24
01/03/2023,23.71109252,38.03060497,2080,Θολότητα,"Τελικό Αποτέλεσμα",NTU,0.28
01/03/2023,23.70393953,38.01961122,2090,Θολότητα,"Τελικό Αποτέλεσμα",NTU,0.288
01/03/2023,23.690026,38.01459418,2100,Θολότητα,"Τελικό Αποτέλεσμα",NTU,0.269
01/03/2023,23.68563533,38.01170402,2110,Θολότητα,"Τελικό Αποτέλεσμα",NTU,0.343
01/03/2023,23.69068855,38.00659931,2130,Θολότητα,"Τελικό Αποτέλεσμα",NTU,0.17
01/03/2023,23.63371988,38.01446194,2140,Θολότητα,"Τελικό Αποτέλεσμα",NTU,0.3
01/03/2023,23.60436979,38.01172891,2150,Θολότητα,"Τελικό Αποτέλεσμα",NTU,0.161
01/03/2023,23.66048215,38.00325623,2160,Θολότητα,"Τελικό Αποτέλεσμα",NTU,0.24
01/03/2023,23.65721338,37.99035734,2170,Θολότητα,"Τελικό Αποτέλεσμα",NTU,0.2
01/03/2023,23.66968564,37.99103311,2180,Θολότητα,"Τελικό Αποτέλεσμα",NTU,0.124
01/03/2023,23.68827264,37.99218476,2190,Θολότητα,"Τελικό Αποτέλεσμα",NTU,0.154
01/03/2023,23.70903775,37.99405955,2210,Θολότητα,"Τελικό Αποτέλεσμα",NTU,0.261
01/03/2023,23.71167012,37.99890096,2220,Θολότητα,"Τελικό Αποτέλεσμα",NTU,0.216
01/03/2023,23.72396633,38.00996468,2240,Θολότητα,"Τελικό Αποτέλεσμα",NTU,0.182
01/03/2023,23.60908187,38.01006333,2250,Θολότητα,"Τελικό Αποτέλεσμα",NTU,0.163
01/03/2023,23.7766247,37.88434896,1918,Θολότητα,"Τελικό Αποτέλεσμα",NTU,0.452
01/03/2023,23.76382857,37.88903355,1920,Θολότητα,"Τελικό Αποτέλεσμα",NTU,0.311
01/03/2023,23.75556042,37.91943081,1924,Θολότητα,"Τελικό Αποτέλεσμα",NTU,0.195
01/03/2023,23.74951242,37.9996463,1942,Θολότητα,"Τελικό Αποτέλεσμα",NTU,0.191
01/03/2023,23.73288702,37.955672,1944,Θολότητα,"Τελικό Αποτέλεσμα",NTU,0.189
01/03/2023,23.77756947,37.88994684,1963,Θολότητα,"Τελικό Αποτέλεσμα",NTU,0.141
01/03/2025,23.783006772263,38.091595618101,1940,Θολότητα,"Τελικό Αποτέλεσμα",NTU,0.274
01/04/2023,23.78300677,38.09159562,1940,Θολότητα,"Τελικό Αποτέλεσμα",NTU,0.374
01/04/2025,22.898432401038,38.254054888272,7011,Θολότητα,"Τελικό Αποτέλεσμα",NTU,0.243
01/04/2025,23.783006772263,38.091595618101,1940,Θολότητα,"Τελικό Αποτέλεσμα",NTU,0.167
01/04/2025,23.595210337605,38.064681391243,2810,Θολότητα,"Τελικό Αποτέλεσμα",NTU,0.136
01/04/2025,23.58213758742,38.060525133935,2820,Θολότητα,"Τελικό Αποτέλεσμα",NTU,0.14
01/04/2025,23.587548232298,38.066465497153,2830,Θολότητα,"Τελικό Αποτέλεσμα",NTU,0.086
01/04/2025,23.531803801228,38.050901214317,2840,Θολότητα,"Τελικό Αποτέλεσμα",NTU,0.09
01/04/2025,23.54270395521,38.043361544184,2850,Θολότητα,"Τελικό Αποτέλεσμα",NTU,0.128
01/04/2025,23.539394866218,38.03610510066,2860,Θολότητα,"Τελικό Αποτέλεσμα",NTU,0.104
01/04/2025,23.548852791485,38.037621391965,2870,Θολότητα,"Τελικό Αποτέλεσμα",NTU,0.123
01/04/2025,23.739225980018,38.062561123056,2880,Θολότητα,"Τελικό Αποτέλεσμα",NTU,0.255
01/04/2025,23.737468716577,38.085090720814,2890,Θολότητα,"Τελικό Αποτέλεσμα",NTU,0.479
01/04/2025,23.524639732983,38.075938446879,2801,Θολότητα,"Τελικό Αποτέλεσμα",NTU,0.113
01/04/2025,23.590856660965,38.05767840712,2801,Θολότητα,"Τελικό Αποτέλεσμα",NTU,0.113
01/04/2025,23.736504245032,38.095005139018,2910,Θολότητα,"Τελικό Αποτέλεσμα",NTU,0.197
01/05/2023,23.78300677,38.09159562,1940,Θολότητα,"Τελικό Αποτέλεσμα",NTU,0.262
01/05/2025,23.783006772263,38.091595618101,1940,Θολότητα,"Τελικό Αποτέλεσμα",NTU,0.182
01/06/2023,23.8184361,38.03015277,191,Θολότητα,"Τελικό Αποτέλεσμα",NTU,0.671
01/06/2023,23.82898036,38.04390182,193,Θολότητα,"Τελικό Αποτέλεσμα",NTU,0.444
01/06/2023,23.78781925,38.0878097,195,Θολότητα,"Τελικό Αποτέλεσμα",NTU,0.294
01/06/2023,23.72850158,38.02107731,2010,Θολότητα,"Τελικό Αποτέλεσμα",NTU,0.276
01/06/2023,23.71516747,38.06439445,2020,Θολότητα,"Τελικό Αποτέλεσμα",NTU,0.638
01/06/2023,23.70747263,38.06250703,2030,Θολότητα,"Τελικό Αποτέλεσμα",NTU,0.292
01/06/2023,23.684522,38.04327857,2050,Θολότητα,"Τελικό Αποτέλεσμα",NTU,0.177
01/06/2023,23.67622507,38.03886797,2060,Θολότητα,"Τελικό Αποτέλεσμα",NTU,0.203
01/06/2023,23.69070897,38.03873978,2070,Θολότητα,"Τελικό Αποτέλεσμα",NTU,0.431
01/06/2023,23.71109252,38.03060497,2080,Θολότητα,"Τελικό Αποτέλεσμα",NTU,0.245
01/06/2023,23.70393953,38.01961122,2090,Θολότητα,"Τελικό Αποτέλεσμα",NTU,0.188
01/06/2023,23.690026,38.01459418,2100,Θολότητα,"Τελικό Αποτέλεσμα",NTU,0.309
01/06/2023,23.68563533,38.01170402,2110,Θολότητα,"Τελικό Αποτέλεσμα",NTU,0.251
01/06/2023,23.69068855,38.00659931,2130,Θολότητα,"Τελικό Αποτέλεσμα",NTU,0.359
01/06/2023,23.63371988,38.01446194,2140,Θολότητα,"Τελικό Αποτέλεσμα",NTU,0.387
01/06/2023,23.60436979,38.01172891,2150,Θολότητα,"Τελικό Αποτέλεσμα",NTU,0.208
01/06/2023,23.66048215,38.00325623,2160,Θολότητα,"Τελικό Αποτέλεσμα",NTU,0.696
01/06/2023,23.65721338,37.99035734,2170,Θολότητα,"Τελικό Αποτέλεσμα",NTU,0.152
01/06/2023,23.66968564,37.99103311,2180,Θολότητα,"Τελικό Αποτέλεσμα",NTU,0.149
01/06/2023,23.68827264,37.99218476,2190,Θολότητα,"Τελικό Αποτέλεσμα",NTU,0.317
01/06/2023,23.70903775,37.99405955,2210,Θολότητα,"Τελικό Αποτέλεσμα",NTU,0.205
01/06/2023,23.72396633,38.00996468,2240,Θολότητα,"Τελικό Αποτέλεσμα",NTU,0.153
01/06/2023,23.60908187,38.01006333,2250,Θολότητα,"Τελικό Αποτέλεσμα",NTU,0.151
01/06/2023,23.78300677,38.09159562,1940,Θολότητα,"Τελικό Αποτέλεσμα",NTU,0.425
01/06/2023,23.79488229,37.83744985,1912,Θολότητα,"Τελικό Αποτέλεσμα",NTU,0.217
01/06/2023,23.77290371,37.94499327,1961,Θολότητα,"Τελικό Αποτέλεσμα",NTU,0.41
01/06/2023,23.77565986,37.94643657,1962,Θολότητα,"Τελικό Αποτέλεσμα",NTU,0.261
01/06/2023,23.78198962,37.85753892,1964,Θολότητα,"Τελικό Αποτέλεσμα",NTU,0.275
01/06/2023,23.79050885,37.815723,1965,Θολότητα,"Τελικό Αποτέλεσμα",NTU,0.315
01/06/2024,23.783006772263,38.091595618101,1940,Θολότητα,"Τελικό Αποτέλεσμα",NTU,0.222
01/06/2025,23.783006772263,38.091595618101,1940,Θολότητα,"Τελικό Αποτέλεσμα",NTU,0.127
01/07/2023,23.78300677,38.09159562,1940,Θολότητα,"Τελικό Αποτέλεσμα",NTU,0.162
01/07/2023,23.61447157,37.95930428,2700,Θολότητα,"Τελικό Αποτέλεσμα",NTU,0.23
01/07/2023,23.5731997,37.96469669,2530,Θολότητα,"Τελικό Αποτέλεσμα",NTU,0.412
01/07/2024,23.783006772263,38.091595618101,1940,Θολότητα,"Τελικό Αποτέλεσμα",NTU,0.219
01/07/2024,23.728501580857,38.021077305988,2010,Θολότητα,"Τελικό Αποτέλεσμα",NTU,0.18
01/07/2024,23.715167470658,38.064394448168,2020,Θολότητα,"Τελικό Αποτέλεσμα",NTU,0.29
01/07/2024,23.707472628441,38.062507031886,2030,Θολότητα,"Τελικό Αποτέλεσμα",NTU,0.226
01/07/2024,23.684521996488,38.043278569813,2050,Θολότητα,"Τελικό Αποτέλεσμα",NTU,0.199
01/07/2024,23.676225070778,38.038867972537,2060,Θολότητα,"Τελικό Αποτέλεσμα",NTU,0.246
01/07/2024,23.690708971278,38.03873977939,2070,Θολότητα,"Τελικό Αποτέλεσμα",NTU,0.236
01/07/2024,23.711092519709,38.030604970232,2080,Θολότητα,"Τελικό Αποτέλεσμα",NTU,0.222
01/07/2024,23.703939528461,38.019611224386,2090,Θολότητα,"Τελικό Αποτέλεσμα",NTU,0.304
01/07/2024,23.690026001721,38.014594179034,2100,Θολότητα,"Τελικό Αποτέλεσμα",NTU,0.197
01/07/2024,23.685635325645,38.011704015052,2110,Θολότητα,"Τελικό Αποτέλεσμα",NTU,0.145
01/07/2024,23.690688548717,38.006599310386,2130,Θολότητα,"Τελικό Αποτέλεσμα",NTU,0.123
01/07/2024,23.633719884257,38.014461935654,2140,Θολότητα,"Τελικό Αποτέλεσμα",NTU,0.109
01/07/2024,23.604369787474,38.011728905427,2150,Θολότητα,"Τελικό Αποτέλεσμα",NTU,0.104
01/07/2024,23.660482152024,38.003256233801,2160,Θολότητα,"Τελικό Αποτέλεσμα",NTU,0.338
01/07/2024,23.657213383477,37.990357336342,2170,Θολότητα,"Τελικό Αποτέλεσμα",NTU,0.091
01/07/2024,23.669685637381,37.991033114281,2180,Θολότητα,"Τελικό Αποτέλεσμα",NTU,0.131
01/07/2024,23.688272639454,37.992184760882,2190,Θολότητα,"Τελικό Αποτέλεσμα",NTU,0.238
01/07/2024,23.709037749626,37.994059545664,2210,Θολότητα,"Τελικό Αποτέλεσμα",NTU,0.161
01/07/2024,23.711670124237,37.998900962404,2220,Θολότητα,"Τελικό Αποτέλεσμα",NTU,0.175
01/07/2024,23.723966332053,38.00996468276,2240,Θολότητα,"Τελικό Αποτέλεσμα",NTU,0.165
01/07/2024,23.609081866002,38.010063327816,2250,Θολότητα,"Τελικό Αποτέλεσμα",NTU,0.144
01/07/2025,23.728501580857,38.021077305988,2010,Θολότητα,"Τελικό Αποτέλεσμα",NTU,0.266
01/07/2025,23.715167470658,38.064394448168,2020,Θολότητα,"Τελικό Αποτέλεσμα",NTU,0.186
01/07/2025,23.707472628441,38.062507031886,2030,Θολότητα,"Τελικό Αποτέλεσμα",NTU,0.18
01/07/2025,23.684521996488,38.043278569813,2050,Θολότητα,"Τελικό Αποτέλεσμα",NTU,0.259
01/07/2025,23.676225070778,38.038867972537,2060,Θολότητα,"Τελικό Αποτέλεσμα",NTU,0.132
01/07/2025,23.690708971278,38.03873977939,2070,Θολότητα,"Τελικό Αποτέλεσμα",NTU,0.219
01/07/2025,23.703939528461,38.019611224386,2090,Θολότητα,"Τελικό Αποτέλεσμα",NTU,0.131
01/07/2025,23.690026001721,38.014594179034,2100,Θολότητα,"Τελικό Αποτέλεσμα",NTU,0.131
01/07/2025,23.685635325645,38.011704015052,2110,Θολότητα,"Τελικό Αποτέλεσμα",NTU,0.374
01/07/2025,23.690688548717,38.006599310386,2130,Θολότητα,"Τελικό Αποτέλεσμα",NTU,0.174
01/07/2025,23.633719884257,38.014461935654,2140,Θολότητα,"Τελικό Αποτέλεσμα",NTU,0.172
01/07/2025,23.604369787474,38.011728905427,2150,Θολότητα,"Τελικό Αποτέλεσμα",NTU,0.13
01/07/2025,23.660482152024,38.003256233801,2160,Θολότητα,"Τελικό Αποτέλεσμα",NTU,0.189
01/07/2025,23.657213383477,37.990357336342,2170,Θολότητα,"Τελικό Αποτέλεσμα",NTU,0.182
01/07/2025,23.669685637381,37.991033114281,2180,Θολότητα,"Τελικό Αποτέλεσμα",NTU,0.145
01/07/2025,23.688272639454,37.992184760882,2190,Θολότητα,"Τελικό Αποτέλεσμα",NTU,0.711
01/07/2025,23.709037749626,37.994059545664,2210,Θολότητα,"Τελικό Αποτέλεσμα",NTU,0.119
01/07/2025,23.711670124237,37.998900962404,2220,Θολότητα,"Τελικό Αποτέλεσμα",NTU,0.288
01/07/2025,23.723966332053,38.00996468276,2240,Θολότητα,"Τελικό Αποτέλεσμα",NTU,0.135
01/07/2025,23.609081866002,38.010063327816,2250,Θολότητα,"Τελικό Αποτέλεσμα",NTU,0.163
01/07/2025,22.898432401038,38.254054888272,7011,Θολότητα,"Τελικό Αποτέλεσμα",NTU,0.285
01/08/2023,23.78300677,38.09159562,1940,Θολότητα,"Τελικό Αποτέλεσμα",NTU,0.22
01/08/2023,23.72850158,38.02107731,2010,Θολότητα,"Τελικό Αποτέλεσμα",NTU,0.266
01/08/2023,23.70747263,38.06250703,2030,Θολότητα,"Τελικό Αποτέλεσμα",NTU,0.321
01/08/2023,23.684522,38.04327857,2050,Θολότητα,"Τελικό Αποτέλεσμα",NTU,0.188
01/08/2023,23.67622507,38.03886797,2060,Θολότητα,"Τελικό Αποτέλεσμα",NTU,0.17
01/08/2023,23.71109252,38.03060497,2080,Θολότητα,"Τελικό Αποτέλεσμα",NTU,0.23
01/08/2023,23.70393953,38.01961122,2090,Θολότητα,"Τελικό Αποτέλεσμα",NTU,0.138
01/08/2023,23.690026,38.01459418,2100,Θολότητα,"Τελικό Αποτέλεσμα",NTU,0.13
01/08/2023,23.68563533,38.01170402,2110,Θολότητα,"Τελικό Αποτέλεσμα",NTU,0.22
01/08/2023,23.63371988,38.01446194,2140,Θολότητα,"Τελικό Αποτέλεσμα",NTU,0.366
01/08/2023,23.60436979,38.01172891,2150,Θολότητα,"Τελικό Αποτέλεσμα",NTU,0.109
01/08/2023,23.66048215,38.00325623,2160,Θολότητα,"Τελικό Αποτέλεσμα",NTU,0.099
01/08/2023,23.65721338,37.99035734,2170,Θολότητα,"Τελικό Αποτέλεσμα",NTU,0.108
01/08/2023,23.66968564,37.99103311,2180,Θολότητα,"Τελικό Αποτέλεσμα",NTU,0.106
01/08/2023,23.68827264,37.99218476,2190,Θολότητα,"Τελικό Αποτέλεσμα",NTU,0.158
01/08/2023,23.70903775,37.99405955,2210,Θολότητα,"Τελικό Αποτέλεσμα",NTU,0.137
01/08/2023,23.72396633,38.00996468,2240,Θολότητα,"Τελικό Αποτέλεσμα",NTU,0.215
01/08/2023,23.60908187,38.01006333,2250,Θολότητα,"Τελικό Αποτέλεσμα",NTU,0.144
01/08/2024,23.839340877075,38.008846343525,1910,Θολότητα,"Τελικό Αποτέλεσμα",NTU,0.36
01/08/2024,23.762975326718,38.014149073434,1951,Θολότητα,"Τελικό Αποτέλεσμα",NTU,0.179
01/08/2024,23.765100402535,38.018891552708,1952,Θολότητα,"Τελικό Αποτέλεσμα",NTU,0.194
01/08/2024,23.805701939805,37.98977288987,1953,Θολότητα,"Τελικό Αποτέλεσμα",NTU,0.17
01/08/2024,23.877462910757,38.060150004,1957,Θολότητα,"Τελικό Αποτέλεσμα",NTU,0.182
01/08/2024,23.850058780234,38.064487896413,1958,Θολότητα,"Τελικό Αποτέλεσμα",NTU,0.17
01/08/2024,23.871650152448,38.05010024616,1911,Θολότητα,"Τελικό Αποτέλεσμα",NTU,0.215
01/08/2024,23.728501580857,38.021077305988,2010,Θολότητα,"Τελικό Αποτέλεσμα",NTU,0.206
01/08/2024,23.715167470658,38.064394448168,2020,Θολότητα,"Τελικό Αποτέλεσμα",NTU,0.275
01/08/2024,23.707472628441,38.062507031886,2030,Θολότητα,"Τελικό Αποτέλεσμα",NTU,0.126
01/08/2024,23.684521996488,38.043278569813,2050,Θολότητα,"Τελικό Αποτέλεσμα",NTU,0.159
01/08/2024,23.676225070778,38.038867972537,2060,Θολότητα,"Τελικό Αποτέλεσμα",NTU,0.319
01/08/2024,23.690708971278,38.03873977939,2070,Θολότητα,"Τελικό Αποτέλεσμα",NTU,0.33
01/08/2024,23.711092519709,38.030604970232,2080,Θολότητα,"Τελικό Αποτέλεσμα",NTU,0.186
01/08/2024,23.703939528461,38.019611224386,2090,Θολότητα,"Τελικό Αποτέλεσμα",NTU,0.16
01/08/2024,23.690026001721,38.014594179034,2100,Θολότητα,"Τελικό Αποτέλεσμα",NTU,0.14
01/08/2024,23.685635325645,38.011704015052,2110,Θολότητα,"Τελικό Αποτέλεσμα",NTU,0.116
01/08/2024,23.690688548717,38.006599310386,2130,Θολότητα,"Τελικό Αποτέλεσμα",NTU,0.213
01/08/2024,23.633719884257,38.014461935654,2140,Θολότητα,"Τελικό Αποτέλεσμα",NTU,0.166
01/08/2024,23.604369787474,38.011728905427,2150,Θολότητα,"Τελικό Αποτέλεσμα",NTU,0.165
01/08/2024,23.660482152024,38.003256233801,2160,Θολότητα,"Τελικό Αποτέλεσμα",NTU,0.264
01/08/2024,23.657213383477,37.990357336342,2170,Θολότητα,"Τελικό Αποτέλεσμα",NTU,0.15
01/08/2024,23.669685637381,37.991033114281,2180,Θολότητα,"Τελικό Αποτέλεσμα",NTU,0.14
01/08/2024,23.688272639454,37.992184760882,2190,Θολότητα,"Τελικό Αποτέλεσμα",NTU,0.198
01/08/2024,23.709037749626,37.994059545664,2210,Θολότητα,"Τελικό Αποτέλεσμα",NTU,0.171
01/08/2024,23.711670124237,37.998900962404,2220,Θολότητα,"Τελικό Αποτέλεσμα",NTU,0.179
01/08/2024,23.723966332053,38.00996468276,2240,Θολότητα,"Τελικό Αποτέλεσμα",NTU,0.155
01/08/2024,23.609081866002,38.010063327816,2250,Θολότητα,"Τελικό Αποτέλεσμα",NTU,0.156
01/08/2024,23.783006772263,38.091595618101,1940,Θολότητα,"Τελικό Αποτέλεσμα",NTU,0.235
01/09/2023,23.78300677,38.09159562,1940,Θολότητα,"Τελικό Αποτέλεσμα",NTU,0.3
01/09/2023,23.72850158,38.02107731,2010,Θολότητα,"Τελικό Αποτέλεσμα",NTU,0.235
01/09/2023,23.71516747,38.06439445,2020,Θολότητα,"Τελικό Αποτέλεσμα",NTU,0.183
01/09/2023,23.70747263,38.06250703,2030,Θολότητα,"Τελικό Αποτέλεσμα",NTU,0.559
01/09/2023,23.684522,38.04327857,2050,Θολότητα,"Τελικό Αποτέλεσμα",NTU,0.192
01/09/2023,23.67622507,38.03886797,2060,Θολότητα,"Τελικό Αποτέλεσμα",NTU,0.232
01/09/2023,23.69070897,38.03873978,2070,Θολότητα,"Τελικό Αποτέλεσμα",NTU,0.522
01/09/2023,23.71109252,38.03060497,2080,Θολότητα,"Τελικό Αποτέλεσμα",NTU,0.202
01/09/2023,23.70393953,38.01961122,2090,Θολότητα,"Τελικό Αποτέλεσμα",NTU,0.229
01/09/2023,23.690026,38.01459418,2100,Θολότητα,"Τελικό Αποτέλεσμα",NTU,0.181
01/09/2023,23.68563533,38.01170402,2110,Θολότητα,"Τελικό Αποτέλεσμα",NTU,0.453
01/09/2023,23.63371988,38.01446194,2140,Θολότητα,"Τελικό Αποτέλεσμα",NTU,0.184
01/09/2023,23.60436979,38.01172891,2150,Θολότητα,"Τελικό Αποτέλεσμα",NTU,0.421
01/09/2023,23.66048215,38.00325623,2160,Θολότητα,"Τελικό Αποτέλεσμα",NTU,0.272
01/09/2023,23.65721338,37.99035734,2170,Θολότητα,"Τελικό Αποτέλεσμα",NTU,0.207
01/09/2023,23.66968564,37.99103311,2180,Θολότητα,"Τελικό Αποτέλεσμα",NTU,0.219
01/09/2023,23.68827264,37.99218476,2190,Θολότητα,"Τελικό Αποτέλεσμα",NTU,0.335
01/09/2023,23.70903775,37.99405955,2210,Θολότητα,"Τελικό Αποτέλεσμα",NTU,0.153
01/09/2023,23.71167012,37.99890096,2220,Θολότητα,"Τελικό Αποτέλεσμα",NTU,0.24
01/09/2023,23.72396633,38.00996468,2240,Θολότητα,"Τελικό Αποτέλεσμα",NTU,0.344
01/09/2023,23.60908187,38.01006333,2250,Θολότητα,"Τελικό Αποτέλεσμα",NTU,0.188
01/09/2024,23.783006772263,38.091595618101,1940,Θολότητα,"Τελικό Αποτέλεσμα",NTU,0.151
01/10/2023,23.78300677,38.09159562,1940,Θολότητα,"Τελικό Αποτέλεσμα",NTU,0.122
01/10/2024,22.898432401038,38.254054888272,7011,Θολότητα,"Τελικό Αποτέλεσμα",NTU,0.187
01/10/2024,23.848751638879,38.124166714577,4710,Θολότητα,"Τελικό Αποτέλεσμα",NTU,0.255
01/10/2024,23.908700098241,38.168241126955,4720,Θολότητα,"Τελικό Αποτέλεσμα",NTU,0.323
01/10/2024,24.034572330748,38.190401550712,4750,Θολότητα,"Τελικό Αποτέλεσμα",NTU,0.27
01/10/2024,23.977138138398,38.085743034532,4770,Θολότητα,"Τελικό Αποτέλεσμα",NTU,0.32
01/10/2024,23.989441223817,38.037783380352,4771,Θολότητα,"Τελικό Αποτέλεσμα",NTU,0.199
01/10/2024,24.012050710459,38.014370105797,4852,Θολότητα,"Τελικό Αποτέλεσμα",NTU,0.247
01/10/2024,24.007320013182,37.984167240863,4890,Θολότητα,"Τελικό Αποτέλεσμα",NTU,0.14
01/10/2024,23.90698069658,37.964512417317,4902,Θολότητα,"Τελικό Αποτέλεσμα",NTU,0.256
01/10/2024,23.973051962748,37.958463647889,4910,Θολότητα,"Τελικό Αποτέλεσμα",NTU,0.162
01/10/2024,23.783006772263,38.091595618101,1940,Θολότητα,"Τελικό Αποτέλεσμα",NTU,0.18
01/10/2024,23.818436102886,38.030152774666,191,Θολότητα,"Τελικό Αποτέλεσμα",NTU,0.22
01/10/2024,23.828980364763,38.043901820297,193,Θολότητα,"Τελικό Αποτέλεσμα",NTU,0.267
01/11/2023,23.78300677,38.09159562,1940,Θολότητα,"Τελικό Αποτέλεσμα",NTU,0.361
01/11/2023,23.64211712,37.93337194,146,Θολότητα,"Τελικό Αποτέλεσμα",NTU,0.275
01/11/2023,23.68542623,37.97707661,6010,Θολότητα,"Τελικό Αποτέλεσμα",NTU,0.127
01/11/2023,23.6601472,37.98029121,6020,Θολότητα,"Τελικό Αποτέλεσμα",NTU,0.166
01/11/2023,23.65618491,37.98059442,6030,Θολότητα,"Τελικό Αποτέλεσμα",NTU,0.282
01/11/2023,23.65342067,37.97688798,6040,Θολότητα,"Τελικό Αποτέλεσμα",NTU,0.252
01/11/2023,23.63989634,37.97755,6050,Θολότητα,"Τελικό Αποτέλεσμα",NTU,0.235
01/11/2023,23.64020099,37.97361646,6060,Θολότητα,"Τελικό Αποτέλεσμα",NTU,0.148
01/11/2023,23.63321043,37.96700035,6080,Θολότητα,"Τελικό Αποτέλεσμα",NTU,0.188
01/11/2023,23.62337019,37.95039855,6110,Θολότητα,"Τελικό Αποτέλεσμα",NTU,0.177
01/11/2023,23.63400949,37.95347226,6120,Θολότητα,"Τελικό Αποτέλεσμα",NTU,0.212
01/11/2023,23.63373384,37.95087389,6130,Θολότητα,"Τελικό Αποτέλεσμα",NTU,0.29
01/11/2023,23.6420689,37.92834411,6150,Θολότητα,"Τελικό Αποτέλεσμα",NTU,0.186
01/11/2023,23.62796265,37.93233446,6160,Θολότητα,"Τελικό Αποτέλεσμα",NTU,0.201
01/11/2023,23.65217193,37.93962271,6170,Θολότητα,"Τελικό Αποτέλεσμα",NTU,0.362
01/11/2023,23.67323412,37.94610991,6190,Θολότητα,"Τελικό Αποτέλεσμα",NTU,0.249
01/11/2023,23.68003741,37.94809685,6200,Θολότητα,"Τελικό Αποτέλεσμα",NTU,0.148
01/11/2023,23.69164396,37.94801301,6210,Θολότητα,"Τελικό Αποτέλεσμα",NTU,0.215
01/11/2023,23.69432319,37.9524174,6220,Θολότητα,"Τελικό Αποτέλεσμα",NTU,0.24
01/11/2023,23.64026269,37.93961412,6240,Θολότητα,"Τελικό Αποτέλεσμα",NTU,0.196
01/11/2023,23.98944122,38.03778338,4771,Θολότητα,"Τελικό Αποτέλεσμα",NTU,0.204
01/11/2024,23.728501580857,38.021077305988,2010,Θολότητα,"Τελικό Αποτέλεσμα",NTU,0.405
01/11/2024,23.715167470658,38.064394448168,2020,Θολότητα,"Τελικό Αποτέλεσμα",NTU,0.226
01/11/2024,23.707472628441,38.062507031886,2030,Θολότητα,"Τελικό Αποτέλεσμα",NTU,0.134
01/11/2024,23.684521996488,38.043278569813,2050,Θολότητα,"Τελικό Αποτέλεσμα",NTU,0.07
01/11/2024,23.676225070778,38.038867972537,2060,Θολότητα,"Τελικό Αποτέλεσμα",NTU,0.115
01/11/2024,23.690708971278,38.03873977939,2070,Θολότητα,"Τελικό Αποτέλεσμα",NTU,0.186
01/11/2024,23.711092519709,38.030604970232,2080,Θολότητα,"Τελικό Αποτέλεσμα",NTU,0.202
01/11/2024,23.703939528461,38.019611224386,2090,Θολότητα,"Τελικό Αποτέλεσμα",NTU,0.315
01/11/2024,23.690026001721,38.014594179034,2100,Θολότητα,"Τελικό Αποτέλεσμα",NTU,0.121
01/11/2024,23.685635325645,38.011704015052,2110,Θολότητα,"Τελικό Αποτέλεσμα",NTU,0.267
01/11/2024,23.690688548717,38.006599310386,2130,Θολότητα,"Τελικό Αποτέλεσμα",NTU,0.317
01/11/2024,23.633719884257,38.014461935654,2140,Θολότητα,"Τελικό Αποτέλεσμα",NTU,0.227
01/11/2024,23.604369787474,38.011728905427,2150,Θολότητα,"Τελικό Αποτέλεσμα",NTU,0.186
01/11/2024,23.660482152024,38.003256233801,2160,Θολότητα,"Τελικό Αποτέλεσμα",NTU,0.12
01/11/2024,23.657213383477,37.990357336342,2170,Θολότητα,"Τελικό Αποτέλεσμα",NTU,0.435
01/11/2024,23.669685637381,37.991033114281,2180,Θολότητα,"Τελικό Αποτέλεσμα",NTU,0.103
01/11/2024,23.688272639454,37.992184760882,2190,Θολότητα,"Τελικό Αποτέλεσμα",NTU,0.12
01/11/2024,23.709037749626,37.994059545664,2210,Θολότητα,"Τελικό Αποτέλεσμα",NTU,0.132
01/11/2024,23.711670124237,37.998900962404,2220,Θολότητα,"Τελικό Αποτέλεσμα",NTU,0.171
01/11/2024,23.723966332053,38.00996468276,2240,Θολότητα,"Τελικό Αποτέλεσμα",NTU,0.1
01/11/2024,23.609081866002,38.010063327816,2250,Θολότητα,"Τελικό Αποτέλεσμα",NTU,0.099
01/12/2023,23.78300677,38.09159562,1940,Θολότητα,"Τελικό Αποτέλεσμα",NTU,0.218
01/12/2023,23.84875164,38.12416671,4710,Θολότητα,"Τελικό Αποτέλεσμα",NTU,0.334
01/12/2023,23.72850158,38.02107731,2010,Θολότητα,"Τελικό Αποτέλεσμα",NTU,0.422
01/12/2023,23.71516747,38.06439445,2020,Θολότητα,"Τελικό Αποτέλεσμα",NTU,0.189
01/12/2023,23.70747263,38.06250703,2030,Θολότητα,"Τελικό Αποτέλεσμα",NTU,0.522
01/12/2023,23.684522,38.04327857,2050,Θολότητα,"Τελικό Αποτέλεσμα",NTU,0.427
01/12/2023,23.67622507,38.03886797,2060,Θολότητα,"Τελικό Αποτέλεσμα",NTU,0.337
01/12/2023,23.69070897,38.03873978,2070,Θολότητα,"Τελικό Αποτέλεσμα",NTU,0.179
01/12/2023,23.71109252,38.03060497,2080,Θολότητα,"Τελικό Αποτέλεσμα",NTU,0.151
01/12/2023,23.70393953,38.01961122,2090,Θολότητα,"Τελικό Αποτέλεσμα",NTU,0.652
01/12/2023,23.690026,38.01459418,2100,Θολότητα,"Τελικό Αποτέλεσμα",NTU,0.25
01/12/2023,23.68563533,38.01170402,2110,Θολότητα,"Τελικό Αποτέλεσμα",NTU,0.211
01/12/2023,23.69068855,38.00659931,2130,Θολότητα,"Τελικό Αποτέλεσμα",NTU,0.298
01/12/2023,23.63371988,38.01446194,2140,Θολότητα,"Τελικό Αποτέλεσμα",NTU,0.188
01/12/2023,23.60436979,38.01172891,2150,Θολότητα,"Τελικό Αποτέλεσμα",NTU,0.409
01/12/2023,23.66968564,37.99103311,2180,Θολότητα,"Τελικό Αποτέλεσμα",NTU,0.53
01/12/2023,23.65721338,37.99035734,2170,Θολότητα,"Τελικό Αποτέλεσμα",NTU,0.489
01/12/2023,23.70903775,37.99405955,2210,Θολότητα,"Τελικό Αποτέλεσμα",NTU,0.251
01/12/2023,23.72396633,38.00996468,2240,Θολότητα,"Τελικό Αποτέλεσμα",NTU,0.34
01/12/2023,23.60908187,38.01006333,2250,Θολότητα,"Τελικό Αποτέλεσμα",NTU,0.649
01/12/2024,23.783006772263,38.091595618101,1940,Θολότητα,"Τελικό Αποτέλεσμα",NTU,0.144
02/01/2023,23.78300677,38.09159562,1940,Θολότητα,"Τελικό Αποτέλεσμα",NTU,0.21
02/01/2025,23.783006772263,38.091595618101,1940,Θολότητα,"Τελικό Αποτέλεσμα",NTU,0.124
02/01/2025,24.052649352415,37.722493870117,170200,Θολότητα,"Τελικό Αποτέλεσμα",NTU,0.215
02/02/2023,23.78300677,38.09159562,1940,Θολότητα,"Τελικό Αποτέλεσμα",NTU,0.245
02/02/2023,23.85447866,38.05288412,105,Θολότητα,"Τελικό Αποτέλεσμα",NTU,0.399
02/02/2023,23.77682568,38.06522626,180,Θολότητα,"Τελικό Αποτέλεσμα",NTU,0.283
02/02/2023,23.83927879,38.06057978,185,Θολότητα,"Τελικό Αποτέλεσμα",NTU,0.25
02/02/2023,23.79478287,38.039643,230,Θολότητα,"Τελικό Αποτέλεσμα",NTU,0.307
02/02/2023,23.79465296,38.03514891,235,Θολότητα,"Τελικό Αποτέλεσμα",NTU,0.16
02/02/2023,23.75187919,38.03442418,3010,Θολότητα,"Τελικό Αποτέλεσμα",NTU,0.274
02/02/2023,23.75279316,38.04341932,3020,Θολότητα,"Τελικό Αποτέλεσμα",NTU,0.249
02/02/2023,23.75797185,38.05889094,3030,Θολότητα,"Τελικό Αποτέλεσμα",NTU,0.337
02/02/2023,23.80475064,38.09155778,3050,Θολότητα,"Τελικό Αποτέλεσμα",NTU,0.114
02/02/2023,23.8076845,38.07968756,3060,Θολότητα,"Τελικό Αποτέλεσμα",NTU,0.265
02/02/2023,23.82658845,38.06873396,3080,Θολότητα,"Τελικό Αποτέλεσμα",NTU,0.165
02/02/2023,23.85885083,38.00940503,3110,Θολότητα,"Τελικό Αποτέλεσμα",NTU,0.216
02/02/2023,23.88593611,38.00348657,3120,Θολότητα,"Τελικό Αποτέλεσμα",NTU,0.207
02/02/2023,23.88358142,38.00166538,3130,Θολότητα,"Τελικό Αποτέλεσμα",NTU,0.292
02/02/2023,23.83289436,38.00690221,3150,Θολότητα,"Τελικό Αποτέλεσμα",NTU,0.271
02/02/2023,23.8176997,37.99941782,3160,Θολότητα,"Τελικό Αποτέλεσμα",NTU,0.45
02/02/2023,23.79680957,37.99819507,3170,Θολότητα,"Τελικό Αποτέλεσμα",NTU,0.264
02/02/2023,23.79494863,37.99586454,3180,Θολότητα,"Τελικό Αποτέλεσμα",NTU,0.256
02/02/2023,23.79552655,37.98210489,3190,Θολότητα,"Τελικό Αποτέλεσμα",NTU,0.328
02/02/2023,23.78026269,38.00051154,3200,Θολότητα,"Τελικό Αποτέλεσμα",NTU,0.473
02/02/2023,23.78796777,38.0084814,3220,Θολότητα,"Τελικό Αποτέλεσμα",NTU,0.174
02/02/2023,23.78013336,38.01994403,3240,Θολότητα,"Τελικό Αποτέλεσμα",NTU,0.271
02/02/2023,23.78028136,38.04717905,3250,Θολότητα,"Τελικό Αποτέλεσμα",NTU,0.127
02/02/2023,23.81127403,38.04572875,3260,Θολότητα,"Τελικό Αποτέλεσμα",NTU,0.358
02/02/2023,23.85772963,38.05887086,3090,Θολότητα,"Τελικό Αποτέλεσμα",NTU,0.078
02/02/2025,23.783006772263,38.091595618101,1940,Θολότητα,"Τελικό Αποτέλεσμα",NTU,0.275
02/03/2023,23.53153657,38.07172532,2260,Θολότητα,"Τελικό Αποτέλεσμα",NTU,0.095
02/03/2023,23.75121334,38.12052926,2270,Θολότητα,"Τελικό Αποτέλεσμα",NTU,0.142
02/03/2023,23.78300677,38.09159562,1940,Θολότητα,"Τελικό Αποτέλεσμα",NTU,0.291
02/03/2023,23.85447866,38.05288412,105,Θολότητα,"Τελικό Αποτέλεσμα",NTU,0.144
02/03/2023,23.77682568,38.06522626,180,Θολότητα,"Τελικό Αποτέλεσμα",NTU,0.283
02/03/2023,23.83927879,38.06057978,185,Θολότητα,"Τελικό Αποτέλεσμα",NTU,0.238
02/03/2023,23.79478287,38.039643,230,Θολότητα,"Τελικό Αποτέλεσμα",NTU,0.24
02/03/2023,23.79465296,38.03514891,235,Θολότητα,"Τελικό Αποτέλεσμα",NTU,0.211
02/03/2023,23.75187919,38.03442418,3010,Θολότητα,"Τελικό Αποτέλεσμα",NTU,0.255
02/03/2023,23.75279316,38.04341932,3020,Θολότητα,"Τελικό Αποτέλεσμα",NTU,0.12
02/03/2023,23.75797185,38.05889094,3030,Θολότητα,"Τελικό Αποτέλεσμα",NTU,0.27
02/03/2023,23.80475064,38.09155778,3050,Θολότητα,"Τελικό Αποτέλεσμα",NTU,0.09
02/03/2023,23.8076845,38.07968756,3060,Θολότητα,"Τελικό Αποτέλεσμα",NTU,0.083
02/03/2023,23.85772963,38.05887086,3090,Θολότητα,"Τελικό Αποτέλεσμα",NTU,0.133
02/03/2023,23.85885083,38.00940503,3110,Θολότητα,"Τελικό Αποτέλεσμα",NTU,0.283
02/03/2023,23.88593611,38.00348657,3120,Θολότητα,"Τελικό Αποτέλεσμα",NTU,0.59
02/03/2023,23.88358142,38.00166538,3130,Θολότητα,"Τελικό Αποτέλεσμα",NTU,0.261
02/03/2023,23.83289436,38.00690221,3150,Θολότητα,"Τελικό Αποτέλεσμα",NTU,0.345
02/03/2023,23.8176997,37.99941782,3160,Θολότητα,"Τελικό Αποτέλεσμα",NTU,0.175
02/03/2023,23.79680957,37.99819507,3170,Θολότητα,"Τελικό Αποτέλεσμα",NTU,0.214
02/03/2023,23.79494863,37.99586454,3180,Θολότητα,"Τελικό Αποτέλεσμα",NTU,0.284
02/03/2023,23.79552655,37.98210489,3190,Θολότητα,"Τελικό Αποτέλεσμα",NTU,0.198
02/03/2023,23.78026269,38.00051154,3200,Θολότητα,"Τελικό Αποτέλεσμα",NTU,0.218
02/03/2023,23.78796777,38.0084814,3220,Θολότητα,"Τελικό Αποτέλεσμα",NTU,0.308
02/03/2023,23.78013336,38.01994403,3240,Θολότητα,"Τελικό Αποτέλεσμα",NTU,0.148
02/03/2023,23.78028136,38.04717905,3250,Θολότητα,"Τελικό Αποτέλεσμα",NTU,0.134
02/03/2023,23.81127403,38.04572875,3260,Θολότητα,"Τελικό Αποτέλεσμα",NTU,0.215
02/04/2023,23.78300677,38.09159562,1940,Θολότητα,"Τελικό Αποτέλεσμα",NTU,0.317
02/04/2025,23.850253213448,37.989943855969,6600,Θολότητα,"Τελικό Αποτέλεσμα",NTU,0.215
02/04/2025,23.882150670691,37.905502833197,6610,Θολότητα,"Τελικό Αποτέλεσμα",NTU,0.185
02/04/2025,23.950343222474,37.894345298849,6622,Θολότητα,"Τελικό Αποτέλεσμα",NTU,0.156
02/04/2025,24.02347684584,37.896105381073,6635,Θολότητα,"Τελικό Αποτέλεσμα",NTU,0.226
02/04/2025,23.971119096034,37.811031057644,6640,Θολότητα,"Τελικό Αποτέλεσμα",NTU,0.137
02/04/2025,24.050944478239,37.703992213554,6651,Θολότητα,"Τελικό Αποτέλεσμα",NTU,0.303
02/04/2025,23.954942341285,37.751713589169,6690,Θολότητα,"Τελικό Αποτέλεσμα",NTU,0.291
02/04/2025,23.923610473266,37.731018793535,6700,Θολότητα,"Τελικό Αποτέλεσμα",NTU,0.229
02/04/2025,23.903489728858,37.82055313721,6705,Θολότητα,"Τελικό Αποτέλεσμα",NTU,0.267
02/04/2025,23.890136444211,37.781360609525,6706,Θολότητα,"Τελικό Αποτέλεσμα",NTU,0.147
02/04/2025,23.818436102886,38.030152774666,191,Θολότητα,"Τελικό Αποτέλεσμα",NTU,0.88
02/04/2025,23.828980364763,38.043901820297,193,Θολότητα,"Τελικό Αποτέλεσμα",NTU,0.184
02/04/2025,23.783006772263,38.091595618101,1940,Θολότητα,"Τελικό Αποτέλεσμα",NTU,0.148
02/04/2025,23.772903712691,37.94499326751,1961,Θολότητα,"Τελικό Αποτέλεσμα",NTU,0.684
02/04/2025,23.775659857879,37.946436566217,1962,Θολότητα,"Τελικό Αποτέλεσμα",NTU,0.312
02/05/2023,23.78300677,38.09159562,1940,Θολότητα,"Τελικό Αποτέλεσμα",NTU,0.383
02/05/2023,23.72850158,38.02107731,2010,Θολότητα,"Τελικό Αποτέλεσμα",NTU,0.301
02/05/2023,23.71516747,38.06439445,2020,Θολότητα,"Τελικό Αποτέλεσμα",NTU,0.762
02/05/2023,23.70747263,38.06250703,2030,Θολότητα,"Τελικό Αποτέλεσμα",NTU,0.416
02/05/2023,23.684522,38.04327857,2050,Θολότητα,"Τελικό Αποτέλεσμα",NTU,0.271
02/05/2023,23.67622507,38.03886797,2060,Θολότητα,"Τελικό Αποτέλεσμα",NTU,0.2
02/05/2023,23.69070897,38.03873978,2070,Θολότητα,"Τελικό Αποτέλεσμα",NTU,0.259
02/05/2023,23.71109252,38.03060497,2080,Θολότητα,"Τελικό Αποτέλεσμα",NTU,0.256
02/05/2023,23.70393953,38.01961122,2090,Θολότητα,"Τελικό Αποτέλεσμα",NTU,0.18
02/05/2023,23.690026,38.01459418,2100,Θολότητα,"Τελικό Αποτέλεσμα",NTU,0.242
02/05/2023,23.68563533,38.01170402,2110,Θολότητα,"Τελικό Αποτέλεσμα",NTU,0.303
02/05/2023,23.69068855,38.00659931,2130,Θολότητα,"Τελικό Αποτέλεσμα",NTU,0.099
02/05/2023,23.63371988,38.01446194,2140,Θολότητα,"Τελικό Αποτέλεσμα",NTU,0.213
02/05/2023,23.60436979,38.01172891,2150,Θολότητα,"Τελικό Αποτέλεσμα",NTU,0.224
02/05/2023,23.66048215,38.00325623,2160,Θολότητα,"Τελικό Αποτέλεσμα",NTU,0.261
02/05/2023,23.65721338,37.99035734,2170,Θολότητα,"Τελικό Αποτέλεσμα",NTU,0.108
02/05/2023,23.66968564,37.99103311,2180,Θολότητα,"Τελικό Αποτέλεσμα",NTU,0.236
02/05/2023,23.68827264,37.99218476,2190,Θολότητα,"Τελικό Αποτέλεσμα",NTU,0.306
02/05/2023,23.70903775,37.99405955,2210,Θολότητα,"Τελικό Αποτέλεσμα",NTU,0.22
02/05/2023,23.71167012,37.99890096,2220,Θολότητα,"Τελικό Αποτέλεσμα",NTU,0.766
02/05/2023,23.72396633,38.00996468,2240,Θολότητα,"Τελικό Αποτέλεσμα",NTU,0.231
02/05/2023,23.60908187,38.01006333,2250,Θολότητα,"Τελικό Αποτέλεσμα",NTU,0.247
02/05/2024,23.783006772263,38.091595618101,1940,Θολότητα,"Τελικό Αποτέλεσμα",NTU,0.265
02/05/2024,23.854478659062,38.052884117638,105,Θολότητα,"Τελικό Αποτέλεσμα",NTU,0.327
02/05/2024,23.776825675098,38.065226258806,180,Θολότητα,"Τελικό Αποτέλεσμα",NTU,0.322
02/05/2024,23.794782865204,38.039643002291,230,Θολότητα,"Τελικό Αποτέλεσμα",NTU,0.146
02/05/2024,23.794652964206,38.035148911359,235,Θολότητα,"Τελικό Αποτέλεσμα",NTU,0.327
02/05/2024,23.751879192533,38.034424177094,3010,Θολότητα,"Τελικό Αποτέλεσμα",NTU,0.283
02/05/2024,23.752793157246,38.043419319626,3020,Θολότητα,"Τελικό Αποτέλεσμα",NTU,0.298
02/05/2024,23.757971853364,38.058890938524,3030,Θολότητα,"Τελικό Αποτέλεσμα",NTU,0.313
02/05/2024,23.804750637211,38.091557777528,3050,Θολότητα,"Τελικό Αποτέλεσμα",NTU,0.405
02/05/2024,23.807684504112,38.079687557148,3060,Θολότητα,"Τελικό Αποτέλεσμα",NTU,0.286
02/05/2024,23.826588445352,38.068733964465,3080,Θολότητα,"Τελικό Αποτέλεσμα",NTU,0.277
02/05/2024,23.857729632516,38.058870858803,3090,Θολότητα,"Τελικό Αποτέλεσμα",NTU,0.279
02/05/2024,23.858850831498,38.009405027534,3110,Θολότητα,"Τελικό Αποτέλεσμα",NTU,0.488
02/05/2024,23.885936114707,38.003486571993,3120,Θολότητα,"Τελικό Αποτέλεσμα",NTU,0.371
02/05/2024,23.883581420117,38.001665382065,3130,Θολότητα,"Τελικό Αποτέλεσμα",NTU,0.288
02/05/2024,23.832894356592,38.006902214705,3150,Θολότητα,"Τελικό Αποτέλεσμα",NTU,0.185
02/05/2024,23.817699699893,37.999417823294,3160,Θολότητα,"Τελικό Αποτέλεσμα",NTU,0.406
02/05/2024,23.796809568113,37.998195065074,3170,Θολότητα,"Τελικό Αποτέλεσμα",NTU,0.547
02/05/2024,23.794948631404,37.99586453832,3180,Θολότητα,"Τελικό Αποτέλεσμα",NTU,0.371
02/05/2024,23.795526554539,37.982104892246,3190,Θολότητα,"Τελικό Αποτέλεσμα",NTU,0.285
02/05/2024,23.780262690434,38.00051153767,3200,Θολότητα,"Τελικό Αποτέλεσμα",NTU,0.313
02/05/2024,23.787967770047,38.008481399044,3220,Θολότητα,"Τελικό Αποτέλεσμα",NTU,0.188
02/05/2024,23.780133361397,38.019944025229,3240,Θολότητα,"Τελικό Αποτέλεσμα",NTU,0.203
02/05/2024,23.780281362583,38.047179053493,3250,Θολότητα,"Τελικό Αποτέλεσμα",NTU,0.277
02/05/2024,23.811274027343,38.045728748791,3260,Θολότητα,"Τελικό Αποτέλεσμα",NTU,0.315
02/05/2025,23.783006772263,38.091595618101,1940,Θολότητα,"Τελικό Αποτέλεσμα",NTU,0.188
02/05/2025,23.728501580857,38.021077305988,2010,Θολότητα,"Τελικό Αποτέλεσμα",NTU,0.27
02/05/2025,23.715167470658,38.064394448168,2020,Θολότητα,"Τελικό Αποτέλεσμα",NTU,0.209
02/05/2025,23.707472628441,38.062507031886,2030,Θολότητα,"Τελικό Αποτέλεσμα",NTU,0.507
02/05/2025,23.684521996488,38.043278569813,2050,Θολότητα,"Τελικό Αποτέλεσμα",NTU,0.175
02/05/2025,23.676225070778,38.038867972537,2060,Θολότητα,"Τελικό Αποτέλεσμα",NTU,0.245
02/05/2025,23.690708971278,38.03873977939,2070,Θολότητα,"Τελικό Αποτέλεσμα",NTU,0.371
02/05/2025,23.711092519709,38.030604970232,2080,Θολότητα,"Τελικό Αποτέλεσμα",NTU,0.178
02/05/2025,23.703939528461,38.019611224386,2090,Θολότητα,"Τελικό Αποτέλεσμα",NTU,0.238
02/05/2025,23.690026001721,38.014594179034,2100,Θολότητα,"Τελικό Αποτέλεσμα",NTU,0.137
02/05/2025,23.685635325645,38.011704015052,2110,Θολότητα,"Τελικό Αποτέλεσμα",NTU,0.161
02/05/2025,23.690688548717,38.006599310386,2130,Θολότητα,"Τελικό Αποτέλεσμα",NTU,0.214
02/05/2025,23.633719884257,38.014461935654,2140,Θολότητα,"Τελικό Αποτέλεσμα",NTU,0.158
02/05/2025,23.604369787474,38.011728905427,2150,Θολότητα,"Τελικό Αποτέλεσμα",NTU,0.411
02/05/2025,23.660482152024,38.003256233801,2160,Θολότητα,"Τελικό Αποτέλεσμα",NTU,0.293
02/05/2025,23.657213383477,37.990357336342,2170,Θολότητα,"Τελικό Αποτέλεσμα",NTU,0.23
02/05/2025,23.669685637381,37.991033114281,2180,Θολότητα,"Τελικό Αποτέλεσμα",NTU,0.154
02/05/2025,23.688272639454,37.992184760882,2190,Θολότητα,"Τελικό Αποτέλεσμα",NTU,0.178
02/05/2025,23.709037749626,37.994059545664,2210,Θολότητα,"Τελικό Αποτέλεσμα",NTU,0.234
02/05/2025,23.711670124237,37.998900962404,2220,Θολότητα,"Τελικό Αποτέλεσμα",NTU,0.184
02/05/2025,23.723966332053,38.00996468276,2240,Θολότητα,"Τελικό Αποτέλεσμα",NTU,0.138
02/05/2025,23.609081866002,38.010063327816,2250,Θολότητα,"Τελικό Αποτέλεσμα",NTU,0.185
02/06/2023,23.85447866,38.05288412,105,Θολότητα,"Τελικό Αποτέλεσμα",NTU,0.192
02/06/2023,23.77682568,38.06522626,180,Θολότητα,"Τελικό Αποτέλεσμα",NTU,0.156
02/06/2023,23.83927879,38.06057978,185,Θολότητα,"Τελικό Αποτέλεσμα",NTU,0.203
02/06/2023,23.79478287,38.039643,230,Θολότητα,"Τελικό Αποτέλεσμα",NTU,0.455
02/06/2023,23.79465296,38.03514891,235,Θολότητα,"Τελικό Αποτέλεσμα",NTU,0.231
02/06/2023,23.75187919,38.03442418,3010,Θολότητα,"Τελικό Αποτέλεσμα",NTU,0.23
02/06/2023,23.75279316,38.04341932,3020,Θολότητα,"Τελικό Αποτέλεσμα",NTU,0.238
02/06/2023,23.75797185,38.05889094,3030,Θολότητα,"Τελικό Αποτέλεσμα",NTU,0.233
02/06/2023,23.80475064,38.09155778,3050,Θολότητα,"Τελικό Αποτέλεσμα",NTU,0.154
02/06/2023,23.8076845,38.07968756,3060,Θολότητα,"Τελικό Αποτέλεσμα",NTU,0.173
02/06/2023,23.82658845,38.06873396,3080,Θολότητα,"Τελικό Αποτέλεσμα",NTU,0.085
02/06/2023,23.85772963,38.05887086,3090,Θολότητα,"Τελικό Αποτέλεσμα",NTU,0.394
02/06/2023,23.85885083,38.00940503,3110,Θολότητα,"Τελικό Αποτέλεσμα",NTU,0.117
02/06/2023,23.88358142,38.00166538,3130,Θολότητα,"Τελικό Αποτέλεσμα",NTU,0.451
02/06/2023,23.83289436,38.00690221,3150,Θολότητα,"Τελικό Αποτέλεσμα",NTU,0.261
02/06/2023,23.8176997,37.99941782,3160,Θολότητα,"Τελικό Αποτέλεσμα",NTU,0.23
02/06/2023,23.79494863,37.99586454,3180,Θολότητα,"Τελικό Αποτέλεσμα",NTU,0.614
02/06/2023,23.79552655,37.98210489,3190,Θολότητα,"Τελικό Αποτέλεσμα",NTU,0.539
02/06/2023,23.78026269,38.00051154,3200,Θολότητα,"Τελικό Αποτέλεσμα",NTU,0.273
02/06/2023,23.78796777,38.0084814,3220,Θολότητα,"Τελικό Αποτέλεσμα",NTU,0.433
02/06/2023,23.78013336,38.01994403,3240,Θολότητα,"Τελικό Αποτέλεσμα",NTU,0.317
02/06/2023,23.78028136,38.04717905,3250,Θολότητα,"Τελικό Αποτέλεσμα",NTU,0.195
02/06/2023,23.81127403,38.04572875,3260,Θολότητα,"Τελικό Αποτέλεσμα",NTU,0.198
02/06/2023,23.78300677,38.09159562,1940,Θολότητα,"Τελικό Αποτέλεσμα",NTU,0.203
02/06/2024,23.783006772263,38.091595618101,1940,Θολότητα,"Τελικό Αποτέλεσμα",NTU,0.275
02/06/2025,23.728501580857,38.021077305988,2010,Θολότητα,"Τελικό Αποτέλεσμα",NTU,0.229
02/06/2025,23.715167470658,38.064394448168,2020,Θολότητα,"Τελικό Αποτέλεσμα",NTU,0.419
02/06/2025,23.707472628441,38.062507031886,2030,Θολότητα,"Τελικό Αποτέλεσμα",NTU,0.217
02/06/2025,23.684521996488,38.043278569813,2050,Θολότητα,"Τελικό Αποτέλεσμα",NTU,0.533
02/06/2025,23.676225070778,38.038867972537,2060,Θολότητα,"Τελικό Αποτέλεσμα",NTU,0.269
02/06/2025,23.690708971278,38.03873977939,2070,Θολότητα,"Τελικό Αποτέλεσμα",NTU,0.303
02/06/2025,23.711092519709,38.030604970232,2080,Θολότητα,"Τελικό Αποτέλεσμα",NTU,0.232
02/06/2025,23.703939528461,38.019611224386,2090,Θολότητα,"Τελικό Αποτέλεσμα",NTU,0.333
02/06/2025,23.690026001721,38.014594179034,2100,Θολότητα,"Τελικό Αποτέλεσμα",NTU,0.348
02/06/2025,23.685635325645,38.011704015052,2110,Θολότητα,"Τελικό Αποτέλεσμα",NTU,0.357
02/06/2025,23.690688548717,38.006599310386,2130,Θολότητα,"Τελικό Αποτέλεσμα",NTU,0.236
02/06/2025,23.633719884257,38.014461935654,2140,Θολότητα,"Τελικό Αποτέλεσμα",NTU,0.173
02/06/2025,23.604369787474,38.011728905427,2150,Θολότητα,"Τελικό Αποτέλεσμα",NTU,0.347
02/06/2025,23.660482152024,38.003256233801,2160,Θολότητα,"Τελικό Αποτέλεσμα",NTU,0.17
02/06/2025,23.657213383477,37.990357336342,2170,Θολότητα,"Τελικό Αποτέλεσμα",NTU,0.157
02/06/2025,23.669685637381,37.991033114281,2180,Θολότητα,"Τελικό Αποτέλεσμα",NTU,0.157
02/06/2025,23.688272639454,37.992184760882,2190,Θολότητα,"Τελικό Αποτέλεσμα",NTU,0.185
02/06/2025,23.709037749626,37.994059545664,2210,Θολότητα,"Τελικό Αποτέλεσμα",NTU,0.155
02/06/2025,23.711670124237,37.998900962404,2220,Θολότητα,"Τελικό Αποτέλεσμα",NTU,0.197
02/06/2025,23.723966332053,38.00996468276,2240,Θολότητα,"Τελικό Αποτέλεσμα",NTU,0.298
02/06/2025,23.609081866002,38.010063327816,2250,Θολότητα,"Τελικό Αποτέλεσμα",NTU,0.242
02/06/2025,23.828980364763,38.043901820297,193,Θολότητα,"Τελικό Αποτέλεσμα",NTU,0.313
02/07/2023,23.78300677,38.09159562,1940,Θολότητα,"Τελικό Αποτέλεσμα",NTU,0.245
02/07/2024,22.898432401038,38.254054888272,7011,Θολότητα,"Τελικό Αποτέλεσμα",NTU,0.283
02/07/2024,23.531536570322,38.071725317014,2260,Θολότητα,"Τελικό Αποτέλεσμα",NTU,0.481
02/07/2024,23.751213344423,38.120529261783,2270,Θολότητα,"Τελικό Αποτέλεσμα",NTU,0.4
02/07/2024,23.783006772263,38.091595618101,1940,Θολότητα,"Τελικό Αποτέλεσμα",NTU,0.264
02/07/2024,23.854478659062,38.052884117638,105,Θολότητα,"Τελικό Αποτέλεσμα",NTU,0.285
02/07/2024,23.794782865204,38.039643002291,230,Θολότητα,"Τελικό Αποτέλεσμα",NTU,0.235
02/07/2024,23.794652964206,38.035148911359,235,Θολότητα,"Τελικό Αποτέλεσμα",NTU,0.603
02/07/2024,23.794882287985,37.837449849635,1912,Θολότητα,"Τελικό Αποτέλεσμα",NTU,0.263
02/07/2024,23.772903712691,37.94499326751,1961,Θολότητα,"Τελικό Αποτέλεσμα",NTU,0.381
02/07/2024,23.775659857879,37.946436566217,1962,Θολότητα,"Τελικό Αποτέλεσμα",NTU,0.849
02/07/2024,23.781989618407,37.85753891633,1964,Θολότητα,"Τελικό Αποτέλεσμα",NTU,0.301
02/07/2024,23.857729632516,38.058870858803,3090,Θολότητα,"Τελικό Αποτέλεσμα",NTU,0.106
02/07/2024,23.796809568113,37.998195065074,3170,Θολότητα,"Τελικό Αποτέλεσμα",NTU,0.532
02/07/2024,23.780281362583,38.047179053493,3250,Θολότητα,"Τελικό Αποτέλεσμα",NTU,0.386
02/07/2024,23.776825675098,38.065226258806,180,Θολότητα,"Τελικό Αποτέλεσμα",NTU,0.581
02/07/2025,23.839340877075,38.008846343525,1910,Θολότητα,"Τελικό Αποτέλεσμα",NTU,0.278
02/07/2025,23.834058289847,38.055035361725,13210,Θολότητα,"Τελικό Αποτέλεσμα",NTU,0.218
02/07/2025,23.765100402535,38.018891552708,1952,Θολότητα,"Τελικό Αποτέλεσμα",NTU,0.361
02/07/2025,23.805701939805,37.98977288987,1953,Θολότητα,"Τελικό Αποτέλεσμα",NTU,0.189
02/07/2025,23.877462910757,38.060150004,1957,Θολότητα,"Τελικό Αποτέλεσμα",NTU,0.192
02/07/2025,23.850058780234,38.064487896413,1958,Θολότητα,"Τελικό Αποτέλεσμα",NTU,0.191
02/07/2025,23.871650152448,38.05010024616,1911,Θολότητα,"Τελικό Αποτέλεσμα",NTU,0.213
02/07/2025,23.776825675098,38.065226258806,180,Θολότητα,"Τελικό Αποτέλεσμα",NTU,0.291
02/07/2025,23.794782865204,38.039643002291,230,Θολότητα,"Τελικό Αποτέλεσμα",NTU,0.277
02/07/2025,23.794652964206,38.035148911359,235,Θολότητα,"Τελικό Αποτέλεσμα",NTU,0.223
02/07/2025,23.751879192533,38.034424177094,3010,Θολότητα,"Τελικό Αποτέλεσμα",NTU,0.25
02/07/2025,23.752793157246,38.043419319626,3020,Θολότητα,"Τελικό Αποτέλεσμα",NTU,0.189
02/07/2025,23.757971853364,38.058890938524,3030,Θολότητα,"Τελικό Αποτέλεσμα",NTU,0.304
02/07/2025,23.762911148418,38.063332209074,3040,Θολότητα,"Τελικό Αποτέλεσμα",NTU,0.27
02/07/2025,23.807684504112,38.079687557148,3060,Θολότητα,"Τελικό Αποτέλεσμα",NTU,0.195
02/07/2025,23.857729632516,38.058870858803,3090,Θολότητα,"Τελικό Αποτέλεσμα",NTU,0.224
02/07/2025,23.858850831498,38.009405027534,3110,Θολότητα,"Τελικό Αποτέλεσμα",NTU,0.209
02/07/2025,23.832894356592,38.006902214705,3150,Θολότητα,"Τελικό Αποτέλεσμα",NTU,0.294
02/07/2025,23.817699699893,37.999417823294,3160,Θολότητα,"Τελικό Αποτέλεσμα",NTU,0.258
02/07/2025,23.796809568113,37.998195065074,3170,Θολότητα,"Τελικό Αποτέλεσμα",NTU,0.5
02/07/2025,23.794948631404,37.99586453832,3180,Θολότητα,"Τελικό Αποτέλεσμα",NTU,0.311
02/07/2025,23.795526554539,37.982104892246,3190,Θολότητα,"Τελικό Αποτέλεσμα",NTU,0.361
02/07/2025,23.780262690434,38.00051153767,3200,Θολότητα,"Τελικό Αποτέλεσμα",NTU,0.248
02/07/2025,23.787967770047,38.008481399044,3220,Θολότητα,"Τελικό Αποτέλεσμα",NTU,0.222
02/07/2025,23.780133361397,38.019944025229,3240,Θολότητα,"Τελικό Αποτέλεσμα",NTU,0.215
02/07/2025,23.811274027343,38.045728748791,3260,Θολότητα,"Τελικό Αποτέλεσμα",NTU,0.311
02/08/2023,23.64211712,37.93337194,146,Θολότητα,"Τελικό Αποτέλεσμα",NTU,0.216
02/08/2023,23.68542623,37.97707661,6010,Θολότητα,"Τελικό Αποτέλεσμα",NTU,0.224
02/08/2023,23.6601472,37.98029121,6020,Θολότητα,"Τελικό Αποτέλεσμα",NTU,0.088
02/08/2023,23.65618491,37.98059442,6030,Θολότητα,"Τελικό Αποτέλεσμα",NTU,0.122
02/08/2023,23.65342067,37.97688798,6040,Θολότητα,"Τελικό Αποτέλεσμα",NTU,0.068
02/08/2023,23.63989634,37.97755,6050,Θολότητα,"Τελικό Αποτέλεσμα",NTU,0.145
02/08/2023,23.64020099,37.97361646,6060,Θολότητα,"Τελικό Αποτέλεσμα",NTU,0.114
02/08/2023,23.63321043,37.96700035,6080,Θολότητα,"Τελικό Αποτέλεσμα",NTU,0.272
02/08/2023,23.62337019,37.95039855,6110,Θολότητα,"Τελικό Αποτέλεσμα",NTU,0.118
02/08/2023,23.63400949,37.95347226,6120,Θολότητα,"Τελικό Αποτέλεσμα",NTU,0.24
02/08/2023,23.6420689,37.92834411,6150,Θολότητα,"Τελικό Αποτέλεσμα",NTU,0.108
02/08/2023,23.62796265,37.93233446,6160,Θολότητα,"Τελικό Αποτέλεσμα",NTU,0.083
02/08/2023,23.65217193,37.93962271,6170,Θολότητα,"Τελικό Αποτέλεσμα",NTU,0.089
02/08/2023,23.67323412,37.94610991,6190,Θολότητα,"Τελικό Αποτέλεσμα",NTU,0.086
02/08/2023,23.69164396,37.94801301,6210,Θολότητα,"Τελικό Αποτέλεσμα",NTU,0.153
02/08/2023,23.69432319,37.9524174,6220,Θολότητα,"Τελικό Αποτέλεσμα",NTU,0.103
02/08/2023,23.64026269,37.93961412,6240,Θολότητα,"Τελικό Αποτέλεσμα",NTU,0.322
02/08/2023,23.78300677,38.09159562,1940,Θολότητα,"Τελικό Αποτέλεσμα",NTU,0.284
02/08/2024,23.854478659062,38.052884117638,105,Θολότητα,"Τελικό Αποτέλεσμα",NTU,0.27
02/08/2024,23.776825675098,38.065226258806,180,Θολότητα,"Τελικό Αποτέλεσμα",NTU,0.269
02/08/2024,23.794782865204,38.039643002291,230,Θολότητα,"Τελικό Αποτέλεσμα",NTU,0.197
02/08/2024,23.794652964206,38.035148911359,235,Θολότητα,"Τελικό Αποτέλεσμα",NTU,0.261
02/08/2024,23.751879192533,38.034424177094,3010,Θολότητα,"Τελικό Αποτέλεσμα",NTU,0.174
02/08/2024,23.752793157246,38.043419319626,3020,Θολότητα,"Τελικό Αποτέλεσμα",NTU,0.355
02/08/2024,23.757971853364,38.058890938524,3030,Θολότητα,"Τελικό Αποτέλεσμα",NTU,0.256
02/08/2024,23.804750637211,38.091557777528,3050,Θολότητα,"Τελικό Αποτέλεσμα",NTU,0.178
02/08/2024,23.807684504112,38.079687557148,3060,Θολότητα,"Τελικό Αποτέλεσμα",NTU,0.193
02/08/2024,23.857729632516,38.058870858803,3090,Θολότητα,"Τελικό Αποτέλεσμα",NTU,0.23
02/08/2024,23.885936114707,38.003486571993,3120,Θολότητα,"Τελικό Αποτέλεσμα",NTU,0.127
02/08/2024,23.883581420117,38.001665382065,3130,Θολότητα,"Τελικό Αποτέλεσμα",NTU,0.387
02/08/2024,23.832894356592,38.006902214705,3150,Θολότητα,"Τελικό Αποτέλεσμα",NTU,0.194
02/08/2024,23.817699699893,37.999417823294,3160,Θολότητα,"Τελικό Αποτέλεσμα",NTU,0.274
02/08/2024,23.796809568113,37.998195065074,3170,Θολότητα,"Τελικό Αποτέλεσμα",NTU,0.305
02/08/2024,23.794948631404,37.99586453832,3180,Θολότητα,"Τελικό Αποτέλεσμα",NTU,0.17
02/08/2024,23.795526554539,37.982104892246,3190,Θολότητα,"Τελικό Αποτέλεσμα",NTU,0.11
02/08/2024,23.780262690434,38.00051153767,3200,Θολότητα,"Τελικό Αποτέλεσμα",NTU,0.224
02/08/2024,23.787967770047,38.008481399044,3220,Θολότητα,"Τελικό Αποτέλεσμα",NTU,0.292
02/08/2024,23.780133361397,38.019944025229,3240,Θολότητα,"Τελικό Αποτέλεσμα",NTU,0.175
02/08/2024,23.811274027343,38.045728748791,3260,Θολότητα,"Τελικό Αποτέλεσμα",NTU,0.349
02/08/2024,23.783006772263,38.091595618101,1940,Θολότητα,"Τελικό Αποτέλεσμα",NTU,0.29
02/09/2023,23.78300677,38.09159562,1940,Θολότητα,"Τελικό Αποτέλεσμα",NTU,0.237
02/09/2024,23.783006772263,38.091595618101,1940,Θολότητα,"Τελικό Αποτέλεσμα",NTU,0.137
02/09/2024,23.850253213448,37.989943855969,6600,Θολότητα,"Τελικό Αποτέλεσμα",NTU,0.195
02/09/2024,23.882150670691,37.905502833197,6610,Θολότητα,"Τελικό Αποτέλεσμα",NTU,0.342
02/09/2024,23.950343222474,37.894345298849,6622,Θολότητα,"Τελικό Αποτέλεσμα",NTU,0.186
02/09/2024,24.02347684584,37.896105381073,6635,Θολότητα,"Τελικό Αποτέλεσμα",NTU,0.204
02/09/2024,23.971119096034,37.811031057644,6640,Θολότητα,"Τελικό Αποτέλεσμα",NTU,0.237
02/09/2024,24.050944478239,37.703992213554,6651,Θολότητα,"Τελικό Αποτέλεσμα",NTU,0.155
02/09/2024,23.954942341285,37.751713589169,6690,Θολότητα,"Τελικό Αποτέλεσμα",NTU,0.184
02/09/2024,23.923610473266,37.731018793535,6700,Θολότητα,"Τελικό Αποτέλεσμα",NTU,0.385
02/09/2024,23.903489728858,37.82055313721,6705,Θολότητα,"Τελικό Αποτέλεσμα",NTU,0.167
02/10/2023,23.80570194,37.98977289,1953,Θολότητα,"Τελικό Αποτέλεσμα",NTU,0.248
02/10/2023,23.48905185,37.97043569,2580,Θολότητα,"Τελικό Αποτέλεσμα",NTU,0.814
02/10/2023,23.52045976,37.94358544,1927,Θολότητα,"Τελικό Αποτέλεσμα",NTU,0.35
02/10/2023,23.46565745,37.91849312,1929,Θολότητα,"Τελικό Αποτέλεσμα",NTU,0.408
02/10/2023,23.49030054,37.99544729,1931,Θολότητα,"Τελικό Αποτέλεσμα",NTU,0.234
02/10/2023,23.65573754,37.93998668,1930,Θολότητα,"Τελικό Αποτέλεσμα",NTU,0.179
02/10/2023,23.72850158,38.02107731,2010,Θολότητα,"Τελικό Αποτέλεσμα",NTU,0.382
02/10/2023,23.71516747,38.06439445,2020,Θολότητα,"Τελικό Αποτέλεσμα",NTU,0.212
02/10/2023,23.70747263,38.06250703,2030,Θολότητα,"Τελικό Αποτέλεσμα",NTU,0.225
02/10/2023,23.684522,38.04327857,2050,Θολότητα,"Τελικό Αποτέλεσμα",NTU,0.132
02/10/2023,23.67622507,38.03886797,2060,Θολότητα,"Τελικό Αποτέλεσμα",NTU,0.178
02/10/2023,23.69070897,38.03873978,2070,Θολότητα,"Τελικό Αποτέλεσμα",NTU,0.246
02/10/2023,23.71109252,38.03060497,2080,Θολότητα,"Τελικό Αποτέλεσμα",NTU,0.472
02/10/2023,23.70393953,38.01961122,2090,Θολότητα,"Τελικό Αποτέλεσμα",NTU,0.203
02/10/2023,23.690026,38.01459418,2100,Θολότητα,"Τελικό Αποτέλεσμα",NTU,0.148
02/10/2023,23.68563533,38.01170402,2110,Θολότητα,"Τελικό Αποτέλεσμα",NTU,0.276
02/10/2023,23.69068855,38.00659931,2130,Θολότητα,"Τελικό Αποτέλεσμα",NTU,0.123
02/10/2023,23.63371988,38.01446194,2140,Θολότητα,"Τελικό Αποτέλεσμα",NTU,0.282
02/10/2023,23.60436979,38.01172891,2150,Θολότητα,"Τελικό Αποτέλεσμα",NTU,0.091
02/10/2023,23.66048215,38.00325623,2160,Θολότητα,"Τελικό Αποτέλεσμα",NTU,0.14
02/10/2023,23.65721338,37.99035734,2170,Θολότητα,"Τελικό Αποτέλεσμα",NTU,0.131
02/10/2023,23.66968564,37.99103311,2180,Θολότητα,"Τελικό Αποτέλεσμα",NTU,0.174
02/10/2023,23.68827264,37.99218476,2190,Θολότητα,"Τελικό Αποτέλεσμα",NTU,0.203
02/10/2023,23.70903775,37.99405955,2210,Θολότητα,"Τελικό Αποτέλεσμα",NTU,0.217
02/10/2023,23.71167012,37.99890096,2220,Θολότητα,"Τελικό Αποτέλεσμα",NTU,0.106
02/10/2023,23.72396633,38.00996468,2240,Θολότητα,"Τελικό Αποτέλεσμα",NTU,0.816
02/10/2023,23.60908187,38.01006333,2250,Θολότητα,"Τελικό Αποτέλεσμα",NTU,0.105
02/10/2023,23.78300677,38.09159562,1940,Θολότητα,"Τελικό Αποτέλεσμα",NTU,0.269
02/10/2024,23.783006772263,38.091595618101,1940,Θολότητα,"Τελικό Αποτέλεσμα",NTU,0.252
02/10/2024,23.728501580857,38.021077305988,2010,Θολότητα,"Τελικό Αποτέλεσμα",NTU,0.183
02/10/2024,23.715167470658,38.064394448168,2020,Θολότητα,"Τελικό Αποτέλεσμα",NTU,0.501
02/10/2024,23.707472628441,38.062507031886,2030,Θολότητα,"Τελικό Αποτέλεσμα",NTU,0.3
02/10/2024,23.684521996488,38.043278569813,2050,Θολότητα,"Τελικό Αποτέλεσμα",NTU,0.205
02/10/2024,23.676225070778,38.038867972537,2060,Θολότητα,"Τελικό Αποτέλεσμα",NTU,0.358
02/10/2024,23.690708971278,38.03873977939,2070,Θολότητα,"Τελικό Αποτέλεσμα",NTU,0.381
02/10/2024,23.711092519709,38.030604970232,2080,Θολότητα,"Τελικό Αποτέλεσμα",NTU,0.427
02/10/2024,23.703939528461,38.019611224386,2090,Θολότητα,"Τελικό Αποτέλεσμα",NTU,0.35
02/10/2024,23.690026001721,38.014594179034,2100,Θολότητα,"Τελικό Αποτέλεσμα",NTU,0.371
02/10/2024,23.685635325645,38.011704015052,2110,Θολότητα,"Τελικό Αποτέλεσμα",NTU,0.309
02/10/2024,23.690688548717,38.006599310386,2130,Θολότητα,"Τελικό Αποτέλεσμα",NTU,0.218
02/10/2024,23.633719884257,38.014461935654,2140,Θολότητα,"Τελικό Αποτέλεσμα",NTU,0.174
02/10/2024,23.604369787474,38.011728905427,2150,Θολότητα,"Τελικό Αποτέλεσμα",NTU,0.228
02/10/2024,23.660482152024,38.003256233801,2160,Θολότητα,"Τελικό Αποτέλεσμα",NTU,0.319
02/10/2024,23.657213383477,37.990357336342,2170,Θολότητα,"Τελικό Αποτέλεσμα",NTU,0.349
02/10/2024,23.669685637381,37.991033114281,2180,Θολότητα,"Τελικό Αποτέλεσμα",NTU,0.209
02/10/2024,23.688272639454,37.992184760882,2190,Θολότητα,"Τελικό Αποτέλεσμα",NTU,0.286
02/10/2024,23.709037749626,37.994059545664,2210,Θολότητα,"Τελικό Αποτέλεσμα",NTU,0.107
02/10/2024,23.711670124237,37.998900962404,2220,Θολότητα,"Τελικό Αποτέλεσμα",NTU,0.361
02/10/2024,23.723966332053,38.00996468276,2240,Θολότητα,"Τελικό Αποτέλεσμα",NTU,0.245
02/10/2024,23.609081866002,38.010063327816,2250,Θολότητα,"Τελικό Αποτέλεσμα",NTU,0.334
02/11/2023,23.53153657,38.07172532,2260,Θολότητα,"Τελικό Αποτέλεσμα",NTU,0.162
02/11/2023,23.75121334,38.12052926,2270,Θολότητα,"Τελικό Αποτέλεσμα",NTU,0.434
02/11/2023,23.78300677,38.09159562,1940,Θολότητα,"Τελικό Αποτέλεσμα",NTU,0.17
02/11/2023,23.72850158,38.02107731,2010,Θολότητα,"Τελικό Αποτέλεσμα",NTU,0.162
02/11/2023,23.71516747,38.06439445,2020,Θολότητα,"Τελικό Αποτέλεσμα",NTU,0.302
02/11/2023,23.70747263,38.06250703,2030,Θολότητα,"Τελικό Αποτέλεσμα",NTU,0.224
02/11/2023,23.684522,38.04327857,2050,Θολότητα,"Τελικό Αποτέλεσμα",NTU,0.12
02/11/2023,23.67622507,38.03886797,2060,Θολότητα,"Τελικό Αποτέλεσμα",NTU,0.19
02/11/2023,23.69070897,38.03873978,2070,Θολότητα,"Τελικό Αποτέλεσμα",NTU,0.223
02/11/2023,23.71109252,38.03060497,2080,Θολότητα,"Τελικό Αποτέλεσμα",NTU,0.174
02/11/2023,23.70393953,38.01961122,2090,Θολότητα,"Τελικό Αποτέλεσμα",NTU,0.198
02/11/2023,23.690026,38.01459418,2100,Θολότητα,"Τελικό Αποτέλεσμα",NTU,0.164
02/11/2023,23.68563533,38.01170402,2110,Θολότητα,"Τελικό Αποτέλεσμα",NTU,0.226
02/11/2023,23.69068855,38.00659931,2130,Θολότητα,"Τελικό Αποτέλεσμα",NTU,0.194
02/11/2023,23.63371988,38.01446194,2140,Θολότητα,"Τελικό Αποτέλεσμα",NTU,0.347
02/11/2023,23.60436979,38.01172891,2150,Θολότητα,"Τελικό Αποτέλεσμα",NTU,0.135
02/11/2023,23.66048215,38.00325623,2160,Θολότητα,"Τελικό Αποτέλεσμα",NTU,0.146
02/11/2023,23.65721338,37.99035734,2170,Θολότητα,"Τελικό Αποτέλεσμα",NTU,0.12
02/11/2023,23.66968564,37.99103311,2180,Θολότητα,"Τελικό Αποτέλεσμα",NTU,0.508
02/11/2023,23.70903775,37.99405955,2210,Θολότητα,"Τελικό Αποτέλεσμα",NTU,0.227
02/11/2023,23.72396633,38.00996468,2240,Θολότητα,"Τελικό Αποτέλεσμα",NTU,0.264
02/11/2023,23.60908187,38.01006333,2250,Θολότητα,"Τελικό Αποτέλεσμα",NTU,0.153
02/11/2024,23.783006772263,38.091595618101,1940,Θολότητα,"Τελικό Αποτέλεσμα",NTU,0.117
02/12/2023,23.78300677,38.09159562,1940,Θολότητα,"Τελικό Αποτέλεσμα",NTU,0.109
02/12/2024,23.783006772263,38.091595618101,1940,Θολότητα,"Τελικό Αποτέλεσμα",NTU,0.166
02/12/2024,23.728501580857,38.021077305988,2010,Θολότητα,"Τελικό Αποτέλεσμα",NTU,0.362
02/12/2024,23.715167470658,38.064394448168,2020,Θολότητα,"Τελικό Αποτέλεσμα",NTU,0.43
02/12/2024,23.707472628441,38.062507031886,2030,Θολότητα,"Τελικό Αποτέλεσμα",NTU,0.134
02/12/2024,23.684521996488,38.043278569813,2050,Θολότητα,"Τελικό Αποτέλεσμα",NTU,0.233
02/12/2024,23.676225070778,38.038867972537,2060,Θολότητα,"Τελικό Αποτέλεσμα",NTU,0.145
02/12/2024,23.690708971278,38.03873977939,2070,Θολότητα,"Τελικό Αποτέλεσμα",NTU,0.529
02/12/2024,23.711092519709,38.030604970232,2080,Θολότητα,"Τελικό Αποτέλεσμα",NTU,0.223
02/12/2024,23.703939528461,38.019611224386,2090,Θολότητα,"Τελικό Αποτέλεσμα",NTU,0.243
02/12/2024,23.690026001721,38.014594179034,2100,Θολότητα,"Τελικό Αποτέλεσμα",NTU,0.139
02/12/2024,23.685635325645,38.011704015052,2110,Θολότητα,"Τελικό Αποτέλεσμα",NTU,0.22
02/12/2024,23.690688548717,38.006599310386,2130,Θολότητα,"Τελικό Αποτέλεσμα",NTU,0.273
02/12/2024,23.633719884257,38.014461935654,2140,Θολότητα,"Τελικό Αποτέλεσμα",NTU,0.307
02/12/2024,23.604369787474,38.011728905427,2150,Θολότητα,"Τελικό Αποτέλεσμα",NTU,0.207
02/12/2024,23.660482152024,38.003256233801,2160,Θολότητα,"Τελικό Αποτέλεσμα",NTU,0.19
02/12/2024,23.657213383477,37.990357336342,2170,Θολότητα,"Τελικό Αποτέλεσμα",NTU,0.226
02/12/2024,23.669685637381,37.991033114281,2180,Θολότητα,"Τελικό Αποτέλεσμα",NTU,0.271
02/12/2024,23.688272639454,37.992184760882,2190,Θολότητα,"Τελικό Αποτέλεσμα",NTU,0.212
02/12/2024,23.709037749626,37.994059545664,2210,Θολότητα,"Τελικό Αποτέλεσμα",NTU,0.194
02/12/2024,23.711670124237,37.998900962404,2220,Θολότητα,"Τελικό Αποτέλεσμα",NTU,0.319
02/12/2024,23.723966332053,38.00996468276,2240,Θολότητα,"Τελικό Αποτέλεσμα",NTU,0.092
02/12/2024,23.609081866002,38.010063327816,2250,Θολότητα,"Τελικό Αποτέλεσμα",NTU,0.131
02/12/2024,23.33981263989,38.004108484322,225,Θολότητα,"Τελικό Αποτέλεσμα",NTU,0.31
02/12/2024,23.531536570322,38.071725317014,2260,Θολότητα,"Τελικό Αποτέλεσμα",NTU,0.126
02/12/2024,23.751213344423,38.120529261783,2270,Θολότητα,"Τελικό Αποτέλεσμα",NTU,0.152
03/01/2023,23.53153657,38.07172532,2260,Θολότητα,"Τελικό Αποτέλεσμα",NTU,0.29
03/01/2023,23.75121334,38.12052926,2270,Θολότητα,"Τελικό Αποτέλεσμα",NTU,0.197
03/01/2023,23.78300677,38.09159562,1940,Θολότητα,"Τελικό Αποτέλεσμα",NTU,0.227
03/01/2023,23.72850158,38.02107731,2010,Θολότητα,"Τελικό Αποτέλεσμα",NTU,0.32
03/01/2023,23.70747263,38.06250703,2030,Θολότητα,"Τελικό Αποτέλεσμα",NTU,0.187
03/01/2023,23.684522,38.04327857,2050,Θολότητα,"Τελικό Αποτέλεσμα",NTU,0.176
03/01/2023,23.67622507,38.03886797,2060,Θολότητα,"Τελικό Αποτέλεσμα",NTU,0.163
03/01/2023,23.69070897,38.03873978,2070,Θολότητα,"Τελικό Αποτέλεσμα",NTU,0.22
03/01/2023,23.71109252,38.03060497,2080,Θολότητα,"Τελικό Αποτέλεσμα",NTU,0.2
03/01/2023,23.70393953,38.01961122,2090,Θολότητα,"Τελικό Αποτέλεσμα",NTU,0.145
03/01/2023,23.690026,38.01459418,2100,Θολότητα,"Τελικό Αποτέλεσμα",NTU,0.162
03/01/2023,23.68563533,38.01170402,2110,Θολότητα,"Τελικό Αποτέλεσμα",NTU,0.278
03/01/2023,23.69068855,38.00659931,2130,Θολότητα,"Τελικό Αποτέλεσμα",NTU,0.188
03/01/2023,23.63371988,38.01446194,2140,Θολότητα,"Τελικό Αποτέλεσμα",NTU,0.272
03/01/2023,23.60436979,38.01172891,2150,Θολότητα,"Τελικό Αποτέλεσμα",NTU,0.204
03/01/2023,23.66048215,38.00325623,2160,Θολότητα,"Τελικό Αποτέλεσμα",NTU,0.194
03/01/2023,23.65721338,37.99035734,2170,Θολότητα,"Τελικό Αποτέλεσμα",NTU,0.133
03/01/2023,23.66968564,37.99103311,2180,Θολότητα,"Τελικό Αποτέλεσμα",NTU,0.193
03/01/2023,23.68827264,37.99218476,2190,Θολότητα,"Τελικό Αποτέλεσμα",NTU,0.27
03/01/2023,23.70903775,37.99405955,2210,Θολότητα,"Τελικό Αποτέλεσμα",NTU,0.18
03/01/2023,23.71167012,37.99890096,2220,Θολότητα,"Τελικό Αποτέλεσμα",NTU,0.18
03/01/2023,23.72396633,38.00996468,2240,Θολότητα,"Τελικό Αποτέλεσμα",NTU,0.108
03/01/2023,23.60908187,38.01006333,2250,Θολότητα,"Τελικό Αποτέλεσμα",NTU,0.13
03/01/2025,23.783006772263,38.091595618101,1940,Θολότητα,"Τελικό Αποτέλεσμα",NTU,0.173
03/01/2025,23.848751638879,38.124166714577,4710,Θολότητα,"Τελικό Αποτέλεσμα",NTU,0.261
03/01/2025,23.908700098241,38.168241126955,4720,Θολότητα,"Τελικό Αποτέλεσμα",NTU,0.336
03/01/2025,24.034572330748,38.190401550712,4750,Θολότητα,"Τελικό Αποτέλεσμα",NTU,0.396
03/01/2025,23.977138138398,38.085743034532,4770,Θολότητα,"Τελικό Αποτέλεσμα",NTU,0.493
03/01/2025,23.989441223817,38.037783380352,4771,Θολότητα,"Τελικό Αποτέλεσμα",NTU,0.22
03/01/2025,24.012050710459,38.014370105797,4852,Θολότητα,"Τελικό Αποτέλεσμα",NTU,0.561
03/01/2025,24.007320013182,37.984167240863,4890,Θολότητα,"Τελικό Αποτέλεσμα",NTU,0.204
03/01/2025,23.90698069658,37.964512417317,4902,Θολότητα,"Τελικό Αποτέλεσμα",NTU,0.272
03/01/2025,23.973051962748,37.958463647889,4910,Θολότητα,"Τελικό Αποτέλεσμα",NTU,0.204
03/02/2023,23.78300677,38.09159562,1940,Θολότητα,"Τελικό Αποτέλεσμα",NTU,0.251
03/02/2023,23.76331913,37.9671107,120,Θολότητα,"Τελικό Αποτέλεσμα",NTU,0.219
03/02/2023,23.76373822,37.96231002,125,Θολότητα,"Τελικό Αποτέλεσμα",NTU,0.327
03/02/2023,23.74628153,37.95494925,130,Θολότητα,"Τελικό Αποτέλεσμα",NTU,0.488
03/02/2023,23.76902716,37.99339131,4010,Θολότητα,"Τελικό Αποτέλεσμα",NTU,0.29
03/02/2023,23.77648607,37.99622098,4020,Θολότητα,"Τελικό Αποτέλεσμα",NTU,0.474
03/02/2023,23.77644626,37.99275168,4030,Θολότητα,"Τελικό Αποτέλεσμα",NTU,0.364
03/02/2023,23.77656931,37.97125316,4060,Θολότητα,"Τελικό Αποτέλεσμα",NTU,0.227
03/02/2023,23.77323663,37.96994397,4070,Θολότητα,"Τελικό Αποτέλεσμα",NTU,0.152
03/02/2023,23.75945557,37.97068504,4090,Θολότητα,"Τελικό Αποτέλεσμα",NTU,0.232
03/02/2023,23.77359043,37.94663449,4100,Θολότητα,"Τελικό Αποτέλεσμα",NTU,0.59
03/02/2023,23.75841416,37.95734094,4110,Θολότητα,"Τελικό Αποτέλεσμα",NTU,0.192
03/02/2023,23.7419006,37.95316688,4140,Θολότητα,"Τελικό Αποτέλεσμα",NTU,0.147
03/02/2023,23.75099403,37.93022254,4160,Θολότητα,"Τελικό Αποτέλεσμα",NTU,0.231
03/02/2023,23.73717945,37.92398915,4170,Θολότητα,"Τελικό Αποτέλεσμα",NTU,0.159
03/02/2023,23.73449966,37.92178254,4180,Θολότητα,"Τελικό Αποτέλεσμα",NTU,0.16
03/02/2023,23.72863096,37.93616832,4190,Θολότητα,"Τελικό Αποτέλεσμα",NTU,0.155
03/02/2023,23.72659763,37.95526612,4230,Θολότητα,"Τελικό Αποτέλεσμα",NTU,0.253
03/02/2023,23.79488229,37.83744985,1912,Θολότητα,"Τελικό Αποτέλεσμα",NTU,0.212
03/02/2023,23.77290371,37.94499327,1961,Θολότητα,"Τελικό Αποτέλεσμα",NTU,0.503
03/02/2023,23.77565986,37.94643657,1962,Θολότητα,"Τελικό Αποτέλεσμα",NTU,0.162
03/02/2023,23.78198962,37.85753892,1964,Θολότητα,"Τελικό Αποτέλεσμα",NTU,0.211
03/02/2023,23.79050885,37.815723,1965,Θολότητα,"Τελικό Αποτέλεσμα",NTU,0.336
03/02/2025,23.783006772263,38.091595618101,1940,Θολότητα,"Τελικό Αποτέλεσμα",NTU,0.27
03/02/2025,23.728501580857,38.021077305988,2010,Θολότητα,"Τελικό Αποτέλεσμα",NTU,0.204
03/02/2025,23.715167470658,38.064394448168,2020,Θολότητα,"Τελικό Αποτέλεσμα",NTU,0.22
03/02/2025,23.707472628441,38.062507031886,2030,Θολότητα,"Τελικό Αποτέλεσμα",NTU,0.281
03/02/2025,23.684521996488,38.043278569813,2050,Θολότητα,"Τελικό Αποτέλεσμα",NTU,0.266
03/02/2025,23.676225070778,38.038867972537,2060,Θολότητα,"Τελικό Αποτέλεσμα",NTU,0.284
03/02/2025,23.690708971278,38.03873977939,2070,Θολότητα,"Τελικό Αποτέλεσμα",NTU,0.232
03/02/2025,23.711092519709,38.030604970232,2080,Θολότητα,"Τελικό Αποτέλεσμα",NTU,0.281
03/02/2025,23.703939528461,38.019611224386,2090,Θολότητα,"Τελικό Αποτέλεσμα",NTU,0.464
03/02/2025,23.690026001721,38.014594179034,2100,Θολότητα,"Τελικό Αποτέλεσμα",NTU,0.28
03/02/2025,23.685635325645,38.011704015052,2110,Θολότητα,"Τελικό Αποτέλεσμα",NTU,0.33
03/02/2025,23.690688548717,38.006599310386,2130,Θολότητα,"Τελικό Αποτέλεσμα",NTU,0.331
03/02/2025,23.633719884257,38.014461935654,2140,Θολότητα,"Τελικό Αποτέλεσμα",NTU,0.117
03/02/2025,23.604369787474,38.011728905427,2150,Θολότητα,"Τελικό Αποτέλεσμα",NTU,0.353
03/02/2025,23.660482152024,38.003256233801,2160,Θολότητα,"Τελικό Αποτέλεσμα",NTU,0.404
03/02/2025,23.657213383477,37.990357336342,2170,Θολότητα,"Τελικό Αποτέλεσμα",NTU,0.628
03/02/2025,23.669685637381,37.991033114281,2180,Θολότητα,"Τελικό Αποτέλεσμα",NTU,0.339
03/02/2025,23.688272639454,37.992184760882,2190,Θολότητα,"Τελικό Αποτέλεσμα",NTU,0.26
03/02/2025,23.709037749626,37.994059545664,2210,Θολότητα,"Τελικό Αποτέλεσμα",NTU,0.184
03/02/2025,23.711670124237,37.998900962404,2220,Θολότητα,"Τελικό Αποτέλεσμα",NTU,0.177
03/02/2025,23.723966332053,38.00996468276,2240,Θολότητα,"Τελικό Αποτέλεσμα",NTU,0.3
03/02/2025,23.609081866002,38.010063327816,2250,Θολότητα,"Τελικό Αποτέλεσμα",NTU,0.42
03/02/2025,23.531536570322,38.071725317014,2260,Θολότητα,"Τελικό Αποτέλεσμα",NTU,0.222
03/02/2025,23.751213344423,38.120529261783,2270,Θολότητα,"Τελικό Αποτέλεσμα",NTU,0.276
03/03/2023,23.78300677,38.09159562,1940,Θολότητα,"Τελικό Αποτέλεσμα",NTU,0.237
03/03/2023,23.79488229,37.83744985,1912,Θολότητα,"Τελικό Αποτέλεσμα",NTU,0.267
03/03/2023,23.77290371,37.94499327,1961,Θολότητα,"Τελικό Αποτέλεσμα",NTU,0.389
03/03/2023,23.77565986,37.94643657,1962,Θολότητα,"Τελικό Αποτέλεσμα",NTU,0.289
03/03/2023,23.78198962,37.85753892,1964,Θολότητα,"Τελικό Αποτέλεσμα",NTU,0.231
03/03/2023,23.79050885,37.815723,1965,Θολότητα,"Τελικό Αποτέλεσμα",NTU,0.254
03/03/2023,23.76331913,37.9671107,120,Θολότητα,"Τελικό Αποτέλεσμα",NTU,0.205
03/03/2023,23.76373822,37.96231002,125,Θολότητα,"Τελικό Αποτέλεσμα",NTU,0.314
03/03/2023,23.74628153,37.95494925,130,Θολότητα,"Τελικό Αποτέλεσμα",NTU,0.311
03/03/2023,23.76902716,37.99339131,4010,Θολότητα,"Τελικό Αποτέλεσμα",NTU,0.098
03/03/2023,23.77648607,37.99622098,4020,Θολότητα,"Τελικό Αποτέλεσμα",NTU,0.63
03/03/2023,23.77644626,37.99275168,4030,Θολότητα,"Τελικό Αποτέλεσμα",NTU,0.248
03/03/2023,23.77656931,37.97125316,4060,Θολότητα,"Τελικό Αποτέλεσμα",NTU,0.228
03/03/2023,23.77323663,37.96994397,4070,Θολότητα,"Τελικό Αποτέλεσμα",NTU,0.184
03/03/2023,23.75945557,37.97068504,4090,Θολότητα,"Τελικό Αποτέλεσμα",NTU,0.361
03/03/2023,23.77359043,37.94663449,4100,Θολότητα,"Τελικό Αποτέλεσμα",NTU,0.204
03/03/2023,23.75841416,37.95734094,4110,Θολότητα,"Τελικό Αποτέλεσμα",NTU,0.68
03/03/2023,23.7483243,37.95728104,4120,Θολότητα,"Τελικό Αποτέλεσμα",NTU,0.201
03/03/2023,23.7419006,37.95316688,4140,Θολότητα,"Τελικό Αποτέλεσμα",NTU,0.231
03/03/2023,23.75099403,37.93022254,4160,Θολότητα,"Τελικό Αποτέλεσμα",NTU,0.183
03/03/2023,23.73717945,37.92398915,4170,Θολότητα,"Τελικό Αποτέλεσμα",NTU,0.188
03/03/2023,23.73449966,37.92178254,4180,Θολότητα,"Τελικό Αποτέλεσμα",NTU,0.175
03/03/2023,23.72863096,37.93616832,4190,Θολότητα,"Τελικό Αποτέλεσμα",NTU,0.216
03/03/2023,23.7276664,37.95106354,4220,Θολότητα,"Τελικό Αποτέλεσμα",NTU,0.314
03/03/2023,23.72659763,37.95526612,4230,Θολότητα,"Τελικό Αποτέλεσμα",NTU,0.26
03/03/2025,23.783006772263,38.091595618101,1940,Θολότητα,"Τελικό Αποτέλεσμα",NTU,0.264
03/04/2023,23.78300677,38.09159562,1940,Θολότητα,"Τελικό Αποτέλεσμα",NTU,0.273
03/04/2023,23.79488229,37.83744985,1912,Θολότητα,"Τελικό Αποτέλεσμα",NTU,0.261
03/04/2023,23.77290371,37.94499327,1961,Θολότητα,"Τελικό Αποτέλεσμα",NTU,0.263
03/04/2023,23.77565986,37.94643657,1962,Θολότητα,"Τελικό Αποτέλεσμα",NTU,0.285
03/04/2023,23.78198962,37.85753892,1964,Θολότητα,"Τελικό Αποτέλεσμα",NTU,0.208
03/04/2023,23.79050885,37.815723,1965,Θολότητα,"Τελικό Αποτέλεσμα",NTU,0.818
03/04/2023,23.72850158,38.02107731,2010,Θολότητα,"Τελικό Αποτέλεσμα",NTU,0.194
03/04/2023,23.71516747,38.06439445,2020,Θολότητα,"Τελικό Αποτέλεσμα",NTU,0.225
03/04/2023,23.70747263,38.06250703,2030,Θολότητα,"Τελικό Αποτέλεσμα",NTU,0.236
03/04/2023,23.684522,38.04327857,2050,Θολότητα,"Τελικό Αποτέλεσμα",NTU,0.202
03/04/2023,23.67622507,38.03886797,2060,Θολότητα,"Τελικό Αποτέλεσμα",NTU,0.252
03/04/2023,23.69070897,38.03873978,2070,Θολότητα,"Τελικό Αποτέλεσμα",NTU,0.36
03/04/2023,23.71109252,38.03060497,2080,Θολότητα,"Τελικό Αποτέλεσμα",NTU,0.21
03/04/2023,23.70393953,38.01961122,2090,Θολότητα,"Τελικό Αποτέλεσμα",NTU,0.216
03/04/2023,23.690026,38.01459418,2100,Θολότητα,"Τελικό Αποτέλεσμα",NTU,0.276
03/04/2023,23.68563533,38.01170402,2110,Θολότητα,"Τελικό Αποτέλεσμα",NTU,0.222
03/04/2023,23.69068855,38.00659931,2130,Θολότητα,"Τελικό Αποτέλεσμα",NTU,0.16
03/04/2023,23.63371988,38.01446194,2140,Θολότητα,"Τελικό Αποτέλεσμα",NTU,0.16
03/04/2023,23.60436979,38.01172891,2150,Θολότητα,"Τελικό Αποτέλεσμα",NTU,0.104
03/04/2023,23.66048215,38.00325623,2160,Θολότητα,"Τελικό Αποτέλεσμα",NTU,0.3
03/04/2023,23.65721338,37.99035734,2170,Θολότητα,"Τελικό Αποτέλεσμα",NTU,0.143
03/04/2023,23.66968564,37.99103311,2180,Θολότητα,"Τελικό Αποτέλεσμα",NTU,0.468
03/04/2023,23.68827264,37.99218476,2190,Θολότητα,"Τελικό Αποτέλεσμα",NTU,0.28
03/04/2023,23.70903775,37.99405955,2210,Θολότητα,"Τελικό Αποτέλεσμα",NTU,0.248
03/04/2023,23.71167012,37.99890096,2220,Θολότητα,"Τελικό Αποτέλεσμα",NTU,0.404
03/04/2023,23.72396633,38.00996468,2240,Θολότητα,"Τελικό Αποτέλεσμα",NTU,0.595
03/04/2023,23.60908187,38.01006333,2250,Θολότητα,"Τελικό Αποτέλεσμα",NTU,0.21
03/04/2025,23.749963626012,38.12819997308,1933,Θολότητα,"Τελικό Αποτέλεσμα",NTU,0.34
03/04/2025,23.829593872837,38.079036127069,1949,Θολότητα,"Τελικό Αποτέλεσμα",NTU,0.345
03/04/2025,23.812910673641,38.068454234426,1954,Θολότητα,"Τελικό Αποτέλεσμα",NTU,0.15
03/04/2025,23.850343123164,38.064696002617,13250,Θολότητα,"Τελικό Αποτέλεσμα",NTU,0.222
03/04/2025,23.850058780234,38.064487896413,1958,Θολότητα,"Τελικό Αποτέλεσμα",NTU,0.421
03/04/2025,23.834058289847,38.055035361725,13210,Θολότητα,"Τελικό Αποτέλεσμα",NTU,0.156
03/04/2025,23.783006772263,38.091595618101,1940,Θολότητα,"Τελικό Αποτέλεσμα",NTU,0.174
03/04/2025,23.763319132339,37.967110703832,120,Θολότητα,"Τελικό Αποτέλεσμα",NTU,0.252
03/04/2025,23.763738215853,37.962310018511,125,Θολότητα,"Τελικό Αποτέλεσμα",NTU,0.242
03/04/2025,23.746281527272,37.954949246394,130,Θολότητα,"Τελικό Αποτέλεσμα",NTU,0.226
03/04/2025,23.769027158681,37.993391314662,4010,Θολότητα,"Τελικό Αποτέλεσμα",NTU,0.209
03/04/2025,23.776486074062,37.996220978178,4020,Θολότητα,"Τελικό Αποτέλεσμα",NTU,0.118
03/04/2025,23.776446263032,37.992751677322,4030,Θολότητα,"Τελικό Αποτέλεσμα",NTU,0.142
03/04/2025,23.776569307759,37.971253159928,4060,Θολότητα,"Τελικό Αποτέλεσμα",NTU,0.229
03/04/2025,23.773236630704,37.96994397087,4070,Θολότητα,"Τελικό Αποτέλεσμα",NTU,0.227
03/04/2025,23.762108634131,37.974473318809,4080,Θολότητα,"Τελικό Αποτέλεσμα",NTU,0.152
03/04/2025,23.75945556984,37.970685038508,4090,Θολότητα,"Τελικό Αποτέλεσμα",NTU,0.246
03/04/2025,23.773590432102,37.94663449198,4100,Θολότητα,"Τελικό Αποτέλεσμα",NTU,0.211
03/04/2025,23.758414161627,37.957340941046,4110,Θολότητα,"Τελικό Αποτέλεσμα",NTU,0.203
03/04/2025,23.748324301254,37.957281035336,4120,Θολότητα,"Τελικό Αποτέλεσμα",NTU,0.181
03/04/2025,23.74190059516,37.95316687964,4140,Θολότητα,"Τελικό Αποτέλεσμα",NTU,0.18
03/04/2025,23.75099402587,37.930222535019,4160,Θολότητα,"Τελικό Αποτέλεσμα",NTU,0.423
03/04/2025,23.737179449332,37.923989154778,4170,Θολότητα,"Τελικό Αποτέλεσμα",NTU,0.181
03/04/2025,23.734499659649,37.921782537866,4180,Θολότητα,"Τελικό Αποτέλεσμα",NTU,0.225
03/04/2025,23.728630962837,37.936168316,4190,Θολότητα,"Τελικό Αποτέλεσμα",NTU,0.167
03/04/2025,23.727666402305,37.95106353914,4220,Θολότητα,"Τελικό Αποτέλεσμα",NTU,0.375
03/04/2025,23.726597630536,37.955266120446,4230,Θολότητα,"Τελικό Αποτέλεσμα",NTU,0.131
03/04/2025,23.726887822219,37.95811378839,4240,Θολότητα,"Τελικό Αποτέλεσμα",NTU,0.226
03/05/2023,23.53153657,38.07172532,2260,Θολότητα,"Τελικό Αποτέλεσμα",NTU,0.147
03/05/2023,23.75121334,38.12052926,2270,Θολότητα,"Τελικό Αποτέλεσμα",NTU,0.137
03/05/2023,23.79488229,37.83744985,1912,Θολότητα,"Τελικό Αποτέλεσμα",NTU,0.169
03/05/2023,23.77290371,37.94499327,1961,Θολότητα,"Τελικό Αποτέλεσμα",NTU,0.248
03/05/2023,23.77565986,37.94643657,1962,Θολότητα,"Τελικό Αποτέλεσμα",NTU,0.317
03/05/2023,23.78198962,37.85753892,1964,Θολότητα,"Τελικό Αποτέλεσμα",NTU,0.208
03/05/2023,23.79050885,37.815723,1965,Θολότητα,"Τελικό Αποτέλεσμα",NTU,0.456
03/05/2023,23.78300677,38.09159562,1940,Θολότητα,"Τελικό Αποτέλεσμα",NTU,0.244
03/05/2023,23.64211712,37.93337194,146,Θολότητα,"Τελικό Αποτέλεσμα",NTU,0.177
03/05/2023,23.68542623,37.97707661,6010,Θολότητα,"Τελικό Αποτέλεσμα",NTU,0.448
03/05/2023,23.65618491,37.98059442,6030,Θολότητα,"Τελικό Αποτέλεσμα",NTU,0.172
03/05/2023,23.65342067,37.97688798,6040,Θολότητα,"Τελικό Αποτέλεσμα",NTU,0.489
03/05/2023,23.63989634,37.97755,6050,Θολότητα,"Τελικό Αποτέλεσμα",NTU,0.24
03/05/2023,23.64020099,37.97361646,6060,Θολότητα,"Τελικό Αποτέλεσμα",NTU,0.458
03/05/2023,23.63321043,37.96700035,6080,Θολότητα,"Τελικό Αποτέλεσμα",NTU,0.189
03/05/2023,23.62337019,37.95039855,6110,Θολότητα,"Τελικό Αποτέλεσμα",NTU,0.793
03/05/2023,23.63400949,37.95347226,6120,Θολότητα,"Τελικό Αποτέλεσμα",NTU,0.107
03/05/2023,23.63373384,37.95087389,6130,Θολότητα,"Τελικό Αποτέλεσμα",NTU,0.172
03/05/2023,23.6420689,37.92834411,6150,Θολότητα,"Τελικό Αποτέλεσμα",NTU,0.555
03/05/2023,23.62796265,37.93233446,6160,Θολότητα,"Τελικό Αποτέλεσμα",NTU,0.185
03/05/2023,23.65217193,37.93962271,6170,Θολότητα,"Τελικό Αποτέλεσμα",NTU,0.79
03/05/2023,23.67323412,37.94610991,6190,Θολότητα,"Τελικό Αποτέλεσμα",NTU,0.65
03/05/2023,23.69432319,37.9524174,6220,Θολότητα,"Τελικό Αποτέλεσμα",NTU,0.213
03/05/2023,23.64026269,37.93961412,6240,Θολότητα,"Τελικό Αποτέλεσμα",NTU,0.261
03/05/2024,23.783006772263,38.091595618101,1940,Θολότητα,"Τελικό Αποτέλεσμα",NTU,0.275
03/05/2025,23.783006772263,38.091595618101,1940,Θολότητα,"Τελικό Αποτέλεσμα",NTU,0.21
03/06/2023,23.78300677,38.09159562,1940,Θολότητα,"Τελικό Αποτέλεσμα",NTU,0.311
03/06/2024,23.783006772263,38.091595618101,1940,Θολότητα,"Τελικό Αποτέλεσμα",NTU,0.221
03/06/2024,23.728501580857,38.021077305988,2010,Θολότητα,"Τελικό Αποτέλεσμα",NTU,0.428
03/06/2024,23.715167470658,38.064394448168,2020,Θολότητα,"Τελικό Αποτέλεσμα",NTU,0.222
03/06/2024,23.707472628441,38.062507031886,2030,Θολότητα,"Τελικό Αποτέλεσμα",NTU,0.497
03/06/2024,23.684521996488,38.043278569813,2050,Θολότητα,"Τελικό Αποτέλεσμα",NTU,0.145
03/06/2024,23.676225070778,38.038867972537,2060,Θολότητα,"Τελικό Αποτέλεσμα",NTU,0.14
03/06/2024,23.690708971278,38.03873977939,2070,Θολότητα,"Τελικό Αποτέλεσμα",NTU,0.173
03/06/2024,23.711092519709,38.030604970232,2080,Θολότητα,"Τελικό Αποτέλεσμα",NTU,0.211
03/06/2024,23.703939528461,38.019611224386,2090,Θολότητα,"Τελικό Αποτέλεσμα",NTU,0.205
03/06/2024,23.690026001721,38.014594179034,2100,Θολότητα,"Τελικό Αποτέλεσμα",NTU,0.242
03/06/2024,23.685635325645,38.011704015052,2110,Θολότητα,"Τελικό Αποτέλεσμα",NTU,0.165
03/06/2024,23.690688548717,38.006599310386,2130,Θολότητα,"Τελικό Αποτέλεσμα",NTU,0.104
03/06/2024,23.633719884257,38.014461935654,2140,Θολότητα,"Τελικό Αποτέλεσμα",NTU,0.98
03/06/2024,23.604369787474,38.011728905427,2150,Θολότητα,"Τελικό Αποτέλεσμα",NTU,0.081
03/06/2024,23.660482152024,38.003256233801,2160,Θολότητα,"Τελικό Αποτέλεσμα",NTU,0.207
03/06/2024,23.669685637381,37.991033114281,2180,Θολότητα,"Τελικό Αποτέλεσμα",NTU,0.129
03/06/2024,23.709037749626,37.994059545664,2210,Θολότητα,"Τελικό Αποτέλεσμα",NTU,0.149
03/06/2024,23.711670124237,37.998900962404,2220,Θολότητα,"Τελικό Αποτέλεσμα",NTU,0.555
03/06/2024,23.723966332053,38.00996468276,2240,Θολότητα,"Τελικό Αποτέλεσμα",NTU,0.31
03/06/2024,23.609081866002,38.010063327816,2250,Θολότητα,"Τελικό Αποτέλεσμα",NTU,0.129
03/06/2024,23.657213383477,37.990357336342,2170,Θολότητα,"Τελικό Αποτέλεσμα",NTU,0.213
03/06/2025,23.763319132339,37.967110703832,120,Θολότητα,"Τελικό Αποτέλεσμα",NTU,0.541
03/06/2025,23.763738215853,37.962310018511,125,Θολότητα,"Τελικό Αποτέλεσμα",NTU,0.422
03/06/2025,23.746281527272,37.954949246394,130,Θολότητα,"Τελικό Αποτέλεσμα",NTU,0.401
03/06/2025,23.776446263032,37.992751677322,4030,Θολότητα,"Τελικό Αποτέλεσμα",NTU,0.279
03/06/2025,23.768783003349,37.982897797692,4040,Θολότητα,"Τελικό Αποτέλεσμα",NTU,0.496
03/06/2025,23.776569307759,37.971253159928,4060,Θολότητα,"Τελικό Αποτέλεσμα",NTU,0.306
03/06/2025,23.773236630704,37.96994397087,4070,Θολότητα,"Τελικό Αποτέλεσμα",NTU,0.343
03/06/2025,23.762108634131,37.974473318809,4080,Θολότητα,"Τελικό Αποτέλεσμα",NTU,0.17
03/06/2025,23.75945556984,37.970685038508,4090,Θολότητα,"Τελικό Αποτέλεσμα",NTU,0.375
03/06/2025,23.773590432102,37.94663449198,4100,Θολότητα,"Τελικό Αποτέλεσμα",NTU,0.188
03/06/2025,23.758414161627,37.957340941046,4110,Θολότητα,"Τελικό Αποτέλεσμα",NTU,0.266
03/06/2025,23.748324301254,37.957281035336,4120,Θολότητα,"Τελικό Αποτέλεσμα",NTU,0.17
03/06/2025,23.74190059516,37.95316687964,4140,Θολότητα,"Τελικό Αποτέλεσμα",NTU,0.597
03/06/2025,23.75099402587,37.930222535019,4160,Θολότητα,"Τελικό Αποτέλεσμα",NTU,0.14
03/06/2025,23.734499659649,37.921782537866,4180,Θολότητα,"Τελικό Αποτέλεσμα",NTU,0.261
03/06/2025,23.728630962837,37.936168316,4190,Θολότητα,"Τελικό Αποτέλεσμα",NTU,0.166
03/06/2025,23.727666402305,37.95106353914,4220,Θολότητα,"Τελικό Αποτέλεσμα",NTU,0.276
03/06/2025,23.726597630536,37.955266120446,4230,Θολότητα,"Τελικό Αποτέλεσμα",NTU,0.218
03/06/2025,22.898432401038,38.254054888272,7011,Θολότητα,"Τελικό Αποτέλεσμα",NTU,0.255
03/07/2023,23.78300677,38.09159562,1940,Θολότητα,"Τελικό Αποτέλεσμα",NTU,0.186
03/07/2023,23.72850158,38.02107731,2010,Θολότητα,"Τελικό Αποτέλεσμα",NTU,0.375
03/07/2023,23.70747263,38.06250703,2030,Θολότητα,"Τελικό Αποτέλεσμα",NTU,0.293
03/07/2023,23.684522,38.04327857,2050,Θολότητα,"Τελικό Αποτέλεσμα",NTU,0.346
03/07/2023,23.67622507,38.03886797,2060,Θολότητα,"Τελικό Αποτέλεσμα",NTU,0.21
03/07/2023,23.71109252,38.03060497,2080,Θολότητα,"Τελικό Αποτέλεσμα",NTU,0.264
03/07/2023,23.70393953,38.01961122,2090,Θολότητα,"Τελικό Αποτέλεσμα",NTU,0.287
03/07/2023,23.690026,38.01459418,2100,Θολότητα,"Τελικό Αποτέλεσμα",NTU,0.204
03/07/2023,23.68563533,38.01170402,2110,Θολότητα,"Τελικό Αποτέλεσμα",NTU,0.256
03/07/2023,23.63371988,38.01446194,2140,Θολότητα,"Τελικό Αποτέλεσμα",NTU,0.166
03/07/2023,23.60436979,38.01172891,2150,Θολότητα,"Τελικό Αποτέλεσμα",NTU,0.17
03/07/2023,23.66048215,38.00325623,2160,Θολότητα,"Τελικό Αποτέλεσμα",NTU,0.458
03/07/2023,23.65721338,37.99035734,2170,Θολότητα,"Τελικό Αποτέλεσμα",NTU,0.119
03/07/2023,23.66968564,37.99103311,2180,Θολότητα,"Τελικό Αποτέλεσμα",NTU,0.123
03/07/2023,23.68827264,37.99218476,2190,Θολότητα,"Τελικό Αποτέλεσμα",NTU,0.183
03/07/2023,23.70903775,37.99405955,2210,Θολότητα,"Τελικό Αποτέλεσμα",NTU,0.154
03/07/2023,23.71167012,37.99890096,2220,Θολότητα,"Τελικό Αποτέλεσμα",NTU,0.426
03/07/2023,23.72396633,38.00996468,2240,Θολότητα,"Τελικό Αποτέλεσμα",NTU,0.144
03/07/2023,23.53153657,38.07172532,2260,Θολότητα,"Τελικό Αποτέλεσμα",NTU,0.151
03/07/2023,23.75121334,38.12052926,2270,Θολότητα,"Τελικό Αποτέλεσμα",NTU,0.298
03/07/2024,23.642117121438,37.933371936061,146,Θολότητα,"Τελικό Αποτέλεσμα",NTU,0.2
03/07/2024,23.685426227465,37.977076609772,6010,Θολότητα,"Τελικό Αποτέλεσμα",NTU,0.229
03/07/2024,23.660147196721,37.980291207729,6020,Θολότητα,"Τελικό Αποτέλεσμα",NTU,0.151
03/07/2024,23.656184913017,37.980594422153,6030,Θολότητα,"Τελικό Αποτέλεσμα",NTU,0.134
03/07/2024,23.653420670725,37.976887978332,6040,Θολότητα,"Τελικό Αποτέλεσμα",NTU,0.08
03/07/2024,23.639896339554,37.977549997131,6050,Θολότητα,"Τελικό Αποτέλεσμα",NTU,0.152
03/07/2024,23.640200994864,37.973616459939,6060,Θολότητα,"Τελικό Αποτέλεσμα",NTU,0.158
03/07/2024,23.633210429054,37.967000345107,6080,Θολότητα,"Τελικό Αποτέλεσμα",NTU,0.355
03/07/2024,23.623370187872,37.950398549294,6110,Θολότητα,"Τελικό Αποτέλεσμα",NTU,0.184
03/07/2024,23.634009487857,37.953472259917,6120,Θολότητα,"Τελικό Αποτέλεσμα",NTU,0.094
03/07/2024,23.642068896508,37.928344112851,6150,Θολότητα,"Τελικό Αποτέλεσμα",NTU,0.134
03/07/2024,23.62796265038,37.932334455589,6160,Θολότητα,"Τελικό Αποτέλεσμα",NTU,0.122
03/07/2024,23.65217192804,37.939622706754,6170,Θολότητα,"Τελικό Αποτέλεσμα",NTU,0.128
03/07/2024,23.673234118927,37.946109912673,6190,Θολότητα,"Τελικό Αποτέλεσμα",NTU,0.114
03/07/2024,23.680037411281,37.948096846566,6200,Θολότητα,"Τελικό Αποτέλεσμα",NTU,0.1
03/07/2024,23.691643963145,37.948013010856,6210,Θολότητα,"Τελικό Αποτέλεσμα",NTU,0.106
03/07/2024,23.694323188433,37.952417395875,6220,Θολότητα,"Τελικό Αποτέλεσμα",NTU,0.111
03/07/2024,23.640262686028,37.939614121045,6240,Θολότητα,"Τελικό Αποτέλεσμα",NTU,0.22
03/07/2024,23.783006772263,38.091595618101,1940,Θολότητα,"Τελικό Αποτέλεσμα",NTU,0.298
03/07/2024,23.635233804352,37.972826147816,1926,Θολότητα,"Τελικό Αποτέλεσμα",NTU,0.188
03/07/2024,23.650491791439,38.020690523541,1936,Θολότητα,"Τελικό Αποτέλεσμα",NTU,0.32
03/07/2024,23.660572199344,37.996594669998,1950,Θολότητα,"Τελικό Αποτέλεσμα",NTU,0.158
03/07/2024,23.637482500551,37.984946451231,1941,Θολότητα,"Τελικό Αποτέλεσμα",NTU,0.148
03/07/2024,23.636736270073,37.985919067278,1935,Θολότητα,"Τελικό Αποτέλεσμα",NTU,0.321
03/07/2024,23.644052286684,38.004264948522,1947,Θολότητα,"Τελικό Αποτέλεσμα",NTU,0.355
03/07/2024,23.669685637381,37.991033114281,2180,Θολότητα,"Τελικό Αποτέλεσμα",NTU,0.42
03/07/2025,23.782568605776,38.133625196225,1932,Θολότητα,"Τελικό Αποτέλεσμα",NTU,0.168
03/07/2025,23.749963626012,38.12819997308,1933,Θολότητα,"Τελικό Αποτέλεσμα",NTU,0.208
03/07/2025,23.852750702101,38.123335690418,1946,Θολότητα,"Τελικό Αποτέλεσμα",NTU,0.23
03/07/2025,23.83967824129,38.078175269616,1948,Θολότητα,"Τελικό Αποτέλεσμα",NTU,0.189
03/07/2025,23.829593872837,38.079036127069,1949,Θολότητα,"Τελικό Αποτέλεσμα",NTU,0.302
03/07/2025,23.812910673641,38.068454234426,1954,Θολότητα,"Τελικό Αποτέλεσμα",NTU,0.399
03/07/2025,23.864708334331,38.100617213765,1956,Θολότητα,"Τελικό Αποτέλεσμα",NTU,0.223
03/07/2025,23.82140342159,38.077356072108,3070,Θολότητα,"Τελικό Αποτέλεσμα",NTU,0.216
03/07/2025,23.77628215803,38.121900924356,210,Θολότητα,"Τελικό Αποτέλεσμα",NTU,0.196
03/07/2025,23.763319132339,37.967110703832,120,Θολότητα,"Τελικό Αποτέλεσμα",NTU,0.305
03/07/2025,23.763738215853,37.962310018511,125,Θολότητα,"Τελικό Αποτέλεσμα",NTU,0.241
03/07/2025,23.746281527272,37.954949246394,130,Θολότητα,"Τελικό Αποτέλεσμα",NTU,0.267
03/07/2025,23.769027158681,37.993391314662,4010,Θολότητα,"Τελικό Αποτέλεσμα",NTU,0.218
03/07/2025,23.776446263032,37.992751677322,4030,Θολότητα,"Τελικό Αποτέλεσμα",NTU,0.111
03/07/2025,23.776569307759,37.971253159928,4060,Θολότητα,"Τελικό Αποτέλεσμα",NTU,0.166
03/07/2025,23.773236630704,37.96994397087,4070,Θολότητα,"Τελικό Αποτέλεσμα",NTU,0.269
03/07/2025,23.762108634131,37.974473318809,4080,Θολότητα,"Τελικό Αποτέλεσμα",NTU,0.107
03/07/2025,23.75945556984,37.970685038508,4090,Θολότητα,"Τελικό Αποτέλεσμα",NTU,0.126
03/07/2025,23.773590432102,37.94663449198,4100,Θολότητα,"Τελικό Αποτέλεσμα",NTU,0.149
03/07/2025,23.758414161627,37.957340941046,4110,Θολότητα,"Τελικό Αποτέλεσμα",NTU,0.218
03/07/2025,23.748324301254,37.957281035336,4120,Θολότητα,"Τελικό Αποτέλεσμα",NTU,0.18
03/07/2025,23.74190059516,37.95316687964,4140,Θολότητα,"Τελικό Αποτέλεσμα",NTU,0.105
03/07/2025,23.75099402587,37.930222535019,4160,Θολότητα,"Τελικό Αποτέλεσμα",NTU,0.209
03/07/2025,23.737179449332,37.923989154778,4170,Θολότητα,"Τελικό Αποτέλεσμα",NTU,0.109
03/07/2025,23.728630962837,37.936168316,4190,Θολότητα,"Τελικό Αποτέλεσμα",NTU,0.08
03/07/2025,23.727666402305,37.95106353914,4220,Θολότητα,"Τελικό Αποτέλεσμα",NTU,0.292
03/07/2025,23.726887822219,37.95811378839,4240,Θολότητα,"Τελικό Αποτέλεσμα",NTU,0.162
03/07/2025,23.776624696051,37.884348958134,1918,Θολότητα,"Τελικό Αποτέλεσμα",NTU,0.284
03/07/2025,23.755560418361,37.919430807212,1924,Θολότητα,"Τελικό Αποτέλεσμα",NTU,0.196
03/07/2025,23.749512420594,37.999646302315,1942,Θολότητα,"Τελικό Αποτέλεσμα",NTU,0.234
03/07/2025,23.732887017961,37.955671997184,1944,Θολότητα,"Τελικό Αποτέλεσμα",NTU,0.157
03/07/2025,23.777569470988,37.889946836445,1963,Θολότητα,"Τελικό Αποτέλεσμα",NTU,0.277
03/08/2023,23.76331913,37.9671107,120,Θολότητα,"Τελικό Αποτέλεσμα",NTU,0.233
03/08/2023,23.76373822,37.96231002,125,Θολότητα,"Τελικό Αποτέλεσμα",NTU,0.313
03/08/2023,23.74628153,37.95494925,130,Θολότητα,"Τελικό Αποτέλεσμα",NTU,0.76
03/08/2023,23.76902716,37.99339131,4010,Θολότητα,"Τελικό Αποτέλεσμα",NTU,0.155
03/08/2023,23.77648607,37.99622098,4020,Θολότητα,"Τελικό Αποτέλεσμα",NTU,0.072
03/08/2023,23.77644626,37.99275168,4030,Θολότητα,"Τελικό Αποτέλεσμα",NTU,0.256
03/08/2023,23.768783,37.9828978,4040,Θολότητα,"Τελικό Αποτέλεσμα",NTU,0.513
03/08/2023,23.77656931,37.97125316,4060,Θολότητα,"Τελικό Αποτέλεσμα",NTU,0.179
03/08/2023,23.77323663,37.96994397,4070,Θολότητα,"Τελικό Αποτέλεσμα",NTU,0.176
03/08/2023,23.75945557,37.97068504,4090,Θολότητα,"Τελικό Αποτέλεσμα",NTU,0.279
03/08/2023,23.77359043,37.94663449,4100,Θολότητα,"Τελικό Αποτέλεσμα",NTU,0.15
03/08/2023,23.75841416,37.95734094,4110,Θολότητα,"Τελικό Αποτέλεσμα",NTU,0.299
03/08/2023,23.7483243,37.95728104,4120,Θολότητα,"Τελικό Αποτέλεσμα",NTU,0.136
03/08/2023,23.7419006,37.95316688,4140,Θολότητα,"Τελικό Αποτέλεσμα",NTU,0.107
03/08/2023,23.75099403,37.93022254,4160,Θολότητα,"Τελικό Αποτέλεσμα",NTU,0.134
03/08/2023,23.73449966,37.92178254,4180,Θολότητα,"Τελικό Αποτέλεσμα",NTU,0.117
03/08/2023,23.72863096,37.93616832,4190,Θολότητα,"Τελικό Αποτέλεσμα",NTU,0.125
03/08/2023,23.7276664,37.95106354,4220,Θολότητα,"Τελικό Αποτέλεσμα",NTU,0.508
03/08/2023,23.72659763,37.95526612,4230,Θολότητα,"Τελικό Αποτέλεσμα",NTU,0.175
03/08/2023,23.78300677,38.09159562,1940,Θολότητα,"Τελικό Αποτέλεσμα",NTU,0.34
03/08/2024,23.783006772263,38.091595618101,1940,Θολότητα,"Τελικό Αποτέλεσμα",NTU,0.201
03/09/2023,23.78300677,38.09159562,1940,Θολότητα,"Τελικό Αποτέλεσμα",NTU,0.301
03/09/2024,23.783006772263,38.091595618101,1940,Θολότητα,"Τελικό Αποτέλεσμα",NTU,0.149
03/09/2024,23.728501580857,38.021077305988,2010,Θολότητα,"Τελικό Αποτέλεσμα",NTU,0.149
03/09/2024,23.715167470658,38.064394448168,2020,Θολότητα,"Τελικό Αποτέλεσμα",NTU,0.34
03/09/2024,23.684521996488,38.043278569813,2050,Θολότητα,"Τελικό Αποτέλεσμα",NTU,0.199
03/09/2024,23.676225070778,38.038867972537,2060,Θολότητα,"Τελικό Αποτέλεσμα",NTU,0.31
03/09/2024,23.690708971278,38.03873977939,2070,Θολότητα,"Τελικό Αποτέλεσμα",NTU,0.19
03/09/2024,23.711092519709,38.030604970232,2080,Θολότητα,"Τελικό Αποτέλεσμα",NTU,0.237
03/09/2024,23.703939528461,38.019611224386,2090,Θολότητα,"Τελικό Αποτέλεσμα",NTU,0.23
03/09/2024,23.690026001721,38.014594179034,2100,Θολότητα,"Τελικό Αποτέλεσμα",NTU,0.23
03/09/2024,23.685635325645,38.011704015052,2110,Θολότητα,"Τελικό Αποτέλεσμα",NTU,0.302
03/09/2024,23.690688548717,38.006599310386,2130,Θολότητα,"Τελικό Αποτέλεσμα",NTU,0.193
03/09/2024,23.633719884257,38.014461935654,2140,Θολότητα,"Τελικό Αποτέλεσμα",NTU,0.208
03/09/2024,23.604369787474,38.011728905427,2150,Θολότητα,"Τελικό Αποτέλεσμα",NTU,0.214
03/09/2024,23.660482152024,38.003256233801,2160,Θολότητα,"Τελικό Αποτέλεσμα",NTU,0.3
03/09/2024,23.657213383477,37.990357336342,2170,Θολότητα,"Τελικό Αποτέλεσμα",NTU,0.321
03/09/2024,23.669685637381,37.991033114281,2180,Θολότητα,"Τελικό Αποτέλεσμα",NTU,0.16
03/09/2024,23.688272639454,37.992184760882,2190,Θολότητα,"Τελικό Αποτέλεσμα",NTU,0.188
03/09/2024,23.709037749626,37.994059545664,2210,Θολότητα,"Τελικό Αποτέλεσμα",NTU,0.118
03/09/2024,23.711670124237,37.998900962404,2220,Θολότητα,"Τελικό Αποτέλεσμα",NTU,0.257
03/09/2024,23.723966332053,38.00996468276,2240,Θολότητα,"Τελικό Αποτέλεσμα",NTU,0.145
03/09/2024,23.609081866002,38.010063327816,2250,Θολότητα,"Τελικό Αποτέλεσμα",NTU,0.21
03/09/2024,22.898432401038,38.254054888272,7011,Θολότητα,"Τελικό Αποτέλεσμα",NTU,0.122
03/10/2023,23.78300677,38.09159562,1940,Θολότητα,"Τελικό Αποτέλεσμα",NTU,0.213
03/10/2023,23.79488229,37.83744985,1912,Θολότητα,"Τελικό Αποτέλεσμα",NTU,0.186
03/10/2023,23.77290371,37.94499327,1961,Θολότητα,"Τελικό Αποτέλεσμα",NTU,0.245
03/10/2023,23.77565986,37.94643657,1962,Θολότητα,"Τελικό Αποτέλεσμα",NTU,0.208
03/10/2023,23.78198962,37.85753892,1964,Θολότητα,"Τελικό Αποτέλεσμα",NTU,0.161
03/10/2023,23.79050885,37.815723,1965,Θολότητα,"Τελικό Αποτέλεσμα",NTU,0.529
03/10/2023,23.85447866,38.05288412,105,Θολότητα,"Τελικό Αποτέλεσμα",NTU,0.263
03/10/2023,23.77682568,38.06522626,180,Θολότητα,"Τελικό Αποτέλεσμα",NTU,0.467
03/10/2023,23.83927879,38.06057978,185,Θολότητα,"Τελικό Αποτέλεσμα",NTU,0.261
03/10/2023,23.79478287,38.039643,230,Θολότητα,"Τελικό Αποτέλεσμα",NTU,0.333
03/10/2023,23.79465296,38.03514891,235,Θολότητα,"Τελικό Αποτέλεσμα",NTU,0.356
03/10/2023,23.75187919,38.03442418,3010,Θολότητα,"Τελικό Αποτέλεσμα",NTU,0.284
03/10/2023,23.75279316,38.04341932,3020,Θολότητα,"Τελικό Αποτέλεσμα",NTU,0.191
03/10/2023,23.76291115,38.06333221,3040,Θολότητα,"Τελικό Αποτέλεσμα",NTU,0.196
03/10/2023,23.80475064,38.09155778,3050,Θολότητα,"Τελικό Αποτέλεσμα",NTU,0.129
03/10/2023,23.8076845,38.07968756,3060,Θολότητα,"Τελικό Αποτέλεσμα",NTU,0.118
03/10/2023,23.82658845,38.06873396,3080,Θολότητα,"Τελικό Αποτέλεσμα",NTU,0.105
03/10/2023,23.85772963,38.05887086,3090,Θολότητα,"Τελικό Αποτέλεσμα",NTU,0.287
03/10/2023,23.85885083,38.00940503,3110,Θολότητα,"Τελικό Αποτέλεσμα",NTU,0.364
03/10/2023,23.88358142,38.00166538,3130,Θολότητα,"Τελικό Αποτέλεσμα",NTU,0.189
03/10/2023,23.83289436,38.00690221,3150,Θολότητα,"Τελικό Αποτέλεσμα",NTU,0.325
03/10/2023,23.8176997,37.99941782,3160,Θολότητα,"Τελικό Αποτέλεσμα",NTU,0.22
03/10/2023,23.79680957,37.99819507,3170,Θολότητα,"Τελικό Αποτέλεσμα",NTU,0.439
03/10/2023,23.79494863,37.99586454,3180,Θολότητα,"Τελικό Αποτέλεσμα",NTU,0.418
03/10/2023,23.79552655,37.98210489,3190,Θολότητα,"Τελικό Αποτέλεσμα",NTU,0.286
03/10/2023,23.78026269,38.00051154,3200,Θολότητα,"Τελικό Αποτέλεσμα",NTU,0.376
03/10/2023,23.78796777,38.0084814,3220,Θολότητα,"Τελικό Αποτέλεσμα",NTU,0.19
03/10/2023,23.78013336,38.01994403,3240,Θολότητα,"Τελικό Αποτέλεσμα",NTU,0.137
03/10/2023,23.81127403,38.04572875,3260,Θολότητα,"Τελικό Αποτέλεσμα",NTU,0.193
03/10/2023,23.53153657,38.07172532,2260,Θολότητα,"Τελικό Αποτέλεσμα",NTU,0.132
03/10/2023,23.75121334,38.12052926,2270,Θολότητα,"Τελικό Αποτέλεσμα",NTU,0.183
03/10/2023,23.97305196,37.95846365,4910,Θολότητα,"Τελικό Αποτέλεσμα",NTU,0.214
03/10/2024,23.783006772263,38.091595618101,1940,Θολότητα,"Τελικό Αποτέλεσμα",NTU,0.27
03/10/2024,23.854478659062,38.052884117638,105,Θολότητα,"Τελικό Αποτέλεσμα",NTU,0.294
03/10/2024,23.776825675098,38.065226258806,180,Θολότητα,"Τελικό Αποτέλεσμα",NTU,0.12
03/10/2024,23.794782865204,38.039643002291,230,Θολότητα,"Τελικό Αποτέλεσμα",NTU,0.193
03/10/2024,23.794652964206,38.035148911359,235,Θολότητα,"Τελικό Αποτέλεσμα",NTU,0.212
03/10/2024,23.751879192533,38.034424177094,3010,Θολότητα,"Τελικό Αποτέλεσμα",NTU,0.438
03/10/2024,23.752793157246,38.043419319626,3020,Θολότητα,"Τελικό Αποτέλεσμα",NTU,0.222
03/10/2024,23.757971853364,38.058890938524,3030,Θολότητα,"Τελικό Αποτέλεσμα",NTU,0.552
03/10/2024,23.804750637211,38.091557777528,3050,Θολότητα,"Τελικό Αποτέλεσμα",NTU,0.176
03/10/2024,23.807684504112,38.079687557148,3060,Θολότητα,"Τελικό Αποτέλεσμα",NTU,0.145
03/10/2024,23.826588445352,38.068733964465,3080,Θολότητα,"Τελικό Αποτέλεσμα",NTU,0.299
03/10/2024,23.857729632516,38.058870858803,3090,Θολότητα,"Τελικό Αποτέλεσμα",NTU,0.254
03/10/2024,23.858850831498,38.009405027534,3110,Θολότητα,"Τελικό Αποτέλεσμα",NTU,0.154
03/10/2024,23.885936114707,38.003486571993,3120,Θολότητα,"Τελικό Αποτέλεσμα",NTU,0.631
03/10/2024,23.883581420117,38.001665382065,3130,Θολότητα,"Τελικό Αποτέλεσμα",NTU,0.441
03/10/2024,23.832894356592,38.006902214705,3150,Θολότητα,"Τελικό Αποτέλεσμα",NTU,0.343
03/10/2024,23.817699699893,37.999417823294,3160,Θολότητα,"Τελικό Αποτέλεσμα",NTU,0.199
03/10/2024,23.795526554539,37.982104892246,3190,Θολότητα,"Τελικό Αποτέλεσμα",NTU,0.269
03/10/2024,23.780262690434,38.00051153767,3200,Θολότητα,"Τελικό Αποτέλεσμα",NTU,0.437
03/10/2024,23.787967770047,38.008481399044,3220,Θολότητα,"Τελικό Αποτέλεσμα",NTU,0.554
03/10/2024,23.780133361397,38.019944025229,3240,Θολότητα,"Τελικό Αποτέλεσμα",NTU,0.163
03/10/2024,23.780281362583,38.047179053493,3250,Θολότητα,"Τελικό Αποτέλεσμα",NTU,0.176
03/10/2024,23.811274027343,38.045728748791,3260,Θολότητα,"Τελικό Αποτέλεσμα",NTU,0.287
03/11/2023,23.78300677,38.09159562,1940,Θολότητα,"Τελικό Αποτέλεσμα",NTU,0.241
03/11/2023,23.85447866,38.05288412,105,Θολότητα,"Τελικό Αποτέλεσμα",NTU,0.346
03/11/2023,23.77682568,38.06522626,180,Θολότητα,"Τελικό Αποτέλεσμα",NTU,0.304
03/11/2023,23.79478287,38.039643,230,Θολότητα,"Τελικό Αποτέλεσμα",NTU,0.248
03/11/2023,23.79465296,38.03514891,235,Θολότητα,"Τελικό Αποτέλεσμα",NTU,0.316
03/11/2023,23.75187919,38.03442418,3010,Θολότητα,"Τελικό Αποτέλεσμα",NTU,0.273
03/11/2023,23.75279316,38.04341932,3020,Θολότητα,"Τελικό Αποτέλεσμα",NTU,0.324
03/11/2023,23.75797185,38.05889094,3030,Θολότητα,"Τελικό Αποτέλεσμα",NTU,0.285
03/11/2023,23.76291115,38.06333221,3040,Θολότητα,"Τελικό Αποτέλεσμα",NTU,0.2
03/11/2023,23.80475064,38.09155778,3050,Θολότητα,"Τελικό Αποτέλεσμα",NTU,0.123
03/11/2023,23.8076845,38.07968756,3060,Θολότητα,"Τελικό Αποτέλεσμα",NTU,0.175
03/11/2023,23.82658845,38.06873396,3080,Θολότητα,"Τελικό Αποτέλεσμα",NTU,0.212
03/11/2023,23.85772963,38.05887086,3090,Θολότητα,"Τελικό Αποτέλεσμα",NTU,0.268
03/11/2023,23.85885083,38.00940503,3110,Θολότητα,"Τελικό Αποτέλεσμα",NTU,0.276
03/11/2023,23.88593611,38.00348657,3120,Θολότητα,"Τελικό Αποτέλεσμα",NTU,0.264
03/11/2023,23.88358142,38.00166538,3130,Θολότητα,"Τελικό Αποτέλεσμα",NTU,0.366
03/11/2023,23.83289436,38.00690221,3150,Θολότητα,"Τελικό Αποτέλεσμα",NTU,0.305
03/11/2023,23.8176997,37.99941782,3160,Θολότητα,"Τελικό Αποτέλεσμα",NTU,0.271
03/11/2023,23.79680957,37.99819507,3170,Θολότητα,"Τελικό Αποτέλεσμα",NTU,0.271
03/11/2023,23.79494863,37.99586454,3180,Θολότητα,"Τελικό Αποτέλεσμα",NTU,0.327
03/11/2023,23.79552655,37.98210489,3190,Θολότητα,"Τελικό Αποτέλεσμα",NTU,0.293
03/11/2023,23.78026269,38.00051154,3200,Θολότητα,"Τελικό Αποτέλεσμα",NTU,0.501
03/11/2023,23.78796777,38.0084814,3220,Θολότητα,"Τελικό Αποτέλεσμα",NTU,0.466
03/11/2023,23.78013336,38.01994403,3240,Θολότητα,"Τελικό Αποτέλεσμα",NTU,0.236
03/11/2023,23.78028136,38.04717905,3250,Θολότητα,"Τελικό Αποτέλεσμα",NTU,0.701
03/11/2023,23.81127403,38.04572875,3260,Θολότητα,"Τελικό Αποτέλεσμα",NTU,0.311
03/11/2024,23.783006772263,38.091595618101,1940,Θολότητα,"Τελικό Αποτέλεσμα",NTU,0.132
03/12/2023,23.78300677,38.09159562,1940,Θολότητα,"Τελικό Αποτέλεσμα",NTU,0.106
03/12/2024,23.642117121438,37.933371936061,146,Θολότητα,"Τελικό Αποτέλεσμα",NTU,0.477
03/12/2024,23.685426227465,37.977076609772,6010,Θολότητα,"Τελικό Αποτέλεσμα",NTU,0.181
03/12/2024,23.660147196721,37.980291207729,6020,Θολότητα,"Τελικό Αποτέλεσμα",NTU,0.212
03/12/2024,23.656184913017,37.980594422153,6030,Θολότητα,"Τελικό Αποτέλεσμα",NTU,0.302
03/12/2024,23.653420670725,37.976887978332,6040,Θολότητα,"Τελικό Αποτέλεσμα",NTU,0.242
03/12/2024,23.639896339554,37.977549997131,6050,Θολότητα,"Τελικό Αποτέλεσμα",NTU,0.185
03/12/2024,23.633210429054,37.967000345107,6080,Θολότητα,"Τελικό Αποτέλεσμα",NTU,0.315
03/12/2024,23.623370187872,37.950398549294,6110,Θολότητα,"Τελικό Αποτέλεσμα",NTU,0.267
03/12/2024,23.634009487857,37.953472259917,6120,Θολότητα,"Τελικό Αποτέλεσμα",NTU,0.214
03/12/2024,23.642068896508,37.928344112851,6150,Θολότητα,"Τελικό Αποτέλεσμα",NTU,0.6
03/12/2024,23.62796265038,37.932334455589,6160,Θολότητα,"Τελικό Αποτέλεσμα",NTU,0.186
03/12/2024,23.65217192804,37.939622706754,6170,Θολότητα,"Τελικό Αποτέλεσμα",NTU,0.422
03/12/2024,23.673234118927,37.946109912673,6190,Θολότητα,"Τελικό Αποτέλεσμα",NTU,0.291
03/12/2024,23.680037411281,37.948096846566,6200,Θολότητα,"Τελικό Αποτέλεσμα",NTU,0.188
03/12/2024,23.694323188433,37.952417395875,6220,Θολότητα,"Τελικό Αποτέλεσμα",NTU,0.147
03/12/2024,23.640262686028,37.939614121045,6240,Θολότητα,"Τελικό Αποτέλεσμα",NTU,0.201
03/12/2024,23.783006772263,38.091595618101,1940,Θολότητα,"Τελικό Αποτέλεσμα",NTU,0.258
03/12/2024,23.782568605776,38.133625196225,1932,Θολότητα,"Τελικό Αποτέλεσμα",NTU,0.233
03/12/2024,22.898432401038,38.254054888272,7011,Θολότητα,"Τελικό Αποτέλεσμα",NTU,0.083
04/01/2023,23.78300677,38.09159562,1940,Θολότητα,"Τελικό Αποτέλεσμα",NTU,0.19
04/01/2023,23.85447866,38.05288412,105,Θολότητα,"Τελικό Αποτέλεσμα",NTU,0.274
04/01/2023,23.77682568,38.06522626,180,Θολότητα,"Τελικό Αποτέλεσμα",NTU,0.218
04/01/2023,23.83927879,38.06057978,185,Θολότητα,"Τελικό Αποτέλεσμα",NTU,0.137
04/01/2023,23.79478287,38.039643,230,Θολότητα,"Τελικό Αποτέλεσμα",NTU,0.229
04/01/2023,23.79465296,38.03514891,235,Θολότητα,"Τελικό Αποτέλεσμα",NTU,0.112
04/01/2023,23.75187919,38.03442418,3010,Θολότητα,"Τελικό Αποτέλεσμα",NTU,0.158
04/01/2023,23.75279316,38.04341932,3020,Θολότητα,"Τελικό Αποτέλεσμα",NTU,0.116
04/01/2023,23.75797185,38.05889094,3030,Θολότητα,"Τελικό Αποτέλεσμα",NTU,0.153
04/01/2023,23.80475064,38.09155778,3050,Θολότητα,"Τελικό Αποτέλεσμα",NTU,0.115
04/01/2023,23.8076845,38.07968756,3060,Θολότητα,"Τελικό Αποτέλεσμα",NTU,0.155
04/01/2023,23.85885083,38.00940503,3110,Θολότητα,"Τελικό Αποτέλεσμα",NTU,0.126
04/01/2023,23.88593611,38.00348657,3120,Θολότητα,"Τελικό Αποτέλεσμα",NTU,0.176
04/01/2023,23.88358142,38.00166538,3130,Θολότητα,"Τελικό Αποτέλεσμα",NTU,0.28
04/01/2023,23.83289436,38.00690221,3150,Θολότητα,"Τελικό Αποτέλεσμα",NTU,0.29
04/01/2023,23.8176997,37.99941782,3160,Θολότητα,"Τελικό Αποτέλεσμα",NTU,0.155
04/01/2023,23.79680957,37.99819507,3170,Θολότητα,"Τελικό Αποτέλεσμα",NTU,0.213
04/01/2023,23.79494863,37.99586454,3180,Θολότητα,"Τελικό Αποτέλεσμα",NTU,0.206
04/01/2023,23.79552655,37.98210489,3190,Θολότητα,"Τελικό Αποτέλεσμα",NTU,0.282
04/01/2023,23.78026269,38.00051154,3200,Θολότητα,"Τελικό Αποτέλεσμα",NTU,0.216
04/01/2023,23.78796777,38.0084814,3220,Θολότητα,"Τελικό Αποτέλεσμα",NTU,0.226
04/01/2023,23.78013336,38.01994403,3240,Θολότητα,"Τελικό Αποτέλεσμα",NTU,0.202
04/01/2023,23.78028136,38.04717905,3250,Θολότητα,"Τελικό Αποτέλεσμα",NTU,0.156
04/01/2023,23.81127403,38.04572875,3260,Θολότητα,"Τελικό Αποτέλεσμα",NTU,0.185
04/01/2025,23.783006772263,38.091595618101,1940,Θολότητα,"Τελικό Αποτέλεσμα",NTU,0.118
04/02/2023,23.78300677,38.09159562,1940,Θολότητα,"Τελικό Αποτέλεσμα",NTU,0.178
04/02/2025,23.783006772263,38.091595618101,1940,Θολότητα,"Τελικό Αποτέλεσμα",NTU,0.167
04/02/2025,23.728501580857,38.021077305988,2010,Θολότητα,"Τελικό Αποτέλεσμα",NTU,0.358
04/02/2025,23.642117121438,37.933371936061,146,Θολότητα,"Τελικό Αποτέλεσμα",NTU,0.099
04/02/2025,23.685426227465,37.977076609772,6010,Θολότητα,"Τελικό Αποτέλεσμα",NTU,0.182
04/02/2025,23.660147196721,37.980291207729,6020,Θολότητα,"Τελικό Αποτέλεσμα",NTU,0.467
04/02/2025,23.656184913017,37.980594422153,6030,Θολότητα,"Τελικό Αποτέλεσμα",NTU,0.115
04/02/2025,23.653420670725,37.976887978332,6040,Θολότητα,"Τελικό Αποτέλεσμα",NTU,0.151
04/02/2025,23.639896339554,37.977549997131,6050,Θολότητα,"Τελικό Αποτέλεσμα",NTU,0.714
04/02/2025,23.640200994864,37.973616459939,6060,Θολότητα,"Τελικό Αποτέλεσμα",NTU,0.346
04/02/2025,23.633210429054,37.967000345107,6080,Θολότητα,"Τελικό Αποτέλεσμα",NTU,0.2
04/02/2025,23.623370187872,37.950398549294,6110,Θολότητα,"Τελικό Αποτέλεσμα",NTU,0.207
04/02/2025,23.634009487857,37.953472259917,6120,Θολότητα,"Τελικό Αποτέλεσμα",NTU,0.195
04/02/2025,23.633733840369,37.950873888977,6130,Θολότητα,"Τελικό Αποτέλεσμα",NTU,0.161
04/02/2025,23.642068896508,37.928344112851,6150,Θολότητα,"Τελικό Αποτέλεσμα",NTU,0.223
04/02/2025,23.65217192804,37.939622706754,6170,Θολότητα,"Τελικό Αποτέλεσμα",NTU,0.148
04/02/2025,23.673234118927,37.946109912673,6190,Θολότητα,"Τελικό Αποτέλεσμα",NTU,0.16
04/02/2025,23.691643963145,37.948013010856,6210,Θολότητα,"Τελικό Αποτέλεσμα",NTU,0.151
04/02/2025,23.694323188433,37.952417395875,6220,Θολότητα,"Τελικό Αποτέλεσμα",NTU,0.36
04/02/2025,23.640262686028,37.939614121045,6240,Θολότητα,"Τελικό Αποτέλεσμα",NTU,0.093
04/02/2025,23.818436102886,38.030152774666,191,Θολότητα,"Τελικό Αποτέλεσμα",NTU,0.194
04/02/2025,23.828980364763,38.043901820297,193,Θολότητα,"Τελικό Αποτέλεσμα",NTU,0.218
04/02/2025,22.898432401038,38.254054888272,7011,Θολότητα,"Τελικό Αποτέλεσμα",NTU,0.166
04/03/2023,23.78300677,38.09159562,1940,Θολότητα,"Τελικό Αποτέλεσμα",NTU,0.116
04/03/2025,23.728501580857,38.021077305988,2010,Θολότητα,"Τελικό Αποτέλεσμα",NTU,0.213
04/03/2025,23.715167470658,38.064394448168,2020,Θολότητα,"Τελικό Αποτέλεσμα",NTU,0.252
04/03/2025,23.707472628441,38.062507031886,2030,Θολότητα,"Τελικό Αποτέλεσμα",NTU,0.177
04/03/2025,23.684521996488,38.043278569813,2050,Θολότητα,"Τελικό Αποτέλεσμα",NTU,0.174
04/03/2025,23.676225070778,38.038867972537,2060,Θολότητα,"Τελικό Αποτέλεσμα",NTU,0.175
04/03/2025,23.690708971278,38.03873977939,2070,Θολότητα,"Τελικό Αποτέλεσμα",NTU,0.15
04/03/2025,23.703939528461,38.019611224386,2090,Θολότητα,"Τελικό Αποτέλεσμα",NTU,0.206
04/03/2025,23.690026001721,38.014594179034,2100,Θολότητα,"Τελικό Αποτέλεσμα",NTU,0.189
04/03/2025,23.685635325645,38.011704015052,2110,Θολότητα,"Τελικό Αποτέλεσμα",NTU,0.153
04/03/2025,23.633719884257,38.014461935654,2140,Θολότητα,"Τελικό Αποτέλεσμα",NTU,0.215
04/03/2025,23.604369787474,38.011728905427,2150,Θολότητα,"Τελικό Αποτέλεσμα",NTU,0.241
04/03/2025,23.660482152024,38.003256233801,2160,Θολότητα,"Τελικό Αποτέλεσμα",NTU,0.579
04/03/2025,23.657213383477,37.990357336342,2170,Θολότητα,"Τελικό Αποτέλεσμα",NTU,0.137
04/03/2025,23.669685637381,37.991033114281,2180,Θολότητα,"Τελικό Αποτέλεσμα",NTU,0.136
04/03/2025,23.688272639454,37.992184760882,2190,Θολότητα,"Τελικό Αποτέλεσμα",NTU,0.343
04/03/2025,23.709037749626,37.994059545664,2210,Θολότητα,"Τελικό Αποτέλεσμα",NTU,0.156
04/03/2025,23.723966332053,38.00996468276,2240,Θολότητα,"Τελικό Αποτέλεσμα",NTU,0.156
04/03/2025,23.609081866002,38.010063327816,2250,Θολότητα,"Τελικό Αποτέλεσμα",NTU,0.248
04/03/2025,23.787819251812,38.087809697248,195,Θολότητα,"Τελικό Αποτέλεσμα",NTU,0.17
04/03/2025,23.783006772263,38.091595618101,1940,Θολότητα,"Τελικό Αποτέλεσμα",NTU,0.137
04/03/2025,23.818436102886,38.030152774666,191,Θολότητα,"Τελικό Αποτέλεσμα",NTU,0.188
04/03/2025,23.828980364763,38.043901820297,193,Θολότητα,"Τελικό Αποτέλεσμα",NTU,0.112
04/03/2025,22.898432401038,38.254054888272,7011,Θολότητα,"Τελικό Αποτέλεσμα",NTU,0.156
04/04/2023,23.78300677,38.09159562,1940,Θολότητα,"Τελικό Αποτέλεσμα",NTU,0.241
04/04/2023,23.85447866,38.05288412,105,Θολότητα,"Τελικό Αποτέλεσμα",NTU,0.263
04/04/2023,23.77682568,38.06522626,180,Θολότητα,"Τελικό Αποτέλεσμα",NTU,0.217
04/04/2023,23.83927879,38.06057978,185,Θολότητα,"Τελικό Αποτέλεσμα",NTU,0.591
04/04/2023,23.79478287,38.039643,230,Θολότητα,"Τελικό Αποτέλεσμα",NTU,0.331
04/04/2023,23.79465296,38.03514891,235,Θολότητα,"Τελικό Αποτέλεσμα",NTU,0.331
04/04/2023,23.75187919,38.03442418,3010,Θολότητα,"Τελικό Αποτέλεσμα",NTU,0.34
04/04/2023,23.75279316,38.04341932,3020,Θολότητα,"Τελικό Αποτέλεσμα",NTU,0.37
04/04/2023,23.75797185,38.05889094,3030,Θολότητα,"Τελικό Αποτέλεσμα",NTU,0.224
04/04/2023,23.80475064,38.09155778,3050,Θολότητα,"Τελικό Αποτέλεσμα",NTU,0.104
04/04/2023,23.8076845,38.07968756,3060,Θολότητα,"Τελικό Αποτέλεσμα",NTU,0.115
04/04/2023,23.85772963,38.05887086,3090,Θολότητα,"Τελικό Αποτέλεσμα",NTU,0.26
04/04/2023,23.85885083,38.00940503,3110,Θολότητα,"Τελικό Αποτέλεσμα",NTU,0.152
04/04/2023,23.88593611,38.00348657,3120,Θολότητα,"Τελικό Αποτέλεσμα",NTU,0.651
04/04/2023,23.88358142,38.00166538,3130,Θολότητα,"Τελικό Αποτέλεσμα",NTU,0.482
04/04/2023,23.83289436,38.00690221,3150,Θολότητα,"Τελικό Αποτέλεσμα",NTU,0.226
04/04/2023,23.8176997,37.99941782,3160,Θολότητα,"Τελικό Αποτέλεσμα",NTU,0.175
04/04/2023,23.79680957,37.99819507,3170,Θολότητα,"Τελικό Αποτέλεσμα",NTU,0.393
04/04/2023,23.79552655,37.98210489,3190,Θολότητα,"Τελικό Αποτέλεσμα",NTU,0.392
04/04/2023,23.78026269,38.00051154,3200,Θολότητα,"Τελικό Αποτέλεσμα",NTU,0.19
04/04/2023,23.78796777,38.0084814,3220,Θολότητα,"Τελικό Αποτέλεσμα",NTU,0.804
04/04/2023,23.78013336,38.01994403,3240,Θολότητα,"Τελικό Αποτέλεσμα",NTU,0.438
04/04/2023,23.81127403,38.04572875,3260,Θολότητα,"Τελικό Αποτέλεσμα",NTU,0.504
04/04/2023,23.8184361,38.03015277,191,Θολότητα,"Τελικό Αποτέλεσμα",NTU,0.338
04/04/2023,23.82898036,38.04390182,193,Θολότητα,"Τελικό Αποτέλεσμα",NTU,0.29
04/04/2025,23.635233804352,37.972826147816,1926,Θολότητα,"Τελικό Αποτέλεσμα",NTU,0.153
04/04/2025,23.650491791439,38.020690523541,1936,Θολότητα,"Τελικό Αποτέλεσμα",NTU,0.163
04/04/2025,23.660572199344,37.996594669998,1950,Θολότητα,"Τελικό Αποτέλεσμα",NTU,0.388
04/04/2025,23.637482500551,37.984946451231,1941,Θολότητα,"Τελικό Αποτέλεσμα",NTU,0.202
04/04/2025,23.636736270073,37.985919067278,1935,Θολότητα,"Τελικό Αποτέλεσμα",NTU,0.222
04/04/2025,23.644052286684,38.004264948522,1947,Θολότητα,"Τελικό Αποτέλεσμα",NTU,0.184
04/04/2025,23.783006772263,38.091595618101,1940,Θολότητα,"Τελικό Αποτέλεσμα",NTU,0.18
04/04/2025,23.701682457361,37.918072433642,137,Θολότητα,"Τελικό Αποτέλεσμα",NTU,0.206
04/04/2025,23.802231976799,37.833112339241,140,Θολότητα,"Τελικό Αποτέλεσμα",NTU,0.153
04/04/2025,23.748648075769,37.916097225199,5010,Θολότητα,"Τελικό Αποτέλεσμα",NTU,0.335
04/04/2025,23.753422230835,37.904820647992,5020,Θολότητα,"Τελικό Αποτέλεσμα",NTU,0.227
04/04/2025,23.744700128802,37.889940171291,5030,Θολότητα,"Τελικό Αποτέλεσμα",NTU,0.18
04/04/2025,23.746055892182,37.884208036564,5040,Θολότητα,"Τελικό Αποτέλεσμα",NTU,0.427
04/04/2025,23.757964952407,37.860354353668,5050,Θολότητα,"Τελικό Αποτέλεσμα",NTU,0.354
04/04/2025,23.760700167651,37.852403396879,5060,Θολότητα,"Τελικό Αποτέλεσμα",NTU,0.447
04/04/2025,23.756977040295,37.848098522763,5080,Θολότητα,"Τελικό Αποτέλεσμα",NTU,0.139
04/04/2025,23.760685434504,37.8151667674,5090,Θολότητα,"Τελικό Αποτέλεσμα",NTU,0.316
04/04/2025,23.774386839978,37.81229932964,5100,Θολότητα,"Τελικό Αποτέλεσμα",NTU,0.218
04/04/2025,23.786337962388,37.822894363003,5110,Θολότητα,"Τελικό Αποτέλεσμα",NTU,0.425
04/04/2025,23.790340187783,37.835383621964,5150,Θολότητα,"Τελικό Αποτέλεσμα",NTU,0.263
04/04/2025,23.72543913784,37.888165068231,5170,Θολότητα,"Τελικό Αποτέλεσμα",NTU,0.197
04/04/2025,23.739973276711,37.869586272318,5160,Θολότητα,"Τελικό Αποτέλεσμα",NTU,0.206
04/04/2025,23.720082218937,37.903424243123,5180,Θολότητα,"Τελικό Αποτέλεσμα",NTU,0.347
04/04/2025,23.712840439649,37.915620541693,5200,Θολότητα,"Τελικό Αποτέλεσμα",NTU,0.509
04/04/2025,23.71413660329,37.912707373341,5190,Θολότητα,"Τελικό Αποτέλεσμα",NTU,0.349
04/04/2025,23.704881330177,37.935219954091,5230,Θολότητα,"Τελικό Αποτέλεσμα",NTU,0.2
04/05/2023,23.78781925,38.0878097,195,Θολότητα,"Τελικό Αποτέλεσμα",NTU,0.449
04/05/2023,23.8184361,38.03015277,191,Θολότητα,"Τελικό Αποτέλεσμα",NTU,0.275
04/05/2023,23.82898036,38.04390182,193,Θολότητα,"Τελικό Αποτέλεσμα",NTU,0.227
04/05/2023,23.76331913,37.9671107,120,Θολότητα,"Τελικό Αποτέλεσμα",NTU,0.196
04/05/2023,23.76373822,37.96231002,125,Θολότητα,"Τελικό Αποτέλεσμα",NTU,0.224
04/05/2023,23.74628153,37.95494925,130,Θολότητα,"Τελικό Αποτέλεσμα",NTU,0.308
04/05/2023,23.76902716,37.99339131,4010,Θολότητα,"Τελικό Αποτέλεσμα",NTU,0.298
04/05/2023,23.77648607,37.99622098,4020,Θολότητα,"Τελικό Αποτέλεσμα",NTU,0.128
04/05/2023,23.77644626,37.99275168,4030,Θολότητα,"Τελικό Αποτέλεσμα",NTU,0.258
04/05/2023,23.768783,37.9828978,4040,Θολότητα,"Τελικό Αποτέλεσμα",NTU,0.116
04/05/2023,23.77656931,37.97125316,4060,Θολότητα,"Τελικό Αποτέλεσμα",NTU,0.192
04/05/2023,23.77323663,37.96994397,4070,Θολότητα,"Τελικό Αποτέλεσμα",NTU,0.34
04/05/2023,23.76210863,37.97447332,4080,Θολότητα,"Τελικό Αποτέλεσμα",NTU,0.144
04/05/2023,23.75945557,37.97068504,4090,Θολότητα,"Τελικό Αποτέλεσμα",NTU,0.279
04/05/2023,23.77359043,37.94663449,4100,Θολότητα,"Τελικό Αποτέλεσμα",NTU,0.396
04/05/2023,23.75841416,37.95734094,4110,Θολότητα,"Τελικό Αποτέλεσμα",NTU,0.261
04/05/2023,23.7483243,37.95728104,4120,Θολότητα,"Τελικό Αποτέλεσμα",NTU,0.188
04/05/2023,23.7419006,37.95316688,4140,Θολότητα,"Τελικό Αποτέλεσμα",NTU,0.321
04/05/2023,23.75099403,37.93022254,4160,Θολότητα,"Τελικό Αποτέλεσμα",NTU,0.724
04/05/2023,23.73717945,37.92398915,4170,Θολότητα,"Τελικό Αποτέλεσμα",NTU,0.271
04/05/2023,23.73449966,37.92178254,4180,Θολότητα,"Τελικό Αποτέλεσμα",NTU,0.278
04/05/2023,23.72863096,37.93616832,4190,Θολότητα,"Τελικό Αποτέλεσμα",NTU,0.183
04/05/2023,23.7276664,37.95106354,4220,Θολότητα,"Τελικό Αποτέλεσμα",NTU,0.467
04/05/2023,23.72659763,37.95526612,4230,Θολότητα,"Τελικό Αποτέλεσμα",NTU,0.704
04/05/2023,23.72688782,37.95811379,4240,Θολότητα,"Τελικό Αποτέλεσμα",NTU,0.212
04/05/2023,23.78300677,38.09159562,1940,Θολότητα,"Τελικό Αποτέλεσμα",NTU,0.209
04/05/2023,23.53257622,37.93452623,2560,Θολότητα,"Τελικό Αποτέλεσμα",NTU,0.278
04/05/2023,23.41656871,37.91177786,1967,Θολότητα,"Τελικό Αποτέλεσμα",NTU,0.18
04/05/2023,23.4174242,37.90741906,2601,Θολότητα,"Τελικό Αποτέλεσμα",NTU,0.187
04/05/2024,23.783006772263,38.091595618101,1940,Θολότητα,"Τελικό Αποτέλεσμα",NTU,0.181
04/05/2025,23.783006772263,38.091595618101,1940,Θολότητα,"Τελικό Αποτέλεσμα",NTU,0.166
04/06/2023,23.78300677,38.09159562,1940,Θολότητα,"Τελικό Αποτέλεσμα",NTU,0.323
04/06/2024,23.531536570322,38.071725317014,2260,Θολότητα,"Τελικό Αποτέλεσμα",NTU,0.234
04/06/2024,23.751213344423,38.120529261783,2270,Θολότητα,"Τελικό Αποτέλεσμα",NTU,0.43
04/06/2024,23.783006772263,38.091595618101,1940,Θολότητα,"Τελικό Αποτέλεσμα",NTU,0.241
04/06/2024,23.854478659062,38.052884117638,105,Θολότητα,"Τελικό Αποτέλεσμα",NTU,0.369
04/06/2024,23.776825675098,38.065226258806,180,Θολότητα,"Τελικό Αποτέλεσμα",NTU,0.2
04/06/2024,23.794782865204,38.039643002291,230,Θολότητα,"Τελικό Αποτέλεσμα",NTU,0.433
04/06/2024,23.794652964206,38.035148911359,235,Θολότητα,"Τελικό Αποτέλεσμα",NTU,0.289
04/06/2024,23.751879192533,38.034424177094,3010,Θολότητα,"Τελικό Αποτέλεσμα",NTU,0.855
04/06/2024,23.752793157246,38.043419319626,3020,Θολότητα,"Τελικό Αποτέλεσμα",NTU,0.493
04/06/2024,23.804750637211,38.091557777528,3050,Θολότητα,"Τελικό Αποτέλεσμα",NTU,0.152
04/06/2024,23.807684504112,38.079687557148,3060,Θολότητα,"Τελικό Αποτέλεσμα",NTU,0.28
04/06/2024,23.826588445352,38.068733964465,3080,Θολότητα,"Τελικό Αποτέλεσμα",NTU,0.105
04/06/2024,23.857729632516,38.058870858803,3090,Θολότητα,"Τελικό Αποτέλεσμα",NTU,0.12
04/06/2024,23.858850831498,38.009405027534,3110,Θολότητα,"Τελικό Αποτέλεσμα",NTU,0.193
04/06/2024,23.885936114707,38.003486571993,3120,Θολότητα,"Τελικό Αποτέλεσμα",NTU,0.45
04/06/2024,23.883581420117,38.001665382065,3130,Θολότητα,"Τελικό Αποτέλεσμα",NTU,0.342
04/06/2024,23.832894356592,38.006902214705,3150,Θολότητα,"Τελικό Αποτέλεσμα",NTU,0.209
04/06/2024,23.817699699893,37.999417823294,3160,Θολότητα,"Τελικό Αποτέλεσμα",NTU,0.803
04/06/2024,23.796809568113,37.998195065074,3170,Θολότητα,"Τελικό Αποτέλεσμα",NTU,0.789
04/06/2024,23.795526554539,37.982104892246,3190,Θολότητα,"Τελικό Αποτέλεσμα",NTU,0.327
04/06/2024,23.780262690434,38.00051153767,3200,Θολότητα,"Τελικό Αποτέλεσμα",NTU,0.27
04/06/2024,23.787967770047,38.008481399044,3220,Θολότητα,"Τελικό Αποτέλεσμα",NTU,0.328
04/06/2024,23.780133361397,38.019944025229,3240,Θολότητα,"Τελικό Αποτέλεσμα",NTU,0.276
04/06/2024,23.780281362583,38.047179053493,3250,Θολότητα,"Τελικό Αποτέλεσμα",NTU,0.152
04/06/2024,23.811274027343,38.045728748791,3260,Θολότητα,"Τελικό Αποτέλεσμα",NTU,0.319
04/06/2025,23.642117121438,37.933371936061,146,Θολότητα,"Τελικό Αποτέλεσμα",NTU,0.169
04/06/2025,23.685426227465,37.977076609772,6010,Θολότητα,"Τελικό Αποτέλεσμα",NTU,0.307
04/06/2025,23.660147196721,37.980291207729,6020,Θολότητα,"Τελικό Αποτέλεσμα",NTU,0.136
04/06/2025,23.656184913017,37.980594422153,6030,Θολότητα,"Τελικό Αποτέλεσμα",NTU,0.298
04/06/2025,23.653420670725,37.976887978332,6040,Θολότητα,"Τελικό Αποτέλεσμα",NTU,0.192
04/06/2025,23.639896339554,37.977549997131,6050,Θολότητα,"Τελικό Αποτέλεσμα",NTU,0.327
04/06/2025,23.640200994864,37.973616459939,6060,Θολότητα,"Τελικό Αποτέλεσμα",NTU,0.32
04/06/2025,23.633210429054,37.967000345107,6080,Θολότητα,"Τελικό Αποτέλεσμα",NTU,0.303
04/06/2025,23.623370187872,37.950398549294,6110,Θολότητα,"Τελικό Αποτέλεσμα",NTU,0.112
04/06/2025,23.634009487857,37.953472259917,6120,Θολότητα,"Τελικό Αποτέλεσμα",NTU,0.296
04/06/2025,23.633733840369,37.950873888977,6130,Θολότητα,"Τελικό Αποτέλεσμα",NTU,0.121
04/06/2025,23.642068896508,37.928344112851,6150,Θολότητα,"Τελικό Αποτέλεσμα",NTU,0.113
04/06/2025,23.65217192804,37.939622706754,6170,Θολότητα,"Τελικό Αποτέλεσμα",NTU,0.19
04/06/2025,23.673234118927,37.946109912673,6190,Θολότητα,"Τελικό Αποτέλεσμα",NTU,0.114
04/06/2025,23.691643963145,37.948013010856,6210,Θολότητα,"Τελικό Αποτέλεσμα",NTU,0.33
04/06/2025,23.694323188433,37.952417395875,6220,Θολότητα,"Τελικό Αποτέλεσμα",NTU,0.174
04/06/2025,23.640262686028,37.939614121045,6240,Θολότητα,"Τελικό Αποτέλεσμα",NTU,0.177
04/07/2023,23.78781925,38.0878097,195,Θολότητα,"Τελικό Αποτέλεσμα",NTU,0.567
04/07/2023,23.8184361,38.03015277,191,Θολότητα,"Τελικό Αποτέλεσμα",NTU,0.781
04/07/2023,23.82898036,38.04390182,193,Θολότητα,"Τελικό Αποτέλεσμα",NTU,0.638
04/07/2023,23.78300677,38.09159562,1940,Θολότητα,"Τελικό Αποτέλεσμα",NTU,0.273
04/07/2023,23.6352338,37.97282615,1926,Θολότητα,"Τελικό Αποτέλεσμα",NTU,0.187
04/07/2023,23.65049179,38.02069052,1936,Θολότητα,"Τελικό Αποτέλεσμα",NTU,0.572
04/07/2023,23.6605722,37.99659467,1950,Θολότητα,"Τελικό Αποτέλεσμα",NTU,0.388
04/07/2023,23.6374825,37.98494645,1941,Θολότητα,"Τελικό Αποτέλεσμα",NTU,0.234
04/07/2023,23.63673627,37.98591907,1935,Θολότητα,"Τελικό Αποτέλεσμα",NTU,0.586
04/07/2023,23.85447866,38.05288412,105,Θολότητα,"Τελικό Αποτέλεσμα",NTU,0.168
04/07/2023,23.77682568,38.06522626,180,Θολότητα,"Τελικό Αποτέλεσμα",NTU,0.248
04/07/2023,23.83927879,38.06057978,185,Θολότητα,"Τελικό Αποτέλεσμα",NTU,0.527
04/07/2023,23.79478287,38.039643,230,Θολότητα,"Τελικό Αποτέλεσμα",NTU,0.238
04/07/2023,23.79465296,38.03514891,235,Θολότητα,"Τελικό Αποτέλεσμα",NTU,0.256
04/07/2023,23.75187919,38.03442418,3010,Θολότητα,"Τελικό Αποτέλεσμα",NTU,0.468
04/07/2023,23.75279316,38.04341932,3020,Θολότητα,"Τελικό Αποτέλεσμα",NTU,0.448
04/07/2023,23.75797185,38.05889094,3030,Θολότητα,"Τελικό Αποτέλεσμα",NTU,0.139
04/07/2023,23.80475064,38.09155778,3050,Θολότητα,"Τελικό Αποτέλεσμα",NTU,0.257
04/07/2023,23.8076845,38.07968756,3060,Θολότητα,"Τελικό Αποτέλεσμα",NTU,0.125
04/07/2023,23.85885083,38.00940503,3110,Θολότητα,"Τελικό Αποτέλεσμα",NTU,0.13
04/07/2023,23.88593611,38.00348657,3120,Θολότητα,"Τελικό Αποτέλεσμα",NTU,0.749
04/07/2023,23.83289436,38.00690221,3150,Θολότητα,"Τελικό Αποτέλεσμα",NTU,0.508
04/07/2023,23.8176997,37.99941782,3160,Θολότητα,"Τελικό Αποτέλεσμα",NTU,0.208
04/07/2023,23.79680957,37.99819507,3170,Θολότητα,"Τελικό Αποτέλεσμα",NTU,0.358
04/07/2023,23.79494863,37.99586454,3180,Θολότητα,"Τελικό Αποτέλεσμα",NTU,0.193
04/07/2023,23.79552655,37.98210489,3190,Θολότητα,"Τελικό Αποτέλεσμα",NTU,0.246
04/07/2023,23.78026269,38.00051154,3200,Θολότητα,"Τελικό Αποτέλεσμα",NTU,0.274
04/07/2023,23.78796777,38.0084814,3220,Θολότητα,"Τελικό Αποτέλεσμα",NTU,0.229
04/07/2023,23.78013336,38.01994403,3240,Θολότητα,"Τελικό Αποτέλεσμα",NTU,0.219
04/07/2023,23.81127403,38.04572875,3260,Θολότητα,"Τελικό Αποτέλεσμα",NTU,0.315
04/07/2024,23.763319132339,37.967110703832,120,Θολότητα,"Τελικό Αποτέλεσμα",NTU,0.311
04/07/2024,23.763738215853,37.962310018511,125,Θολότητα,"Τελικό Αποτέλεσμα",NTU,0.308
04/07/2024,23.746281527272,37.954949246394,130,Θολότητα,"Τελικό Αποτέλεσμα",NTU,0.337
04/07/2024,23.776486074062,37.996220978178,4020,Θολότητα,"Τελικό Αποτέλεσμα",NTU,0.25
04/07/2024,23.776446263032,37.992751677322,4030,Θολότητα,"Τελικό Αποτέλεσμα",NTU,0.793
04/07/2024,23.768783003349,37.982897797692,4040,Θολότητα,"Τελικό Αποτέλεσμα",NTU,0.197
04/07/2024,23.776569307759,37.971253159928,4060,Θολότητα,"Τελικό Αποτέλεσμα",NTU,0.153
04/07/2024,23.773236630704,37.96994397087,4070,Θολότητα,"Τελικό Αποτέλεσμα",NTU,0.177
04/07/2024,23.75945556984,37.970685038508,4090,Θολότητα,"Τελικό Αποτέλεσμα",NTU,0.154
04/07/2024,23.773590432102,37.94663449198,4100,Θολότητα,"Τελικό Αποτέλεσμα",NTU,0.468
04/07/2024,23.758414161627,37.957340941046,4110,Θολότητα,"Τελικό Αποτέλεσμα",NTU,0.207
04/07/2024,23.748324301254,37.957281035336,4120,Θολότητα,"Τελικό Αποτέλεσμα",NTU,0.49
04/07/2024,23.74190059516,37.95316687964,4140,Θολότητα,"Τελικό Αποτέλεσμα",NTU,0.269
04/07/2024,23.75099402587,37.930222535019,4160,Θολότητα,"Τελικό Αποτέλεσμα",NTU,0.676
04/07/2024,23.734499659649,37.921782537866,4180,Θολότητα,"Τελικό Αποτέλεσμα",NTU,0.531
04/07/2024,23.728630962837,37.936168316,4190,Θολότητα,"Τελικό Αποτέλεσμα",NTU,0.111
04/07/2024,23.727666402305,37.95106353914,4220,Θολότητα,"Τελικό Αποτέλεσμα",NTU,0.322
04/07/2024,23.726597630536,37.955266120446,4230,Θολότητα,"Τελικό Αποτέλεσμα",NTU,0.126
04/07/2024,23.818436102886,38.030152774666,191,Θολότητα,"Τελικό Αποτέλεσμα",NTU,0.33
04/07/2024,23.828980364763,38.043901820297,193,Θολότητα,"Τελικό Αποτέλεσμα",NTU,0.408
04/07/2024,23.783006772263,38.091595618101,1940,Θολότητα,"Τελικό Αποτέλεσμα",NTU,0.286
04/07/2024,23.489051854672,37.970435691217,2580,Θολότητα,"Τελικό Αποτέλεσμα",NTU,0.241
04/07/2024,23.520459758419,37.943585439066,1927,Θολότητα,"Τελικό Αποτέλεσμα",NTU,0.442
04/07/2024,23.490300544782,37.995447286627,1931,Θολότητα,"Τελικό Αποτέλεσμα",NTU,0.183
04/07/2025,23.701682457361,37.918072433642,137,Θολότητα,"Τελικό Αποτέλεσμα",NTU,0.299
04/07/2025,23.802231976799,37.833112339241,140,Θολότητα,"Τελικό Αποτέλεσμα",NTU,0.435
04/07/2025,23.748648075769,37.916097225199,5010,Θολότητα,"Τελικό Αποτέλεσμα",NTU,0.402
04/07/2025,23.753422230835,37.904820647992,5020,Θολότητα,"Τελικό Αποτέλεσμα",NTU,0.432
04/07/2025,23.744700128802,37.889940171291,5030,Θολότητα,"Τελικό Αποτέλεσμα",NTU,0.194
04/07/2025,23.746055892182,37.884208036564,5040,Θολότητα,"Τελικό Αποτέλεσμα",NTU,0.372
04/07/2025,23.757964952407,37.860354353668,5050,Θολότητα,"Τελικό Αποτέλεσμα",NTU,0.875
04/07/2025,23.760700167651,37.852403396879,5060,Θολότητα,"Τελικό Αποτέλεσμα",NTU,0.293
04/07/2025,23.756977040295,37.848098522763,5080,Θολότητα,"Τελικό Αποτέλεσμα",NTU,0.153
04/07/2025,23.760685434504,37.8151667674,5090,Θολότητα,"Τελικό Αποτέλεσμα",NTU,0.249
04/07/2025,23.774386839978,37.81229932964,5100,Θολότητα,"Τελικό Αποτέλεσμα",NTU,0.157
04/07/2025,23.786337962388,37.822894363003,5110,Θολότητα,"Τελικό Αποτέλεσμα",NTU,0.411
04/07/2025,23.790340187783,37.835383621964,5150,Θολότητα,"Τελικό Αποτέλεσμα",NTU,0.436
04/07/2025,23.739973276711,37.869586272318,5160,Θολότητα,"Τελικό Αποτέλεσμα",NTU,0.144
04/07/2025,23.72543913784,37.888165068231,5170,Θολότητα,"Τελικό Αποτέλεσμα",NTU,0.135
04/07/2025,23.720082218937,37.903424243123,5180,Θολότητα,"Τελικό Αποτέλεσμα",NTU,0.222
04/07/2025,23.71413660329,37.912707373341,5190,Θολότητα,"Τελικό Αποτέλεσμα",NTU,0.116
04/07/2025,23.706435208048,37.919600993522,5210,Θολότητα,"Τελικό Αποτέλεσμα",NTU,0.199
04/07/2025,23.704881330177,37.935219954091,5230,Θολότητα,"Τελικό Αποτέλεσμα",NTU,0.228
04/08/2023,23.76621884,37.94149317,135,Θολότητα,"Τελικό Αποτέλεσμα",NTU,0.368
04/08/2023,23.70168246,37.91807243,137,Θολότητα,"Τελικό Αποτέλεσμα",NTU,0.44
04/08/2023,23.78205391,37.85203476,139,Θολότητα,"Τελικό Αποτέλεσμα",NTU,0.22
04/08/2023,23.80223198,37.83311234,140,Θολότητα,"Τελικό Αποτέλεσμα",NTU,0.193
04/08/2023,23.74864808,37.91609723,5010,Θολότητα,"Τελικό Αποτέλεσμα",NTU,0.234
04/08/2023,23.75342223,37.90482065,5020,Θολότητα,"Τελικό Αποτέλεσμα",NTU,0.263
04/08/2023,23.75796495,37.86035435,5050,Θολότητα,"Τελικό Αποτέλεσμα",NTU,0.435
04/08/2023,23.76070017,37.8524034,5060,Θολότητα,"Τελικό Αποτέλεσμα",NTU,0.209
04/08/2023,23.75697704,37.84809852,5080,Θολότητα,"Τελικό Αποτέλεσμα",NTU,0.157
04/08/2023,23.76068543,37.81516677,5090,Θολότητα,"Τελικό Αποτέλεσμα",NTU,0.152
04/08/2023,23.77438684,37.81229933,5100,Θολότητα,"Τελικό Αποτέλεσμα",NTU,0.191
04/08/2023,23.78633796,37.82289436,5110,Θολότητα,"Τελικό Αποτέλεσμα",NTU,0.347
04/08/2023,23.79034019,37.83538362,5150,Θολότητα,"Τελικό Αποτέλεσμα",NTU,0.179
04/08/2023,23.73997328,37.86958627,5160,Θολότητα,"Τελικό Αποτέλεσμα",NTU,0.087
04/08/2023,23.72543914,37.88816507,5170,Θολότητα,"Τελικό Αποτέλεσμα",NTU,0.306
04/08/2023,23.72008222,37.90342424,5180,Θολότητα,"Τελικό Αποτέλεσμα",NTU,0.116
04/08/2023,23.71284044,37.91562054,5200,Θολότητα,"Τελικό Αποτέλεσμα",NTU,0.105
04/08/2023,23.70643521,37.91960099,5210,Θολότητα,"Τελικό Αποτέλεσμα",NTU,0.228
04/08/2023,23.70488133,37.93521995,5230,Θολότητα,"Τελικό Αποτέλεσμα",NTU,0.085
04/08/2023,23.65618491,37.98059442,6030,Θολότητα,"Τελικό Αποτέλεσμα",NTU,0.109
04/08/2023,23.63989634,37.97755,6050,Θολότητα,"Τελικό Αποτέλεσμα",NTU,0.099
04/08/2023,23.78300677,38.09159562,1940,Θολότητα,"Τελικό Αποτέλεσμα",NTU,0.173
04/08/2024,23.783006772263,38.091595618101,1940,Θολότητα,"Τελικό Αποτέλεσμα",NTU,0.244
04/09/2023,23.78300677,38.09159562,1940,Θολότητα,"Τελικό Αποτέλεσμα",NTU,0.316
04/09/2023,23.85447866,38.05288412,105,Θολότητα,"Τελικό Αποτέλεσμα",NTU,0.174
04/09/2023,23.77682568,38.06522626,180,Θολότητα,"Τελικό Αποτέλεσμα",NTU,0.257
04/09/2023,23.83927879,38.06057978,185,Θολότητα,"Τελικό Αποτέλεσμα",NTU,0.324
04/09/2023,23.79478287,38.039643,230,Θολότητα,"Τελικό Αποτέλεσμα",NTU,0.31
04/09/2023,23.79465296,38.03514891,235,Θολότητα,"Τελικό Αποτέλεσμα",NTU,0.303
04/09/2023,23.75187919,38.03442418,3010,Θολότητα,"Τελικό Αποτέλεσμα",NTU,0.257
04/09/2023,23.75279316,38.04341932,3020,Θολότητα,"Τελικό Αποτέλεσμα",NTU,0.206
04/09/2023,23.75797185,38.05889094,3030,Θολότητα,"Τελικό Αποτέλεσμα",NTU,0.208
04/09/2023,23.76291115,38.06333221,3040,Θολότητα,"Τελικό Αποτέλεσμα",NTU,0.174
04/09/2023,23.80475064,38.09155778,3050,Θολότητα,"Τελικό Αποτέλεσμα",NTU,0.186
04/09/2023,23.8076845,38.07968756,3060,Θολότητα,"Τελικό Αποτέλεσμα",NTU,0.114
04/09/2023,23.82658845,38.06873396,3080,Θολότητα,"Τελικό Αποτέλεσμα",NTU,0.131
04/09/2023,23.85772963,38.05887086,3090,Θολότητα,"Τελικό Αποτέλεσμα",NTU,0.258
04/09/2023,23.85885083,38.00940503,3110,Θολότητα,"Τελικό Αποτέλεσμα",NTU,0.13
04/09/2023,23.88358142,38.00166538,3130,Θολότητα,"Τελικό Αποτέλεσμα",NTU,0.159
04/09/2023,23.83289436,38.00690221,3150,Θολότητα,"Τελικό Αποτέλεσμα",NTU,0.292
04/09/2023,23.8176997,37.99941782,3160,Θολότητα,"Τελικό Αποτέλεσμα",NTU,0.162
04/09/2023,23.79680957,37.99819507,3170,Θολότητα,"Τελικό Αποτέλεσμα",NTU,0.378
04/09/2023,23.79552655,37.98210489,3190,Θολότητα,"Τελικό Αποτέλεσμα",NTU,0.341
04/09/2023,23.78026269,38.00051154,3200,Θολότητα,"Τελικό Αποτέλεσμα",NTU,0.218
04/09/2023,23.78796777,38.0084814,3220,Θολότητα,"Τελικό Αποτέλεσμα",NTU,0.164
04/09/2023,23.78013336,38.01994403,3240,Θολότητα,"Τελικό Αποτέλεσμα",NTU,0.228
04/09/2023,23.78028136,38.04717905,3250,Θολότητα,"Τελικό Αποτέλεσμα",NTU,0.285
04/09/2023,23.81127403,38.04572875,3260,Θολότητα,"Τελικό Αποτέλεσμα",NTU,0.374
04/09/2023,23.53153657,38.07172532,2260,Θολότητα,"Τελικό Αποτέλεσμα",NTU,0.118
04/09/2024,23.773236630704,37.96994397087,4070,Θολότητα,"Τελικό Αποτέλεσμα",NTU,0.341
04/09/2024,23.786337962388,37.822894363003,5110,Θολότητα,"Τελικό Αποτέλεσμα",NTU,0.525
04/09/2024,23.848751638879,38.124166714577,4710,Θολότητα,"Τελικό Αποτέλεσμα",NTU,0.241
04/09/2024,23.908700098241,38.168241126955,4720,Θολότητα,"Τελικό Αποτέλεσμα",NTU,0.183
04/09/2024,24.034572330748,38.190401550712,4750,Θολότητα,"Τελικό Αποτέλεσμα",NTU,0.197
04/09/2024,23.977138138398,38.085743034532,4770,Θολότητα,"Τελικό Αποτέλεσμα",NTU,0.261
04/09/2024,23.989441223817,38.037783380352,4771,Θολότητα,"Τελικό Αποτέλεσμα",NTU,0.173
04/09/2024,24.012050710459,38.014370105797,4852,Θολότητα,"Τελικό Αποτέλεσμα",NTU,0.189
04/09/2024,24.007320013182,37.984167240863,4890,Θολότητα,"Τελικό Αποτέλεσμα",NTU,0.15
04/09/2024,23.90698069658,37.964512417317,4902,Θολότητα,"Τελικό Αποτέλεσμα",NTU,0.208
04/09/2024,23.973051962748,37.958463647889,4910,Θολότητα,"Τελικό Αποτέλεσμα",NTU,0.123
04/09/2024,23.950343222474,37.894345298849,6622,Θολότητα,"Τελικό Αποτέλεσμα",NTU,0.186
04/09/2024,23.783006772263,38.091595618101,1940,Θολότητα,"Τελικό Αποτέλεσμα",NTU,0.307
04/09/2024,23.871650152448,38.05010024616,1911,Θολότητα,"Τελικό Αποτέλεσμα",NTU,0.384
04/09/2024,23.877462910757,38.060150004,1957,Θολότητα,"Τελικό Αποτέλεσμα",NTU,0.204
04/10/2023,23.78300677,38.09159562,1940,Θολότητα,"Τελικό Αποτέλεσμα",NTU,0.232
04/10/2023,23.68542623,37.97707661,6010,Θολότητα,"Τελικό Αποτέλεσμα",NTU,0.141
04/10/2023,23.6601472,37.98029121,6020,Θολότητα,"Τελικό Αποτέλεσμα",NTU,0.819
04/10/2023,23.65618491,37.98059442,6030,Θολότητα,"Τελικό Αποτέλεσμα",NTU,0.148
04/10/2023,23.65342067,37.97688798,6040,Θολότητα,"Τελικό Αποτέλεσμα",NTU,0.09
04/10/2023,23.63989634,37.97755,6050,Θολότητα,"Τελικό Αποτέλεσμα",NTU,0.232
04/10/2023,23.64020099,37.97361646,6060,Θολότητα,"Τελικό Αποτέλεσμα",NTU,0.124
04/10/2023,23.62337019,37.95039855,6110,Θολότητα,"Τελικό Αποτέλεσμα",NTU,0.106
04/10/2023,23.63373384,37.95087389,6130,Θολότητα,"Τελικό Αποτέλεσμα",NTU,0.3
04/10/2023,23.6420689,37.92834411,6150,Θολότητα,"Τελικό Αποτέλεσμα",NTU,0.091
04/10/2023,23.62796265,37.93233446,6160,Θολότητα,"Τελικό Αποτέλεσμα",NTU,0.156
04/10/2023,23.65217193,37.93962271,6170,Θολότητα,"Τελικό Αποτέλεσμα",NTU,0.679
04/10/2023,23.67323412,37.94610991,6190,Θολότητα,"Τελικό Αποτέλεσμα",NTU,0.561
04/10/2023,23.68003741,37.94809685,6200,Θολότητα,"Τελικό Αποτέλεσμα",NTU,0.116
04/10/2023,23.69164396,37.94801301,6210,Θολότητα,"Τελικό Αποτέλεσμα",NTU,0.208
04/10/2023,23.69432319,37.9524174,6220,Θολότητα,"Τελικό Αποτέλεσμα",NTU,0.118
04/10/2023,23.64026269,37.93961412,6240,Θολότητα,"Τελικό Αποτέλεσμα",NTU,0.223
04/10/2023,23.75187919,38.03442418,3010,Θολότητα,"Τελικό Αποτέλεσμα",NTU,0.189
04/10/2024,23.783006772263,38.091595618101,1940,Θολότητα,"Τελικό Αποτέλεσμα",NTU,0.219
04/10/2024,23.763319132339,37.967110703832,120,Θολότητα,"Τελικό Αποτέλεσμα",NTU,0.398
04/10/2024,23.763738215853,37.962310018511,125,Θολότητα,"Τελικό Αποτέλεσμα",NTU,0.133
04/10/2024,23.746281527272,37.954949246394,130,Θολότητα,"Τελικό Αποτέλεσμα",NTU,0.211
04/10/2024,23.769027158681,37.993391314662,4010,Θολότητα,"Τελικό Αποτέλεσμα",NTU,0.59
04/10/2024,23.776486074062,37.996220978178,4020,Θολότητα,"Τελικό Αποτέλεσμα",NTU,0.408
04/10/2024,23.776446263032,37.992751677322,4030,Θολότητα,"Τελικό Αποτέλεσμα",NTU,0.346
04/10/2024,23.768783003349,37.982897797692,4040,Θολότητα,"Τελικό Αποτέλεσμα",NTU,0.205
04/10/2024,23.776569307759,37.971253159928,4060,Θολότητα,"Τελικό Αποτέλεσμα",NTU,0.236
04/10/2024,23.773236630704,37.96994397087,4070,Θολότητα,"Τελικό Αποτέλεσμα",NTU,0.453
04/10/2024,23.762108634131,37.974473318809,4080,Θολότητα,"Τελικό Αποτέλεσμα",NTU,0.23
04/10/2024,23.75945556984,37.970685038508,4090,Θολότητα,"Τελικό Αποτέλεσμα",NTU,0.15
04/10/2024,23.773590432102,37.94663449198,4100,Θολότητα,"Τελικό Αποτέλεσμα",NTU,0.425
04/10/2024,23.758414161627,37.957340941046,4110,Θολότητα,"Τελικό Αποτέλεσμα",NTU,0.282
04/10/2024,23.748324301254,37.957281035336,4120,Θολότητα,"Τελικό Αποτέλεσμα",NTU,0.383
04/10/2024,23.74190059516,37.95316687964,4140,Θολότητα,"Τελικό Αποτέλεσμα",NTU,0.353
04/10/2024,23.75099402587,37.930222535019,4160,Θολότητα,"Τελικό Αποτέλεσμα",NTU,0.142
04/10/2024,23.737179449332,37.923989154778,4170,Θολότητα,"Τελικό Αποτέλεσμα",NTU,0.387
04/10/2024,23.734499659649,37.921782537866,4180,Θολότητα,"Τελικό Αποτέλεσμα",NTU,0.373
04/10/2024,23.728630962837,37.936168316,4190,Θολότητα,"Τελικό Αποτέλεσμα",NTU,0.162
04/10/2024,23.727666402305,37.95106353914,4220,Θολότητα,"Τελικό Αποτέλεσμα",NTU,0.785
04/10/2024,23.726597630536,37.955266120446,4230,Θολότητα,"Τελικό Αποτέλεσμα",NTU,0.239
04/11/2023,23.78300677,38.09159562,1940,Θολότητα,"Τελικό Αποτέλεσμα",NTU,0.266
04/11/2024,23.783006772263,38.091595618101,1940,Θολότητα,"Τελικό Αποτέλεσμα",NTU,0.103
04/11/2024,23.854478659062,38.052884117638,105,Θολότητα,"Τελικό Αποτέλεσμα",NTU,0.404
04/11/2024,23.776825675098,38.065226258806,180,Θολότητα,"Τελικό Αποτέλεσμα",NTU,0.13
04/11/2024,23.794782865204,38.039643002291,230,Θολότητα,"Τελικό Αποτέλεσμα",NTU,0.117
04/11/2024,23.794652964206,38.035148911359,235,Θολότητα,"Τελικό Αποτέλεσμα",NTU,0.168
04/11/2024,23.751879192533,38.034424177094,3010,Θολότητα,"Τελικό Αποτέλεσμα",NTU,0.153
04/11/2024,23.752793157246,38.043419319626,3020,Θολότητα,"Τελικό Αποτέλεσμα",NTU,0.187
04/11/2024,23.757971853364,38.058890938524,3030,Θολότητα,"Τελικό Αποτέλεσμα",NTU,0.222
04/11/2024,23.762911148418,38.063332209074,3040,Θολότητα,"Τελικό Αποτέλεσμα",NTU,0.101
04/11/2024,23.804750637211,38.091557777528,3050,Θολότητα,"Τελικό Αποτέλεσμα",NTU,0.218
04/11/2024,23.807684504112,38.079687557148,3060,Θολότητα,"Τελικό Αποτέλεσμα",NTU,0.423
04/11/2024,23.826588445352,38.068733964465,3080,Θολότητα,"Τελικό Αποτέλεσμα",NTU,0.151
04/11/2024,23.857729632516,38.058870858803,3090,Θολότητα,"Τελικό Αποτέλεσμα",NTU,0.58
04/11/2024,23.858850831498,38.009405027534,3110,Θολότητα,"Τελικό Αποτέλεσμα",NTU,0.123
04/11/2024,23.885936114707,38.003486571993,3120,Θολότητα,"Τελικό Αποτέλεσμα",NTU,0.458
04/11/2024,23.883581420117,38.001665382065,3130,Θολότητα,"Τελικό Αποτέλεσμα",NTU,0.244
04/11/2024,23.832894356592,38.006902214705,3150,Θολότητα,"Τελικό Αποτέλεσμα",NTU,0.301
04/11/2024,23.817699699893,37.999417823294,3160,Θολότητα,"Τελικό Αποτέλεσμα",NTU,0.24
04/11/2024,23.796809568113,37.998195065074,3170,Θολότητα,"Τελικό Αποτέλεσμα",NTU,0.113
04/11/2024,23.794948631404,37.99586453832,3180,Θολότητα,"Τελικό Αποτέλεσμα",NTU,0.17
04/11/2024,23.795526554539,37.982104892246,3190,Θολότητα,"Τελικό Αποτέλεσμα",NTU,0.165
04/11/2024,23.780262690434,38.00051153767,3200,Θολότητα,"Τελικό Αποτέλεσμα",NTU,0.115
04/11/2024,23.787967770047,38.008481399044,3220,Θολότητα,"Τελικό Αποτέλεσμα",NTU,0.258
04/11/2024,23.780133361397,38.019944025229,3240,Θολότητα,"Τελικό Αποτέλεσμα",NTU,0.13
04/11/2024,23.811274027343,38.045728748791,3260,Θολότητα,"Τελικό Αποτέλεσμα",NTU,0.2
04/11/2024,23.655737542216,37.93998667845,1930,Θολότητα,"Τελικό Αποτέλεσμα",NTU,0.148
04/12/2023,23.78300677,38.09159562,1940,Θολότητα,"Τελικό Αποτέλεσμα",NTU,0.105
04/12/2023,23.85447866,38.05288412,105,Θολότητα,"Τελικό Αποτέλεσμα",NTU,0.211
04/12/2023,23.77682568,38.06522626,180,Θολότητα,"Τελικό Αποτέλεσμα",NTU,0.234
04/12/2023,23.79478287,38.039643,230,Θολότητα,"Τελικό Αποτέλεσμα",NTU,0.192
04/12/2023,23.79465296,38.03514891,235,Θολότητα,"Τελικό Αποτέλεσμα",NTU,0.345
04/12/2023,23.75187919,38.03442418,3010,Θολότητα,"Τελικό Αποτέλεσμα",NTU,0.291
04/12/2023,23.75279316,38.04341932,3020,Θολότητα,"Τελικό Αποτέλεσμα",NTU,0.271
04/12/2023,23.75797185,38.05889094,3030,Θολότητα,"Τελικό Αποτέλεσμα",NTU,0.171
04/12/2023,23.80475064,38.09155778,3050,Θολότητα,"Τελικό Αποτέλεσμα",NTU,0.415
04/12/2023,23.85772963,38.05887086,3090,Θολότητα,"Τελικό Αποτέλεσμα",NTU,0.214
04/12/2023,23.85885083,38.00940503,3110,Θολότητα,"Τελικό Αποτέλεσμα",NTU,0.288
04/12/2023,23.88593611,38.00348657,3120,Θολότητα,"Τελικό Αποτέλεσμα",NTU,0.851
04/12/2023,23.88358142,38.00166538,3130,Θολότητα,"Τελικό Αποτέλεσμα",NTU,0.198
04/12/2023,23.83289436,38.00690221,3150,Θολότητα,"Τελικό Αποτέλεσμα",NTU,0.103
04/12/2023,23.8176997,37.99941782,3160,Θολότητα,"Τελικό Αποτέλεσμα",NTU,0.085
04/12/2023,23.79680957,37.99819507,3170,Θολότητα,"Τελικό Αποτέλεσμα",NTU,0.157
04/12/2023,23.79494863,37.99586454,3180,Θολότητα,"Τελικό Αποτέλεσμα",NTU,0.229
04/12/2023,23.79552655,37.98210489,3190,Θολότητα,"Τελικό Αποτέλεσμα",NTU,0.478
04/12/2023,23.78026269,38.00051154,3200,Θολότητα,"Τελικό Αποτέλεσμα",NTU,0.204
04/12/2023,23.78796777,38.0084814,3220,Θολότητα,"Τελικό Αποτέλεσμα",NTU,0.138
04/12/2023,23.78013336,38.01994403,3240,Θολότητα,"Τελικό Αποτέλεσμα",NTU,0.166
04/12/2023,23.48905185,37.97043569,2580,Θολότητα,"Τελικό Αποτέλεσμα",NTU,0.164
04/12/2023,23.52045976,37.94358544,1927,Θολότητα,"Τελικό Αποτέλεσμα",NTU,0.21
04/12/2023,23.46565745,37.91849312,1929,Θολότητα,"Τελικό Αποτέλεσμα",NTU,0.211
04/12/2023,23.49030054,37.99544729,1931,Θολότητα,"Τελικό Αποτέλεσμα",NTU,0.129
04/12/2024,23.782568605776,38.133625196225,1932,Θολότητα,"Τελικό Αποτέλεσμα",NTU,0.217
04/12/2024,23.763319132339,37.967110703832,120,Θολότητα,"Τελικό Αποτέλεσμα",NTU,0.207
04/12/2024,23.763738215853,37.962310018511,125,Θολότητα,"Τελικό Αποτέλεσμα",NTU,0.147
04/12/2024,23.746281527272,37.954949246394,130,Θολότητα,"Τελικό Αποτέλεσμα",NTU,0.291
04/12/2024,23.769027158681,37.993391314662,4010,Θολότητα,"Τελικό Αποτέλεσμα",NTU,0.881
04/12/2024,23.776486074062,37.996220978178,4020,Θολότητα,"Τελικό Αποτέλεσμα",NTU,0.234
04/12/2024,23.776446263032,37.992751677322,4030,Θολότητα,"Τελικό Αποτέλεσμα",NTU,0.25
04/12/2024,23.768783003349,37.982897797692,4040,Θολότητα,"Τελικό Αποτέλεσμα",NTU,0.163
04/12/2024,23.776569307759,37.971253159928,4060,Θολότητα,"Τελικό Αποτέλεσμα",NTU,0.127
04/12/2024,23.773236630704,37.96994397087,4070,Θολότητα,"Τελικό Αποτέλεσμα",NTU,0.177
04/12/2024,23.762108634131,37.974473318809,4080,Θολότητα,"Τελικό Αποτέλεσμα",NTU,0.765
04/12/2024,23.773590432102,37.94663449198,4100,Θολότητα,"Τελικό Αποτέλεσμα",NTU,0.219
04/12/2024,23.758414161627,37.957340941046,4110,Θολότητα,"Τελικό Αποτέλεσμα",NTU,0.455
04/12/2024,23.748324301254,37.957281035336,4120,Θολότητα,"Τελικό Αποτέλεσμα",NTU,0.227
04/12/2024,23.74190059516,37.95316687964,4140,Θολότητα,"Τελικό Αποτέλεσμα",NTU,0.111
04/12/2024,23.75099402587,37.930222535019,4160,Θολότητα,"Τελικό Αποτέλεσμα",NTU,0.749
04/12/2024,23.737179449332,37.923989154778,4170,Θολότητα,"Τελικό Αποτέλεσμα",NTU,0.308
04/12/2024,23.734499659649,37.921782537866,4180,Θολότητα,"Τελικό Αποτέλεσμα",NTU,0.359
04/12/2024,23.728630962837,37.936168316,4190,Θολότητα,"Τελικό Αποτέλεσμα",NTU,0.239
04/12/2024,23.726597630536,37.955266120446,4230,Θολότητα,"Τελικό Αποτέλεσμα",NTU,0.245
04/12/2024,23.783006772263,38.091595618101,1940,Θολότητα,"Τελικό Αποτέλεσμα",NTU,0.142
04/12/2024,23.650491791439,38.020690523541,1936,Θολότητα,"Τελικό Αποτέλεσμα",NTU,0.132
04/12/2024,23.637482500551,37.984946451231,1941,Θολότητα,"Τελικό Αποτέλεσμα",NTU,0.147
04/12/2024,23.636736270073,37.985919067278,1935,Θολότητα,"Τελικό Αποτέλεσμα",NTU,0.143
05/01/2023,23.76331913,37.9671107,120,Θολότητα,"Τελικό Αποτέλεσμα",NTU,0.154
05/01/2023,23.76373822,37.96231002,125,Θολότητα,"Τελικό Αποτέλεσμα",NTU,0.243
05/01/2023,23.74628153,37.95494925,130,Θολότητα,"Τελικό Αποτέλεσμα",NTU,0.168
05/01/2023,23.76902716,37.99339131,4010,Θολότητα,"Τελικό Αποτέλεσμα",NTU,0.138
05/01/2023,23.77648607,37.99622098,4020,Θολότητα,"Τελικό Αποτέλεσμα",NTU,0.62
05/01/2023,23.77644626,37.99275168,4030,Θολότητα,"Τελικό Αποτέλεσμα",NTU,0.362
05/01/2023,23.77656931,37.97125316,4060,Θολότητα,"Τελικό Αποτέλεσμα",NTU,0.206
05/01/2023,23.77323663,37.96994397,4070,Θολότητα,"Τελικό Αποτέλεσμα",NTU,0.184
05/01/2023,23.75945557,37.97068504,4090,Θολότητα,"Τελικό Αποτέλεσμα",NTU,0.17
05/01/2023,23.77359043,37.94663449,4100,Θολότητα,"Τελικό Αποτέλεσμα",NTU,0.21
05/01/2023,23.75841416,37.95734094,4110,Θολότητα,"Τελικό Αποτέλεσμα",NTU,0.132
05/01/2023,23.7419006,37.95316688,4140,Θολότητα,"Τελικό Αποτέλεσμα",NTU,0.108
05/01/2023,23.75099403,37.93022254,4160,Θολότητα,"Τελικό Αποτέλεσμα",NTU,0.124
05/01/2023,23.73449966,37.92178254,4180,Θολότητα,"Τελικό Αποτέλεσμα",NTU,0.186
05/01/2023,23.72863096,37.93616832,4190,Θολότητα,"Τελικό Αποτέλεσμα",NTU,0.162
05/01/2023,23.7276664,37.95106354,4220,Θολότητα,"Τελικό Αποτέλεσμα",NTU,0.218
05/01/2023,23.72659763,37.95526612,4230,Θολότητα,"Τελικό Αποτέλεσμα",NTU,0.192
05/01/2023,23.78300677,38.09159562,1940,Θολότητα,"Τελικό Αποτέλεσμα",NTU,0.189
05/01/2023,23.41656871,37.91177786,1967,Θολότητα,"Τελικό Αποτέλεσμα",NTU,0.583
05/01/2023,23.4174242,37.90741906,2601,Θολότητα,"Τελικό Αποτέλεσμα",NTU,0.706
05/01/2025,23.783006772263,38.091595618101,1940,Θολότητα,"Τελικό Αποτέλεσμα",NTU,0.261
05/02/2023,23.78300677,38.09159562,1940,Θολότητα,"Τελικό Αποτέλεσμα",NTU,0.346
05/02/2025,23.635233804352,37.972826147816,1926,Θολότητα,"Τελικό Αποτέλεσμα",NTU,0.108
05/02/2025,23.650491791439,38.020690523541,1936,Θολότητα,"Τελικό Αποτέλεσμα",NTU,0.362
05/02/2025,23.660572199344,37.996594669998,1950,Θολότητα,"Τελικό Αποτέλεσμα",NTU,0.193
05/02/2025,23.637482500551,37.984946451231,1941,Θολότητα,"Τελικό Αποτέλεσμα",NTU,0.289
05/02/2025,23.636736270073,37.985919067278,1935,Θολότητα,"Τελικό Αποτέλεσμα",NTU,0.343
05/02/2025,23.644052286684,38.004264948522,1947,Θολότητα,"Τελικό Αποτέλεσμα",NTU,0.226
05/02/2025,23.763319132339,37.967110703832,120,Θολότητα,"Τελικό Αποτέλεσμα",NTU,0.266
05/02/2025,23.763738215853,37.962310018511,125,Θολότητα,"Τελικό Αποτέλεσμα",NTU,0.223
05/02/2025,23.746281527272,37.954949246394,130,Θολότητα,"Τελικό Αποτέλεσμα",NTU,0.198
05/02/2025,23.769027158681,37.993391314662,4010,Θολότητα,"Τελικό Αποτέλεσμα",NTU,0.272
05/02/2025,23.776486074062,37.996220978178,4020,Θολότητα,"Τελικό Αποτέλεσμα",NTU,0.208
05/02/2025,23.776446263032,37.992751677322,4030,Θολότητα,"Τελικό Αποτέλεσμα",NTU,0.257
05/02/2025,23.776569307759,37.971253159928,4060,Θολότητα,"Τελικό Αποτέλεσμα",NTU,0.343
05/02/2025,23.773236630704,37.96994397087,4070,Θολότητα,"Τελικό Αποτέλεσμα",NTU,0.12
05/02/2025,23.762108634131,37.974473318809,4080,Θολότητα,"Τελικό Αποτέλεσμα",NTU,0.179
05/02/2025,23.75945556984,37.970685038508,4090,Θολότητα,"Τελικό Αποτέλεσμα",NTU,0.224
05/02/2025,23.773590432102,37.94663449198,4100,Θολότητα,"Τελικό Αποτέλεσμα",NTU,0.232
05/02/2025,23.758414161627,37.957340941046,4110,Θολότητα,"Τελικό Αποτέλεσμα",NTU,0.297
05/02/2025,23.748324301254,37.957281035336,4120,Θολότητα,"Τελικό Αποτέλεσμα",NTU,0.199
05/02/2025,23.74190059516,37.95316687964,4140,Θολότητα,"Τελικό Αποτέλεσμα",NTU,0.345
05/02/2025,23.75099402587,37.930222535019,4160,Θολότητα,"Τελικό Αποτέλεσμα",NTU,0.157
05/02/2025,23.737179449332,37.923989154778,4170,Θολότητα,"Τελικό Αποτέλεσμα",NTU,0.297
05/02/2025,23.734499659649,37.921782537866,4180,Θολότητα,"Τελικό Αποτέλεσμα",NTU,0.201
05/02/2025,23.728630962837,37.936168316,4190,Θολότητα,"Τελικό Αποτέλεσμα",NTU,0.314
05/02/2025,23.727666402305,37.95106353914,4220,Θολότητα,"Τελικό Αποτέλεσμα",NTU,0.356
05/02/2025,23.726597630536,37.955266120446,4230,Θολότητα,"Τελικό Αποτέλεσμα",NTU,0.295
05/02/2025,23.783006772263,38.091595618101,1940,Θολότητα,"Τελικό Αποτέλεσμα",NTU,0.182
05/03/2023,23.78300677,38.09159562,1940,Θολότητα,"Τελικό Αποτέλεσμα",NTU,0.272
05/03/2025,23.854478659062,38.052884117638,105,Θολότητα,"Τελικό Αποτέλεσμα",NTU,0.33
05/03/2025,23.776825675098,38.065226258806,180,Θολότητα,"Τελικό Αποτέλεσμα",NTU,0.655
05/03/2025,23.794782865204,38.039643002291,230,Θολότητα,"Τελικό Αποτέλεσμα",NTU,0.115
05/03/2025,23.794652964206,38.035148911359,235,Θολότητα,"Τελικό Αποτέλεσμα",NTU,0.12
05/03/2025,23.751879192533,38.034424177094,3010,Θολότητα,"Τελικό Αποτέλεσμα",NTU,0.199
05/03/2025,23.752793157246,38.043419319626,3020,Θολότητα,"Τελικό Αποτέλεσμα",NTU,0.145
05/03/2025,23.757971853364,38.058890938524,3030,Θολότητα,"Τελικό Αποτέλεσμα",NTU,0.164
05/03/2025,23.762911148418,38.063332209074,3040,Θολότητα,"Τελικό Αποτέλεσμα",NTU,0.162
05/03/2025,23.807684504112,38.079687557148,3060,Θολότητα,"Τελικό Αποτέλεσμα",NTU,0.133
05/03/2025,23.826588445352,38.068733964465,3080,Θολότητα,"Τελικό Αποτέλεσμα",NTU,0.135
05/03/2025,23.857729632516,38.058870858803,3090,Θολότητα,"Τελικό Αποτέλεσμα",NTU,0.141
05/03/2025,23.858850831498,38.009405027534,3110,Θολότητα,"Τελικό Αποτέλεσμα",NTU,0.159
05/03/2025,23.885936114707,38.003486571993,3120,Θολότητα,"Τελικό Αποτέλεσμα",NTU,0.322
05/03/2025,23.883581420117,38.001665382065,3130,Θολότητα,"Τελικό Αποτέλεσμα",NTU,0.413
05/03/2025,23.832894356592,38.006902214705,3150,Θολότητα,"Τελικό Αποτέλεσμα",NTU,0.214
05/03/2025,23.817699699893,37.999417823294,3160,Θολότητα,"Τελικό Αποτέλεσμα",NTU,0.13
05/03/2025,23.796809568113,37.998195065074,3170,Θολότητα,"Τελικό Αποτέλεσμα",NTU,0.306
05/03/2025,23.794948631404,37.99586453832,3180,Θολότητα,"Τελικό Αποτέλεσμα",NTU,0.37
05/03/2025,23.795526554539,37.982104892246,3190,Θολότητα,"Τελικό Αποτέλεσμα",NTU,0.186
05/03/2025,23.780262690434,38.00051153767,3200,Θολότητα,"Τελικό Αποτέλεσμα",NTU,0.19
05/03/2025,23.787967770047,38.008481399044,3220,Θολότητα,"Τελικό Αποτέλεσμα",NTU,0.15
05/03/2025,23.780133361397,38.019944025229,3240,Θολότητα,"Τελικό Αποτέλεσμα",NTU,0.189
05/03/2025,23.780281362583,38.047179053493,3250,Θολότητα,"Τελικό Αποτέλεσμα",NTU,0.128
05/03/2025,23.811274027343,38.045728748791,3260,Θολότητα,"Τελικό Αποτέλεσμα",NTU,0.3
05/03/2025,23.783006772263,38.091595618101,1940,Θολότητα,"Τελικό Αποτέλεσμα",NTU,0.249
05/03/2025,23.635233804352,37.972826147816,1926,Θολότητα,"Τελικό Αποτέλεσμα",NTU,0.139
05/03/2025,23.650491791439,38.020690523541,1936,Θολότητα,"Τελικό Αποτέλεσμα",NTU,0.189
05/03/2025,23.660572199344,37.996594669998,1950,Θολότητα,"Τελικό Αποτέλεσμα",NTU,0.303
05/03/2025,23.637482500551,37.984946451231,1941,Θολότητα,"Τελικό Αποτέλεσμα",NTU,0.111
05/03/2025,23.636736270073,37.985919067278,1935,Θολότητα,"Τελικό Αποτέλεσμα",NTU,0.171
05/03/2025,23.644052286684,38.004264948522,1947,Θολότητα,"Τελικό Αποτέλεσμα",NTU,0.148
05/04/2023,23.33981264,38.00410848,225,Θολότητα,"Τελικό Αποτέλεσμα",NTU,0.264
05/04/2023,23.41003382,38.01212883,1960,Θολότητα,"Τελικό Αποτέλεσμα",NTU,0.775
05/04/2023,23.78300677,38.09159562,1940,Θολότητα,"Τελικό Αποτέλεσμα",NTU,0.284
05/04/2023,23.64211712,37.93337194,146,Θολότητα,"Τελικό Αποτέλεσμα",NTU,0.322
05/04/2023,23.68542623,37.97707661,6010,Θολότητα,"Τελικό Αποτέλεσμα",NTU,0.265
05/04/2023,23.6601472,37.98029121,6020,Θολότητα,"Τελικό Αποτέλεσμα",NTU,0.812
05/04/2023,23.65618491,37.98059442,6030,Θολότητα,"Τελικό Αποτέλεσμα",NTU,0.262
05/04/2023,23.65342067,37.97688798,6040,Θολότητα,"Τελικό Αποτέλεσμα",NTU,0.209
05/04/2023,23.63989634,37.97755,6050,Θολότητα,"Τελικό Αποτέλεσμα",NTU,0.472
05/04/2023,23.64020099,37.97361646,6060,Θολότητα,"Τελικό Αποτέλεσμα",NTU,0.19
05/04/2023,23.63321043,37.96700035,6080,Θολότητα,"Τελικό Αποτέλεσμα",NTU,0.255
05/04/2023,23.62337019,37.95039855,6110,Θολότητα,"Τελικό Αποτέλεσμα",NTU,0.308
05/04/2023,23.63400949,37.95347226,6120,Θολότητα,"Τελικό Αποτέλεσμα",NTU,0.54
05/04/2023,23.63373384,37.95087389,6130,Θολότητα,"Τελικό Αποτέλεσμα",NTU,0.28
05/04/2023,23.62796265,37.93233446,6160,Θολότητα,"Τελικό Αποτέλεσμα",NTU,0.324
05/04/2023,23.67323412,37.94610991,6190,Θολότητα,"Τελικό Αποτέλεσμα",NTU,0.64
05/04/2023,23.69432319,37.9524174,6220,Θολότητα,"Τελικό Αποτέλεσμα",NTU,0.265
05/04/2023,23.64026269,37.93961412,6240,Θολότητα,"Τελικό Αποτέλεσμα",NTU,0.194
05/04/2025,23.783006772263,38.091595618101,1940,Θολότητα,"Τελικό Αποτέλεσμα",NTU,0.26
05/05/2023,23.76621884,37.94149317,135,Θολότητα,"Τελικό Αποτέλεσμα",NTU,0.242
05/05/2023,23.70168246,37.91807243,137,Θολότητα,"Τελικό Αποτέλεσμα",NTU,0.252
05/05/2023,23.78205391,37.85203476,139,Θολότητα,"Τελικό Αποτέλεσμα",NTU,0.369
05/05/2023,23.80223198,37.83311234,140,Θολότητα,"Τελικό Αποτέλεσμα",NTU,0.168
05/05/2023,23.74864808,37.91609723,5010,Θολότητα,"Τελικό Αποτέλεσμα",NTU,0.227
05/05/2023,23.75342223,37.90482065,5020,Θολότητα,"Τελικό Αποτέλεσμα",NTU,0.232
05/05/2023,23.74470013,37.88994017,5030,Θολότητα,"Τελικό Αποτέλεσμα",NTU,0.601
05/05/2023,23.74605589,37.88420804,5040,Θολότητα,"Τελικό Αποτέλεσμα",NTU,0.331
05/05/2023,23.75796495,37.86035435,5050,Θολότητα,"Τελικό Αποτέλεσμα",NTU,0.289
05/05/2023,23.76070017,37.8524034,5060,Θολότητα,"Τελικό Αποτέλεσμα",NTU,0.316
05/05/2023,23.75697704,37.84809852,5080,Θολότητα,"Τελικό Αποτέλεσμα",NTU,0.155
05/05/2023,23.76068543,37.81516677,5090,Θολότητα,"Τελικό Αποτέλεσμα",NTU,0.224
05/05/2023,23.77438684,37.81229933,5100,Θολότητα,"Τελικό Αποτέλεσμα",NTU,0.156
05/05/2023,23.78633796,37.82289436,5110,Θολότητα,"Τελικό Αποτέλεσμα",NTU,0.915
05/05/2023,23.79034019,37.83538362,5150,Θολότητα,"Τελικό Αποτέλεσμα",NTU,0.216
05/05/2023,23.73997328,37.86958627,5160,Θολότητα,"Τελικό Αποτέλεσμα",NTU,0.136
05/05/2023,23.72543914,37.88816507,5170,Θολότητα,"Τελικό Αποτέλεσμα",NTU,0.243
05/05/2023,23.7141366,37.91270737,5190,Θολότητα,"Τελικό Αποτέλεσμα",NTU,0.133
05/05/2023,23.71284044,37.91562054,5200,Θολότητα,"Τελικό Αποτέλεσμα",NTU,0.535
05/05/2023,23.70643521,37.91960099,5210,Θολότητα,"Τελικό Αποτέλεσμα",NTU,0.63
05/05/2023,23.78300677,38.09159562,1940,Θολότητα,"Τελικό Αποτέλεσμα",NTU,0.218
05/05/2023,23.67323412,37.94610991,6190,Θολότητα,"Τελικό Αποτέλεσμα",NTU,0.715
05/05/2024,23.783006772263,38.091595618101,1940,Θολότητα,"Τελικό Αποτέλεσμα",NTU,0.123
05/05/2025,23.33981263989,38.004108484322,225,Θολότητα,"Τελικό Αποτέλεσμα",NTU,0.133
05/05/2025,23.783006772263,38.091595618101,1940,Θολότητα,"Τελικό Αποτέλεσμα",NTU,0.154
05/05/2025,23.854478659062,38.052884117638,105,Θολότητα,"Τελικό Αποτέλεσμα",NTU,0.536
05/05/2025,23.776825675098,38.065226258806,180,Θολότητα,"Τελικό Αποτέλεσμα",NTU,0.3
05/05/2025,23.794782865204,38.039643002291,230,Θολότητα,"Τελικό Αποτέλεσμα",NTU,0.27
05/05/2025,23.794652964206,38.035148911359,235,Θολότητα,"Τελικό Αποτέλεσμα",NTU,0.286
05/05/2025,23.751879192533,38.034424177094,3010,Θολότητα,"Τελικό Αποτέλεσμα",NTU,0.222
05/05/2025,23.752793157246,38.043419319626,3020,Θολότητα,"Τελικό Αποτέλεσμα",NTU,0.168
05/05/2025,23.757971853364,38.058890938524,3030,Θολότητα,"Τελικό Αποτέλεσμα",NTU,0.504
05/05/2025,23.762911148418,38.063332209074,3040,Θολότητα,"Τελικό Αποτέλεσμα",NTU,0.474
05/05/2025,23.807684504112,38.079687557148,3060,Θολότητα,"Τελικό Αποτέλεσμα",NTU,0.24
05/05/2025,23.826588445352,38.068733964465,3080,Θολότητα,"Τελικό Αποτέλεσμα",NTU,0.209
05/05/2025,23.857729632516,38.058870858803,3090,Θολότητα,"Τελικό Αποτέλεσμα",NTU,0.296
05/05/2025,23.858850831498,38.009405027534,3110,Θολότητα,"Τελικό Αποτέλεσμα",NTU,0.187
05/05/2025,23.885936114707,38.003486571993,3120,Θολότητα,"Τελικό Αποτέλεσμα",NTU,0.189
05/05/2025,23.883581420117,38.001665382065,3130,Θολότητα,"Τελικό Αποτέλεσμα",NTU,0.154
05/05/2025,23.832894356592,38.006902214705,3150,Θολότητα,"Τελικό Αποτέλεσμα",NTU,0.198
05/05/2025,23.817699699893,37.999417823294,3160,Θολότητα,"Τελικό Αποτέλεσμα",NTU,0.282
05/05/2025,23.796809568113,37.998195065074,3170,Θολότητα,"Τελικό Αποτέλεσμα",NTU,0.203
05/05/2025,23.794948631404,37.99586453832,3180,Θολότητα,"Τελικό Αποτέλεσμα",NTU,0.316
05/05/2025,23.795526554539,37.982104892246,3190,Θολότητα,"Τελικό Αποτέλεσμα",NTU,0.319
05/05/2025,23.780262690434,38.00051153767,3200,Θολότητα,"Τελικό Αποτέλεσμα",NTU,0.318
05/05/2025,23.787967770047,38.008481399044,3220,Θολότητα,"Τελικό Αποτέλεσμα",NTU,0.262
05/05/2025,23.780133361397,38.019944025229,3240,Θολότητα,"Τελικό Αποτέλεσμα",NTU,0.383
05/05/2025,23.811274027343,38.045728748791,3260,Θολότητα,"Τελικό Αποτέλεσμα",NTU,0.167
05/05/2025,23.707472628441,38.062507031886,2030,Θολότητα,"Τελικό Αποτέλεσμα",NTU,0.235
05/06/2023,23.78300677,38.09159562,1940,Θολότητα,"Τελικό Αποτέλεσμα",NTU,0.309
05/06/2024,23.818436102886,38.030152774666,191,Θολότητα,"Τελικό Αποτέλεσμα",NTU,0.303
05/06/2024,23.828980364763,38.043901820297,193,Θολότητα,"Τελικό Αποτέλεσμα",NTU,0.36
05/06/2024,23.783006772263,38.091595618101,1940,Θολότητα,"Τελικό Αποτέλεσμα",NTU,0.24
05/06/2024,23.642117121438,37.933371936061,146,Θολότητα,"Τελικό Αποτέλεσμα",NTU,0.211
05/06/2024,23.685426227465,37.977076609772,6010,Θολότητα,"Τελικό Αποτέλεσμα",NTU,0.185
05/06/2024,23.660147196721,37.980291207729,6020,Θολότητα,"Τελικό Αποτέλεσμα",NTU,0.236
05/06/2024,23.656184913017,37.980594422153,6030,Θολότητα,"Τελικό Αποτέλεσμα",NTU,0.116
05/06/2024,23.653420670725,37.976887978332,6040,Θολότητα,"Τελικό Αποτέλεσμα",NTU,0.1
05/06/2024,23.639896339554,37.977549997131,6050,Θολότητα,"Τελικό Αποτέλεσμα",NTU,0.145
05/06/2024,23.640200994864,37.973616459939,6060,Θολότητα,"Τελικό Αποτέλεσμα",NTU,0.276
05/06/2024,23.633210429054,37.967000345107,6080,Θολότητα,"Τελικό Αποτέλεσμα",NTU,0.169
05/06/2024,23.623370187872,37.950398549294,6110,Θολότητα,"Τελικό Αποτέλεσμα",NTU,0.116
05/06/2024,23.634009487857,37.953472259917,6120,Θολότητα,"Τελικό Αποτέλεσμα",NTU,0.142
05/06/2024,23.633733840369,37.950873888977,6130,Θολότητα,"Τελικό Αποτέλεσμα",NTU,0.14
05/06/2024,23.642068896508,37.928344112851,6150,Θολότητα,"Τελικό Αποτέλεσμα",NTU,0.467
05/06/2024,23.62796265038,37.932334455589,6160,Θολότητα,"Τελικό Αποτέλεσμα",NTU,0.167
05/06/2024,23.65217192804,37.939622706754,6170,Θολότητα,"Τελικό Αποτέλεσμα",NTU,0.604
05/06/2024,23.673234118927,37.946109912673,6190,Θολότητα,"Τελικό Αποτέλεσμα",NTU,0.174
05/06/2024,23.680037411281,37.948096846566,6200,Θολότητα,"Τελικό Αποτέλεσμα",NTU,0.148
05/06/2024,23.691643963145,37.948013010856,6210,Θολότητα,"Τελικό Αποτέλεσμα",NTU,0.15
05/06/2024,23.694323188433,37.952417395875,6220,Θολότητα,"Τελικό Αποτέλεσμα",NTU,0.16
05/06/2024,23.640262686028,37.939614121045,6240,Θολότητα,"Τελικό Αποτέλεσμα",NTU,0.244
05/06/2024,23.690026001721,38.014594179034,2100,Θολότητα,"Τελικό Αποτέλεσμα",NTU,0.241
05/06/2024,23.685635325645,38.011704015052,2110,Θολότητα,"Τελικό Αποτέλεσμα",NTU,0.174
05/06/2024,22.898432401038,38.254054888272,7011,Θολότητα,"Τελικό Αποτέλεσμα",NTU,0.285
05/06/2025,23.701682457361,37.918072433642,137,Θολότητα,"Τελικό Αποτέλεσμα",NTU,0.13
05/06/2025,23.802231976799,37.833112339241,140,Θολότητα,"Τελικό Αποτέλεσμα",NTU,0.194
05/06/2025,23.748648075769,37.916097225199,5010,Θολότητα,"Τελικό Αποτέλεσμα",NTU,0.282
05/06/2025,23.753422230835,37.904820647992,5020,Θολότητα,"Τελικό Αποτέλεσμα",NTU,0.179
05/06/2025,23.744700128802,37.889940171291,5030,Θολότητα,"Τελικό Αποτέλεσμα",NTU,0.254
05/06/2025,23.746055892182,37.884208036564,5040,Θολότητα,"Τελικό Αποτέλεσμα",NTU,0.439
05/06/2025,23.757964952407,37.860354353668,5050,Θολότητα,"Τελικό Αποτέλεσμα",NTU,0.167
05/06/2025,23.760700167651,37.852403396879,5060,Θολότητα,"Τελικό Αποτέλεσμα",NTU,0.17
05/06/2025,23.756977040295,37.848098522763,5080,Θολότητα,"Τελικό Αποτέλεσμα",NTU,0.18
05/06/2025,23.760685434504,37.8151667674,5090,Θολότητα,"Τελικό Αποτέλεσμα",NTU,0.193
05/06/2025,23.774386839978,37.81229932964,5100,Θολότητα,"Τελικό Αποτέλεσμα",NTU,0.27
05/06/2025,23.786337962388,37.822894363003,5110,Θολότητα,"Τελικό Αποτέλεσμα",NTU,0.32
05/06/2025,23.790340187783,37.835383621964,5150,Θολότητα,"Τελικό Αποτέλεσμα",NTU,0.34
05/06/2025,23.739973276711,37.869586272318,5160,Θολότητα,"Τελικό Αποτέλεσμα",NTU,0.193
05/06/2025,23.72543913784,37.888165068231,5170,Θολότητα,"Τελικό Αποτέλεσμα",NTU,0.145
05/06/2025,23.720082218937,37.903424243123,5180,Θολότητα,"Τελικό Αποτέλεσμα",NTU,0.172
05/06/2025,23.71413660329,37.912707373341,5190,Θολότητα,"Τελικό Αποτέλεσμα",NTU,0.219
05/06/2025,23.712840439649,37.915620541693,5200,Θολότητα,"Τελικό Αποτέλεσμα",NTU,0.252
05/06/2025,23.706435208048,37.919600993522,5210,Θολότητα,"Τελικό Αποτέλεσμα",NTU,0.231
05/06/2025,23.704881330177,37.935219954091,5230,Θολότητα,"Τελικό Αποτέλεσμα",NTU,0.158
05/07/2023,23.7766247,37.88434896,1918,Θολότητα,"Τελικό Αποτέλεσμα",NTU,0.294
05/07/2023,23.76382857,37.88903355,1920,Θολότητα,"Τελικό Αποτέλεσμα",NTU,0.39
05/07/2023,23.75556042,37.91943081,1924,Θολότητα,"Τελικό Αποτέλεσμα",NTU,0.55
05/07/2023,23.74951242,37.9996463,1942,Θολότητα,"Τελικό Αποτέλεσμα",NTU,0.287
05/07/2023,23.73288702,37.955672,1944,Θολότητα,"Τελικό Αποτέλεσμα",NTU,0.263
05/07/2023,23.77756947,37.88994684,1963,Θολότητα,"Τελικό Αποτέλεσμα",NTU,0.3
05/07/2023,23.78300677,38.09159562,1940,Θολότητα,"Τελικό Αποτέλεσμα",NTU,0.266
05/07/2023,23.70747263,38.06250703,2030,Θολότητα,"Τελικό Αποτέλεσμα",NTU,0.474
05/07/2023,23.88358142,38.00166538,3130,Θολότητα,"Τελικό Αποτέλεσμα",NTU,0.379
05/07/2024,23.749963626012,38.12819997308,1933,Θολότητα,"Τελικό Αποτέλεσμα",NTU,0.724
05/07/2024,23.852750702101,38.123335690418,1946,Θολότητα,"Τελικό Αποτέλεσμα",NTU,0.272
05/07/2024,23.812910673641,38.068454234426,1954,Θολότητα,"Τελικό Αποτέλεσμα",NTU,0.335
05/07/2024,23.864708334331,38.100617213765,1956,Θολότητα,"Τελικό Αποτέλεσμα",NTU,0.26
05/07/2024,23.82140342159,38.077356072108,3070,Θολότητα,"Τελικό Αποτέλεσμα",NTU,0.248
05/07/2024,23.766218844149,37.941493165715,135,Θολότητα,"Τελικό Αποτέλεσμα",NTU,0.314
05/07/2024,23.701682457361,37.918072433642,137,Θολότητα,"Τελικό Αποτέλεσμα",NTU,0.263
05/07/2024,23.802231976799,37.833112339241,140,Θολότητα,"Τελικό Αποτέλεσμα",NTU,0.529
05/07/2024,23.748648075769,37.916097225199,5010,Θολότητα,"Τελικό Αποτέλεσμα",NTU,0.302
05/07/2024,23.753422230835,37.904820647992,5020,Θολότητα,"Τελικό Αποτέλεσμα",NTU,0.225
05/07/2024,23.744700128802,37.889940171291,5030,Θολότητα,"Τελικό Αποτέλεσμα",NTU,0.144
05/07/2024,23.746055892182,37.884208036564,5040,Θολότητα,"Τελικό Αποτέλεσμα",NTU,0.315
05/07/2024,23.757964952407,37.860354353668,5050,Θολότητα,"Τελικό Αποτέλεσμα",NTU,0.424
05/07/2024,23.760700167651,37.852403396879,5060,Θολότητα,"Τελικό Αποτέλεσμα",NTU,0.361
05/07/2024,23.756977040295,37.848098522763,5080,Θολότητα,"Τελικό Αποτέλεσμα",NTU,0.284
05/07/2024,23.760685434504,37.8151667674,5090,Θολότητα,"Τελικό Αποτέλεσμα",NTU,0.21
05/07/2024,23.774386839978,37.81229932964,5100,Θολότητα,"Τελικό Αποτέλεσμα",NTU,0.377
05/07/2024,23.786337962388,37.822894363003,5110,Θολότητα,"Τελικό Αποτέλεσμα",NTU,0.181
05/07/2024,23.790340187783,37.835383621964,5150,Θολότητα,"Τελικό Αποτέλεσμα",NTU,0.16
05/07/2024,23.739973276711,37.869586272318,5160,Θολότητα,"Τελικό Αποτέλεσμα",NTU,0.182
05/07/2024,23.72543913784,37.888165068231,5170,Θολότητα,"Τελικό Αποτέλεσμα",NTU,0.155
05/07/2024,23.71413660329,37.912707373341,5190,Θολότητα,"Τελικό Αποτέλεσμα",NTU,0.303
05/07/2024,23.712840439649,37.915620541693,5200,Θολότητα,"Τελικό Αποτέλεσμα",NTU,0.193
05/07/2024,23.706435208048,37.919600993522,5210,Θολότητα,"Τελικό Αποτέλεσμα",NTU,0.141
05/07/2024,23.704881330177,37.935219954091,5230,Θολότητα,"Τελικό Αποτέλεσμα",NTU,0.105
05/07/2024,23.783006772263,38.091595618101,1940,Θολότητα,"Τελικό Αποτέλεσμα",NTU,0.28
05/07/2024,23.804750637211,38.091557777528,3050,Θολότητα,"Τελικό Αποτέλεσμα",NTU,0.101
05/07/2024,23.660147196721,37.980291207729,6020,Θολότητα,"Τελικό Αποτέλεσμα",NTU,0.12
05/07/2025,23.796809568113,37.998195065074,3170,Θολότητα,"Τελικό Αποτέλεσμα",NTU,0.265
05/07/2025,23.773236630704,37.96994397087,4070,Θολότητα,"Τελικό Αποτέλεσμα",NTU,0.136
05/08/2023,23.78300677,38.09159562,1940,Θολότητα,"Τελικό Αποτέλεσμα",NTU,0.289
05/08/2023,23.76902716,37.99339131,4010,Θολότητα,"Τελικό Αποτέλεσμα",NTU,0.359
05/08/2023,23.76373822,37.96231002,125,Θολότητα,"Τελικό Αποτέλεσμα",NTU,0.775
05/08/2023,23.77323663,37.96994397,4070,Θολότητα,"Τελικό Αποτέλεσμα",NTU,0.23
05/08/2023,23.75796495,37.86035435,5050,Θολότητα,"Τελικό Αποτέλεσμα",NTU,0.228
05/08/2023,23.77438684,37.81229933,5100,Θολότητα,"Τελικό Αποτέλεσμα",NTU,0.34
05/08/2024,23.763319132339,37.967110703832,120,Θολότητα,"Τελικό Αποτέλεσμα",NTU,0.26
05/08/2024,23.763738215853,37.962310018511,125,Θολότητα,"Τελικό Αποτέλεσμα",NTU,0.15
05/08/2024,23.746281527272,37.954949246394,130,Θολότητα,"Τελικό Αποτέλεσμα",NTU,0.413
05/08/2024,23.776486074062,37.996220978178,4020,Θολότητα,"Τελικό Αποτέλεσμα",NTU,0.162
05/08/2024,23.776446263032,37.992751677322,4030,Θολότητα,"Τελικό Αποτέλεσμα",NTU,0.168
05/08/2024,23.768783003349,37.982897797692,4040,Θολότητα,"Τελικό Αποτέλεσμα",NTU,0.282
05/08/2024,23.776569307759,37.971253159928,4060,Θολότητα,"Τελικό Αποτέλεσμα",NTU,0.256
05/08/2024,23.773236630704,37.96994397087,4070,Θολότητα,"Τελικό Αποτέλεσμα",NTU,0.458
05/08/2024,23.773590432102,37.94663449198,4100,Θολότητα,"Τελικό Αποτέλεσμα",NTU,0.26
05/08/2024,23.758414161627,37.957340941046,4110,Θολότητα,"Τελικό Αποτέλεσμα",NTU,0.275
05/08/2024,23.748324301254,37.957281035336,4120,Θολότητα,"Τελικό Αποτέλεσμα",NTU,0.313
05/08/2024,23.74190059516,37.95316687964,4140,Θολότητα,"Τελικό Αποτέλεσμα",NTU,0.177
05/08/2024,23.75099402587,37.930222535019,4160,Θολότητα,"Τελικό Αποτέλεσμα",NTU,0.246
05/08/2024,23.734499659649,37.921782537866,4180,Θολότητα,"Τελικό Αποτέλεσμα",NTU,0.207
05/08/2024,23.728630962837,37.936168316,4190,Θολότητα,"Τελικό Αποτέλεσμα",NTU,0.09
05/08/2024,23.727666402305,37.95106353914,4220,Θολότητα,"Τελικό Αποτέλεσμα",NTU,0.169
05/08/2024,23.726597630536,37.955266120446,4230,Θολότητα,"Τελικό Αποτέλεσμα",NTU,0.371
05/08/2024,23.783006772263,38.091595618101,1940,Θολότητα,"Τελικό Αποτέλεσμα",NTU,0.118
05/09/2023,23.78300677,38.09159562,1940,Θολότητα,"Τελικό Αποτέλεσμα",NTU,0.257
05/09/2023,23.71516747,38.06439445,2020,Θολότητα,"Τελικό Αποτέλεσμα",NTU,0.172
05/09/2023,23.76331913,37.9671107,120,Θολότητα,"Τελικό Αποτέλεσμα",NTU,0.286
05/09/2023,23.76373822,37.96231002,125,Θολότητα,"Τελικό Αποτέλεσμα",NTU,0.252
05/09/2023,23.74628153,37.95494925,130,Θολότητα,"Τελικό Αποτέλεσμα",NTU,0.315
05/09/2023,23.77644626,37.99275168,4030,Θολότητα,"Τελικό Αποτέλεσμα",NTU,0.425
05/09/2024,23.854478659062,38.052884117638,105,Θολότητα,"Τελικό Αποτέλεσμα",NTU,0.198
05/09/2024,23.776825675098,38.065226258806,180,Θολότητα,"Τελικό Αποτέλεσμα",NTU,0.57
05/09/2024,23.794782865204,38.039643002291,230,Θολότητα,"Τελικό Αποτέλεσμα",NTU,0.21
05/09/2024,23.794652964206,38.035148911359,235,Θολότητα,"Τελικό Αποτέλεσμα",NTU,0.18
05/09/2024,23.751879192533,38.034424177094,3010,Θολότητα,"Τελικό Αποτέλεσμα",NTU,0.351
05/09/2024,23.752793157246,38.043419319626,3020,Θολότητα,"Τελικό Αποτέλεσμα",NTU,0.285
05/09/2024,23.757971853364,38.058890938524,3030,Θολότητα,"Τελικό Αποτέλεσμα",NTU,0.278
05/09/2024,23.804750637211,38.091557777528,3050,Θολότητα,"Τελικό Αποτέλεσμα",NTU,0.343
05/09/2024,23.807684504112,38.079687557148,3060,Θολότητα,"Τελικό Αποτέλεσμα",NTU,0.181
05/09/2024,23.826588445352,38.068733964465,3080,Θολότητα,"Τελικό Αποτέλεσμα",NTU,0.277
05/09/2024,23.857729632516,38.058870858803,3090,Θολότητα,"Τελικό Αποτέλεσμα",NTU,0.17
05/09/2024,23.858850831498,38.009405027534,3110,Θολότητα,"Τελικό Αποτέλεσμα",NTU,0.261
05/09/2024,23.885936114707,38.003486571993,3120,Θολότητα,"Τελικό Αποτέλεσμα",NTU,0.378
05/09/2024,23.883581420117,38.001665382065,3130,Θολότητα,"Τελικό Αποτέλεσμα",NTU,0.191
05/09/2024,23.832894356592,38.006902214705,3150,Θολότητα,"Τελικό Αποτέλεσμα",NTU,0.226
05/09/2024,23.817699699893,37.999417823294,3160,Θολότητα,"Τελικό Αποτέλεσμα",NTU,0.262
05/09/2024,23.796809568113,37.998195065074,3170,Θολότητα,"Τελικό Αποτέλεσμα",NTU,0.586
05/09/2024,23.794948631404,37.99586453832,3180,Θολότητα,"Τελικό Αποτέλεσμα",NTU,0.85
05/09/2024,23.795526554539,37.982104892246,3190,Θολότητα,"Τελικό Αποτέλεσμα",NTU,0.32
05/09/2024,23.780262690434,38.00051153767,3200,Θολότητα,"Τελικό Αποτέλεσμα",NTU,0.218
05/09/2024,23.787967770047,38.008481399044,3220,Θολότητα,"Τελικό Αποτέλεσμα",NTU,0.791
05/09/2024,23.780133361397,38.019944025229,3240,Θολότητα,"Τελικό Αποτέλεσμα",NTU,0.205
05/09/2024,23.780281362583,38.047179053493,3250,Θολότητα,"Τελικό Αποτέλεσμα",NTU,0.205
05/09/2024,23.811274027343,38.045728748791,3260,Θολότητα,"Τελικό Αποτέλεσμα",NTU,0.19
05/09/2024,23.783006772263,38.091595618101,1940,Θολότητα,"Τελικό Αποτέλεσμα",NTU,0.2
05/10/2023,23.8184361,38.03015277,191,Θολότητα,"Τελικό Αποτέλεσμα",NTU,0.345
05/10/2023,23.82898036,38.04390182,193,Θολότητα,"Τελικό Αποτέλεσμα",NTU,0.244
05/10/2023,23.78300677,38.09159562,1940,Θολότητα,"Τελικό Αποτέλεσμα",NTU,0.266
05/10/2023,23.76331913,37.9671107,120,Θολότητα,"Τελικό Αποτέλεσμα",NTU,0.273
05/10/2023,23.76373822,37.96231002,125,Θολότητα,"Τελικό Αποτέλεσμα",NTU,0.38
05/10/2023,23.74628153,37.95494925,130,Θολότητα,"Τελικό Αποτέλεσμα",NTU,0.337
05/10/2023,23.76902716,37.99339131,4010,Θολότητα,"Τελικό Αποτέλεσμα",NTU,0.45
05/10/2023,23.77648607,37.99622098,4020,Θολότητα,"Τελικό Αποτέλεσμα",NTU,0.131
05/10/2023,23.77644626,37.99275168,4030,Θολότητα,"Τελικό Αποτέλεσμα",NTU,0.316
05/10/2023,23.768783,37.9828978,4040,Θολότητα,"Τελικό Αποτέλεσμα",NTU,0.341
05/10/2023,23.77656931,37.97125316,4060,Θολότητα,"Τελικό Αποτέλεσμα",NTU,0.206
05/10/2023,23.77323663,37.96994397,4070,Θολότητα,"Τελικό Αποτέλεσμα",NTU,0.162
05/10/2023,23.76210863,37.97447332,4080,Θολότητα,"Τελικό Αποτέλεσμα",NTU,0.268
05/10/2023,23.75945557,37.97068504,4090,Θολότητα,"Τελικό Αποτέλεσμα",NTU,0.183
05/10/2023,23.77359043,37.94663449,4100,Θολότητα,"Τελικό Αποτέλεσμα",NTU,0.291
05/10/2023,23.75841416,37.95734094,4110,Θολότητα,"Τελικό Αποτέλεσμα",NTU,0.831
05/10/2023,23.7483243,37.95728104,4120,Θολότητα,"Τελικό Αποτέλεσμα",NTU,0.188
05/10/2023,23.7419006,37.95316688,4140,Θολότητα,"Τελικό Αποτέλεσμα",NTU,0.172
05/10/2023,23.75099403,37.93022254,4160,Θολότητα,"Τελικό Αποτέλεσμα",NTU,0.218
05/10/2023,23.73717945,37.92398915,4170,Θολότητα,"Τελικό Αποτέλεσμα",NTU,0.368
05/10/2023,23.73449966,37.92178254,4180,Θολότητα,"Τελικό Αποτέλεσμα",NTU,0.891
05/10/2023,23.72863096,37.93616832,4190,Θολότητα,"Τελικό Αποτέλεσμα",NTU,0.179
05/10/2023,23.7276664,37.95106354,4220,Θολότητα,"Τελικό Αποτέλεσμα",NTU,0.385
05/10/2023,23.72659763,37.95526612,4230,Θολότητα,"Τελικό Αποτέλεσμα",NTU,0.461
05/10/2023,23.72688782,37.95811379,4240,Θολότητα,"Τελικό Αποτέλεσμα",NTU,0.122
05/10/2023,23.66968564,37.99103311,2180,Θολότητα,"Τελικό Αποτέλεσμα",NTU,0.118
05/10/2024,23.783006772263,38.091595618101,1940,Θολότητα,"Τελικό Αποτέλεσμα",NTU,0.238
05/11/2023,23.78300677,38.09159562,1940,Θολότητα,"Τελικό Αποτέλεσμα",NTU,0.248
05/11/2024,22.898432401038,38.254054888272,7011,Θολότητα,"Τελικό Αποτέλεσμα",NTU,0.223
05/11/2024,23.783006772263,38.091595618101,1940,Θολότητα,"Τελικό Αποτέλεσμα",NTU,0.219
05/11/2024,23.642117121438,37.933371936061,146,Θολότητα,"Τελικό Αποτέλεσμα",NTU,0.12
05/11/2024,23.685426227465,37.977076609772,6010,Θολότητα,"Τελικό Αποτέλεσμα",NTU,0.39
05/11/2024,23.660147196721,37.980291207729,6020,Θολότητα,"Τελικό Αποτέλεσμα",NTU,0.138
05/11/2024,23.656184913017,37.980594422153,6030,Θολότητα,"Τελικό Αποτέλεσμα",NTU,0.234
05/11/2024,23.653420670725,37.976887978332,6040,Θολότητα,"Τελικό Αποτέλεσμα",NTU,0.147
05/11/2024,23.639896339554,37.977549997131,6050,Θολότητα,"Τελικό Αποτέλεσμα",NTU,0.166
05/11/2024,23.640200994864,37.973616459939,6060,Θολότητα,"Τελικό Αποτέλεσμα",NTU,0.136
05/11/2024,23.633210429054,37.967000345107,6080,Θολότητα,"Τελικό Αποτέλεσμα",NTU,0.198
05/11/2024,23.623370187872,37.950398549294,6110,Θολότητα,"Τελικό Αποτέλεσμα",NTU,0.202
05/11/2024,23.634009487857,37.953472259917,6120,Θολότητα,"Τελικό Αποτέλεσμα",NTU,0.2
05/11/2024,23.642068896508,37.928344112851,6150,Θολότητα,"Τελικό Αποτέλεσμα",NTU,0.126
05/11/2024,23.62796265038,37.932334455589,6160,Θολότητα,"Τελικό Αποτέλεσμα",NTU,0.277
05/11/2024,23.65217192804,37.939622706754,6170,Θολότητα,"Τελικό Αποτέλεσμα",NTU,0.134
05/11/2024,23.673234118927,37.946109912673,6190,Θολότητα,"Τελικό Αποτέλεσμα",NTU,0.431
05/11/2024,23.680037411281,37.948096846566,6200,Θολότητα,"Τελικό Αποτέλεσμα",NTU,0.191
05/11/2024,23.694323188433,37.952417395875,6220,Θολότητα,"Τελικό Αποτέλεσμα",NTU,0.109
05/11/2024,23.640262686028,37.939614121045,6240,Θολότητα,"Τελικό Αποτέλεσμα",NTU,0.113
05/12/2023,23.85025321,37.98994386,6600,Θολότητα,"Τελικό Αποτέλεσμα",NTU,0.301
05/12/2023,23.95034322,37.8943453,6622,Θολότητα,"Τελικό Αποτέλεσμα",NTU,0.171
05/12/2023,24.02347685,37.89610538,6635,Θολότητα,"Τελικό Αποτέλεσμα",NTU,0.095
05/12/2023,23.9711191,37.81103106,6640,Θολότητα,"Τελικό Αποτέλεσμα",NTU,0.155
05/12/2023,24.05094448,37.70399221,6651,Θολότητα,"Τελικό Αποτέλεσμα",NTU,0.158
05/12/2023,24.00045431,37.66293707,6660,Θολότητα,"Τελικό Αποτέλεσμα",NTU,0.194
05/12/2023,23.93846122,37.69492932,6670,Θολότητα,"Τελικό Αποτέλεσμα",NTU,0.561
05/12/2023,23.95494234,37.75171359,6690,Θολότητα,"Τελικό Αποτέλεσμα",NTU,0.284
05/12/2023,23.92361047,37.73101879,6700,Θολότητα,"Τελικό Αποτέλεσμα",NTU,0.188
05/12/2023,23.90348973,37.82055314,6705,Θολότητα,"Τελικό Αποτέλεσμα",NTU,0.339
05/12/2023,23.89013644,37.78136061,6706,Θολότητα,"Τελικό Αποτέλεσμα",NTU,0.65
05/12/2023,23.78300677,38.09159562,1940,Θολότητα,"Τελικό Αποτέλεσμα",NTU,0.204
05/12/2024,23.669685637381,37.991033114281,2180,Θολότητα,"Τελικό Αποτέλεσμα",NTU,0.146
05/12/2024,23.783006772263,38.091595618101,1940,Θολότητα,"Τελικό Αποτέλεσμα",NTU,0.285
05/12/2024,23.701682457361,37.918072433642,137,Θολότητα,"Τελικό Αποτέλεσμα",NTU,0.377
05/12/2024,23.802231976799,37.833112339241,140,Θολότητα,"Τελικό Αποτέλεσμα",NTU,0.343
05/12/2024,23.748648075769,37.916097225199,5010,Θολότητα,"Τελικό Αποτέλεσμα",NTU,0.115
05/12/2024,23.753422230835,37.904820647992,5020,Θολότητα,"Τελικό Αποτέλεσμα",NTU,0.15
05/12/2024,23.744700128802,37.889940171291,5030,Θολότητα,"Τελικό Αποτέλεσμα",NTU,0.1
05/12/2024,23.746055892182,37.884208036564,5040,Θολότητα,"Τελικό Αποτέλεσμα",NTU,0.112
05/12/2024,23.757964952407,37.860354353668,5050,Θολότητα,"Τελικό Αποτέλεσμα",NTU,0.164
05/12/2024,23.760700167651,37.852403396879,5060,Θολότητα,"Τελικό Αποτέλεσμα",NTU,0.147
05/12/2024,23.756977040295,37.848098522763,5080,Θολότητα,"Τελικό Αποτέλεσμα",NTU,0.178
05/12/2024,23.760685434504,37.8151667674,5090,Θολότητα,"Τελικό Αποτέλεσμα",NTU,0.088
05/12/2024,23.774386839978,37.81229932964,5100,Θολότητα,"Τελικό Αποτέλεσμα",NTU,0.22
05/12/2024,23.786337962388,37.822894363003,5110,Θολότητα,"Τελικό Αποτέλεσμα",NTU,0.134
05/12/2024,23.790340187783,37.835383621964,5150,Θολότητα,"Τελικό Αποτέλεσμα",NTU,0.251
05/12/2024,23.739973276711,37.869586272318,5160,Θολότητα,"Τελικό Αποτέλεσμα",NTU,0.276
05/12/2024,23.72543913784,37.888165068231,5170,Θολότητα,"Τελικό Αποτέλεσμα",NTU,0.242
05/12/2024,23.720082218937,37.903424243123,5180,Θολότητα,"Τελικό Αποτέλεσμα",NTU,0.209
05/12/2024,23.71413660329,37.912707373341,5190,Θολότητα,"Τελικό Αποτέλεσμα",NTU,0.131
05/12/2024,23.712840439649,37.915620541693,5200,Θολότητα,"Τελικό Αποτέλεσμα",NTU,0.476
05/12/2024,23.704881330177,37.935219954091,5230,Θολότητα,"Τελικό Αποτέλεσμα",NTU,0.155
05/12/2024,23.688272639454,37.992184760882,2190,Θολότητα,"Τελικό Αποτέλεσμα",NTU,0.226
05/12/2024,23.673234118927,37.946109912673,6190,Θολότητα,"Τελικό Αποτέλεσμα",NTU,0.17
05/12/2024,23.578262320495,37.964273133574,2520,Θολότητα,"Τελικό Αποτέλεσμα",NTU,0.174
06/01/2023,23.78300677,38.09159562,1940,Θολότητα,"Τελικό Αποτέλεσμα",NTU,0.269
06/01/2025,23.783006772263,38.091595618101,1940,Θολότητα,"Τελικό Αποτέλεσμα",NTU,0.2
06/02/2025,23.783006772263,38.091595618101,1940,Θολότητα,"Τελικό Αποτέλεσμα",NTU,0.162
06/02/2025,23.701682457361,37.918072433642,137,Θολότητα,"Τελικό Αποτέλεσμα",NTU,0.209
06/02/2025,23.802231976799,37.833112339241,140,Θολότητα,"Τελικό Αποτέλεσμα",NTU,0.175
06/02/2025,23.748648075769,37.916097225199,5010,Θολότητα,"Τελικό Αποτέλεσμα",NTU,0.316
06/02/2025,23.753422230835,37.904820647992,5020,Θολότητα,"Τελικό Αποτέλεσμα",NTU,0.204
06/02/2025,23.744700128802,37.889940171291,5030,Θολότητα,"Τελικό Αποτέλεσμα",NTU,0.268
06/02/2025,23.746055892182,37.884208036564,5040,Θολότητα,"Τελικό Αποτέλεσμα",NTU,0.722
06/02/2025,23.760700167651,37.852403396879,5060,Θολότητα,"Τελικό Αποτέλεσμα",NTU,0.137
06/02/2025,23.756977040295,37.848098522763,5080,Θολότητα,"Τελικό Αποτέλεσμα",NTU,0.101
06/02/2025,23.760685434504,37.8151667674,5090,Θολότητα,"Τελικό Αποτέλεσμα",NTU,0.318
06/02/2025,23.774386839978,37.81229932964,5100,Θολότητα,"Τελικό Αποτέλεσμα",NTU,0.52
06/02/2025,23.786337962388,37.822894363003,5110,Θολότητα,"Τελικό Αποτέλεσμα",NTU,0.459
06/02/2025,23.790340187783,37.835383621964,5150,Θολότητα,"Τελικό Αποτέλεσμα",NTU,0.242
06/02/2025,23.739973276711,37.869586272318,5160,Θολότητα,"Τελικό Αποτέλεσμα",NTU,0.437
06/02/2025,23.72543913784,37.888165068231,5170,Θολότητα,"Τελικό Αποτέλεσμα",NTU,0.14
06/02/2025,23.720082218937,37.903424243123,5180,Θολότητα,"Τελικό Αποτέλεσμα",NTU,0.254
06/02/2025,23.71413660329,37.912707373341,5190,Θολότητα,"Τελικό Αποτέλεσμα",NTU,0.243
06/02/2025,23.712840439649,37.915620541693,5200,Θολότητα,"Τελικό Αποτέλεσμα",NTU,0.264
06/02/2025,23.706435208048,37.919600993522,5210,Θολότητα,"Τελικό Αποτέλεσμα",NTU,0.257
06/02/2025,23.704881330177,37.935219954091,5230,Θολότητα,"Τελικό Αποτέλεσμα",NTU,0.145
06/03/2023,23.76621884,37.94149317,135,Θολότητα,"Τελικό Αποτέλεσμα",NTU,0.234
06/03/2023,23.70168246,37.91807243,137,Θολότητα,"Τελικό Αποτέλεσμα",NTU,0.539
06/03/2023,23.80223198,37.83311234,140,Θολότητα,"Τελικό Αποτέλεσμα",NTU,0.145
06/03/2023,23.74864808,37.91609723,5010,Θολότητα,"Τελικό Αποτέλεσμα",NTU,0.238
06/03/2023,23.74470013,37.88994017,5030,Θολότητα,"Τελικό Αποτέλεσμα",NTU,0.147
06/03/2023,23.75796495,37.86035435,5050,Θολότητα,"Τελικό Αποτέλεσμα",NTU,0.218
06/03/2023,23.76070017,37.8524034,5060,Θολότητα,"Τελικό Αποτέλεσμα",NTU,0.18
06/03/2023,23.75697704,37.84809852,5080,Θολότητα,"Τελικό Αποτέλεσμα",NTU,0.188
06/03/2023,23.76068543,37.81516677,5090,Θολότητα,"Τελικό Αποτέλεσμα",NTU,0.102
06/03/2023,23.77438684,37.81229933,5100,Θολότητα,"Τελικό Αποτέλεσμα",NTU,0.188
06/03/2023,23.78633796,37.82289436,5110,Θολότητα,"Τελικό Αποτέλεσμα",NTU,0.256
06/03/2023,23.79034019,37.83538362,5150,Θολότητα,"Τελικό Αποτέλεσμα",NTU,0.156
06/03/2023,23.73997328,37.86958627,5160,Θολότητα,"Τελικό Αποτέλεσμα",NTU,0.16
06/03/2023,23.72543914,37.88816507,5170,Θολότητα,"Τελικό Αποτέλεσμα",NTU,0.14
06/03/2023,23.72008222,37.90342424,5180,Θολότητα,"Τελικό Αποτέλεσμα",NTU,0.172
06/03/2023,23.7141366,37.91270737,5190,Θολότητα,"Τελικό Αποτέλεσμα",NTU,0.126
06/03/2023,23.71284044,37.91562054,5200,Θολότητα,"Τελικό Αποτέλεσμα",NTU,0.114
06/03/2023,23.70488133,37.93521995,5230,Θολότητα,"Τελικό Αποτέλεσμα",NTU,0.176
06/03/2023,23.78300677,38.09159562,1940,Θολότητα,"Τελικό Αποτέλεσμα",NTU,0.282
06/03/2025,23.783006772263,38.091595618101,1940,Θολότητα,"Τελικό Αποτέλεσμα",NTU,0.18
06/03/2025,23.763319132339,37.967110703832,120,Θολότητα,"Τελικό Αποτέλεσμα",NTU,0.183
06/03/2025,23.763738215853,37.962310018511,125,Θολότητα,"Τελικό Αποτέλεσμα",NTU,0.169
06/03/2025,23.746281527272,37.954949246394,130,Θολότητα,"Τελικό Αποτέλεσμα",NTU,0.174
06/03/2025,23.769027158681,37.993391314662,4010,Θολότητα,"Τελικό Αποτέλεσμα",NTU,0.266
06/03/2025,23.776486074062,37.996220978178,4020,Θολότητα,"Τελικό Αποτέλεσμα",NTU,0.154
06/03/2025,23.776446263032,37.992751677322,4030,Θολότητα,"Τελικό Αποτέλεσμα",NTU,0.174
06/03/2025,23.776569307759,37.971253159928,4060,Θολότητα,"Τελικό Αποτέλεσμα",NTU,0.243
06/03/2025,23.773236630704,37.96994397087,4070,Θολότητα,"Τελικό Αποτέλεσμα",NTU,0.227
06/03/2025,23.762108634131,37.974473318809,4080,Θολότητα,"Τελικό Αποτέλεσμα",NTU,0.192
06/03/2025,23.75945556984,37.970685038508,4090,Θολότητα,"Τελικό Αποτέλεσμα",NTU,0.239
06/03/2025,23.773590432102,37.94663449198,4100,Θολότητα,"Τελικό Αποτέλεσμα",NTU,0.147
06/03/2025,23.758414161627,37.957340941046,4110,Θολότητα,"Τελικό Αποτέλεσμα",NTU,0.138
06/03/2025,23.748324301254,37.957281035336,4120,Θολότητα,"Τελικό Αποτέλεσμα",NTU,0.232
06/03/2025,23.74190059516,37.95316687964,4140,Θολότητα,"Τελικό Αποτέλεσμα",NTU,0.149
06/03/2025,23.75099402587,37.930222535019,4160,Θολότητα,"Τελικό Αποτέλεσμα",NTU,0.309
06/03/2025,23.737179449332,37.923989154778,4170,Θολότητα,"Τελικό Αποτέλεσμα",NTU,0.165
06/03/2025,23.734499659649,37.921782537866,4180,Θολότητα,"Τελικό Αποτέλεσμα",NTU,0.219
06/03/2025,23.728630962837,37.936168316,4190,Θολότητα,"Τελικό Αποτέλεσμα",NTU,0.143
06/03/2025,23.727666402305,37.95106353914,4220,Θολότητα,"Τελικό Αποτέλεσμα",NTU,0.472
06/03/2025,23.726597630536,37.955266120446,4230,Θολότητα,"Τελικό Αποτέλεσμα",NTU,0.171
06/03/2025,23.726887822219,37.95811378839,4240,Θολότητα,"Τελικό Αποτέλεσμα",NTU,0.481
06/04/2023,23.78300677,38.09159562,1940,Θολότητα,"Τελικό Αποτέλεσμα",NTU,0.268
06/04/2023,23.53153657,38.07172532,2260,Θολότητα,"Τελικό Αποτέλεσμα",NTU,0.128
06/04/2023,23.75121334,38.12052926,2270,Θολότητα,"Τελικό Αποτέλεσμα",NTU,0.377
06/04/2023,23.76621884,37.94149317,135,Θολότητα,"Τελικό Αποτέλεσμα",NTU,0.517
06/04/2023,23.70168246,37.91807243,137,Θολότητα,"Τελικό Αποτέλεσμα",NTU,0.43
06/04/2023,23.80223198,37.83311234,140,Θολότητα,"Τελικό Αποτέλεσμα",NTU,0.383
06/04/2023,23.74864808,37.91609723,5010,Θολότητα,"Τελικό Αποτέλεσμα",NTU,0.231
06/04/2023,23.75342223,37.90482065,5020,Θολότητα,"Τελικό Αποτέλεσμα",NTU,0.218
06/04/2023,23.74470013,37.88994017,5030,Θολότητα,"Τελικό Αποτέλεσμα",NTU,0.264
06/04/2023,23.76070017,37.8524034,5060,Θολότητα,"Τελικό Αποτέλεσμα",NTU,0.2
06/04/2023,23.75697704,37.84809852,5080,Θολότητα,"Τελικό Αποτέλεσμα",NTU,0.415
06/04/2023,23.76068543,37.81516677,5090,Θολότητα,"Τελικό Αποτέλεσμα",NTU,0.438
06/04/2023,23.77438684,37.81229933,5100,Θολότητα,"Τελικό Αποτέλεσμα",NTU,0.184
06/04/2023,23.78633796,37.82289436,5110,Θολότητα,"Τελικό Αποτέλεσμα",NTU,0.387
06/04/2023,23.79034019,37.83538362,5150,Θολότητα,"Τελικό Αποτέλεσμα",NTU,0.268
06/04/2023,23.73997328,37.86958627,5160,Θολότητα,"Τελικό Αποτέλεσμα",NTU,0.18
06/04/2023,23.72543914,37.88816507,5170,Θολότητα,"Τελικό Αποτέλεσμα",NTU,0.321
06/04/2023,23.72008222,37.90342424,5180,Θολότητα,"Τελικό Αποτέλεσμα",NTU,0.749
06/04/2023,23.7141366,37.91270737,5190,Θολότητα,"Τελικό Αποτέλεσμα",NTU,0.373
06/04/2023,23.71284044,37.91562054,5200,Θολότητα,"Τελικό Αποτέλεσμα",NTU,0.827
06/04/2023,23.70643521,37.91960099,5210,Θολότητα,"Τελικό Αποτέλεσμα",NTU,0.36
06/04/2025,23.783006772263,38.091595618101,1940,Θολότητα,"Τελικό Αποτέλεσμα",NTU,0.201
06/05/2023,23.78300677,38.09159562,1940,Θολότητα,"Τελικό Αποτέλεσμα",NTU,0.253
06/05/2024,23.783006772263,38.091595618101,1940,Θολότητα,"Τελικό Αποτέλεσμα",NTU,0.12
06/05/2025,23.64440874197,37.959511773378,1928,Θολότητα,"Τελικό Αποτέλεσμα",NTU,0.298
06/05/2025,23.655737542216,37.93998667845,1930,Θολότητα,"Τελικό Αποτέλεσμα",NTU,0.268
06/05/2025,23.686325223496,38.049805201469,1939,Θολότητα,"Τελικό Αποτέλεσμα",NTU,0.241
06/05/2025,23.577422634042,37.968422519545,1943,Θολότητα,"Τελικό Αποτέλεσμα",NTU,0.268
06/05/2025,23.576866413715,37.966827860412,1945,Θολότητα,"Τελικό Αποτέλεσμα",NTU,0.205
06/05/2025,23.677962015045,38.049823056981,1959,Θολότητα,"Τελικό Αποτέλεσμα",NTU,0.245
06/05/2025,23.783006772263,38.091595618101,1940,Θολότητα,"Τελικό Αποτέλεσμα",NTU,0.2
06/05/2025,23.642117121438,37.933371936061,146,Θολότητα,"Τελικό Αποτέλεσμα",NTU,0.221
06/05/2025,23.685426227465,37.977076609772,6010,Θολότητα,"Τελικό Αποτέλεσμα",NTU,0.252
06/05/2025,23.660147196721,37.980291207729,6020,Θολότητα,"Τελικό Αποτέλεσμα",NTU,0.2
06/05/2025,23.656184913017,37.980594422153,6030,Θολότητα,"Τελικό Αποτέλεσμα",NTU,0.223
06/05/2025,23.653420670725,37.976887978332,6040,Θολότητα,"Τελικό Αποτέλεσμα",NTU,0.234
06/05/2025,23.639896339554,37.977549997131,6050,Θολότητα,"Τελικό Αποτέλεσμα",NTU,0.317
06/05/2025,23.640200994864,37.973616459939,6060,Θολότητα,"Τελικό Αποτέλεσμα",NTU,0.22
06/05/2025,23.633210429054,37.967000345107,6080,Θολότητα,"Τελικό Αποτέλεσμα",NTU,0.311
06/05/2025,23.623370187872,37.950398549294,6110,Θολότητα,"Τελικό Αποτέλεσμα",NTU,0.227
06/05/2025,23.634009487857,37.953472259917,6120,Θολότητα,"Τελικό Αποτέλεσμα",NTU,0.39
06/05/2025,23.633733840369,37.950873888977,6130,Θολότητα,"Τελικό Αποτέλεσμα",NTU,0.36
06/05/2025,23.642068896508,37.928344112851,6150,Θολότητα,"Τελικό Αποτέλεσμα",NTU,0.266
06/05/2025,23.65217192804,37.939622706754,6170,Θολότητα,"Τελικό Αποτέλεσμα",NTU,0.47
06/05/2025,23.673234118927,37.946109912673,6190,Θολότητα,"Τελικό Αποτέλεσμα",NTU,0.22
06/05/2025,23.694323188433,37.952417395875,6220,Θολότητα,"Τελικό Αποτέλεσμα",NTU,0.26
06/05/2025,23.691643963145,37.948013010856,6210,Θολότητα,"Τελικό Αποτέλεσμα",NTU,0.175
06/05/2025,23.640262686028,37.939614121045,6240,Θολότητα,"Τελικό Αποτέλεσμα",NTU,0.173
06/05/2025,22.898432401038,38.254054888272,7011,Θολότητα,"Τελικό Αποτέλεσμα",NTU,0.367
06/06/2023,23.78300677,38.09159562,1940,Θολότητα,"Τελικό Αποτέλεσμα",NTU,0.281
06/06/2023,23.76331913,37.9671107,120,Θολότητα,"Τελικό Αποτέλεσμα",NTU,0.267
06/06/2023,23.76373822,37.96231002,125,Θολότητα,"Τελικό Αποτέλεσμα",NTU,0.429
06/06/2023,23.74628153,37.95494925,130,Θολότητα,"Τελικό Αποτέλεσμα",NTU,0.313
06/06/2023,23.76902716,37.99339131,4010,Θολότητα,"Τελικό Αποτέλεσμα",NTU,0.19
06/06/2023,23.77648607,37.99622098,4020,Θολότητα,"Τελικό Αποτέλεσμα",NTU,0.197
06/06/2023,23.77644626,37.99275168,4030,Θολότητα,"Τελικό Αποτέλεσμα",NTU,0.22
06/06/2023,23.768783,37.9828978,4040,Θολότητα,"Τελικό Αποτέλεσμα",NTU,0.19
06/06/2023,23.77656931,37.97125316,4060,Θολότητα,"Τελικό Αποτέλεσμα",NTU,0.144
06/06/2023,23.77323663,37.96994397,4070,Θολότητα,"Τελικό Αποτέλεσμα",NTU,0.185
06/06/2023,23.76210863,37.97447332,4080,Θολότητα,"Τελικό Αποτέλεσμα",NTU,0.352
06/06/2023,23.75945557,37.97068504,4090,Θολότητα,"Τελικό Αποτέλεσμα",NTU,0.305
06/06/2023,23.77359043,37.94663449,4100,Θολότητα,"Τελικό Αποτέλεσμα",NTU,0.156
06/06/2023,23.75841416,37.95734094,4110,Θολότητα,"Τελικό Αποτέλεσμα",NTU,0.201
06/06/2023,23.7483243,37.95728104,4120,Θολότητα,"Τελικό Αποτέλεσμα",NTU,0.151
06/06/2023,23.7419006,37.95316688,4140,Θολότητα,"Τελικό Αποτέλεσμα",NTU,0.15
06/06/2023,23.75099403,37.93022254,4160,Θολότητα,"Τελικό Αποτέλεσμα",NTU,0.254
06/06/2023,23.73717945,37.92398915,4170,Θολότητα,"Τελικό Αποτέλεσμα",NTU,0.213
06/06/2023,23.73449966,37.92178254,4180,Θολότητα,"Τελικό Αποτέλεσμα",NTU,0.216
06/06/2023,23.72863096,37.93616832,4190,Θολότητα,"Τελικό Αποτέλεσμα",NTU,0.116
06/06/2023,23.7276664,37.95106354,4220,Θολότητα,"Τελικό Αποτέλεσμα",NTU,0.344
06/06/2023,23.72659763,37.95526612,4230,Θολότητα,"Τελικό Αποτέλεσμα",NTU,0.219
06/06/2023,23.72688782,37.95811379,4240,Θολότητα,"Τελικό Αποτέλεσμα",NTU,0.107
06/06/2024,23.766218844149,37.941493165715,135,Θολότητα,"Τελικό Αποτέλεσμα",NTU,0.21
06/06/2024,23.802231976799,37.833112339241,140,Θολότητα,"Τελικό Αποτέλεσμα",NTU,0.224
06/06/2024,23.748648075769,37.916097225199,5010,Θολότητα,"Τελικό Αποτέλεσμα",NTU,0.344
06/06/2024,23.753422230835,37.904820647992,5020,Θολότητα,"Τελικό Αποτέλεσμα",NTU,0.222
06/06/2024,23.744700128802,37.889940171291,5030,Θολότητα,"Τελικό Αποτέλεσμα",NTU,0.301
06/06/2024,23.757964952407,37.860354353668,5050,Θολότητα,"Τελικό Αποτέλεσμα",NTU,0.319
06/06/2024,23.756977040295,37.848098522763,5080,Θολότητα,"Τελικό Αποτέλεσμα",NTU,0.163
06/06/2024,23.760685434504,37.8151667674,5090,Θολότητα,"Τελικό Αποτέλεσμα",NTU,0.953
06/06/2024,23.774386839978,37.81229932964,5100,Θολότητα,"Τελικό Αποτέλεσμα",NTU,0.25
06/06/2024,23.786337962388,37.822894363003,5110,Θολότητα,"Τελικό Αποτέλεσμα",NTU,0.27
06/06/2024,23.790340187783,37.835383621964,5150,Θολότητα,"Τελικό Αποτέλεσμα",NTU,0.439
06/06/2024,23.739973276711,37.869586272318,5160,Θολότητα,"Τελικό Αποτέλεσμα",NTU,0.141
06/06/2024,23.72543913784,37.888165068231,5170,Θολότητα,"Τελικό Αποτέλεσμα",NTU,0.116
06/06/2024,23.720082218937,37.903424243123,5180,Θολότητα,"Τελικό Αποτέλεσμα",NTU,0.382
06/06/2024,23.71413660329,37.912707373341,5190,Θολότητα,"Τελικό Αποτέλεσμα",NTU,0.218
06/06/2024,23.712840439649,37.915620541693,5200,Θολότητα,"Τελικό Αποτέλεσμα",NTU,0.244
06/06/2024,23.706435208048,37.919600993522,5210,Θολότητα,"Τελικό Αποτέλεσμα",NTU,0.095
06/06/2024,23.704881330177,37.935219954091,5230,Θολότητα,"Τελικό Αποτέλεσμα",NTU,0.14
06/06/2024,23.783006772263,38.091595618101,1940,Θολότητα,"Τελικό Αποτέλεσμα",NTU,0.223
06/06/2024,23.746055892182,37.884208036564,5040,Θολότητα,"Τελικό Αποτέλεσμα",NTU,0.621
06/06/2024,23.760700167651,37.852403396879,5060,Θολότητα,"Τελικό Αποτέλεσμα",NTU,0.128
06/06/2024,23.794882287985,37.837449849635,1912,Θολότητα,"Τελικό Αποτέλεσμα",NTU,0.692
06/06/2024,23.772903712691,37.94499326751,1961,Θολότητα,"Τελικό Αποτέλεσμα",NTU,0.571
06/06/2024,23.775659857879,37.946436566217,1962,Θολότητα,"Τελικό Αποτέλεσμα",NTU,0.375
06/06/2024,23.781989618407,37.85753891633,1964,Θολότητα,"Τελικό Αποτέλεσμα",NTU,0.449
06/06/2025,23.854478659062,38.052884117638,105,Θολότητα,"Τελικό Αποτέλεσμα",NTU,0.172
06/06/2025,23.776825675098,38.065226258806,180,Θολότητα,"Τελικό Αποτέλεσμα",NTU,0.273
06/06/2025,23.794782865204,38.039643002291,230,Θολότητα,"Τελικό Αποτέλεσμα",NTU,0.227
06/06/2025,23.794652964206,38.035148911359,235,Θολότητα,"Τελικό Αποτέλεσμα",NTU,0.575
06/06/2025,23.751879192533,38.034424177094,3010,Θολότητα,"Τελικό Αποτέλεσμα",NTU,0.257
06/06/2025,23.752793157246,38.043419319626,3020,Θολότητα,"Τελικό Αποτέλεσμα",NTU,0.303
06/06/2025,23.757971853364,38.058890938524,3030,Θολότητα,"Τελικό Αποτέλεσμα",NTU,0.162
06/06/2025,23.807684504112,38.079687557148,3060,Θολότητα,"Τελικό Αποτέλεσμα",NTU,0.52
06/06/2025,23.826588445352,38.068733964465,3080,Θολότητα,"Τελικό Αποτέλεσμα",NTU,0.194
06/06/2025,23.857729632516,38.058870858803,3090,Θολότητα,"Τελικό Αποτέλεσμα",NTU,0.174
06/06/2025,23.858850831498,38.009405027534,3110,Θολότητα,"Τελικό Αποτέλεσμα",NTU,0.205
06/06/2025,23.885936114707,38.003486571993,3120,Θολότητα,"Τελικό Αποτέλεσμα",NTU,0.218
06/06/2025,23.883581420117,38.001665382065,3130,Θολότητα,"Τελικό Αποτέλεσμα",NTU,0.255
06/06/2025,23.832894356592,38.006902214705,3150,Θολότητα,"Τελικό Αποτέλεσμα",NTU,0.208
06/06/2025,23.817699699893,37.999417823294,3160,Θολότητα,"Τελικό Αποτέλεσμα",NTU,0.31
06/06/2025,23.796809568113,37.998195065074,3170,Θολότητα,"Τελικό Αποτέλεσμα",NTU,0.623
06/06/2025,23.794948631404,37.99586453832,3180,Θολότητα,"Τελικό Αποτέλεσμα",NTU,0.199
06/06/2025,23.795526554539,37.982104892246,3190,Θολότητα,"Τελικό Αποτέλεσμα",NTU,0.255
06/06/2025,23.780262690434,38.00051153767,3200,Θολότητα,"Τελικό Αποτέλεσμα",NTU,0.297
06/06/2025,23.787967770047,38.008481399044,3220,Θολότητα,"Τελικό Αποτέλεσμα",NTU,0.382
06/06/2025,23.780133361397,38.019944025229,3240,Θολότητα,"Τελικό Αποτέλεσμα",NTU,0.208
06/06/2025,23.811274027343,38.045728748791,3260,Θολότητα,"Τελικό Αποτέλεσμα",NTU,0.383
06/06/2025,23.818436102886,38.030152774666,191,Θολότητα,"Τελικό Αποτέλεσμα",NTU,0.246
06/07/2023,23.76331913,37.9671107,120,Θολότητα,"Τελικό Αποτέλεσμα",NTU,0.39
06/07/2023,23.76373822,37.96231002,125,Θολότητα,"Τελικό Αποτέλεσμα",NTU,0.425
06/07/2023,23.74628153,37.95494925,130,Θολότητα,"Τελικό Αποτέλεσμα",NTU,0.418
06/07/2023,23.76902716,37.99339131,4010,Θολότητα,"Τελικό Αποτέλεσμα",NTU,0.542
06/07/2023,23.77648607,37.99622098,4020,Θολότητα,"Τελικό Αποτέλεσμα",NTU,0.279
06/07/2023,23.77644626,37.99275168,4030,Θολότητα,"Τελικό Αποτέλεσμα",NTU,0.231
06/07/2023,23.77656931,37.97125316,4060,Θολότητα,"Τελικό Αποτέλεσμα",NTU,0.206
06/07/2023,23.77323663,37.96994397,4070,Θολότητα,"Τελικό Αποτέλεσμα",NTU,0.244
06/07/2023,23.75945557,37.97068504,4090,Θολότητα,"Τελικό Αποτέλεσμα",NTU,0.135
06/07/2023,23.77359043,37.94663449,4100,Θολότητα,"Τελικό Αποτέλεσμα",NTU,0.552
06/07/2023,23.75841416,37.95734094,4110,Θολότητα,"Τελικό Αποτέλεσμα",NTU,0.238
06/07/2023,23.7483243,37.95728104,4120,Θολότητα,"Τελικό Αποτέλεσμα",NTU,0.268
06/07/2023,23.7419006,37.95316688,4140,Θολότητα,"Τελικό Αποτέλεσμα",NTU,0.219
06/07/2023,23.75099403,37.93022254,4160,Θολότητα,"Τελικό Αποτέλεσμα",NTU,0.182
06/07/2023,23.73449966,37.92178254,4180,Θολότητα,"Τελικό Αποτέλεσμα",NTU,0.379
06/07/2023,23.72863096,37.93616832,4190,Θολότητα,"Τελικό Αποτέλεσμα",NTU,0.115
06/07/2023,23.7276664,37.95106354,4220,Θολότητα,"Τελικό Αποτέλεσμα",NTU,0.207
06/07/2023,23.72659763,37.95526612,4230,Θολότητα,"Τελικό Αποτέλεσμα",NTU,0.419
06/07/2023,23.72688782,37.95811379,4240,Θολότητα,"Τελικό Αποτέλεσμα",NTU,0.131
06/07/2023,23.78300677,38.09159562,1940,Θολότητα,"Τελικό Αποτέλεσμα",NTU,0.292
06/07/2023,23.41656871,37.91177786,1967,Θολότητα,"Τελικό Αποτέλεσμα",NTU,0.474
06/07/2023,23.4174242,37.90741906,2601,Θολότητα,"Τελικό Αποτέλεσμα",NTU,0.355
06/07/2024,23.783006772263,38.091595618101,1940,Θολότητα,"Τελικό Αποτέλεσμα",NTU,0.248
06/08/2023,23.78300677,38.09159562,1940,Θολότητα,"Τελικό Αποτέλεσμα",NTU,0.152
06/08/2024,23.782568605776,38.133625196225,1932,Θολότητα,"Τελικό Αποτέλεσμα",NTU,0.652
06/08/2024,23.749963626012,38.12819997308,1933,Θολότητα,"Τελικό Αποτέλεσμα",NTU,0.226
06/08/2024,23.852750702101,38.123335690418,1946,Θολότητα,"Τελικό Αποτέλεσμα",NTU,0.36
06/08/2024,23.83967824129,38.078175269616,1948,Θολότητα,"Τελικό Αποτέλεσμα",NTU,0.509
06/08/2024,23.829593872837,38.079036127069,1949,Θολότητα,"Τελικό Αποτέλεσμα",NTU,0.711
06/08/2024,23.812910673641,38.068454234426,1954,Θολότητα,"Τελικό Αποτέλεσμα",NTU,0.199
06/08/2024,23.864708334331,38.100617213765,1956,Θολότητα,"Τελικό Αποτέλεσμα",NTU,0.398
06/08/2024,23.82140342159,38.077356072108,3070,Θολότητα,"Τελικό Αποτέλεσμα",NTU,0.29
06/08/2024,23.783006772263,38.091595618101,1940,Θολότητα,"Τελικό Αποτέλεσμα",NTU,0.197
06/08/2024,23.766218844149,37.941493165715,135,Θολότητα,"Τελικό Αποτέλεσμα",NTU,0.207
06/08/2024,23.802231976799,37.833112339241,140,Θολότητα,"Τελικό Αποτέλεσμα",NTU,0.116
06/08/2024,23.748648075769,37.916097225199,5010,Θολότητα,"Τελικό Αποτέλεσμα",NTU,0.32
06/08/2024,23.753422230835,37.904820647992,5020,Θολότητα,"Τελικό Αποτέλεσμα",NTU,0.192
06/08/2024,23.746055892182,37.884208036564,5040,Θολότητα,"Τελικό Αποτέλεσμα",NTU,0.197
06/08/2024,23.757964952407,37.860354353668,5050,Θολότητα,"Τελικό Αποτέλεσμα",NTU,0.284
06/08/2024,23.760700167651,37.852403396879,5060,Θολότητα,"Τελικό Αποτέλεσμα",NTU,0.251
06/08/2024,23.756977040295,37.848098522763,5080,Θολότητα,"Τελικό Αποτέλεσμα",NTU,0.105
06/08/2024,23.760685434504,37.8151667674,5090,Θολότητα,"Τελικό Αποτέλεσμα",NTU,0.276
06/08/2024,23.774386839978,37.81229932964,5100,Θολότητα,"Τελικό Αποτέλεσμα",NTU,0.193
06/08/2024,23.786337962388,37.822894363003,5110,Θολότητα,"Τελικό Αποτέλεσμα",NTU,0.353
06/08/2024,23.790340187783,37.835383621964,5150,Θολότητα,"Τελικό Αποτέλεσμα",NTU,0.17
06/08/2024,23.739973276711,37.869586272318,5160,Θολότητα,"Τελικό Αποτέλεσμα",NTU,0.088
06/08/2024,23.72543913784,37.888165068231,5170,Θολότητα,"Τελικό Αποτέλεσμα",NTU,0.113
06/08/2024,23.720082218937,37.903424243123,5180,Θολότητα,"Τελικό Αποτέλεσμα",NTU,0.866
06/08/2024,23.71413660329,37.912707373341,5190,Θολότητα,"Τελικό Αποτέλεσμα",NTU,0.106
06/08/2024,23.706435208048,37.919600993522,5210,Θολότητα,"Τελικό Αποτέλεσμα",NTU,0.14
06/08/2024,22.898432401038,38.254054888272,7011,Θολότητα,"Τελικό Αποτέλεσμα",NTU,0.187
06/09/2023,23.78300677,38.09159562,1940,Θολότητα,"Τελικό Αποτέλεσμα",NTU,0.272
06/09/2024,23.635233804352,37.972826147816,1926,Θολότητα,"Τελικό Αποτέλεσμα",NTU,0.102
06/09/2024,23.650491791439,38.020690523541,1936,Θολότητα,"Τελικό Αποτέλεσμα",NTU,0.39
06/09/2024,23.660572199344,37.996594669998,1950,Θολότητα,"Τελικό Αποτέλεσμα",NTU,0.348
06/09/2024,23.637482500551,37.984946451231,1941,Θολότητα,"Τελικό Αποτέλεσμα",NTU,0.163
06/09/2024,23.636736270073,37.985919067278,1935,Θολότητα,"Τελικό Αποτέλεσμα",NTU,0.157
06/09/2024,23.644052286684,38.004264948522,1947,Θολότητα,"Τελικό Αποτέλεσμα",NTU,0.205
06/09/2024,23.763319132339,37.967110703832,120,Θολότητα,"Τελικό Αποτέλεσμα",NTU,0.22
06/09/2024,23.763738215853,37.962310018511,125,Θολότητα,"Τελικό Αποτέλεσμα",NTU,0.153
06/09/2024,23.746281527272,37.954949246394,130,Θολότητα,"Τελικό Αποτέλεσμα",NTU,0.164
06/09/2024,23.769027158681,37.993391314662,4010,Θολότητα,"Τελικό Αποτέλεσμα",NTU,0.879
06/09/2024,23.776486074062,37.996220978178,4020,Θολότητα,"Τελικό Αποτέλεσμα",NTU,0.278
06/09/2024,23.776446263032,37.992751677322,4030,Θολότητα,"Τελικό Αποτέλεσμα",NTU,0.607
06/09/2024,23.768783003349,37.982897797692,4040,Θολότητα,"Τελικό Αποτέλεσμα",NTU,0.474
06/09/2024,23.776569307759,37.971253159928,4060,Θολότητα,"Τελικό Αποτέλεσμα",NTU,0.198
06/09/2024,23.773236630704,37.96994397087,4070,Θολότητα,"Τελικό Αποτέλεσμα",NTU,0.571
06/09/2024,23.762108634131,37.974473318809,4080,Θολότητα,"Τελικό Αποτέλεσμα",NTU,0.208
06/09/2024,23.75945556984,37.970685038508,4090,Θολότητα,"Τελικό Αποτέλεσμα",NTU,0.142
06/09/2024,23.773590432102,37.94663449198,4100,Θολότητα,"Τελικό Αποτέλεσμα",NTU,0.421
06/09/2024,23.758414161627,37.957340941046,4110,Θολότητα,"Τελικό Αποτέλεσμα",NTU,0.754
06/09/2024,23.748324301254,37.957281035336,4120,Θολότητα,"Τελικό Αποτέλεσμα",NTU,0.808
06/09/2024,23.74190059516,37.95316687964,4140,Θολότητα,"Τελικό Αποτέλεσμα",NTU,0.611
06/09/2024,23.75099402587,37.930222535019,4160,Θολότητα,"Τελικό Αποτέλεσμα",NTU,0.167
06/09/2024,23.737179449332,37.923989154778,4170,Θολότητα,"Τελικό Αποτέλεσμα",NTU,0.18
06/09/2024,23.734499659649,37.921782537866,4180,Θολότητα,"Τελικό Αποτέλεσμα",NTU,0.444
06/09/2024,23.728630962837,37.936168316,4190,Θολότητα,"Τελικό Αποτέλεσμα",NTU,0.355
06/09/2024,23.727666402305,37.95106353914,4220,Θολότητα,"Τελικό Αποτέλεσμα",NTU,0.255
06/09/2024,23.726597630536,37.955266120446,4230,Θολότητα,"Τελικό Αποτέλεσμα",NTU,0.259
06/09/2024,23.783006772263,38.091595618101,1940,Θολότητα,"Τελικό Αποτέλεσμα",NTU,0.235
06/10/2023,23.78300677,38.09159562,1940,Θολότητα,"Τελικό Αποτέλεσμα",NTU,0.283
06/10/2023,23.76621884,37.94149317,135,Θολότητα,"Τελικό Αποτέλεσμα",NTU,0.378
06/10/2023,23.70168246,37.91807243,137,Θολότητα,"Τελικό Αποτέλεσμα",NTU,0.275
06/10/2023,23.78205391,37.85203476,139,Θολότητα,"Τελικό Αποτέλεσμα",NTU,0.38
06/10/2023,23.80223198,37.83311234,140,Θολότητα,"Τελικό Αποτέλεσμα",NTU,0.609
06/10/2023,23.74864808,37.91609723,5010,Θολότητα,"Τελικό Αποτέλεσμα",NTU,0.198
06/10/2023,23.75342223,37.90482065,5020,Θολότητα,"Τελικό Αποτέλεσμα",NTU,0.383
06/10/2023,23.74470013,37.88994017,5030,Θολότητα,"Τελικό Αποτέλεσμα",NTU,0.156
06/10/2023,23.74605589,37.88420804,5040,Θολότητα,"Τελικό Αποτέλεσμα",NTU,0.171
06/10/2023,23.75796495,37.86035435,5050,Θολότητα,"Τελικό Αποτέλεσμα",NTU,0.163
06/10/2023,23.76070017,37.8524034,5060,Θολότητα,"Τελικό Αποτέλεσμα",NTU,0.084
06/10/2023,23.75697704,37.84809852,5080,Θολότητα,"Τελικό Αποτέλεσμα",NTU,0.146
06/10/2023,23.76068543,37.81516677,5090,Θολότητα,"Τελικό Αποτέλεσμα",NTU,0.15
06/10/2023,23.77438684,37.81229933,5100,Θολότητα,"Τελικό Αποτέλεσμα",NTU,0.091
06/10/2023,23.78633796,37.82289436,5110,Θολότητα,"Τελικό Αποτέλεσμα",NTU,0.408
06/10/2023,23.79034019,37.83538362,5150,Θολότητα,"Τελικό Αποτέλεσμα",NTU,0.13
06/10/2023,23.73997328,37.86958627,5160,Θολότητα,"Τελικό Αποτέλεσμα",NTU,0.163
06/10/2023,23.72543914,37.88816507,5170,Θολότητα,"Τελικό Αποτέλεσμα",NTU,0.338
06/10/2023,23.72008222,37.90342424,5180,Θολότητα,"Τελικό Αποτέλεσμα",NTU,0.403
06/10/2023,23.7141366,37.91270737,5190,Θολότητα,"Τελικό Αποτέλεσμα",NTU,0.124
06/10/2023,23.71284044,37.91562054,5200,Θολότητα,"Τελικό Αποτέλεσμα",NTU,0.334
06/10/2023,23.70643521,37.91960099,5210,Θολότητα,"Τελικό Αποτέλεσμα",NTU,0.098
06/10/2023,23.70488133,37.93521995,5230,Θολότητα,"Τελικό Αποτέλεσμα",NTU,0.214
06/10/2023,23.71109252,38.03060497,2080,Θολότητα,"Τελικό Αποτέλεσμα",NTU,0.591
06/10/2024,23.783006772263,38.091595618101,1940,Θολότητα,"Τελικό Αποτέλεσμα",NTU,0.209
06/11/2023,23.66968564,37.99103311,2180,Θολότητα,"Τελικό Αποτέλεσμα",NTU,0.314
06/11/2023,23.8184361,38.03015277,191,Θολότητα,"Τελικό Αποτέλεσμα",NTU,0.362
06/11/2023,23.82898036,38.04390182,193,Θολότητα,"Τελικό Αποτέλεσμα",NTU,0.172
06/11/2023,23.76331913,37.9671107,120,Θολότητα,"Τελικό Αποτέλεσμα",NTU,0.27
06/11/2023,23.76373822,37.96231002,125,Θολότητα,"Τελικό Αποτέλεσμα",NTU,0.224
06/11/2023,23.74628153,37.95494925,130,Θολότητα,"Τελικό Αποτέλεσμα",NTU,0.224
06/11/2023,23.76902716,37.99339131,4010,Θολότητα,"Τελικό Αποτέλεσμα",NTU,0.372
06/11/2023,23.77648607,37.99622098,4020,Θολότητα,"Τελικό Αποτέλεσμα",NTU,0.16
06/11/2023,23.77644626,37.99275168,4030,Θολότητα,"Τελικό Αποτέλεσμα",NTU,0.203
06/11/2023,23.77656931,37.97125316,4060,Θολότητα,"Τελικό Αποτέλεσμα",NTU,0.284
06/11/2023,23.77323663,37.96994397,4070,Θολότητα,"Τελικό Αποτέλεσμα",NTU,0.229
06/11/2023,23.75945557,37.97068504,4090,Θολότητα,"Τελικό Αποτέλεσμα",NTU,0.169
06/11/2023,23.77359043,37.94663449,4100,Θολότητα,"Τελικό Αποτέλεσμα",NTU,0.527
06/11/2023,23.75841416,37.95734094,4110,Θολότητα,"Τελικό Αποτέλεσμα",NTU,0.718
06/11/2023,23.7483243,37.95728104,4120,Θολότητα,"Τελικό Αποτέλεσμα",NTU,0.492
06/11/2023,23.7419006,37.95316688,4140,Θολότητα,"Τελικό Αποτέλεσμα",NTU,0.145
06/11/2023,23.75099403,37.93022254,4160,Θολότητα,"Τελικό Αποτέλεσμα",NTU,0.218
06/11/2023,23.73449966,37.92178254,4180,Θολότητα,"Τελικό Αποτέλεσμα",NTU,0.234
06/11/2023,23.7276664,37.95106354,4220,Θολότητα,"Τελικό Αποτέλεσμα",NTU,0.735
06/11/2023,23.72659763,37.95526612,4230,Θολότητα,"Τελικό Αποτέλεσμα",NTU,0.235
06/11/2023,23.72688782,37.95811379,4240,Θολότητα,"Τελικό Αποτέλεσμα",NTU,0.534
06/11/2023,23.7766247,37.88434896,1918,Θολότητα,"Τελικό Αποτέλεσμα",NTU,0.246
06/11/2023,23.76382857,37.88903355,1920,Θολότητα,"Τελικό Αποτέλεσμα",NTU,0.16
06/11/2023,23.75556042,37.91943081,1924,Θολότητα,"Τελικό Αποτέλεσμα",NTU,0.343
06/11/2023,23.74951242,37.9996463,1942,Θολότητα,"Τελικό Αποτέλεσμα",NTU,0.114
06/11/2023,23.73288702,37.955672,1944,Θολότητα,"Τελικό Αποτέλεσμα",NTU,0.255
06/11/2023,23.77756947,37.88994684,1963,Θολότητα,"Τελικό Αποτέλεσμα",NTU,0.166
06/11/2023,23.78300677,38.09159562,1940,Θολότητα,"Τελικό Αποτέλεσμα",NTU,0.161
06/11/2024,23.783006772263,38.091595618101,1940,Θολότητα,"Τελικό Αποτέλεσμα",NTU,0.087
06/11/2024,23.701682457361,37.918072433642,137,Θολότητα,"Τελικό Αποτέλεσμα",NTU,0.147
06/11/2024,23.802231976799,37.833112339241,140,Θολότητα,"Τελικό Αποτέλεσμα",NTU,0.076
06/11/2024,23.748648075769,37.916097225199,5010,Θολότητα,"Τελικό Αποτέλεσμα",NTU,0.142
06/11/2024,23.753422230835,37.904820647992,5020,Θολότητα,"Τελικό Αποτέλεσμα",NTU,0.096
06/11/2024,23.744700128802,37.889940171291,5030,Θολότητα,"Τελικό Αποτέλεσμα",NTU,0.089
06/11/2024,23.746055892182,37.884208036564,5040,Θολότητα,"Τελικό Αποτέλεσμα",NTU,0.282
06/11/2024,23.757964952407,37.860354353668,5050,Θολότητα,"Τελικό Αποτέλεσμα",NTU,0.235
06/11/2024,23.760700167651,37.852403396879,5060,Θολότητα,"Τελικό Αποτέλεσμα",NTU,0.074
06/11/2024,23.756977040295,37.848098522763,5080,Θολότητα,"Τελικό Αποτέλεσμα",NTU,0.081
06/11/2024,23.760685434504,37.8151667674,5090,Θολότητα,"Τελικό Αποτέλεσμα",NTU,0.096
06/11/2024,23.774386839978,37.81229932964,5100,Θολότητα,"Τελικό Αποτέλεσμα",NTU,0.085
06/11/2024,23.786337962388,37.822894363003,5110,Θολότητα,"Τελικό Αποτέλεσμα",NTU,0.299
06/11/2024,23.790340187783,37.835383621964,5150,Θολότητα,"Τελικό Αποτέλεσμα",NTU,0.143
06/11/2024,23.739973276711,37.869586272318,5160,Θολότητα,"Τελικό Αποτέλεσμα",NTU,0.142
06/11/2024,23.72543913784,37.888165068231,5170,Θολότητα,"Τελικό Αποτέλεσμα",NTU,0.134
06/11/2024,23.720082218937,37.903424243123,5180,Θολότητα,"Τελικό Αποτέλεσμα",NTU,0.105
06/11/2024,23.71413660329,37.912707373341,5190,Θολότητα,"Τελικό Αποτέλεσμα",NTU,0.084
06/11/2024,23.712840439649,37.915620541693,5200,Θολότητα,"Τελικό Αποτέλεσμα",NTU,0.761
06/11/2024,23.706435208048,37.919600993522,5210,Θολότητα,"Τελικό Αποτέλεσμα",NTU,0.214
06/11/2024,23.818436102886,38.030152774666,191,Θολότητα,"Τελικό Αποτέλεσμα",NTU,0.22
06/11/2024,23.828980364763,38.043901820297,193,Θολότητα,"Τελικό Αποτέλεσμα",NTU,0.191
06/11/2024,23.82140342159,38.077356072108,3070,Θολότητα,"Τελικό Αποτέλεσμα",NTU,0.265
06/11/2024,23.77628215803,38.121900924356,210,Θολότητα,"Τελικό Αποτέλεσμα",NTU,0.161
06/11/2024,23.782568605776,38.133625196225,1932,Θολότητα,"Τελικό Αποτέλεσμα",NTU,0.43
06/11/2024,23.749963626012,38.12819997308,1933,Θολότητα,"Τελικό Αποτέλεσμα",NTU,0.418
06/11/2024,23.852750702101,38.123335690418,1946,Θολότητα,"Τελικό Αποτέλεσμα",NTU,0.287
06/11/2024,23.83967824129,38.078175269616,1948,Θολότητα,"Τελικό Αποτέλεσμα",NTU,0.234
06/11/2024,23.829593872837,38.079036127069,1949,Θολότητα,"Τελικό Αποτέλεσμα",NTU,0.339
06/11/2024,23.812910673641,38.068454234426,1954,Θολότητα,"Τελικό Αποτέλεσμα",NTU,0.228
06/11/2024,23.864708334331,38.100617213765,1956,Θολότητα,"Τελικό Αποτέλεσμα",NTU,0.244
06/12/2023,23.64211712,37.93337194,146,Θολότητα,"Τελικό Αποτέλεσμα",NTU,0.247
06/12/2023,23.68542623,37.97707661,6010,Θολότητα,"Τελικό Αποτέλεσμα",NTU,0.713
06/12/2023,23.6601472,37.98029121,6020,Θολότητα,"Τελικό Αποτέλεσμα",NTU,0.185
06/12/2023,23.65618491,37.98059442,6030,Θολότητα,"Τελικό Αποτέλεσμα",NTU,0.258
06/12/2023,23.65342067,37.97688798,6040,Θολότητα,"Τελικό Αποτέλεσμα",NTU,0.219
06/12/2023,23.64020099,37.97361646,6060,Θολότητα,"Τελικό Αποτέλεσμα",NTU,0.248
06/12/2023,23.63321043,37.96700035,6080,Θολότητα,"Τελικό Αποτέλεσμα",NTU,0.833
06/12/2023,23.62337019,37.95039855,6110,Θολότητα,"Τελικό Αποτέλεσμα",NTU,0.138
06/12/2023,23.63400949,37.95347226,6120,Θολότητα,"Τελικό Αποτέλεσμα",NTU,0.133
06/12/2023,23.63373384,37.95087389,6130,Θολότητα,"Τελικό Αποτέλεσμα",NTU,0.132
06/12/2023,23.6420689,37.92834411,6150,Θολότητα,"Τελικό Αποτέλεσμα",NTU,0.206
06/12/2023,23.62796265,37.93233446,6160,Θολότητα,"Τελικό Αποτέλεσμα",NTU,0.242
06/12/2023,23.65217193,37.93962271,6170,Θολότητα,"Τελικό Αποτέλεσμα",NTU,0.114
06/12/2023,23.67323412,37.94610991,6190,Θολότητα,"Τελικό Αποτέλεσμα",NTU,0.131
06/12/2023,23.69164396,37.94801301,6210,Θολότητα,"Τελικό Αποτέλεσμα",NTU,0.108
06/12/2023,23.69432319,37.9524174,6220,Θολότητα,"Τελικό Αποτέλεσμα",NTU,0.134
06/12/2023,23.64026269,37.93961412,6240,Θολότητα,"Τελικό Αποτέλεσμα",NTU,0.36
06/12/2023,23.78300677,38.09159562,1940,Θολότητα,"Τελικό Αποτέλεσμα",NTU,0.202
06/12/2023,23.7766247,37.88434896,1918,Θολότητα,"Τελικό Αποτέλεσμα",NTU,0.3
06/12/2023,23.76382857,37.88903355,1920,Θολότητα,"Τελικό Αποτέλεσμα",NTU,0.381
06/12/2023,23.75556042,37.91943081,1924,Θολότητα,"Τελικό Αποτέλεσμα",NTU,0.272
06/12/2023,23.74951242,37.9996463,1942,Θολότητα,"Τελικό Αποτέλεσμα",NTU,0.209
06/12/2023,23.73288702,37.955672,1944,Θολότητα,"Τελικό Αποτέλεσμα",NTU,0.361
06/12/2023,23.77756947,37.88994684,1963,Θολότητα,"Τελικό Αποτέλεσμα",NTU,0.165
06/12/2024,23.854478659062,38.052884117638,105,Θολότητα,"Τελικό Αποτέλεσμα",NTU,0.244
06/12/2024,23.776825675098,38.065226258806,180,Θολότητα,"Τελικό Αποτέλεσμα",NTU,0.307
06/12/2024,23.794652964206,38.035148911359,235,Θολότητα,"Τελικό Αποτέλεσμα",NTU,0.208
06/12/2024,23.751879192533,38.034424177094,3010,Θολότητα,"Τελικό Αποτέλεσμα",NTU,0.286
06/12/2024,23.752793157246,38.043419319626,3020,Θολότητα,"Τελικό Αποτέλεσμα",NTU,0.288
06/12/2024,23.757971853364,38.058890938524,3030,Θολότητα,"Τελικό Αποτέλεσμα",NTU,0.367
06/12/2024,23.807684504112,38.079687557148,3060,Θολότητα,"Τελικό Αποτέλεσμα",NTU,0.124
06/12/2024,23.826588445352,38.068733964465,3080,Θολότητα,"Τελικό Αποτέλεσμα",NTU,0.302
06/12/2024,23.857729632516,38.058870858803,3090,Θολότητα,"Τελικό Αποτέλεσμα",NTU,0.16
06/12/2024,23.858850831498,38.009405027534,3110,Θολότητα,"Τελικό Αποτέλεσμα",NTU,0.285
06/12/2024,23.885936114707,38.003486571993,3120,Θολότητα,"Τελικό Αποτέλεσμα",NTU,0.226
06/12/2024,23.883581420117,38.001665382065,3130,Θολότητα,"Τελικό Αποτέλεσμα",NTU,0.157
06/12/2024,23.832894356592,38.006902214705,3150,Θολότητα,"Τελικό Αποτέλεσμα",NTU,0.3
06/12/2024,23.817699699893,37.999417823294,3160,Θολότητα,"Τελικό Αποτέλεσμα",NTU,0.2
06/12/2024,23.796809568113,37.998195065074,3170,Θολότητα,"Τελικό Αποτέλεσμα",NTU,0.282
06/12/2024,23.794948631404,37.99586453832,3180,Θολότητα,"Τελικό Αποτέλεσμα",NTU,0.417
06/12/2024,23.795526554539,37.982104892246,3190,Θολότητα,"Τελικό Αποτέλεσμα",NTU,0.123
06/12/2024,23.780262690434,38.00051153767,3200,Θολότητα,"Τελικό Αποτέλεσμα",NTU,0.281
06/12/2024,23.787967770047,38.008481399044,3220,Θολότητα,"Τελικό Αποτέλεσμα",NTU,0.173
06/12/2024,23.780281362583,38.047179053493,3250,Θολότητα,"Τελικό Αποτέλεσμα",NTU,0.309
06/12/2024,23.811274027343,38.045728748791,3260,Θολότητα,"Τελικό Αποτέλεσμα",NTU,0.305
06/12/2024,23.818436102886,38.030152774666,191,Θολότητα,"Τελικό Αποτέλεσμα",NTU,0.355
06/12/2024,23.828980364763,38.043901820297,193,Θολότητα,"Τελικό Αποτέλεσμα",NTU,0.473
06/12/2024,23.794782865204,38.039643002291,230,Θολότητα,"Τελικό Αποτέλεσμα",NTU,0.193
06/12/2024,23.782568605776,38.133625196225,1932,Θολότητα,"Τελικό Αποτέλεσμα",NTU,0.254
06/12/2024,23.749963626012,38.12819997308,1933,Θολότητα,"Τελικό Αποτέλεσμα",NTU,0.24
06/12/2024,23.852750702101,38.123335690418,1946,Θολότητα,"Τελικό Αποτέλεσμα",NTU,0.277
06/12/2024,23.83967824129,38.078175269616,1948,Θολότητα,"Τελικό Αποτέλεσμα",NTU,0.382
06/12/2024,23.812910673641,38.068454234426,1954,Θολότητα,"Τελικό Αποτέλεσμα",NTU,0.231
06/12/2024,23.82140342159,38.077356072108,3070,Θολότητα,"Τελικό Αποτέλεσμα",NTU,0.32
06/12/2024,23.77628215803,38.121900924356,210,Θολότητα,"Τελικό Αποτέλεσμα",NTU,0.345
06/12/2024,23.783006772263,38.091595618101,1940,Θολότητα,"Τελικό Αποτέλεσμα",NTU,0.133
07/01/2023,23.78300677,38.09159562,1940,Θολότητα,"Τελικό Αποτέλεσμα",NTU,0.275
07/01/2023,23.75187919,38.03442418,3010,Θολότητα,"Τελικό Αποτέλεσμα",NTU,0.209
07/01/2025,23.783006772263,38.091595618101,1940,Θολότητα,"Τελικό Αποτέλεσμα",NTU,0.102
07/01/2025,23.728501580857,38.021077305988,2010,Θολότητα,"Τελικό Αποτέλεσμα",NTU,0.256
07/01/2025,23.715167470658,38.064394448168,2020,Θολότητα,"Τελικό Αποτέλεσμα",NTU,0.168
07/01/2025,23.707472628441,38.062507031886,2030,Θολότητα,"Τελικό Αποτέλεσμα",NTU,0.188
07/01/2025,23.684521996488,38.043278569813,2050,Θολότητα,"Τελικό Αποτέλεσμα",NTU,0.151
07/01/2025,23.676225070778,38.038867972537,2060,Θολότητα,"Τελικό Αποτέλεσμα",NTU,0.169
07/01/2025,23.690708971278,38.03873977939,2070,Θολότητα,"Τελικό Αποτέλεσμα",NTU,0.141
07/01/2025,23.711092519709,38.030604970232,2080,Θολότητα,"Τελικό Αποτέλεσμα",NTU,0.14
07/01/2025,23.703939528461,38.019611224386,2090,Θολότητα,"Τελικό Αποτέλεσμα",NTU,0.2
07/01/2025,23.690026001721,38.014594179034,2100,Θολότητα,"Τελικό Αποτέλεσμα",NTU,0.11
07/01/2025,23.685635325645,38.011704015052,2110,Θολότητα,"Τελικό Αποτέλεσμα",NTU,0.136
07/01/2025,23.690688548717,38.006599310386,2130,Θολότητα,"Τελικό Αποτέλεσμα",NTU,0.24
07/01/2025,23.633719884257,38.014461935654,2140,Θολότητα,"Τελικό Αποτέλεσμα",NTU,0.224
07/01/2025,23.604369787474,38.011728905427,2150,Θολότητα,"Τελικό Αποτέλεσμα",NTU,0.22
07/01/2025,23.660482152024,38.003256233801,2160,Θολότητα,"Τελικό Αποτέλεσμα",NTU,0.094
07/01/2025,23.657213383477,37.990357336342,2170,Θολότητα,"Τελικό Αποτέλεσμα",NTU,0.121
07/01/2025,23.669685637381,37.991033114281,2180,Θολότητα,"Τελικό Αποτέλεσμα",NTU,0.128
07/01/2025,23.688272639454,37.992184760882,2190,Θολότητα,"Τελικό Αποτέλεσμα",NTU,0.161
07/01/2025,23.709037749626,37.994059545664,2210,Θολότητα,"Τελικό Αποτέλεσμα",NTU,0.124
07/01/2025,23.711670124237,37.998900962404,2220,Θολότητα,"Τελικό Αποτέλεσμα",NTU,0.169
07/01/2025,23.723966332053,38.00996468276,2240,Θολότητα,"Τελικό Αποτέλεσμα",NTU,0.2
07/01/2025,23.609081866002,38.010063327816,2250,Θολότητα,"Τελικό Αποτέλεσμα",NTU,0.251
07/01/2025,22.898432401038,38.254054888272,7011,Θολότητα,"Τελικό Αποτέλεσμα",NTU,0.286
07/02/2023,23.76621884,37.94149317,135,Θολότητα,"Τελικό Αποτέλεσμα",NTU,0.226
07/02/2023,23.70168246,37.91807243,137,Θολότητα,"Τελικό Αποτέλεσμα",NTU,0.181
07/02/2023,23.80223198,37.83311234,140,Θολότητα,"Τελικό Αποτέλεσμα",NTU,0.307
07/02/2023,23.74864808,37.91609723,5010,Θολότητα,"Τελικό Αποτέλεσμα",NTU,0.24
07/02/2023,23.75342223,37.90482065,5020,Θολότητα,"Τελικό Αποτέλεσμα",NTU,0.433
07/02/2023,23.74470013,37.88994017,5030,Θολότητα,"Τελικό Αποτέλεσμα",NTU,0.234
07/02/2023,23.74605589,37.88420804,5040,Θολότητα,"Τελικό Αποτέλεσμα",NTU,0.189
07/02/2023,23.75796495,37.86035435,5050,Θολότητα,"Τελικό Αποτέλεσμα",NTU,0.204
07/02/2023,23.76070017,37.8524034,5060,Θολότητα,"Τελικό Αποτέλεσμα",NTU,0.18
07/02/2023,23.75697704,37.84809852,5080,Θολότητα,"Τελικό Αποτέλεσμα",NTU,0.14
07/02/2023,23.76068543,37.81516677,5090,Θολότητα,"Τελικό Αποτέλεσμα",NTU,0.09
07/02/2023,23.77438684,37.81229933,5100,Θολότητα,"Τελικό Αποτέλεσμα",NTU,0.118
07/02/2023,23.78633796,37.82289436,5110,Θολότητα,"Τελικό Αποτέλεσμα",NTU,0.248
07/02/2023,23.79034019,37.83538362,5150,Θολότητα,"Τελικό Αποτέλεσμα",NTU,0.175
07/02/2023,23.73997328,37.86958627,5160,Θολότητα,"Τελικό Αποτέλεσμα",NTU,0.148
07/02/2023,23.72543914,37.88816507,5170,Θολότητα,"Τελικό Αποτέλεσμα",NTU,0.173
07/02/2023,23.72008222,37.90342424,5180,Θολότητα,"Τελικό Αποτέλεσμα",NTU,0.64
07/02/2023,23.7141366,37.91270737,5190,Θολότητα,"Τελικό Αποτέλεσμα",NTU,0.112
07/02/2023,23.71284044,37.91562054,5200,Θολότητα,"Τελικό Αποτέλεσμα",NTU,0.16
07/02/2023,23.70643521,37.91960099,5210,Θολότητα,"Τελικό Αποτέλεσμα",NTU,0.176
07/02/2023,23.70488133,37.93521995,5230,Θολότητα,"Τελικό Αποτέλεσμα",NTU,0.206
07/02/2023,23.78300677,38.09159562,1940,Θολότητα,"Τελικό Αποτέλεσμα",NTU,0.174
07/02/2025,23.783006772263,38.091595618101,1940,Θολότητα,"Τελικό Αποτέλεσμα",NTU,0.197
07/02/2025,23.854478659062,38.052884117638,105,Θολότητα,"Τελικό Αποτέλεσμα",NTU,0.14
07/02/2025,23.776825675098,38.065226258806,180,Θολότητα,"Τελικό Αποτέλεσμα",NTU,0.233
07/02/2025,23.794782865204,38.039643002291,230,Θολότητα,"Τελικό Αποτέλεσμα",NTU,0.238
07/02/2025,23.794652964206,38.035148911359,235,Θολότητα,"Τελικό Αποτέλεσμα",NTU,0.2
07/02/2025,23.751879192533,38.034424177094,3010,Θολότητα,"Τελικό Αποτέλεσμα",NTU,0.274
07/02/2025,23.752793157246,38.043419319626,3020,Θολότητα,"Τελικό Αποτέλεσμα",NTU,0.624
07/02/2025,23.757971853364,38.058890938524,3030,Θολότητα,"Τελικό Αποτέλεσμα",NTU,0.296
07/02/2025,23.762911148418,38.063332209074,3040,Θολότητα,"Τελικό Αποτέλεσμα",NTU,0.335
07/02/2025,23.807684504112,38.079687557148,3060,Θολότητα,"Τελικό Αποτέλεσμα",NTU,0.312
07/02/2025,23.857729632516,38.058870858803,3090,Θολότητα,"Τελικό Αποτέλεσμα",NTU,0.272
07/02/2025,23.858850831498,38.009405027534,3110,Θολότητα,"Τελικό Αποτέλεσμα",NTU,0.329
07/02/2025,23.885936114707,38.003486571993,3120,Θολότητα,"Τελικό Αποτέλεσμα",NTU,0.852
07/02/2025,23.883581420117,38.001665382065,3130,Θολότητα,"Τελικό Αποτέλεσμα",NTU,0.234
07/02/2025,23.832894356592,38.006902214705,3150,Θολότητα,"Τελικό Αποτέλεσμα",NTU,0.384
07/02/2025,23.817699699893,37.999417823294,3160,Θολότητα,"Τελικό Αποτέλεσμα",NTU,0.185
07/02/2025,23.796809568113,37.998195065074,3170,Θολότητα,"Τελικό Αποτέλεσμα",NTU,0.457
07/02/2025,23.794948631404,37.99586453832,3180,Θολότητα,"Τελικό Αποτέλεσμα",NTU,0.431
07/02/2025,23.795526554539,37.982104892246,3190,Θολότητα,"Τελικό Αποτέλεσμα",NTU,0.223
07/02/2025,23.780262690434,38.00051153767,3200,Θολότητα,"Τελικό Αποτέλεσμα",NTU,0.426
07/02/2025,23.787967770047,38.008481399044,3220,Θολότητα,"Τελικό Αποτέλεσμα",NTU,0.356
07/02/2025,23.780133361397,38.019944025229,3240,Θολότητα,"Τελικό Αποτέλεσμα",NTU,0.387
07/03/2023,23.64211712,37.93337194,146,Θολότητα,"Τελικό Αποτέλεσμα",NTU,0.282
07/03/2023,23.6601472,37.98029121,6020,Θολότητα,"Τελικό Αποτέλεσμα",NTU,0.173
07/03/2023,23.65618491,37.98059442,6030,Θολότητα,"Τελικό Αποτέλεσμα",NTU,0.179
07/03/2023,23.65342067,37.97688798,6040,Θολότητα,"Τελικό Αποτέλεσμα",NTU,0.149
07/03/2023,23.63989634,37.97755,6050,Θολότητα,"Τελικό Αποτέλεσμα",NTU,0.096
07/03/2023,23.64020099,37.97361646,6060,Θολότητα,"Τελικό Αποτέλεσμα",NTU,0.095
07/03/2023,23.63321043,37.96700035,6080,Θολότητα,"Τελικό Αποτέλεσμα",NTU,0.212
07/03/2023,23.62337019,37.95039855,6110,Θολότητα,"Τελικό Αποτέλεσμα",NTU,0.262
07/03/2023,23.63400949,37.95347226,6120,Θολότητα,"Τελικό Αποτέλεσμα",NTU,0.458
07/03/2023,23.63373384,37.95087389,6130,Θολότητα,"Τελικό Αποτέλεσμα",NTU,0.244
07/03/2023,23.6420689,37.92834411,6150,Θολότητα,"Τελικό Αποτέλεσμα",NTU,0.208
07/03/2023,23.62796265,37.93233446,6160,Θολότητα,"Τελικό Αποτέλεσμα",NTU,0.288
07/03/2023,23.65217193,37.93962271,6170,Θολότητα,"Τελικό Αποτέλεσμα",NTU,0.278
07/03/2023,23.67323412,37.94610991,6190,Θολότητα,"Τελικό Αποτέλεσμα",NTU,0.186
07/03/2023,23.68003741,37.94809685,6200,Θολότητα,"Τελικό Αποτέλεσμα",NTU,0.162
07/03/2023,23.69164396,37.94801301,6210,Θολότητα,"Τελικό Αποτέλεσμα",NTU,0.191
07/03/2023,23.69432319,37.9524174,6220,Θολότητα,"Τελικό Αποτέλεσμα",NTU,0.152
07/03/2023,23.64026269,37.93961412,6240,Θολότητα,"Τελικό Αποτέλεσμα",NTU,0.204
07/03/2023,23.78300677,38.09159562,1940,Θολότητα,"Τελικό Αποτέλεσμα",NTU,0.265
07/03/2023,23.6352338,37.97282615,1926,Θολότητα,"Τελικό Αποτέλεσμα",NTU,0.365
07/03/2023,23.65049179,38.02069052,1936,Θολότητα,"Τελικό Αποτέλεσμα",NTU,0.338
07/03/2023,23.6605722,37.99659467,1950,Θολότητα,"Τελικό Αποτέλεσμα",NTU,0.275
07/03/2023,23.6374825,37.98494645,1941,Θολότητα,"Τελικό Αποτέλεσμα",NTU,0.142
07/03/2023,23.63673627,37.98591907,1935,Θολότητα,"Τελικό Αποτέλεσμα",NTU,0.427
07/03/2023,23.64405229,38.00426495,1947,Θολότητα,"Τελικό Αποτέλεσμα",NTU,0.323
07/03/2025,23.783006772263,38.091595618101,1940,Θολότητα,"Τελικό Αποτέλεσμα",NTU,0.26
07/03/2025,23.701682457361,37.918072433642,137,Θολότητα,"Τελικό Αποτέλεσμα",NTU,0.204
07/03/2025,23.802231976799,37.833112339241,140,Θολότητα,"Τελικό Αποτέλεσμα",NTU,0.228
07/03/2025,23.748648075769,37.916097225199,5010,Θολότητα,"Τελικό Αποτέλεσμα",NTU,0.143
07/03/2025,23.753422230835,37.904820647992,5020,Θολότητα,"Τελικό Αποτέλεσμα",NTU,0.163
07/03/2025,23.744700128802,37.889940171291,5030,Θολότητα,"Τελικό Αποτέλεσμα",NTU,0.12
07/03/2025,23.746055892182,37.884208036564,5040,Θολότητα,"Τελικό Αποτέλεσμα",NTU,0.186
07/03/2025,23.757964952407,37.860354353668,5050,Θολότητα,"Τελικό Αποτέλεσμα",NTU,0.136
07/03/2025,23.760700167651,37.852403396879,5060,Θολότητα,"Τελικό Αποτέλεσμα",NTU,0.197
07/03/2025,23.756977040295,37.848098522763,5080,Θολότητα,"Τελικό Αποτέλεσμα",NTU,0.107
07/03/2025,23.760685434504,37.8151667674,5090,Θολότητα,"Τελικό Αποτέλεσμα",NTU,0.111
07/03/2025,23.774386839978,37.81229932964,5100,Θολότητα,"Τελικό Αποτέλεσμα",NTU,0.173
07/03/2025,23.786337962388,37.822894363003,5110,Θολότητα,"Τελικό Αποτέλεσμα",NTU,0.36
07/03/2025,23.790340187783,37.835383621964,5150,Θολότητα,"Τελικό Αποτέλεσμα",NTU,0.115
07/03/2025,23.739973276711,37.869586272318,5160,Θολότητα,"Τελικό Αποτέλεσμα",NTU,0.12
07/03/2025,23.72543913784,37.888165068231,5170,Θολότητα,"Τελικό Αποτέλεσμα",NTU,0.244
07/03/2025,23.71413660329,37.912707373341,5190,Θολότητα,"Τελικό Αποτέλεσμα",NTU,0.194
07/03/2025,23.712840439649,37.915620541693,5200,Θολότητα,"Τελικό Αποτέλεσμα",NTU,0.21
07/03/2025,23.706435208048,37.919600993522,5210,Θολότητα,"Τελικό Αποτέλεσμα",NTU,0.141
07/03/2025,23.704881330177,37.935219954091,5230,Θολότητα,"Τελικό Αποτέλεσμα",NTU,0.246
07/04/2023,23.72049547,37.94647249,160,Θολότητα,"Τελικό Αποτέλεσμα",NTU,0.787
07/04/2023,23.7232452,37.93440384,165,Θολότητα,"Τελικό Αποτέλεσμα",NTU,0.711
07/04/2023,23.69418089,37.99877315,7120,Θολότητα,"Τελικό Αποτέλεσμα",NTU,0.521
07/04/2023,23.66748989,37.95803203,7170,Θολότητα,"Τελικό Αποτέλεσμα",NTU,0.605
07/04/2023,23.67862566,37.97172973,7230,Θολότητα,"Τελικό Αποτέλεσμα",NTU,0.536
07/04/2023,23.71283325,37.96856483,7300,Θολότητα,"Τελικό Αποτέλεσμα",NTU,0.33
07/04/2023,23.71170376,37.97057149,7320,Θολότητα,"Τελικό Αποτέλεσμα",NTU,0.44
07/04/2023,23.71541292,38.00374961,8010,Θολότητα,"Τελικό Αποτέλεσμα",NTU,0.811
07/04/2023,23.71578119,37.99037338,8040,Θολότητα,"Τελικό Αποτέλεσμα",NTU,0.934
07/04/2023,23.7122762,37.98040557,8060,Θολότητα,"Τελικό Αποτέλεσμα",NTU,0.27
07/04/2023,23.71481682,37.97943025,8070,Θολότητα,"Τελικό Αποτέλεσμα",NTU,0.284
07/04/2023,23.68251737,37.96148113,8100,Θολότητα,"Τελικό Αποτέλεσμα",NTU,0.665
07/04/2023,23.70043454,37.962644,8140,Θολότητα,"Τελικό Αποτέλεσμα",NTU,0.904
07/04/2023,23.70891649,37.94569184,8210,Θολότητα,"Τελικό Αποτέλεσμα",NTU,0.951
07/04/2023,23.72176206,37.96483486,8280,Θολότητα,"Τελικό Αποτέλεσμα",NTU,1
07/04/2023,23.72614349,37.96555625,8290,Θολότητα,"Τελικό Αποτέλεσμα",NTU,0.102
07/04/2023,23.78300677,38.09159562,1940,Θολότητα,"Τελικό Αποτέλεσμα",NTU,0.234
07/04/2025,23.783006772263,38.091595618101,1940,Θολότητα,"Τελικό Αποτέλεσμα",NTU,0.29
07/04/2025,23.642117121438,37.933371936061,146,Θολότητα,"Τελικό Αποτέλεσμα",NTU,0.106
07/04/2025,23.685426227465,37.977076609772,6010,Θολότητα,"Τελικό Αποτέλεσμα",NTU,0.231
07/04/2025,23.656184913017,37.980594422153,6030,Θολότητα,"Τελικό Αποτέλεσμα",NTU,0.642
07/04/2025,23.653420670725,37.976887978332,6040,Θολότητα,"Τελικό Αποτέλεσμα",NTU,0.329
07/04/2025,23.639896339554,37.977549997131,6050,Θολότητα,"Τελικό Αποτέλεσμα",NTU,0.371
07/04/2025,23.640200994864,37.973616459939,6060,Θολότητα,"Τελικό Αποτέλεσμα",NTU,0.203
07/04/2025,23.633210429054,37.967000345107,6080,Θολότητα,"Τελικό Αποτέλεσμα",NTU,0.248
07/04/2025,23.623370187872,37.950398549294,6110,Θολότητα,"Τελικό Αποτέλεσμα",NTU,0.235
07/04/2025,23.634009487857,37.953472259917,6120,Θολότητα,"Τελικό Αποτέλεσμα",NTU,0.348
07/04/2025,23.633733840369,37.950873888977,6130,Θολότητα,"Τελικό Αποτέλεσμα",NTU,0.579
07/04/2025,23.642068896508,37.928344112851,6150,Θολότητα,"Τελικό Αποτέλεσμα",NTU,0.12
07/04/2025,23.65217192804,37.939622706754,6170,Θολότητα,"Τελικό Αποτέλεσμα",NTU,0.15
07/04/2025,23.673234118927,37.946109912673,6190,Θολότητα,"Τελικό Αποτέλεσμα",NTU,0.234
07/04/2025,23.691643963145,37.948013010856,6210,Θολότητα,"Τελικό Αποτέλεσμα",NTU,0.228
07/04/2025,23.694323188433,37.952417395875,6220,Θολότητα,"Τελικό Αποτέλεσμα",NTU,0.212
07/04/2025,23.640262686028,37.939614121045,6240,Θολότητα,"Τελικό Αποτέλεσμα",NTU,0.103
07/04/2025,23.660147196721,37.980291207729,6020,Θολότητα,"Τελικό Αποτέλεσμα",NTU,0.151
07/04/2025,23.852750702101,38.123335690418,1946,Θολότητα,"Τελικό Αποτέλεσμα",NTU,0.117
07/04/2025,23.864708334331,38.100617213765,1956,Θολότητα,"Τελικό Αποτέλεσμα",NTU,0.228
07/04/2025,23.762975326718,38.014149073434,1951,Θολότητα,"Τελικό Αποτέλεσμα",NTU,0.27
07/04/2025,23.765100402535,38.018891552708,1952,Θολότητα,"Τελικό Αποτέλεσμα",NTU,0.192
07/04/2025,23.805701939805,37.98977288987,1953,Θολότητα,"Τελικό Αποτέλεσμα",NTU,0.206
07/05/2023,23.78300677,38.09159562,1940,Θολότητα,"Τελικό Αποτέλεσμα",NTU,0.148
07/05/2024,23.783006772263,38.091595618101,1940,Θολότητα,"Τελικό Αποτέλεσμα",NTU,0.237
07/05/2024,22.898432401038,38.254054888272,7011,Θολότητα,"Τελικό Αποτέλεσμα",NTU,0.281
07/05/2025,23.636736270073,37.985919067278,1935,Θολότητα,"Τελικό Αποτέλεσμα",NTU,0.181
07/05/2025,23.783006772263,38.091595618101,1940,Θολότητα,"Τελικό Αποτέλεσμα",NTU,0.172
07/05/2025,23.701682457361,37.918072433642,137,Θολότητα,"Τελικό Αποτέλεσμα",NTU,0.236
07/05/2025,23.802231976799,37.833112339241,140,Θολότητα,"Τελικό Αποτέλεσμα",NTU,0.242
07/05/2025,23.748648075769,37.916097225199,5010,Θολότητα,"Τελικό Αποτέλεσμα",NTU,0.354
07/05/2025,23.753422230835,37.904820647992,5020,Θολότητα,"Τελικό Αποτέλεσμα",NTU,0.235
07/05/2025,23.744700128802,37.889940171291,5030,Θολότητα,"Τελικό Αποτέλεσμα",NTU,0.298
07/05/2025,23.746055892182,37.884208036564,5040,Θολότητα,"Τελικό Αποτέλεσμα",NTU,0.335
07/05/2025,23.757964952407,37.860354353668,5050,Θολότητα,"Τελικό Αποτέλεσμα",NTU,0.307
07/05/2025,23.756977040295,37.848098522763,5080,Θολότητα,"Τελικό Αποτέλεσμα",NTU,0.193
07/05/2025,23.760685434504,37.8151667674,5090,Θολότητα,"Τελικό Αποτέλεσμα",NTU,0.167
07/05/2025,23.774386839978,37.81229932964,5100,Θολότητα,"Τελικό Αποτέλεσμα",NTU,0.124
07/05/2025,23.786337962388,37.822894363003,5110,Θολότητα,"Τελικό Αποτέλεσμα",NTU,0.251
07/05/2025,23.790340187783,37.835383621964,5150,Θολότητα,"Τελικό Αποτέλεσμα",NTU,0.177
07/05/2025,23.739973276711,37.869586272318,5160,Θολότητα,"Τελικό Αποτέλεσμα",NTU,0.163
07/05/2025,23.72543913784,37.888165068231,5170,Θολότητα,"Τελικό Αποτέλεσμα",NTU,0.271
07/05/2025,23.720082218937,37.903424243123,5180,Θολότητα,"Τελικό Αποτέλεσμα",NTU,0.192
07/05/2025,23.71413660329,37.912707373341,5190,Θολότητα,"Τελικό Αποτέλεσμα",NTU,0.158
07/05/2025,23.712840439649,37.915620541693,5200,Θολότητα,"Τελικό Αποτέλεσμα",NTU,0.151
07/05/2025,23.706435208048,37.919600993522,5210,Θολότητα,"Τελικό Αποτέλεσμα",NTU,0.136
07/05/2025,23.704881330177,37.935219954091,5230,Θολότητα,"Τελικό Αποτέλεσμα",NTU,0.173
07/06/2023,23.78300677,38.09159562,1940,Θολότητα,"Τελικό Αποτέλεσμα",NTU,0.219
07/06/2023,23.64211712,37.93337194,146,Θολότητα,"Τελικό Αποτέλεσμα",NTU,0.217
07/06/2023,23.68542623,37.97707661,6010,Θολότητα,"Τελικό Αποτέλεσμα",NTU,0.19
07/06/2023,23.6601472,37.98029121,6020,Θολότητα,"Τελικό Αποτέλεσμα",NTU,0.194
07/06/2023,23.65618491,37.98059442,6030,Θολότητα,"Τελικό Αποτέλεσμα",NTU,0.186
07/06/2023,23.65342067,37.97688798,6040,Θολότητα,"Τελικό Αποτέλεσμα",NTU,0.074
07/06/2023,23.63989634,37.97755,6050,Θολότητα,"Τελικό Αποτέλεσμα",NTU,0.204
07/06/2023,23.64020099,37.97361646,6060,Θολότητα,"Τελικό Αποτέλεσμα",NTU,0.341
07/06/2023,23.63321043,37.96700035,6080,Θολότητα,"Τελικό Αποτέλεσμα",NTU,0.15
07/06/2023,23.62337019,37.95039855,6110,Θολότητα,"Τελικό Αποτέλεσμα",NTU,0.118
07/06/2023,23.63373384,37.95087389,6130,Θολότητα,"Τελικό Αποτέλεσμα",NTU,0.393
07/06/2023,23.6420689,37.92834411,6150,Θολότητα,"Τελικό Αποτέλεσμα",NTU,0.295
07/06/2023,23.62796265,37.93233446,6160,Θολότητα,"Τελικό Αποτέλεσμα",NTU,0.112
07/06/2023,23.65217193,37.93962271,6170,Θολότητα,"Τελικό Αποτέλεσμα",NTU,0.151
07/06/2023,23.67323412,37.94610991,6190,Θολότητα,"Τελικό Αποτέλεσμα",NTU,0.235
07/06/2023,23.68003741,37.94809685,6200,Θολότητα,"Τελικό Αποτέλεσμα",NTU,0.13
07/06/2023,23.69164396,37.94801301,6210,Θολότητα,"Τελικό Αποτέλεσμα",NTU,0.19
07/06/2023,23.69432319,37.9524174,6220,Θολότητα,"Τελικό Αποτέλεσμα",NTU,0.137
07/06/2023,23.64026269,37.93961412,6240,Θολότητα,"Τελικό Αποτέλεσμα",NTU,0.224
07/06/2024,23.783006772263,38.091595618101,1940,Θολότητα,"Τελικό Αποτέλεσμα",NTU,0.272
07/06/2024,23.763319132339,37.967110703832,120,Θολότητα,"Τελικό Αποτέλεσμα",NTU,0.53
07/06/2024,23.763738215853,37.962310018511,125,Θολότητα,"Τελικό Αποτέλεσμα",NTU,0.278
07/06/2024,23.746281527272,37.954949246394,130,Θολότητα,"Τελικό Αποτέλεσμα",NTU,0.431
07/06/2024,23.776486074062,37.996220978178,4020,Θολότητα,"Τελικό Αποτέλεσμα",NTU,0.225
07/06/2024,23.776446263032,37.992751677322,4030,Θολότητα,"Τελικό Αποτέλεσμα",NTU,0.838
07/06/2024,23.768783003349,37.982897797692,4040,Θολότητα,"Τελικό Αποτέλεσμα",NTU,0.245
07/06/2024,23.776569307759,37.971253159928,4060,Θολότητα,"Τελικό Αποτέλεσμα",NTU,0.257
07/06/2024,23.773236630704,37.96994397087,4070,Θολότητα,"Τελικό Αποτέλεσμα",NTU,0.584
07/06/2024,23.762108634131,37.974473318809,4080,Θολότητα,"Τελικό Αποτέλεσμα",NTU,0.646
07/06/2024,23.75945556984,37.970685038508,4090,Θολότητα,"Τελικό Αποτέλεσμα",NTU,0.208
07/06/2024,23.773590432102,37.94663449198,4100,Θολότητα,"Τελικό Αποτέλεσμα",NTU,0.41
07/06/2024,23.758414161627,37.957340941046,4110,Θολότητα,"Τελικό Αποτέλεσμα",NTU,0.357
07/06/2024,23.748324301254,37.957281035336,4120,Θολότητα,"Τελικό Αποτέλεσμα",NTU,0.296
07/06/2024,23.74190059516,37.95316687964,4140,Θολότητα,"Τελικό Αποτέλεσμα",NTU,0.423
07/06/2024,23.75099402587,37.930222535019,4160,Θολότητα,"Τελικό Αποτέλεσμα",NTU,0.471
07/06/2024,23.737179449332,37.923989154778,4170,Θολότητα,"Τελικό Αποτέλεσμα",NTU,0.204
07/06/2024,23.734499659649,37.921782537866,4180,Θολότητα,"Τελικό Αποτέλεσμα",NTU,0.381
07/06/2024,23.728630962837,37.936168316,4190,Θολότητα,"Τελικό Αποτέλεσμα",NTU,0.18
07/06/2024,23.727666402305,37.95106353914,4220,Θολότητα,"Τελικό Αποτέλεσμα",NTU,0.548
07/06/2024,23.726597630536,37.955266120446,4230,Θολότητα,"Τελικό Αποτέλεσμα",NTU,0.168
07/06/2024,23.726887822219,37.95811378839,4240,Θολότητα,"Τελικό Αποτέλεσμα",NTU,0.297
07/06/2024,23.416568705309,37.911777864914,1967,Θολότητα,"Τελικό Αποτέλεσμα",NTU,0.226
07/06/2024,23.417424198698,37.907419057485,2601,Θολότητα,"Τελικό Αποτέλεσμα",NTU,0.251
07/06/2025,23.748648075769,37.916097225199,5010,Θολότητα,"Τελικό Αποτέλεσμα",NTU,0.32
07/07/2023,23.64405229,38.00426495,1947,Θολότητα,"Τελικό Αποτέλεσμα",NTU,0.383
07/07/2023,23.78300677,38.09159562,1940,Θολότητα,"Τελικό Αποτέλεσμα",NTU,0.326
07/07/2023,23.76621884,37.94149317,135,Θολότητα,"Τελικό Αποτέλεσμα",NTU,0.311
07/07/2023,23.70168246,37.91807243,137,Θολότητα,"Τελικό Αποτέλεσμα",NTU,0.233
07/07/2023,23.78205391,37.85203476,139,Θολότητα,"Τελικό Αποτέλεσμα",NTU,0.374
07/07/2023,23.80223198,37.83311234,140,Θολότητα,"Τελικό Αποτέλεσμα",NTU,0.428
07/07/2023,23.74864808,37.91609723,5010,Θολότητα,"Τελικό Αποτέλεσμα",NTU,0.195
07/07/2023,23.75342223,37.90482065,5020,Θολότητα,"Τελικό Αποτέλεσμα",NTU,0.234
07/07/2023,23.74605589,37.88420804,5040,Θολότητα,"Τελικό Αποτέλεσμα",NTU,0.377
07/07/2023,23.75796495,37.86035435,5050,Θολότητα,"Τελικό Αποτέλεσμα",NTU,0.384
07/07/2023,23.76070017,37.8524034,5060,Θολότητα,"Τελικό Αποτέλεσμα",NTU,0.286
07/07/2023,23.75697704,37.84809852,5080,Θολότητα,"Τελικό Αποτέλεσμα",NTU,0.391
07/07/2023,23.76068543,37.81516677,5090,Θολότητα,"Τελικό Αποτέλεσμα",NTU,0.371
07/07/2023,23.77438684,37.81229933,5100,Θολότητα,"Τελικό Αποτέλεσμα",NTU,0.44
07/07/2023,23.78633796,37.82289436,5110,Θολότητα,"Τελικό Αποτέλεσμα",NTU,0.501
07/07/2023,23.79034019,37.83538362,5150,Θολότητα,"Τελικό Αποτέλεσμα",NTU,0.232
07/07/2023,23.73997328,37.86958627,5160,Θολότητα,"Τελικό Αποτέλεσμα",NTU,0.131
07/07/2023,23.72543914,37.88816507,5170,Θολότητα,"Τελικό Αποτέλεσμα",NTU,0.231
07/07/2023,23.7141366,37.91270737,5190,Θολότητα,"Τελικό Αποτέλεσμα",NTU,0.215
07/07/2023,23.71284044,37.91562054,5200,Θολότητα,"Τελικό Αποτέλεσμα",NTU,0.323
07/07/2023,23.70643521,37.91960099,5210,Θολότητα,"Τελικό Αποτέλεσμα",NTU,0.321
07/07/2023,23.70488133,37.93521995,5230,Θολότητα,"Τελικό Αποτέλεσμα",NTU,0.151
07/07/2024,23.783006772263,38.091595618101,1940,Θολότητα,"Τελικό Αποτέλεσμα",NTU,0.288
07/08/2023,23.78300677,38.09159562,1940,Θολότητα,"Τελικό Αποτέλεσμα",NTU,0.27
07/08/2023,23.85447866,38.05288412,105,Θολότητα,"Τελικό Αποτέλεσμα",NTU,0.333
07/08/2023,23.77682568,38.06522626,180,Θολότητα,"Τελικό Αποτέλεσμα",NTU,0.293
07/08/2023,23.83927879,38.06057978,185,Θολότητα,"Τελικό Αποτέλεσμα",NTU,0.19
07/08/2023,23.79478287,38.039643,230,Θολότητα,"Τελικό Αποτέλεσμα",NTU,0.246
07/08/2023,23.79465296,38.03514891,235,Θολότητα,"Τελικό Αποτέλεσμα",NTU,0.517
07/08/2023,23.75187919,38.03442418,3010,Θολότητα,"Τελικό Αποτέλεσμα",NTU,0.295
07/08/2023,23.75279316,38.04341932,3020,Θολότητα,"Τελικό Αποτέλεσμα",NTU,0.105
07/08/2023,23.75797185,38.05889094,3030,Θολότητα,"Τελικό Αποτέλεσμα",NTU,0.148
07/08/2023,23.80475064,38.09155778,3050,Θολότητα,"Τελικό Αποτέλεσμα",NTU,0.143
07/08/2023,23.8076845,38.07968756,3060,Θολότητα,"Τελικό Αποτέλεσμα",NTU,0.32
07/08/2023,23.85772963,38.05887086,3090,Θολότητα,"Τελικό Αποτέλεσμα",NTU,0.217
07/08/2023,23.88593611,38.00348657,3120,Θολότητα,"Τελικό Αποτέλεσμα",NTU,0.357
07/08/2023,23.88358142,38.00166538,3130,Θολότητα,"Τελικό Αποτέλεσμα",NTU,0.179
07/08/2023,23.83289436,38.00690221,3150,Θολότητα,"Τελικό Αποτέλεσμα",NTU,0.301
07/08/2023,23.8176997,37.99941782,3160,Θολότητα,"Τελικό Αποτέλεσμα",NTU,0.272
07/08/2023,23.79680957,37.99819507,3170,Θολότητα,"Τελικό Αποτέλεσμα",NTU,0.189
07/08/2023,23.79494863,37.99586454,3180,Θολότητα,"Τελικό Αποτέλεσμα",NTU,0.189
07/08/2023,23.79552655,37.98210489,3190,Θολότητα,"Τελικό Αποτέλεσμα",NTU,0.146
07/08/2023,23.78026269,38.00051154,3200,Θολότητα,"Τελικό Αποτέλεσμα",NTU,0.182
07/08/2023,23.78796777,38.0084814,3220,Θολότητα,"Τελικό Αποτέλεσμα",NTU,0.243
07/08/2023,23.78013336,38.01994403,3240,Θολότητα,"Τελικό Αποτέλεσμα",NTU,0.104
07/08/2023,23.78028136,38.04717905,3250,Θολότητα,"Τελικό Αποτέλεσμα",NTU,0.377
07/08/2023,23.81127403,38.04572875,3260,Θολότητα,"Τελικό Αποτέλεσμα",NTU,0.188
07/08/2024,23.642117121438,37.933371936061,146,Θολότητα,"Τελικό Αποτέλεσμα",NTU,0.099
07/08/2024,23.660147196721,37.980291207729,6020,Θολότητα,"Τελικό Αποτέλεσμα",NTU,0.083
07/08/2024,23.656184913017,37.980594422153,6030,Θολότητα,"Τελικό Αποτέλεσμα",NTU,0.107
07/08/2024,23.653420670725,37.976887978332,6040,Θολότητα,"Τελικό Αποτέλεσμα",NTU,0.133
07/08/2024,23.639896339554,37.977549997131,6050,Θολότητα,"Τελικό Αποτέλεσμα",NTU,0.271
07/08/2024,23.633210429054,37.967000345107,6080,Θολότητα,"Τελικό Αποτέλεσμα",NTU,0.115
07/08/2024,23.623370187872,37.950398549294,6110,Θολότητα,"Τελικό Αποτέλεσμα",NTU,0.093
07/08/2024,23.633733840369,37.950873888977,6130,Θολότητα,"Τελικό Αποτέλεσμα",NTU,0.091
07/08/2024,23.642068896508,37.928344112851,6150,Θολότητα,"Τελικό Αποτέλεσμα",NTU,0.148
07/08/2024,23.62796265038,37.932334455589,6160,Θολότητα,"Τελικό Αποτέλεσμα",NTU,0.071
07/08/2024,23.673234118927,37.946109912673,6190,Θολότητα,"Τελικό Αποτέλεσμα",NTU,0.102
07/08/2024,23.691643963145,37.948013010856,6210,Θολότητα,"Τελικό Αποτέλεσμα",NTU,0.081
07/08/2024,23.694323188433,37.952417395875,6220,Θολότητα,"Τελικό Αποτέλεσμα",NTU,0.078
07/08/2024,23.703939528461,38.019611224386,2090,Θολότητα,"Τελικό Αποτέλεσμα",NTU,0.2
07/08/2024,23.783006772263,38.091595618101,1940,Θολότητα,"Τελικό Αποτέλεσμα",NTU,0.235
07/09/2023,23.78300677,38.09159562,1940,Θολότητα,"Τελικό Αποτέλεσμα",NTU,0.116
07/09/2023,23.78256861,38.1336252,1932,Θολότητα,"Τελικό Αποτέλεσμα",NTU,0.243
07/09/2023,23.74996363,38.12819997,1933,Θολότητα,"Τελικό Αποτέλεσμα",NTU,0.166
07/09/2023,23.8527507,38.12333569,1946,Θολότητα,"Τελικό Αποτέλεσμα",NTU,0.179
07/09/2023,23.83967824,38.07817527,1948,Θολότητα,"Τελικό Αποτέλεσμα",NTU,0.191
07/09/2023,23.82959387,38.07903613,1949,Θολότητα,"Τελικό Αποτέλεσμα",NTU,0.838
07/09/2023,23.86470833,38.10061721,1956,Θολότητα,"Τελικό Αποτέλεσμα",NTU,0.333
07/09/2023,23.77628216,38.12190092,210,Θολότητα,"Τελικό Αποτέλεσμα",NTU,0.211
07/09/2023,23.82140342,38.07735607,3070,Θολότητα,"Τελικό Αποτέλεσμα",NTU,0.267
07/09/2023,23.70168246,37.91807243,137,Θολότητα,"Τελικό Αποτέλεσμα",NTU,0.315
07/09/2023,23.78205391,37.85203476,139,Θολότητα,"Τελικό Αποτέλεσμα",NTU,0.228
07/09/2023,23.80223198,37.83311234,140,Θολότητα,"Τελικό Αποτέλεσμα",NTU,0.521
07/09/2023,23.74864808,37.91609723,5010,Θολότητα,"Τελικό Αποτέλεσμα",NTU,0.14
07/09/2023,23.75342223,37.90482065,5020,Θολότητα,"Τελικό Αποτέλεσμα",NTU,0.171
07/09/2023,23.74470013,37.88994017,5030,Θολότητα,"Τελικό Αποτέλεσμα",NTU,0.104
07/09/2023,23.74605589,37.88420804,5040,Θολότητα,"Τελικό Αποτέλεσμα",NTU,0.204
07/09/2023,23.75796495,37.86035435,5050,Θολότητα,"Τελικό Αποτέλεσμα",NTU,0.51
07/09/2023,23.76070017,37.8524034,5060,Θολότητα,"Τελικό Αποτέλεσμα",NTU,0.509
07/09/2023,23.75697704,37.84809852,5080,Θολότητα,"Τελικό Αποτέλεσμα",NTU,0.138
07/09/2023,23.76068543,37.81516677,5090,Θολότητα,"Τελικό Αποτέλεσμα",NTU,0.087
07/09/2023,23.77438684,37.81229933,5100,Θολότητα,"Τελικό Αποτέλεσμα",NTU,0.154
07/09/2023,23.78633796,37.82289436,5110,Θολότητα,"Τελικό Αποτέλεσμα",NTU,0.194
07/09/2023,23.79034019,37.83538362,5150,Θολότητα,"Τελικό Αποτέλεσμα",NTU,0.163
07/09/2023,23.73997328,37.86958627,5160,Θολότητα,"Τελικό Αποτέλεσμα",NTU,0.11
07/09/2023,23.72543914,37.88816507,5170,Θολότητα,"Τελικό Αποτέλεσμα",NTU,0.135
07/09/2023,23.72008222,37.90342424,5180,Θολότητα,"Τελικό Αποτέλεσμα",NTU,0.553
07/09/2023,23.7141366,37.91270737,5190,Θολότητα,"Τελικό Αποτέλεσμα",NTU,0.125
07/09/2023,23.71284044,37.91562054,5200,Θολότητα,"Τελικό Αποτέλεσμα",NTU,0.213
07/09/2023,23.70643521,37.91960099,5210,Θολότητα,"Τελικό Αποτέλεσμα",NTU,0.311
07/09/2023,23.70488133,37.93521995,5230,Θολότητα,"Τελικό Αποτέλεσμα",NTU,0.144
07/09/2024,23.783006772263,38.091595618101,1940,Θολότητα,"Τελικό Αποτέλεσμα",NTU,0.166
07/10/2023,23.78300677,38.09159562,1940,Θολότητα,"Τελικό Αποτέλεσμα",NTU,0.291
07/10/2024,23.783006772263,38.091595618101,1940,Θολότητα,"Τελικό Αποτέλεσμα",NTU,0.238
07/10/2024,23.762108634131,37.974473318809,4080,Θολότητα,"Τελικό Αποτέλεσμα",NTU,0.121
07/10/2024,23.734499659649,37.921782537866,4180,Θολότητα,"Τελικό Αποτέλεσμα",NTU,0.155
07/11/2023,23.78300677,38.09159562,1940,Θολότητα,"Τελικό Αποτέλεσμα",NTU,0.143
07/11/2023,23.76621884,37.94149317,135,Θολότητα,"Τελικό Αποτέλεσμα",NTU,0.28
07/11/2023,23.70168246,37.91807243,137,Θολότητα,"Τελικό Αποτέλεσμα",NTU,0.289
07/11/2023,23.78205391,37.85203476,139,Θολότητα,"Τελικό Αποτέλεσμα",NTU,0.143
07/11/2023,23.80223198,37.83311234,140,Θολότητα,"Τελικό Αποτέλεσμα",NTU,0.213
07/11/2023,23.74864808,37.91609723,5010,Θολότητα,"Τελικό Αποτέλεσμα",NTU,0.189
07/11/2023,23.75342223,37.90482065,5020,Θολότητα,"Τελικό Αποτέλεσμα",NTU,0.46
07/11/2023,23.74470013,37.88994017,5030,Θολότητα,"Τελικό Αποτέλεσμα",NTU,0.226
07/11/2023,23.74605589,37.88420804,5040,Θολότητα,"Τελικό Αποτέλεσμα",NTU,0.128
07/11/2023,23.75796495,37.86035435,5050,Θολότητα,"Τελικό Αποτέλεσμα",NTU,0.352
07/11/2023,23.75697704,37.84809852,5080,Θολότητα,"Τελικό Αποτέλεσμα",NTU,0.221
07/11/2023,23.76068543,37.81516677,5090,Θολότητα,"Τελικό Αποτέλεσμα",NTU,0.128
07/11/2023,23.77438684,37.81229933,5100,Θολότητα,"Τελικό Αποτέλεσμα",NTU,0.245
07/11/2023,23.78633796,37.82289436,5110,Θολότητα,"Τελικό Αποτέλεσμα",NTU,0.271
07/11/2023,23.79034019,37.83538362,5150,Θολότητα,"Τελικό Αποτέλεσμα",NTU,0.135
07/11/2023,23.73997328,37.86958627,5160,Θολότητα,"Τελικό Αποτέλεσμα",NTU,0.18
07/11/2023,23.72008222,37.90342424,5180,Θολότητα,"Τελικό Αποτέλεσμα",NTU,0.162
07/11/2023,23.7141366,37.91270737,5190,Θολότητα,"Τελικό Αποτέλεσμα",NTU,0.171
07/11/2023,23.71284044,37.91562054,5200,Θολότητα,"Τελικό Αποτέλεσμα",NTU,0.184
07/11/2023,23.70643521,37.91960099,5210,Θολότητα,"Τελικό Αποτέλεσμα",NTU,0.398
07/11/2023,23.70488133,37.93521995,5230,Θολότητα,"Τελικό Αποτέλεσμα",NTU,0.764
07/11/2023,23.48905185,37.97043569,2580,Θολότητα,"Τελικό Αποτέλεσμα",NTU,0.214
07/11/2023,23.52045976,37.94358544,1927,Θολότητα,"Τελικό Αποτέλεσμα",NTU,0.146
07/11/2023,23.46565745,37.91849312,1929,Θολότητα,"Τελικό Αποτέλεσμα",NTU,0.217
07/11/2023,23.49030054,37.99544729,1931,Θολότητα,"Τελικό Αποτέλεσμα",NTU,0.117
07/11/2024,23.783006772263,38.091595618101,1940,Θολότητα,"Τελικό Αποτέλεσμα",NTU,0.277
07/11/2024,23.531536570322,38.071725317014,2260,Θολότητα,"Τελικό Αποτέλεσμα",NTU,0.256
07/11/2024,23.751213344423,38.120529261783,2270,Θολότητα,"Τελικό Αποτέλεσμα",NTU,0.18
07/12/2023,23.79680957,37.99819507,3170,Θολότητα,"Τελικό Αποτέλεσμα",NTU,0.315
07/12/2023,23.76331913,37.9671107,120,Θολότητα,"Τελικό Αποτέλεσμα",NTU,0.121
07/12/2023,23.76373822,37.96231002,125,Θολότητα,"Τελικό Αποτέλεσμα",NTU,0.117
07/12/2023,23.74628153,37.95494925,130,Θολότητα,"Τελικό Αποτέλεσμα",NTU,0.091
07/12/2023,23.76902716,37.99339131,4010,Θολότητα,"Τελικό Αποτέλεσμα",NTU,0.178
07/12/2023,23.77648607,37.99622098,4020,Θολότητα,"Τελικό Αποτέλεσμα",NTU,0.102
07/12/2023,23.77644626,37.99275168,4030,Θολότητα,"Τελικό Αποτέλεσμα",NTU,0.101
07/12/2023,23.77656931,37.97125316,4060,Θολότητα,"Τελικό Αποτέλεσμα",NTU,0.13
07/12/2023,23.77323663,37.96994397,4070,Θολότητα,"Τελικό Αποτέλεσμα",NTU,0.162
07/12/2023,23.77359043,37.94663449,4100,Θολότητα,"Τελικό Αποτέλεσμα",NTU,0.128
07/12/2023,23.75841416,37.95734094,4110,Θολότητα,"Τελικό Αποτέλεσμα",NTU,0.802
07/12/2023,23.7483243,37.95728104,4120,Θολότητα,"Τελικό Αποτέλεσμα",NTU,0.114
07/12/2023,23.7419006,37.95316688,4140,Θολότητα,"Τελικό Αποτέλεσμα",NTU,0.164
07/12/2023,23.75099403,37.93022254,4160,Θολότητα,"Τελικό Αποτέλεσμα",NTU,0.126
07/12/2023,23.73449966,37.92178254,4180,Θολότητα,"Τελικό Αποτέλεσμα",NTU,0.546
07/12/2023,23.72863096,37.93616832,4190,Θολότητα,"Τελικό Αποτέλεσμα",NTU,0.243
07/12/2023,23.7276664,37.95106354,4220,Θολότητα,"Τελικό Αποτέλεσμα",NTU,0.149
07/12/2023,23.72659763,37.95526612,4230,Θολότητα,"Τελικό Αποτέλεσμα",NTU,0.38
07/12/2023,23.72688782,37.95811379,4240,Θολότητα,"Τελικό Αποτέλεσμα",NTU,0.198
07/12/2023,23.78300677,38.09159562,1940,Θολότητα,"Τελικό Αποτέλεσμα",NTU,0.115
07/12/2023,23.33981264,38.00410848,225,Θολότητα,"Τελικό Αποτέλεσμα",NTU,0.241
07/12/2023,23.79488229,37.83744985,1912,Θολότητα,"Τελικό Αποτέλεσμα",NTU,0.229
07/12/2023,23.77290371,37.94499327,1961,Θολότητα,"Τελικό Αποτέλεσμα",NTU,0.228
07/12/2023,23.77565986,37.94643657,1962,Θολότητα,"Τελικό Αποτέλεσμα",NTU,0.327
07/12/2023,23.78198962,37.85753892,1964,Θολότητα,"Τελικό Αποτέλεσμα",NTU,0.245
07/12/2023,23.79050885,37.815723,1965,Θολότητα,"Τελικό Αποτέλεσμα",NTU,0.802
07/12/2024,23.783006772263,38.091595618101,1940,Θολότητα,"Τελικό Αποτέλεσμα",NTU,0.104
08/01/2023,23.78300677,38.09159562,1940,Θολότητα,"Τελικό Αποτέλεσμα",NTU,0.17
08/01/2025,23.776624696051,37.884348958134,1918,Θολότητα,"Τελικό Αποτέλεσμα",NTU,0.14
08/01/2025,23.763828567739,37.889033553169,1920,Θολότητα,"Τελικό Αποτέλεσμα",NTU,0.213
08/01/2025,23.783006772263,38.091595618101,1940,Θολότητα,"Τελικό Αποτέλεσμα",NTU,0.154
08/01/2025,23.818436102886,38.030152774666,191,Θολότητα,"Τελικό Αποτέλεσμα",NTU,0.288
08/01/2025,23.828980364763,38.043901820297,193,Θολότητα,"Τελικό Αποτέλεσμα",NTU,0.233
08/01/2025,23.854478659062,38.052884117638,105,Θολότητα,"Τελικό Αποτέλεσμα",NTU,0.487
08/01/2025,23.776825675098,38.065226258806,180,Θολότητα,"Τελικό Αποτέλεσμα",NTU,0.412
08/01/2025,23.794782865204,38.039643002291,230,Θολότητα,"Τελικό Αποτέλεσμα",NTU,0.128
08/01/2025,23.794652964206,38.035148911359,235,Θολότητα,"Τελικό Αποτέλεσμα",NTU,0.445
08/01/2025,23.751879192533,38.034424177094,3010,Θολότητα,"Τελικό Αποτέλεσμα",NTU,0.512
08/01/2025,23.752793157246,38.043419319626,3020,Θολότητα,"Τελικό Αποτέλεσμα",NTU,0.152
08/01/2025,23.757971853364,38.058890938524,3030,Θολότητα,"Τελικό Αποτέλεσμα",NTU,0.339
08/01/2025,23.762911148418,38.063332209074,3040,Θολότητα,"Τελικό Αποτέλεσμα",NTU,0.353
08/01/2025,23.807684504112,38.079687557148,3060,Θολότητα,"Τελικό Αποτέλεσμα",NTU,0.231
08/01/2025,23.826588445352,38.068733964465,3080,Θολότητα,"Τελικό Αποτέλεσμα",NTU,0.104
08/01/2025,23.857729632516,38.058870858803,3090,Θολότητα,"Τελικό Αποτέλεσμα",NTU,0.188
08/01/2025,23.885936114707,38.003486571993,3120,Θολότητα,"Τελικό Αποτέλεσμα",NTU,0.2
08/01/2025,23.883581420117,38.001665382065,3130,Θολότητα,"Τελικό Αποτέλεσμα",NTU,0.204
08/01/2025,23.832894356592,38.006902214705,3150,Θολότητα,"Τελικό Αποτέλεσμα",NTU,0.207
08/01/2025,23.817699699893,37.999417823294,3160,Θολότητα,"Τελικό Αποτέλεσμα",NTU,0.202
08/01/2025,23.796809568113,37.998195065074,3170,Θολότητα,"Τελικό Αποτέλεσμα",NTU,0.2
08/01/2025,23.794948631404,37.99586453832,3180,Θολότητα,"Τελικό Αποτέλεσμα",NTU,0.232
08/01/2025,23.795526554539,37.982104892246,3190,Θολότητα,"Τελικό Αποτέλεσμα",NTU,0.135
08/01/2025,23.780262690434,38.00051153767,3200,Θολότητα,"Τελικό Αποτέλεσμα",NTU,0.18
08/01/2025,23.787967770047,38.008481399044,3220,Θολότητα,"Τελικό Αποτέλεσμα",NTU,0.155
08/01/2025,23.780133361397,38.019944025229,3240,Θολότητα,"Τελικό Αποτέλεσμα",NTU,0.38
08/01/2025,23.811274027343,38.045728748791,3260,Θολότητα,"Τελικό Αποτέλεσμα",NTU,0.233
08/01/2025,23.777569470988,37.889946836445,1963,Θολότητα,"Τελικό Αποτέλεσμα",NTU,0.097
08/02/2023,23.64211712,37.93337194,146,Θολότητα,"Τελικό Αποτέλεσμα",NTU,0.162
08/02/2023,23.68542623,37.97707661,6010,Θολότητα,"Τελικό Αποτέλεσμα",NTU,0.243
08/02/2023,23.6601472,37.98029121,6020,Θολότητα,"Τελικό Αποτέλεσμα",NTU,0.168
08/02/2023,23.65618491,37.98059442,6030,Θολότητα,"Τελικό Αποτέλεσμα",NTU,0.302
08/02/2023,23.65342067,37.97688798,6040,Θολότητα,"Τελικό Αποτέλεσμα",NTU,0.161
08/02/2023,23.63989634,37.97755,6050,Θολότητα,"Τελικό Αποτέλεσμα",NTU,0.105
08/02/2023,23.64020099,37.97361646,6060,Θολότητα,"Τελικό Αποτέλεσμα",NTU,0.18
08/02/2023,23.63321043,37.96700035,6080,Θολότητα,"Τελικό Αποτέλεσμα",NTU,0.186
08/02/2023,23.62337019,37.95039855,6110,Θολότητα,"Τελικό Αποτέλεσμα",NTU,0.324
08/02/2023,23.63400949,37.95347226,6120,Θολότητα,"Τελικό Αποτέλεσμα",NTU,0.884
08/02/2023,23.63373384,37.95087389,6130,Θολότητα,"Τελικό Αποτέλεσμα",NTU,0.246
08/02/2023,23.6420689,37.92834411,6150,Θολότητα,"Τελικό Αποτέλεσμα",NTU,0.31
08/02/2023,23.62796265,37.93233446,6160,Θολότητα,"Τελικό Αποτέλεσμα",NTU,0.233
08/02/2023,23.65217193,37.93962271,6170,Θολότητα,"Τελικό Αποτέλεσμα",NTU,0.765
08/02/2023,23.67323412,37.94610991,6190,Θολότητα,"Τελικό Αποτέλεσμα",NTU,0.318
08/02/2023,23.68003741,37.94809685,6200,Θολότητα,"Τελικό Αποτέλεσμα",NTU,0.312
08/02/2023,23.69164396,37.94801301,6210,Θολότητα,"Τελικό Αποτέλεσμα",NTU,0.27
08/02/2023,23.69432319,37.9524174,6220,Θολότητα,"Τελικό Αποτέλεσμα",NTU,0.142
08/02/2025,23.783006772263,38.091595618101,1940,Θολότητα,"Τελικό Αποτέλεσμα",NTU,0.211
08/03/2023,23.78300677,38.09159562,1940,Θολότητα,"Τελικό Αποτέλεσμα",NTU,0.17
08/03/2023,23.59521034,38.06468139,2810,Θολότητα,"Τελικό Αποτέλεσμα",NTU,0.17
08/03/2023,23.58213759,38.06052513,2820,Θολότητα,"Τελικό Αποτέλεσμα",NTU,0.098
08/03/2023,23.58754823,38.0664655,2830,Θολότητα,"Τελικό Αποτέλεσμα",NTU,0.161
08/03/2023,23.5318038,38.05090121,2840,Θολότητα,"Τελικό Αποτέλεσμα",NTU,0.25
08/03/2023,23.53939487,38.0361051,2860,Θολότητα,"Τελικό Αποτέλεσμα",NTU,0.222
08/03/2023,23.54885279,38.03762139,2870,Θολότητα,"Τελικό Αποτέλεσμα",NTU,0.076
08/03/2023,23.73922598,38.06256112,2880,Θολότητα,"Τελικό Αποτέλεσμα",NTU,0.201
08/03/2023,23.73746872,38.08509072,2890,Θολότητα,"Τελικό Αποτέλεσμα",NTU,0.309
08/03/2023,23.73847585,38.07445445,2900,Θολότητα,"Τελικό Αποτέλεσμα",NTU,0.212
08/03/2023,23.73650425,38.09500514,2910,Θολότητα,"Τελικό Αποτέλεσμα",NTU,0.166
08/03/2023,23.73035923,38.1155281,2920,Θολότητα,"Τελικό Αποτέλεσμα",NTU,0.193
08/03/2023,23.52463973,38.07593845,2801,Θολότητα,"Τελικό Αποτέλεσμα",NTU,0.18
08/03/2023,23.59085666,38.05767841,2801,Θολότητα,"Τελικό Αποτέλεσμα",NTU,0.18
08/03/2023,23.64440874,37.95951177,1928,Θολότητα,"Τελικό Αποτέλεσμα",NTU,0.264
08/03/2023,23.65573754,37.93998668,1930,Θολότητα,"Τελικό Αποτέλεσμα",NTU,0.323
08/03/2023,23.68632522,38.0498052,1939,Θολότητα,"Τελικό Αποτέλεσμα",NTU,0.288
08/03/2023,23.57742263,37.96842252,1943,Θολότητα,"Τελικό Αποτέλεσμα",NTU,0.308
08/03/2023,23.57686641,37.96682786,1945,Θολότητα,"Τελικό Αποτέλεσμα",NTU,0.189
08/03/2023,23.67796202,38.04982306,1959,Θολότητα,"Τελικό Αποτέλεσμα",NTU,0.26
08/03/2025,23.783006772263,38.091595618101,1940,Θολότητα,"Τελικό Αποτέλεσμα",NTU,0.225
08/04/2023,23.78300677,38.09159562,1940,Θολότητα,"Τελικό Αποτέλεσμα",NTU,0.269
08/04/2025,22.898432401038,38.254054888272,7011,Θολότητα,"Τελικό Αποτέλεσμα",NTU,0.319
08/04/2025,23.7204954672,37.946472492133,160,Θολότητα,"Τελικό Αποτέλεσμα",NTU,0.15
08/04/2025,23.72324520128,37.934403839805,165,Θολότητα,"Τελικό Αποτέλεσμα",NTU,0.157
08/04/2025,23.694180891718,37.998773148457,7120,Θολότητα,"Τελικό Αποτέλεσμα",NTU,0.126
08/04/2025,23.667489894288,37.958032027277,7170,Θολότητα,"Τελικό Αποτέλεσμα",NTU,0.115
08/04/2025,23.678625660301,37.971729734496,7230,Θολότητα,"Τελικό Αποτέλεσμα",NTU,0.142
08/04/2025,23.685196529333,37.975965791401,7250,Θολότητα,"Τελικό Αποτέλεσμα",NTU,0.193
08/04/2025,23.697528385889,37.971702343756,7270,Θολότητα,"Τελικό Αποτέλεσμα",NTU,0.085
08/04/2025,23.712833251184,37.968564832502,7300,Θολότητα,"Τελικό Αποτέλεσμα",NTU,0.163
08/04/2025,23.71621067377,37.955141392609,8260,Θολότητα,"Τελικό Αποτέλεσμα",NTU,0.38
08/04/2025,23.711703762356,37.97057149043,7320,Θολότητα,"Τελικό Αποτέλεσμα",NTU,0.193
08/04/2025,23.715412919273,38.003749605504,8010,Θολότητα,"Τελικό Αποτέλεσμα",NTU,0.127
08/04/2025,23.71578119283,37.990373378915,8040,Θολότητα,"Τελικό Αποτέλεσμα",NTU,0.103
08/04/2025,23.712276196086,37.98040556765,8060,Θολότητα,"Τελικό Αποτέλεσμα",NTU,0.164
08/04/2025,23.714816823822,37.979430254073,8070,Θολότητα,"Τελικό Αποτέλεσμα",NTU,0.203
08/04/2025,23.68251737331,37.961481128285,8100,Θολότητα,"Τελικό Αποτέλεσμα",NTU,0.141
08/04/2025,23.700434539313,37.962643998348,8140,Θολότητα,"Τελικό Αποτέλεσμα",NTU,0.169
08/04/2025,23.699597448709,37.949709083863,8170,Θολότητα,"Τελικό Αποτέλεσμα",NTU,0.217
08/04/2025,23.706237365958,37.950939255691,8190,Θολότητα,"Τελικό Αποτέλεσμα",NTU,0.197
08/04/2025,23.70891649437,37.945691840045,8210,Θολότητα,"Τελικό Αποτέλεσμα",NTU,0.187
08/04/2025,23.714571416671,37.966174971534,8270,Θολότητα,"Τελικό Αποτέλεσμα",NTU,0.11
08/04/2025,23.721762060849,37.9648348571,8280,Θολότητα,"Τελικό Αποτέλεσμα",NTU,0.099
08/04/2025,23.726143493332,37.965556254079,8290,Θολότητα,"Τελικό Αποτέλεσμα",NTU,0.144
08/04/2025,23.730896444434,37.9830072171,8350,Θολότητα,"Τελικό Αποτέλεσμα",NTU,0.153
08/04/2025,23.783006772263,38.091595618101,1940,Θολότητα,"Τελικό Αποτέλεσμα",NTU,0.293
08/05/2023,23.78300677,38.09159562,1940,Θολότητα,"Τελικό Αποτέλεσμα",NTU,0.278
08/05/2023,23.85447866,38.05288412,105,Θολότητα,"Τελικό Αποτέλεσμα",NTU,0.286
08/05/2023,23.77682568,38.06522626,180,Θολότητα,"Τελικό Αποτέλεσμα",NTU,0.3
08/05/2023,23.83927879,38.06057978,185,Θολότητα,"Τελικό Αποτέλεσμα",NTU,0.266
08/05/2023,23.79478287,38.039643,230,Θολότητα,"Τελικό Αποτέλεσμα",NTU,0.332
08/05/2023,23.79465296,38.03514891,235,Θολότητα,"Τελικό Αποτέλεσμα",NTU,0.424
08/05/2023,23.75187919,38.03442418,3010,Θολότητα,"Τελικό Αποτέλεσμα",NTU,0.27
08/05/2023,23.75279316,38.04341932,3020,Θολότητα,"Τελικό Αποτέλεσμα",NTU,0.521
08/05/2023,23.75797185,38.05889094,3030,Θολότητα,"Τελικό Αποτέλεσμα",NTU,0.198
08/05/2023,23.76291115,38.06333221,3040,Θολότητα,"Τελικό Αποτέλεσμα",NTU,0.301
08/05/2023,23.8076845,38.07968756,3060,Θολότητα,"Τελικό Αποτέλεσμα",NTU,0.147
08/05/2023,23.85772963,38.05887086,3090,Θολότητα,"Τελικό Αποτέλεσμα",NTU,0.18
08/05/2023,23.85885083,38.00940503,3110,Θολότητα,"Τελικό Αποτέλεσμα",NTU,0.262
08/05/2023,23.88593611,38.00348657,3120,Θολότητα,"Τελικό Αποτέλεσμα",NTU,0.321
08/05/2023,23.88358142,38.00166538,3130,Θολότητα,"Τελικό Αποτέλεσμα",NTU,0.507
08/05/2023,23.83289436,38.00690221,3150,Θολότητα,"Τελικό Αποτέλεσμα",NTU,0.416
08/05/2023,23.8176997,37.99941782,3160,Θολότητα,"Τελικό Αποτέλεσμα",NTU,0.276
08/05/2023,23.79680957,37.99819507,3170,Θολότητα,"Τελικό Αποτέλεσμα",NTU,0.349
08/05/2023,23.79494863,37.99586454,3180,Θολότητα,"Τελικό Αποτέλεσμα",NTU,0.348
08/05/2023,23.79552655,37.98210489,3190,Θολότητα,"Τελικό Αποτέλεσμα",NTU,0.274
08/05/2023,23.78026269,38.00051154,3200,Θολότητα,"Τελικό Αποτέλεσμα",NTU,0.268
08/05/2023,23.78796777,38.0084814,3220,Θολότητα,"Τελικό Αποτέλεσμα",NTU,0.276
08/05/2023,23.78013336,38.01994403,3240,Θολότητα,"Τελικό Αποτέλεσμα",NTU,0.162
08/05/2023,23.78028136,38.04717905,3250,Θολότητα,"Τελικό Αποτέλεσμα",NTU,0.168
08/05/2023,23.81127403,38.04572875,3260,Θολότητα,"Τελικό Αποτέλεσμα",NTU,0.302
08/05/2024,23.783006772263,38.091595618101,1940,Θολότητα,"Τελικό Αποτέλεσμα",NTU,0.268
08/05/2024,23.763319132339,37.967110703832,120,Θολότητα,"Τελικό Αποτέλεσμα",NTU,0.143
08/05/2024,23.763738215853,37.962310018511,125,Θολότητα,"Τελικό Αποτέλεσμα",NTU,0.171
08/05/2024,23.746281527272,37.954949246394,130,Θολότητα,"Τελικό Αποτέλεσμα",NTU,0.154
08/05/2024,23.776486074062,37.996220978178,4020,Θολότητα,"Τελικό Αποτέλεσμα",NTU,0.154
08/05/2024,23.776446263032,37.992751677322,4030,Θολότητα,"Τελικό Αποτέλεσμα",NTU,0.169
08/05/2024,23.768783003349,37.982897797692,4040,Θολότητα,"Τελικό Αποτέλεσμα",NTU,0.419
08/05/2024,23.776569307759,37.971253159928,4060,Θολότητα,"Τελικό Αποτέλεσμα",NTU,0.339
08/05/2024,23.773236630704,37.96994397087,4070,Θολότητα,"Τελικό Αποτέλεσμα",NTU,0.38
08/05/2024,23.762108634131,37.974473318809,4080,Θολότητα,"Τελικό Αποτέλεσμα",NTU,0.294
08/05/2024,23.75945556984,37.970685038508,4090,Θολότητα,"Τελικό Αποτέλεσμα",NTU,0.261
08/05/2024,23.773590432102,37.94663449198,4100,Θολότητα,"Τελικό Αποτέλεσμα",NTU,0.253
08/05/2024,23.758414161627,37.957340941046,4110,Θολότητα,"Τελικό Αποτέλεσμα",NTU,0.17
08/05/2024,23.748324301254,37.957281035336,4120,Θολότητα,"Τελικό Αποτέλεσμα",NTU,0.173
08/05/2024,23.74190059516,37.95316687964,4140,Θολότητα,"Τελικό Αποτέλεσμα",NTU,0.294
08/05/2024,23.75099402587,37.930222535019,4160,Θολότητα,"Τελικό Αποτέλεσμα",NTU,0.294
08/05/2024,23.737179449332,37.923989154778,4170,Θολότητα,"Τελικό Αποτέλεσμα",NTU,0.139
08/05/2024,23.734499659649,37.921782537866,4180,Θολότητα,"Τελικό Αποτέλεσμα",NTU,0.219
08/05/2024,23.728630962837,37.936168316,4190,Θολότητα,"Τελικό Αποτέλεσμα",NTU,0.119
08/05/2024,23.727666402305,37.95106353914,4220,Θολότητα,"Τελικό Αποτέλεσμα",NTU,0.673
08/05/2024,23.726597630536,37.955266120446,4230,Θολότητα,"Τελικό Αποτέλεσμα",NTU,0.981
08/05/2025,23.763319132339,37.967110703832,120,Θολότητα,"Τελικό Αποτέλεσμα",NTU,0.233
08/05/2025,23.763738215853,37.962310018511,125,Θολότητα,"Τελικό Αποτέλεσμα",NTU,0.299
08/05/2025,23.746281527272,37.954949246394,130,Θολότητα,"Τελικό Αποτέλεσμα",NTU,0.224
08/05/2025,23.769027158681,37.993391314662,4010,Θολότητα,"Τελικό Αποτέλεσμα",NTU,0.874
08/05/2025,23.776486074062,37.996220978178,4020,Θολότητα,"Τελικό Αποτέλεσμα",NTU,0.307
08/05/2025,23.776446263032,37.992751677322,4030,Θολότητα,"Τελικό Αποτέλεσμα",NTU,0.178
08/05/2025,23.773236630704,37.96994397087,4070,Θολότητα,"Τελικό Αποτέλεσμα",NTU,0.758
08/05/2025,23.762108634131,37.974473318809,4080,Θολότητα,"Τελικό Αποτέλεσμα",NTU,0.764
08/05/2025,23.75945556984,37.970685038508,4090,Θολότητα,"Τελικό Αποτέλεσμα",NTU,0.385
08/05/2025,23.773590432102,37.94663449198,4100,Θολότητα,"Τελικό Αποτέλεσμα",NTU,0.357
08/05/2025,23.758414161627,37.957340941046,4110,Θολότητα,"Τελικό Αποτέλεσμα",NTU,0.269
08/05/2025,23.748324301254,37.957281035336,4120,Θολότητα,"Τελικό Αποτέλεσμα",NTU,0.166
08/05/2025,23.74190059516,37.95316687964,4140,Θολότητα,"Τελικό Αποτέλεσμα",NTU,0.368
08/05/2025,23.75099402587,37.930222535019,4160,Θολότητα,"Τελικό Αποτέλεσμα",NTU,0.188
08/05/2025,23.737179449332,37.923989154778,4170,Θολότητα,"Τελικό Αποτέλεσμα",NTU,0.176
08/05/2025,23.734499659649,37.921782537866,4180,Θολότητα,"Τελικό Αποτέλεσμα",NTU,0.341
08/05/2025,23.728630962837,37.936168316,4190,Θολότητα,"Τελικό Αποτέλεσμα",NTU,0.173
08/05/2025,23.727666402305,37.95106353914,4220,Θολότητα,"Τελικό Αποτέλεσμα",NTU,0.212
08/05/2025,23.726597630536,37.955266120446,4230,Θολότητα,"Τελικό Αποτέλεσμα",NTU,0.186
08/05/2025,23.783006772263,38.091595618101,1940,Θολότητα,"Τελικό Αποτέλεσμα",NTU,0.211
08/06/2023,23.75187919,38.03442418,3010,Θολότητα,"Τελικό Αποτέλεσμα",NTU,0.306
08/06/2023,23.53153657,38.07172532,2260,Θολότητα,"Τελικό Αποτέλεσμα",NTU,0.107
08/06/2023,23.75121334,38.12052926,2270,Θολότητα,"Τελικό Αποτέλεσμα",NTU,0.251
08/06/2023,23.64440874,37.95951177,1928,Θολότητα,"Τελικό Αποτέλεσμα",NTU,0.275
08/06/2023,23.65573754,37.93998668,1930,Θολότητα,"Τελικό Αποτέλεσμα",NTU,0.602
08/06/2023,23.68632522,38.0498052,1939,Θολότητα,"Τελικό Αποτέλεσμα",NTU,0.426
08/06/2023,23.57742263,37.96842252,1943,Θολότητα,"Τελικό Αποτέλεσμα",NTU,0.419
08/06/2023,23.57686641,37.96682786,1945,Θολότητα,"Τελικό Αποτέλεσμα",NTU,0.633
08/06/2023,23.67796202,38.04982306,1959,Θολότητα,"Τελικό Αποτέλεσμα",NTU,0.334
08/06/2023,23.78300677,38.09159562,1940,Θολότητα,"Τελικό Αποτέλεσμα",NTU,0.258
08/06/2023,23.76621884,37.94149317,135,Θολότητα,"Τελικό Αποτέλεσμα",NTU,0.264
08/06/2023,23.70168246,37.91807243,137,Θολότητα,"Τελικό Αποτέλεσμα",NTU,0.197
08/06/2023,23.78205391,37.85203476,139,Θολότητα,"Τελικό Αποτέλεσμα",NTU,0.396
08/06/2023,23.80223198,37.83311234,140,Θολότητα,"Τελικό Αποτέλεσμα",NTU,0.232
08/06/2023,23.74864808,37.91609723,5010,Θολότητα,"Τελικό Αποτέλεσμα",NTU,0.519
08/06/2023,23.75342223,37.90482065,5020,Θολότητα,"Τελικό Αποτέλεσμα",NTU,0.155
08/06/2023,23.74470013,37.88994017,5030,Θολότητα,"Τελικό Αποτέλεσμα",NTU,0.192
08/06/2023,23.74605589,37.88420804,5040,Θολότητα,"Τελικό Αποτέλεσμα",NTU,0.451
08/06/2023,23.75796495,37.86035435,5050,Θολότητα,"Τελικό Αποτέλεσμα",NTU,0.283
08/06/2023,23.76070017,37.8524034,5060,Θολότητα,"Τελικό Αποτέλεσμα",NTU,0.174
08/06/2023,23.75697704,37.84809852,5080,Θολότητα,"Τελικό Αποτέλεσμα",NTU,0.195
08/06/2023,23.76068543,37.81516677,5090,Θολότητα,"Τελικό Αποτέλεσμα",NTU,0.281
08/06/2023,23.77438684,37.81229933,5100,Θολότητα,"Τελικό Αποτέλεσμα",NTU,0.172
08/06/2023,23.79034019,37.83538362,5150,Θολότητα,"Τελικό Αποτέλεσμα",NTU,0.225
08/06/2023,23.73997328,37.86958627,5160,Θολότητα,"Τελικό Αποτέλεσμα",NTU,0.111
08/06/2023,23.72543914,37.88816507,5170,Θολότητα,"Τελικό Αποτέλεσμα",NTU,0.146
08/06/2023,23.72008222,37.90342424,5180,Θολότητα,"Τελικό Αποτέλεσμα",NTU,0.657
08/06/2023,23.7141366,37.91270737,5190,Θολότητα,"Τελικό Αποτέλεσμα",NTU,0.2
08/06/2023,23.71284044,37.91562054,5200,Θολότητα,"Τελικό Αποτέλεσμα",NTU,0.321
08/06/2023,23.70643521,37.91960099,5210,Θολότητα,"Τελικό Αποτέλεσμα",NTU,0.122
08/06/2023,23.70488133,37.93521995,5230,Θολότητα,"Τελικό Αποτέλεσμα",NTU,0.19
08/06/2024,23.783006772263,38.091595618101,1940,Θολότητα,"Τελικό Αποτέλεσμα",NTU,0.222
08/07/2023,23.78300677,38.09159562,1940,Θολότητα,"Τελικό Αποτέλεσμα",NTU,0.184
08/07/2024,23.783006772263,38.091595618101,1940,Θολότητα,"Τελικό Αποτέλεσμα",NTU,0.219
08/07/2024,23.7204954672,37.946472492133,160,Θολότητα,"Τελικό Αποτέλεσμα",NTU,0.123
08/07/2024,23.72324520128,37.934403839805,165,Θολότητα,"Τελικό Αποτέλεσμα",NTU,0.179
08/07/2024,23.694180891718,37.998773148457,7120,Θολότητα,"Τελικό Αποτέλεσμα",NTU,0.241
08/07/2024,23.667489894288,37.958032027277,7170,Θολότητα,"Τελικό Αποτέλεσμα",NTU,0.161
08/07/2024,23.678625660301,37.971729734496,7230,Θολότητα,"Τελικό Αποτέλεσμα",NTU,0.142
08/07/2024,23.685196529333,37.975965791401,7250,Θολότητα,"Τελικό Αποτέλεσμα",NTU,0.289
08/07/2024,23.697528385889,37.971702343756,7270,Θολότητα,"Τελικό Αποτέλεσμα",NTU,0.231
08/07/2024,23.712833251184,37.968564832502,7300,Θολότητα,"Τελικό Αποτέλεσμα",NTU,0.103
08/07/2024,23.711703762356,37.97057149043,7320,Θολότητα,"Τελικό Αποτέλεσμα",NTU,0.275
08/07/2024,23.715412919273,38.003749605504,8010,Θολότητα,"Τελικό Αποτέλεσμα",NTU,0.499
08/07/2024,23.71578119283,37.990373378915,8040,Θολότητα,"Τελικό Αποτέλεσμα",NTU,0.151
08/07/2024,23.712276196086,37.98040556765,8060,Θολότητα,"Τελικό Αποτέλεσμα",NTU,0.273
08/07/2024,23.714816823822,37.979430254073,8070,Θολότητα,"Τελικό Αποτέλεσμα",NTU,0.171
08/07/2024,23.68251737331,37.961481128285,8100,Θολότητα,"Τελικό Αποτέλεσμα",NTU,0.154
08/07/2024,23.700434539313,37.962643998348,8140,Θολότητα,"Τελικό Αποτέλεσμα",NTU,0.469
08/07/2024,23.699597448709,37.949709083863,8170,Θολότητα,"Τελικό Αποτέλεσμα",NTU,0.586
08/07/2024,23.706237365958,37.950939255691,8190,Θολότητα,"Τελικό Αποτέλεσμα",NTU,0.351
08/07/2024,23.70891649437,37.945691840045,8210,Θολότητα,"Τελικό Αποτέλεσμα",NTU,0.314
08/07/2024,23.71621067377,37.955141392609,8260,Θολότητα,"Τελικό Αποτέλεσμα",NTU,0.118
08/07/2024,23.714571416671,37.966174971534,8270,Θολότητα,"Τελικό Αποτέλεσμα",NTU,0.114
08/07/2024,23.721762060849,37.9648348571,8280,Θολότητα,"Τελικό Αποτέλεσμα",NTU,0.097
08/07/2024,23.726143493332,37.965556254079,8290,Θολότητα,"Τελικό Αποτέλεσμα",NTU,0.167
08/07/2024,23.730896444434,37.9830072171,8350,Θολότητα,"Τελικό Αποτέλεσμα",NTU,0.136
08/07/2024,23.776624696051,37.884348958134,1918,Θολότητα,"Τελικό Αποτέλεσμα",NTU,0.334
08/07/2024,23.763828567739,37.889033553169,1920,Θολότητα,"Τελικό Αποτέλεσμα",NTU,0.51
08/07/2024,23.777569470988,37.889946836445,1963,Θολότητα,"Τελικό Αποτέλεσμα",NTU,0.21
08/07/2024,23.746055892182,37.884208036564,5040,Θολότητα,"Τελικό Αποτέλεσμα",NTU,0.35
08/07/2025,23.64440874197,37.959511773378,1928,Θολότητα,"Τελικό Αποτέλεσμα",NTU,0.224
08/07/2025,23.655737542216,37.93998667845,1930,Θολότητα,"Τελικό Αποτέλεσμα",NTU,0.108
08/07/2025,23.577422634042,37.968422519545,1943,Θολότητα,"Τελικό Αποτέλεσμα",NTU,0.272
08/07/2025,23.576866413715,37.966827860412,1945,Θολότητα,"Τελικό Αποτέλεσμα",NTU,0.311
08/07/2025,23.677962015045,38.049823056981,1959,Θολότητα,"Τελικό Αποτέλεσμα",NTU,0.271
08/07/2025,23.642117121438,37.933371936061,146,Θολότητα,"Τελικό Αποτέλεσμα",NTU,0.161
08/07/2025,23.685426227465,37.977076609772,6010,Θολότητα,"Τελικό Αποτέλεσμα",NTU,0.185
08/07/2025,23.660147196721,37.980291207729,6020,Θολότητα,"Τελικό Αποτέλεσμα",NTU,0.118
08/07/2025,23.656184913017,37.980594422153,6030,Θολότητα,"Τελικό Αποτέλεσμα",NTU,0.186
08/07/2025,23.653420670725,37.976887978332,6040,Θολότητα,"Τελικό Αποτέλεσμα",NTU,0.111
08/07/2025,23.640200994864,37.973616459939,6060,Θολότητα,"Τελικό Αποτέλεσμα",NTU,0.165
08/07/2025,23.633210429054,37.967000345107,6080,Θολότητα,"Τελικό Αποτέλεσμα",NTU,0.333
08/07/2025,23.623370187872,37.950398549294,6110,Θολότητα,"Τελικό Αποτέλεσμα",NTU,0.139
08/07/2025,23.634009487857,37.953472259917,6120,Θολότητα,"Τελικό Αποτέλεσμα",NTU,0.166
08/07/2025,23.642068896508,37.928344112851,6150,Θολότητα,"Τελικό Αποτέλεσμα",NTU,0.165
08/07/2025,23.65217192804,37.939622706754,6170,Θολότητα,"Τελικό Αποτέλεσμα",NTU,0.165
08/07/2025,23.673234118927,37.946109912673,6190,Θολότητα,"Τελικό Αποτέλεσμα",NTU,0.313
08/07/2025,23.680037411281,37.948096846566,6200,Θολότητα,"Τελικό Αποτέλεσμα",NTU,0.17
08/07/2025,23.691643963145,37.948013010856,6210,Θολότητα,"Τελικό Αποτέλεσμα",NTU,0.083
08/07/2025,23.694323188433,37.952417395875,6220,Θολότητα,"Τελικό Αποτέλεσμα",NTU,0.102
08/07/2025,23.640262686028,37.939614121045,6240,Θολότητα,"Τελικό Αποτέλεσμα",NTU,0.148
08/07/2025,22.898432401038,38.254054888272,7011,Θολότητα,"Τελικό Αποτέλεσμα",NTU,0.405
08/08/2023,23.78300677,38.09159562,1940,Θολότητα,"Τελικό Αποτέλεσμα",NTU,0.202
08/08/2023,23.72049547,37.94647249,160,Θολότητα,"Τελικό Αποτέλεσμα",NTU,0.288
08/08/2023,23.7232452,37.93440384,165,Θολότητα,"Τελικό Αποτέλεσμα",NTU,0.301
08/08/2023,23.69418089,37.99877315,7120,Θολότητα,"Τελικό Αποτέλεσμα",NTU,0.209
08/08/2023,23.66748989,37.95803203,7170,Θολότητα,"Τελικό Αποτέλεσμα",NTU,0.158
08/08/2023,23.67862566,37.97172973,7230,Θολότητα,"Τελικό Αποτέλεσμα",NTU,0.099
08/08/2023,23.68519653,37.97596579,7250,Θολότητα,"Τελικό Αποτέλεσμα",NTU,0.117
08/08/2023,23.69752839,37.97170234,7270,Θολότητα,"Τελικό Αποτέλεσμα",NTU,0.135
08/08/2023,23.71283325,37.96856483,7300,Θολότητα,"Τελικό Αποτέλεσμα",NTU,0.116
08/08/2023,23.71170376,37.97057149,7320,Θολότητα,"Τελικό Αποτέλεσμα",NTU,0.449
08/08/2023,23.71541292,38.00374961,8010,Θολότητα,"Τελικό Αποτέλεσμα",NTU,0.302
08/08/2023,23.71578119,37.99037338,8040,Θολότητα,"Τελικό Αποτέλεσμα",NTU,0.141
08/08/2023,23.7122762,37.98040557,8060,Θολότητα,"Τελικό Αποτέλεσμα",NTU,0.297
08/08/2023,23.71481682,37.97943025,8070,Θολότητα,"Τελικό Αποτέλεσμα",NTU,0.425
08/08/2023,23.68251737,37.96148113,8100,Θολότητα,"Τελικό Αποτέλεσμα",NTU,0.183
08/08/2023,23.70043454,37.962644,8140,Θολότητα,"Τελικό Αποτέλεσμα",NTU,0.095
08/08/2023,23.69959745,37.94970908,8170,Θολότητα,"Τελικό Αποτέλεσμα",NTU,0.651
08/08/2023,23.70623737,37.95093926,8190,Θολότητα,"Τελικό Αποτέλεσμα",NTU,0.094
08/08/2023,23.70891649,37.94569184,8210,Θολότητα,"Τελικό Αποτέλεσμα",NTU,0.183
08/08/2023,23.71621067,37.95514139,8260,Θολότητα,"Τελικό Αποτέλεσμα",NTU,0.241
08/08/2023,23.71457142,37.96617497,8270,Θολότητα,"Τελικό Αποτέλεσμα",NTU,0.177
08/08/2023,23.72176206,37.96483486,8280,Θολότητα,"Τελικό Αποτέλεσμα",NTU,0.117
08/08/2023,23.73089644,37.98300722,8350,Θολότητα,"Τελικό Αποτέλεσμα",NTU,0.345
08/08/2023,23.7766247,37.88434896,1918,Θολότητα,"Τελικό Αποτέλεσμα",NTU,0.591
08/08/2023,23.76382857,37.88903355,1920,Θολότητα,"Τελικό Αποτέλεσμα",NTU,0.444
08/08/2023,23.75556042,37.91943081,1924,Θολότητα,"Τελικό Αποτέλεσμα",NTU,0.292
08/08/2023,23.74951242,37.9996463,1942,Θολότητα,"Τελικό Αποτέλεσμα",NTU,0.393
08/08/2023,23.73288702,37.955672,1944,Θολότητα,"Τελικό Αποτέλεσμα",NTU,0.336
08/08/2023,23.77756947,37.88994684,1963,Θολότητα,"Τελικό Αποτέλεσμα",NTU,0.246
08/08/2024,23.864708334331,38.100617213765,1956,Θολότητα,"Τελικό Αποτέλεσμα",NTU,0.286
08/08/2024,23.783006772263,38.091595618101,1940,Θολότητα,"Τελικό Αποτέλεσμα",NTU,0.115
08/08/2024,23.7204954672,37.946472492133,160,Θολότητα,"Τελικό Αποτέλεσμα",NTU,0.107
08/08/2024,23.72324520128,37.934403839805,165,Θολότητα,"Τελικό Αποτέλεσμα",NTU,0.171
08/08/2024,23.694180891718,37.998773148457,7120,Θολότητα,"Τελικό Αποτέλεσμα",NTU,0.226
08/08/2024,23.667489894288,37.958032027277,7170,Θολότητα,"Τελικό Αποτέλεσμα",NTU,0.299
08/08/2024,23.678625660301,37.971729734496,7230,Θολότητα,"Τελικό Αποτέλεσμα",NTU,0.123
08/08/2024,23.685196529333,37.975965791401,7250,Θολότητα,"Τελικό Αποτέλεσμα",NTU,0.347
08/08/2024,23.697528385889,37.971702343756,7270,Θολότητα,"Τελικό Αποτέλεσμα",NTU,0.085
08/08/2024,23.712833251184,37.968564832502,7300,Θολότητα,"Τελικό Αποτέλεσμα",NTU,0.096
08/08/2024,23.711703762356,37.97057149043,7320,Θολότητα,"Τελικό Αποτέλεσμα",NTU,0.149
08/08/2024,23.715412919273,38.003749605504,8010,Θολότητα,"Τελικό Αποτέλεσμα",NTU,0.167
08/08/2024,23.71578119283,37.990373378915,8040,Θολότητα,"Τελικό Αποτέλεσμα",NTU,0.165
08/08/2024,23.712276196086,37.98040556765,8060,Θολότητα,"Τελικό Αποτέλεσμα",NTU,0.238
08/08/2024,23.68251737331,37.961481128285,8100,Θολότητα,"Τελικό Αποτέλεσμα",NTU,0.121
08/08/2024,23.700434539313,37.962643998348,8140,Θολότητα,"Τελικό Αποτέλεσμα",NTU,0.104
08/08/2024,23.699597448709,37.949709083863,8170,Θολότητα,"Τελικό Αποτέλεσμα",NTU,0.273
08/08/2024,23.706237365958,37.950939255691,8190,Θολότητα,"Τελικό Αποτέλεσμα",NTU,0.322
08/08/2024,23.70891649437,37.945691840045,8210,Θολότητα,"Τελικό Αποτέλεσμα",NTU,0.105
08/08/2024,23.71621067377,37.955141392609,8260,Θολότητα,"Τελικό Αποτέλεσμα",NTU,0.115
08/08/2024,23.714571416671,37.966174971534,8270,Θολότητα,"Τελικό Αποτέλεσμα",NTU,0.125
08/08/2024,23.721762060849,37.9648348571,8280,Θολότητα,"Τελικό Αποτέλεσμα",NTU,0.246
08/08/2024,23.730896444434,37.9830072171,8350,Θολότητα,"Τελικό Αποτέλεσμα",NTU,0.15
08/08/2024,23.804750637211,38.091557777528,3050,Θολότητα,"Τελικό Αποτέλεσμα",NTU,0.11
08/08/2024,23.782568605776,38.133625196225,1932,Θολότητα,"Τελικό Αποτέλεσμα",NTU,0.286
08/09/2023,23.76902716,37.99339131,4010,Θολότητα,"Τελικό Αποτέλεσμα",NTU,0.207
08/09/2023,23.7766247,37.88434896,1918,Θολότητα,"Τελικό Αποτέλεσμα",NTU,0.154
08/09/2023,23.76382857,37.88903355,1920,Θολότητα,"Τελικό Αποτέλεσμα",NTU,0.255
08/09/2023,23.75556042,37.91943081,1924,Θολότητα,"Τελικό Αποτέλεσμα",NTU,0.215
08/09/2023,23.74951242,37.9996463,1942,Θολότητα,"Τελικό Αποτέλεσμα",NTU,0.307
08/09/2023,23.73288702,37.955672,1944,Θολότητα,"Τελικό Αποτέλεσμα",NTU,0.174
08/09/2023,23.77756947,37.88994684,1963,Θολότητα,"Τελικό Αποτέλεσμα",NTU,0.146
08/09/2023,23.78300677,38.09159562,1940,Θολότητα,"Τελικό Αποτέλεσμα",NTU,0.156
08/09/2023,23.64211712,37.93337194,146,Θολότητα,"Τελικό Αποτέλεσμα",NTU,0.269
08/09/2023,23.68542623,37.97707661,6010,Θολότητα,"Τελικό Αποτέλεσμα",NTU,0.269
08/09/2023,23.6601472,37.98029121,6020,Θολότητα,"Τελικό Αποτέλεσμα",NTU,0.329
08/09/2023,23.65618491,37.98059442,6030,Θολότητα,"Τελικό Αποτέλεσμα",NTU,0.354
08/09/2023,23.65342067,37.97688798,6040,Θολότητα,"Τελικό Αποτέλεσμα",NTU,0.105
08/09/2023,23.63989634,37.97755,6050,Θολότητα,"Τελικό Αποτέλεσμα",NTU,0.813
08/09/2023,23.64020099,37.97361646,6060,Θολότητα,"Τελικό Αποτέλεσμα",NTU,0.211
08/09/2023,23.63321043,37.96700035,6080,Θολότητα,"Τελικό Αποτέλεσμα",NTU,0.14
08/09/2023,23.62337019,37.95039855,6110,Θολότητα,"Τελικό Αποτέλεσμα",NTU,0.099
08/09/2023,23.63400949,37.95347226,6120,Θολότητα,"Τελικό Αποτέλεσμα",NTU,0.13
08/09/2023,23.63373384,37.95087389,6130,Θολότητα,"Τελικό Αποτέλεσμα",NTU,0.248
08/09/2023,23.6420689,37.92834411,6150,Θολότητα,"Τελικό Αποτέλεσμα",NTU,0.149
08/09/2023,23.62796265,37.93233446,6160,Θολότητα,"Τελικό Αποτέλεσμα",NTU,0.185
08/09/2023,23.65217193,37.93962271,6170,Θολότητα,"Τελικό Αποτέλεσμα",NTU,0.44
08/09/2023,23.67323412,37.94610991,6190,Θολότητα,"Τελικό Αποτέλεσμα",NTU,0.361
08/09/2023,23.68003741,37.94809685,6200,Θολότητα,"Τελικό Αποτέλεσμα",NTU,0.192
08/09/2023,23.69164396,37.94801301,6210,Θολότητα,"Τελικό Αποτέλεσμα",NTU,0.466
08/09/2023,23.69432319,37.9524174,6220,Θολότητα,"Τελικό Αποτέλεσμα",NTU,0.315
08/09/2023,23.64026269,37.93961412,6240,Θολότητα,"Τελικό Αποτέλεσμα",NTU,0.386
08/09/2024,23.783006772263,38.091595618101,1940,Θολότητα,"Τελικό Αποτέλεσμα",NTU,0.22
08/10/2023,23.78300677,38.09159562,1940,Θολότητα,"Τελικό Αποτέλεσμα",NTU,0.142
08/10/2024,23.685635325645,38.011704015052,2110,Θολότητα,"Τελικό Αποτέλεσμα",NTU,0.17
08/10/2024,23.783006772263,38.091595618101,1940,Θολότητα,"Τελικό Αποτέλεσμα",NTU,0.211
08/10/2024,23.531536570322,38.071725317014,2260,Θολότητα,"Τελικό Αποτέλεσμα",NTU,0.097
08/10/2024,23.751213344423,38.120529261783,2270,Θολότητα,"Τελικό Αποτέλεσμα",NTU,0.276
08/10/2024,22.898432401038,38.254054888272,7011,Θολότητα,"Τελικό Αποτέλεσμα",NTU,0.092
08/11/2023,23.78300677,38.09159562,1940,Θολότητα,"Τελικό Αποτέλεσμα",NTU,0.2
08/11/2024,23.763319132339,37.967110703832,120,Θολότητα,"Τελικό Αποτέλεσμα",NTU,0.288
08/11/2024,23.763738215853,37.962310018511,125,Θολότητα,"Τελικό Αποτέλεσμα",NTU,0.24
08/11/2024,23.746281527272,37.954949246394,130,Θολότητα,"Τελικό Αποτέλεσμα",NTU,0.204
08/11/2024,23.769027158681,37.993391314662,4010,Θολότητα,"Τελικό Αποτέλεσμα",NTU,0.444
08/11/2024,23.776486074062,37.996220978178,4020,Θολότητα,"Τελικό Αποτέλεσμα",NTU,0.355
08/11/2024,23.776446263032,37.992751677322,4030,Θολότητα,"Τελικό Αποτέλεσμα",NTU,0.123
08/11/2024,23.768783003349,37.982897797692,4040,Θολότητα,"Τελικό Αποτέλεσμα",NTU,0.232
08/11/2024,23.776569307759,37.971253159928,4060,Θολότητα,"Τελικό Αποτέλεσμα",NTU,0.29
08/11/2024,23.773236630704,37.96994397087,4070,Θολότητα,"Τελικό Αποτέλεσμα",NTU,0.216
08/11/2024,23.762108634131,37.974473318809,4080,Θολότητα,"Τελικό Αποτέλεσμα",NTU,0.218
08/11/2024,23.75945556984,37.970685038508,4090,Θολότητα,"Τελικό Αποτέλεσμα",NTU,0.287
08/11/2024,23.773590432102,37.94663449198,4100,Θολότητα,"Τελικό Αποτέλεσμα",NTU,0.225
08/11/2024,23.758414161627,37.957340941046,4110,Θολότητα,"Τελικό Αποτέλεσμα",NTU,0.353
08/11/2024,23.748324301254,37.957281035336,4120,Θολότητα,"Τελικό Αποτέλεσμα",NTU,0.163
08/11/2024,23.74190059516,37.95316687964,4140,Θολότητα,"Τελικό Αποτέλεσμα",NTU,0.181
08/11/2024,23.75099402587,37.930222535019,4160,Θολότητα,"Τελικό Αποτέλεσμα",NTU,0.272
08/11/2024,23.737179449332,37.923989154778,4170,Θολότητα,"Τελικό Αποτέλεσμα",NTU,0.286
08/11/2024,23.734499659649,37.921782537866,4180,Θολότητα,"Τελικό Αποτέλεσμα",NTU,0.4
08/11/2024,23.728630962837,37.936168316,4190,Θολότητα,"Τελικό Αποτέλεσμα",NTU,0.144
08/11/2024,23.727666402305,37.95106353914,4220,Θολότητα,"Τελικό Αποτέλεσμα",NTU,0.471
08/11/2024,23.726597630536,37.955266120446,4230,Θολότητα,"Τελικό Αποτέλεσμα",NTU,0.187
08/11/2024,23.726887822219,37.95811378839,4240,Θολότητα,"Τελικό Αποτέλεσμα",NTU,0.145
08/11/2024,23.783006772263,38.091595618101,1940,Θολότητα,"Τελικό Αποτέλεσμα",NTU,0.243
08/11/2024,23.673234118927,37.946109912673,6190,Θολότητα,"Τελικό Αποτέλεσμα",NTU,0.181
08/11/2024,23.489051854672,37.970435691217,2580,Θολότητα,"Τελικό Αποτέλεσμα",NTU,0.209
08/11/2024,23.520459758419,37.943585439066,1927,Θολότητα,"Τελικό Αποτέλεσμα",NTU,0.06
08/11/2024,23.46565744835,37.918493117875,1929,Θολότητα,"Τελικό Αποτέλεσμα",NTU,0.086
08/11/2024,23.573199699245,37.964696686365,2530,Θολότητα,"Τελικό Αποτέλεσμα",NTU,0.372
08/11/2024,23.532576218429,37.93452623243,2560,Θολότητα,"Τελικό Αποτέλεσμα",NTU,0.407
08/12/2023,23.74864808,37.91609723,5010,Θολότητα,"Τελικό Αποτέλεσμα",NTU,0.242
08/12/2023,23.75342223,37.90482065,5020,Θολότητα,"Τελικό Αποτέλεσμα",NTU,0.182
08/12/2023,23.74470013,37.88994017,5030,Θολότητα,"Τελικό Αποτέλεσμα",NTU,0.176
08/12/2023,23.74605589,37.88420804,5040,Θολότητα,"Τελικό Αποτέλεσμα",NTU,0.209
08/12/2023,23.75796495,37.86035435,5050,Θολότητα,"Τελικό Αποτέλεσμα",NTU,0.285
08/12/2023,23.76068543,37.81516677,5090,Θολότητα,"Τελικό Αποτέλεσμα",NTU,0.348
08/12/2023,23.77438684,37.81229933,5100,Θολότητα,"Τελικό Αποτέλεσμα",NTU,0.158
08/12/2023,23.78633796,37.82289436,5110,Θολότητα,"Τελικό Αποτέλεσμα",NTU,0.202
08/12/2023,23.79034019,37.83538362,5150,Θολότητα,"Τελικό Αποτέλεσμα",NTU,0.278
08/12/2023,23.73997328,37.86958627,5160,Θολότητα,"Τελικό Αποτέλεσμα",NTU,0.213
08/12/2023,23.7141366,37.91270737,5190,Θολότητα,"Τελικό Αποτέλεσμα",NTU,0.182
08/12/2023,23.71284044,37.91562054,5200,Θολότητα,"Τελικό Αποτέλεσμα",NTU,0.167
08/12/2023,23.70643521,37.91960099,5210,Θολότητα,"Τελικό Αποτέλεσμα",NTU,0.211
08/12/2023,23.70488133,37.93521995,5230,Θολότητα,"Τελικό Αποτέλεσμα",NTU,0.225
08/12/2023,23.78300677,38.09159562,1940,Θολότητα,"Τελικό Αποτέλεσμα",NTU,0.245
08/12/2023,23.41656871,37.91177786,1967,Θολότητα,"Τελικό Αποτέλεσμα",NTU,0.313
08/12/2023,23.4174242,37.90741906,2601,Θολότητα,"Τελικό Αποτέλεσμα",NTU,0.257
08/12/2024,23.783006772263,38.091595618101,1940,Θολότητα,"Τελικό Αποτέλεσμα",NTU,0.106
09/01/2023,23.78300677,38.09159562,1940,Θολότητα,"Τελικό Αποτέλεσμα",NTU,0.127
09/01/2023,23.70168246,37.91807243,137,Θολότητα,"Τελικό Αποτέλεσμα",NTU,0.376
09/01/2023,23.74470013,37.88994017,5030,Θολότητα,"Τελικό Αποτέλεσμα",NTU,0.44
09/01/2023,23.72543914,37.88816507,5170,Θολότητα,"Τελικό Αποτέλεσμα",NTU,0.225
09/01/2023,23.72008222,37.90342424,5180,Θολότητα,"Τελικό Αποτέλεσμα",NTU,0.38
09/01/2023,23.7141366,37.91270737,5190,Θολότητα,"Τελικό Αποτέλεσμα",NTU,0.65
09/01/2023,23.70643521,37.91960099,5210,Θολότητα,"Τελικό Αποτέλεσμα",NTU,0.157
09/01/2023,23.70488133,37.93521995,5230,Θολότητα,"Τελικό Αποτέλεσμα",NTU,0.17
09/01/2023,23.73717945,37.92398915,4170,Θολότητα,"Τελικό Αποτέλεσμα",NTU,0.727
09/01/2023,23.73449966,37.92178254,4180,Θολότητα,"Τελικό Αποτέλεσμα",NTU,0.361
09/01/2023,23.72863096,37.93616832,4190,Θολότητα,"Τελικό Αποτέλεσμα",NTU,0.487
09/01/2023,23.72659763,37.95526612,4230,Θολότητα,"Τελικό Αποτέλεσμα",NTU,0.864
09/01/2023,23.72049547,37.94647249,160,Θολότητα,"Τελικό Αποτέλεσμα",NTU,0.27
09/01/2023,23.7232452,37.93440384,165,Θολότητα,"Τελικό Αποτέλεσμα",NTU,0.215
09/01/2023,23.70891649,37.94569184,8210,Θολότητα,"Τελικό Αποτέλεσμα",NTU,0.732
09/01/2023,23.8184361,38.03015277,191,Θολότητα,"Τελικό Αποτέλεσμα",NTU,0.213
09/01/2023,23.82898036,38.04390182,193,Θολότητα,"Τελικό Αποτέλεσμα",NTU,0.133
09/01/2023,23.73288702,37.955672,1944,Θολότητα,"Τελικό Αποτέλεσμα",NTU,0.221
09/01/2025,23.781989618407,37.85753891633,1964,Θολότητα,"Τελικό Αποτέλεσμα",NTU,0.174
09/01/2025,23.783006772263,38.091595618101,1940,Θολότητα,"Τελικό Αποτέλεσμα",NTU,0.118
09/01/2025,23.763319132339,37.967110703832,120,Θολότητα,"Τελικό Αποτέλεσμα",NTU,0.31
09/01/2025,23.763738215853,37.962310018511,125,Θολότητα,"Τελικό Αποτέλεσμα",NTU,0.804
09/01/2025,23.746281527272,37.954949246394,130,Θολότητα,"Τελικό Αποτέλεσμα",NTU,0.19
09/01/2025,23.776486074062,37.996220978178,4020,Θολότητα,"Τελικό Αποτέλεσμα",NTU,0.131
09/01/2025,23.776446263032,37.992751677322,4030,Θολότητα,"Τελικό Αποτέλεσμα",NTU,0.284
09/01/2025,23.776569307759,37.971253159928,4060,Θολότητα,"Τελικό Αποτέλεσμα",NTU,0.216
09/01/2025,23.773236630704,37.96994397087,4070,Θολότητα,"Τελικό Αποτέλεσμα",NTU,0.2
09/01/2025,23.762108634131,37.974473318809,4080,Θολότητα,"Τελικό Αποτέλεσμα",NTU,0.4
09/01/2025,23.75945556984,37.970685038508,4090,Θολότητα,"Τελικό Αποτέλεσμα",NTU,0.26
09/01/2025,23.773590432102,37.94663449198,4100,Θολότητα,"Τελικό Αποτέλεσμα",NTU,0.231
09/01/2025,23.758414161627,37.957340941046,4110,Θολότητα,"Τελικό Αποτέλεσμα",NTU,0.253
09/01/2025,23.748324301254,37.957281035336,4120,Θολότητα,"Τελικό Αποτέλεσμα",NTU,0.186
09/01/2025,23.75099402587,37.930222535019,4160,Θολότητα,"Τελικό Αποτέλεσμα",NTU,0.148
09/01/2025,23.737179449332,37.923989154778,4170,Θολότητα,"Τελικό Αποτέλεσμα",NTU,0.207
09/01/2025,23.734499659649,37.921782537866,4180,Θολότητα,"Τελικό Αποτέλεσμα",NTU,0.226
09/01/2025,23.728630962837,37.936168316,4190,Θολότητα,"Τελικό Αποτέλεσμα",NTU,0.383
09/01/2025,23.727666402305,37.95106353914,4220,Θολότητα,"Τελικό Αποτέλεσμα",NTU,0.5
09/01/2025,23.726597630536,37.955266120446,4230,Θολότητα,"Τελικό Αποτέλεσμα",NTU,0.38
09/01/2025,23.726887822219,37.95811378839,4240,Θολότητα,"Τελικό Αποτέλεσμα",NTU,0.466
09/01/2025,23.64440874197,37.959511773378,1928,Θολότητα,"Τελικό Αποτέλεσμα",NTU,0.31
09/01/2025,23.655737542216,37.93998667845,1930,Θολότητα,"Τελικό Αποτέλεσμα",NTU,0.222
09/01/2025,23.686325223496,38.049805201469,1939,Θολότητα,"Τελικό Αποτέλεσμα",NTU,0.251
09/01/2025,23.577422634042,37.968422519545,1943,Θολότητα,"Τελικό Αποτέλεσμα",NTU,0.19
09/01/2025,23.576866413715,37.966827860412,1945,Θολότητα,"Τελικό Αποτέλεσμα",NTU,0.311
09/01/2025,23.794882287985,37.837449849635,1912,Θολότητα,"Τελικό Αποτέλεσμα",NTU,0.149
09/02/2023,23.8184361,38.03015277,191,Θολότητα,"Τελικό Αποτέλεσμα",NTU,0.203
09/02/2023,23.82898036,38.04390182,193,Θολότητα,"Τελικό Αποτέλεσμα",NTU,0.236
09/02/2023,23.72049547,37.94647249,160,Θολότητα,"Τελικό Αποτέλεσμα",NTU,0.152
09/02/2023,23.7232452,37.93440384,165,Θολότητα,"Τελικό Αποτέλεσμα",NTU,0.417
09/02/2023,23.69418089,37.99877315,7120,Θολότητα,"Τελικό Αποτέλεσμα",NTU,0.162
09/02/2023,23.66748989,37.95803203,7170,Θολότητα,"Τελικό Αποτέλεσμα",NTU,0.107
09/02/2023,23.67862566,37.97172973,7230,Θολότητα,"Τελικό Αποτέλεσμα",NTU,0.142
09/02/2023,23.69752839,37.97170234,7270,Θολότητα,"Τελικό Αποτέλεσμα",NTU,0.262
09/02/2023,23.71283325,37.96856483,7300,Θολότητα,"Τελικό Αποτέλεσμα",NTU,0.17
09/02/2023,23.71541292,38.00374961,8010,Θολότητα,"Τελικό Αποτέλεσμα",NTU,0.162
09/02/2023,23.71578119,37.99037338,8040,Θολότητα,"Τελικό Αποτέλεσμα",NTU,0.168
09/02/2023,23.7122762,37.98040557,8060,Θολότητα,"Τελικό Αποτέλεσμα",NTU,0.118
09/02/2023,23.68251737,37.96148113,8100,Θολότητα,"Τελικό Αποτέλεσμα",NTU,0.195
09/02/2023,23.70043454,37.962644,8140,Θολότητα,"Τελικό Αποτέλεσμα",NTU,0.084
09/02/2023,23.69959745,37.94970908,8170,Θολότητα,"Τελικό Αποτέλεσμα",NTU,0.192
09/02/2023,23.70623737,37.95093926,8190,Θολότητα,"Τελικό Αποτέλεσμα",NTU,0.152
09/02/2023,23.70891649,37.94569184,8210,Θολότητα,"Τελικό Αποτέλεσμα",NTU,0.119
09/02/2023,23.71621067,37.95514139,8260,Θολότητα,"Τελικό Αποτέλεσμα",NTU,0.228
09/02/2023,23.71457142,37.96617497,8270,Θολότητα,"Τελικό Αποτέλεσμα",NTU,0.19
09/02/2023,23.72176206,37.96483486,8280,Θολότητα,"Τελικό Αποτέλεσμα",NTU,0.16
09/02/2023,23.72614349,37.96555625,8290,Θολότητα,"Τελικό Αποτέλεσμα",NTU,0.25
09/02/2023,23.73089644,37.98300722,8350,Θολότητα,"Τελικό Αποτέλεσμα",NTU,0.233
09/02/2023,23.78300677,38.09159562,1940,Θολότητα,"Τελικό Αποτέλεσμα",NTU,0.183
09/02/2025,23.783006772263,38.091595618101,1940,Θολότητα,"Τελικό Αποτέλεσμα",NTU,0.185
09/03/2023,23.33981264,38.00410848,225,Θολότητα,"Τελικό Αποτέλεσμα",NTU,0.111
09/03/2023,23.41003382,38.01212883,1960,Θολότητα,"Τελικό Αποτέλεσμα",NTU,0.878
09/03/2023,23.72049547,37.94647249,160,Θολότητα,"Τελικό Αποτέλεσμα",NTU,0.214
09/03/2023,23.7232452,37.93440384,165,Θολότητα,"Τελικό Αποτέλεσμα",NTU,0.186
09/03/2023,23.69418089,37.99877315,7120,Θολότητα,"Τελικό Αποτέλεσμα",NTU,0.23
09/03/2023,23.66748989,37.95803203,7170,Θολότητα,"Τελικό Αποτέλεσμα",NTU,0.273
09/03/2023,23.67862566,37.97172973,7230,Θολότητα,"Τελικό Αποτέλεσμα",NTU,0.521
09/03/2023,23.69752839,37.97170234,7270,Θολότητα,"Τελικό Αποτέλεσμα",NTU,0.134
09/03/2023,23.71283325,37.96856483,7300,Θολότητα,"Τελικό Αποτέλεσμα",NTU,0.162
09/03/2023,23.71170376,37.97057149,7320,Θολότητα,"Τελικό Αποτέλεσμα",NTU,0.177
09/03/2023,23.71541292,38.00374961,8010,Θολότητα,"Τελικό Αποτέλεσμα",NTU,0.234
09/03/2023,23.71578119,37.99037338,8040,Θολότητα,"Τελικό Αποτέλεσμα",NTU,0.318
09/03/2023,23.7122762,37.98040557,8060,Θολότητα,"Τελικό Αποτέλεσμα",NTU,0.18
09/03/2023,23.71481682,37.97943025,8070,Θολότητα,"Τελικό Αποτέλεσμα",NTU,0.138
09/03/2023,23.68251737,37.96148113,8100,Θολότητα,"Τελικό Αποτέλεσμα",NTU,0.387
09/03/2023,23.70043454,37.962644,8140,Θολότητα,"Τελικό Αποτέλεσμα",NTU,0.214
09/03/2023,23.69959745,37.94970908,8170,Θολότητα,"Τελικό Αποτέλεσμα",NTU,0.287
09/03/2023,23.70623737,37.95093926,8190,Θολότητα,"Τελικό Αποτέλεσμα",NTU,0.233
09/03/2023,23.70891649,37.94569184,8210,Θολότητα,"Τελικό Αποτέλεσμα",NTU,0.271
09/03/2023,23.71621067,37.95514139,8260,Θολότητα,"Τελικό Αποτέλεσμα",NTU,0.168
09/03/2023,23.71457142,37.96617497,8270,Θολότητα,"Τελικό Αποτέλεσμα",NTU,0.1
09/03/2023,23.72176206,37.96483486,8280,Θολότητα,"Τελικό Αποτέλεσμα",NTU,0.176
09/03/2023,23.72614349,37.96555625,8290,Θολότητα,"Τελικό Αποτέλεσμα",NTU,0.186
09/03/2023,23.73089644,37.98300722,8350,Θολότητα,"Τελικό Αποτέλεσμα",NTU,0.23
09/03/2023,23.75342223,37.90482065,5020,Θολότητα,"Τελικό Αποτέλεσμα",NTU,0.278
09/03/2023,23.78300677,38.09159562,1940,Θολότητα,"Τελικό Αποτέλεσμα",NTU,0.326
09/03/2023,23.78781925,38.0878097,195,Θολότητα,"Τελικό Αποτέλεσμα",NTU,0.331
09/03/2025,23.783006772263,38.091595618101,1940,Θολότητα,"Τελικό Αποτέλεσμα",NTU,0.189
09/04/2023,23.78300677,38.09159562,1940,Θολότητα,"Τελικό Αποτέλεσμα",NTU,0.356
09/04/2025,23.728501580857,38.021077305988,2010,Θολότητα,"Τελικό Αποτέλεσμα",NTU,0.116
09/04/2025,23.715167470658,38.064394448168,2020,Θολότητα,"Τελικό Αποτέλεσμα",NTU,0.114
09/04/2025,23.707472628441,38.062507031886,2030,Θολότητα,"Τελικό Αποτέλεσμα",NTU,0.191
09/04/2025,23.676225070778,38.038867972537,2060,Θολότητα,"Τελικό Αποτέλεσμα",NTU,0.222
09/04/2025,23.690708971278,38.03873977939,2070,Θολότητα,"Τελικό Αποτέλεσμα",NTU,0.165
09/04/2025,23.711092519709,38.030604970232,2080,Θολότητα,"Τελικό Αποτέλεσμα",NTU,0.642
09/04/2025,23.703939528461,38.019611224386,2090,Θολότητα,"Τελικό Αποτέλεσμα",NTU,0.186
09/04/2025,23.690026001721,38.014594179034,2100,Θολότητα,"Τελικό Αποτέλεσμα",NTU,0.151
09/04/2025,23.685635325645,38.011704015052,2110,Θολότητα,"Τελικό Αποτέλεσμα",NTU,0.197
09/04/2025,23.690688548717,38.006599310386,2130,Θολότητα,"Τελικό Αποτέλεσμα",NTU,0.272
09/04/2025,23.633719884257,38.014461935654,2140,Θολότητα,"Τελικό Αποτέλεσμα",NTU,0.203
09/04/2025,23.604369787474,38.011728905427,2150,Θολότητα,"Τελικό Αποτέλεσμα",NTU,0.222
09/04/2025,23.660482152024,38.003256233801,2160,Θολότητα,"Τελικό Αποτέλεσμα",NTU,0.459
09/04/2025,23.657213383477,37.990357336342,2170,Θολότητα,"Τελικό Αποτέλεσμα",NTU,0.203
09/04/2025,23.669685637381,37.991033114281,2180,Θολότητα,"Τελικό Αποτέλεσμα",NTU,0.188
09/04/2025,23.709037749626,37.994059545664,2210,Θολότητα,"Τελικό Αποτέλεσμα",NTU,0.138
09/04/2025,23.723966332053,38.00996468276,2240,Θολότητα,"Τελικό Αποτέλεσμα",NTU,0.319
09/04/2025,23.609081866002,38.010063327816,2250,Θολότητα,"Τελικό Αποτέλεσμα",NTU,0.294
09/04/2025,23.684521996488,38.043278569813,2050,Θολότητα,"Τελικό Αποτέλεσμα",NTU,0.195
09/04/2025,23.783006772263,38.091595618101,1940,Θολότητα,"Τελικό Αποτέλεσμα",NTU,0.149
09/04/2025,23.33981263989,38.004108484322,225,Θολότητα,"Τελικό Αποτέλεσμα",NTU,0.131
09/04/2025,23.531536570322,38.071725317014,2260,Θολότητα,"Τελικό Αποτέλεσμα",NTU,0.094
09/04/2025,23.751213344423,38.120529261783,2270,Θολότητα,"Τελικό Αποτέλεσμα",NTU,0.275
09/05/2023,23.33981264,38.00410848,225,Θολότητα,"Τελικό Αποτέλεσμα",NTU,0.179
09/05/2023,23.41003382,38.01212883,1960,Θολότητα,"Τελικό Αποτέλεσμα",NTU,0.698
09/05/2023,23.64440874,37.95951177,1928,Θολότητα,"Τελικό Αποτέλεσμα",NTU,0.139
09/05/2023,23.65573754,37.93998668,1930,Θολότητα,"Τελικό Αποτέλεσμα",NTU,0.464
09/05/2023,23.68632522,38.0498052,1939,Θολότητα,"Τελικό Αποτέλεσμα",NTU,0.388
09/05/2023,23.57742263,37.96842252,1943,Θολότητα,"Τελικό Αποτέλεσμα",NTU,0.149
09/05/2023,23.57686641,37.96682786,1945,Θολότητα,"Τελικό Αποτέλεσμα",NTU,0.183
09/05/2023,23.67796202,38.04982306,1959,Θολότητα,"Τελικό Αποτέλεσμα",NTU,0.279
09/05/2023,23.78300677,38.09159562,1940,Θολότητα,"Τελικό Αποτέλεσμα",NTU,0.341
09/05/2023,23.72049547,37.94647249,160,Θολότητα,"Τελικό Αποτέλεσμα",NTU,0.125
09/05/2023,23.7232452,37.93440384,165,Θολότητα,"Τελικό Αποτέλεσμα",NTU,0.262
09/05/2023,23.69418089,37.99877315,7120,Θολότητα,"Τελικό Αποτέλεσμα",NTU,0.129
09/05/2023,23.66748989,37.95803203,7170,Θολότητα,"Τελικό Αποτέλεσμα",NTU,0.285
09/05/2023,23.67862566,37.97172973,7230,Θολότητα,"Τελικό Αποτέλεσμα",NTU,0.142
09/05/2023,23.69752839,37.97170234,7270,Θολότητα,"Τελικό Αποτέλεσμα",NTU,0.164
09/05/2023,23.71283325,37.96856483,7300,Θολότητα,"Τελικό Αποτέλεσμα",NTU,0.1
09/05/2023,23.71170376,37.97057149,7320,Θολότητα,"Τελικό Αποτέλεσμα",NTU,0.15
09/05/2023,23.71541292,38.00374961,8010,Θολότητα,"Τελικό Αποτέλεσμα",NTU,0.145
09/05/2023,23.71578119,37.99037338,8040,Θολότητα,"Τελικό Αποτέλεσμα",NTU,0.135
09/05/2023,23.71481682,37.97943025,8070,Θολότητα,"Τελικό Αποτέλεσμα",NTU,0.164
09/05/2023,23.68251737,37.96148113,8100,Θολότητα,"Τελικό Αποτέλεσμα",NTU,0.249
09/05/2023,23.70043454,37.962644,8140,Θολότητα,"Τελικό Αποτέλεσμα",NTU,0.133
09/05/2023,23.69959745,37.94970908,8170,Θολότητα,"Τελικό Αποτέλεσμα",NTU,0.132
09/05/2023,23.70623737,37.95093926,8190,Θολότητα,"Τελικό Αποτέλεσμα",NTU,0.126
09/05/2023,23.70891649,37.94569184,8210,Θολότητα,"Τελικό Αποτέλεσμα",NTU,0.311
09/05/2023,23.71621067,37.95514139,8260,Θολότητα,"Τελικό Αποτέλεσμα",NTU,0.158
09/05/2023,23.71457142,37.96617497,8270,Θολότητα,"Τελικό Αποτέλεσμα",NTU,0.161
09/05/2023,23.72176206,37.96483486,8280,Θολότητα,"Τελικό Αποτέλεσμα",NTU,0.159
09/05/2023,23.72614349,37.96555625,8290,Θολότητα,"Τελικό Αποτέλεσμα",NTU,0.115
09/05/2023,23.73089644,37.98300722,8350,Θολότητα,"Τελικό Αποτέλεσμα",NTU,0.11
09/05/2023,23.7122762,37.98040557,8060,Θολότητα,"Τελικό Αποτέλεσμα",NTU,0.109
09/05/2024,23.766218844149,37.941493165715,135,Θολότητα,"Τελικό Αποτέλεσμα",NTU,0.188
09/05/2024,23.701682457361,37.918072433642,137,Θολότητα,"Τελικό Αποτέλεσμα",NTU,0.133
09/05/2024,23.802231976799,37.833112339241,140,Θολότητα,"Τελικό Αποτέλεσμα",NTU,0.205
09/05/2024,23.748648075769,37.916097225199,5010,Θολότητα,"Τελικό Αποτέλεσμα",NTU,0.135
09/05/2024,23.753422230835,37.904820647992,5020,Θολότητα,"Τελικό Αποτέλεσμα",NTU,0.32
09/05/2024,23.744700128802,37.889940171291,5030,Θολότητα,"Τελικό Αποτέλεσμα",NTU,0.188
09/05/2024,23.746055892182,37.884208036564,5040,Θολότητα,"Τελικό Αποτέλεσμα",NTU,0.22
09/05/2024,23.757964952407,37.860354353668,5050,Θολότητα,"Τελικό Αποτέλεσμα",NTU,0.309
09/05/2024,23.760700167651,37.852403396879,5060,Θολότητα,"Τελικό Αποτέλεσμα",NTU,0.184
09/05/2024,23.756977040295,37.848098522763,5080,Θολότητα,"Τελικό Αποτέλεσμα",NTU,0.174
09/05/2024,23.760685434504,37.8151667674,5090,Θολότητα,"Τελικό Αποτέλεσμα",NTU,0.141
09/05/2024,23.774386839978,37.81229932964,5100,Θολότητα,"Τελικό Αποτέλεσμα",NTU,0.15
09/05/2024,23.786337962388,37.822894363003,5110,Θολότητα,"Τελικό Αποτέλεσμα",NTU,0.136
09/05/2024,23.790340187783,37.835383621964,5150,Θολότητα,"Τελικό Αποτέλεσμα",NTU,0.116
09/05/2024,23.739973276711,37.869586272318,5160,Θολότητα,"Τελικό Αποτέλεσμα",NTU,0.113
09/05/2024,23.72543913784,37.888165068231,5170,Θολότητα,"Τελικό Αποτέλεσμα",NTU,0.184
09/05/2024,23.720082218937,37.903424243123,5180,Θολότητα,"Τελικό Αποτέλεσμα",NTU,0.173
09/05/2024,23.71413660329,37.912707373341,5190,Θολότητα,"Τελικό Αποτέλεσμα",NTU,0.281
09/05/2024,23.712840439649,37.915620541693,5200,Θολότητα,"Τελικό Αποτέλεσμα",NTU,0.114
09/05/2024,23.704881330177,37.935219954091,5230,Θολότητα,"Τελικό Αποτέλεσμα",NTU,0.107
09/05/2024,23.783006772263,38.091595618101,1940,Θολότητα,"Τελικό Αποτέλεσμα",NTU,0.273
09/05/2024,23.489051854672,37.970435691217,2580,Θολότητα,"Τελικό Αποτέλεσμα",NTU,0.097
09/05/2024,23.520459758419,37.943585439066,1927,Θολότητα,"Τελικό Αποτέλεσμα",NTU,0.126
09/05/2024,23.46565744835,37.918493117875,1929,Θολότητα,"Τελικό Αποτέλεσμα",NTU,0.1
09/05/2024,23.490300544782,37.995447286627,1931,Θολότητα,"Τελικό Αποτέλεσμα",NTU,0.126
09/05/2025,23.7204954672,37.946472492133,160,Θολότητα,"Τελικό Αποτέλεσμα",NTU,0.329
09/05/2025,23.72324520128,37.934403839805,165,Θολότητα,"Τελικό Αποτέλεσμα",NTU,0.174
09/05/2025,23.694180891718,37.998773148457,7120,Θολότητα,"Τελικό Αποτέλεσμα",NTU,0.109
09/05/2025,23.667489894288,37.958032027277,7170,Θολότητα,"Τελικό Αποτέλεσμα",NTU,0.172
09/05/2025,23.678625660301,37.971729734496,7230,Θολότητα,"Τελικό Αποτέλεσμα",NTU,0.164
09/05/2025,23.685196529333,37.975965791401,7250,Θολότητα,"Τελικό Αποτέλεσμα",NTU,0.223
09/05/2025,23.697528385889,37.971702343756,7270,Θολότητα,"Τελικό Αποτέλεσμα",NTU,0.204
09/05/2025,23.712833251184,37.968564832502,7300,Θολότητα,"Τελικό Αποτέλεσμα",NTU,0.137
09/05/2025,23.711703762356,37.97057149043,7320,Θολότητα,"Τελικό Αποτέλεσμα",NTU,0.19
09/05/2025,23.715412919273,38.003749605504,8010,Θολότητα,"Τελικό Αποτέλεσμα",NTU,0.16
09/05/2025,23.71578119283,37.990373378915,8040,Θολότητα,"Τελικό Αποτέλεσμα",NTU,0.286
09/05/2025,23.712276196086,37.98040556765,8060,Θολότητα,"Τελικό Αποτέλεσμα",NTU,0.28
09/05/2025,23.714816823822,37.979430254073,8070,Θολότητα,"Τελικό Αποτέλεσμα",NTU,0.228
09/05/2025,23.68251737331,37.961481128285,8100,Θολότητα,"Τελικό Αποτέλεσμα",NTU,0.151
09/05/2025,23.700434539313,37.962643998348,8140,Θολότητα,"Τελικό Αποτέλεσμα",NTU,0.151
09/05/2025,23.699597448709,37.949709083863,8170,Θολότητα,"Τελικό Αποτέλεσμα",NTU,0.205
09/05/2025,23.706237365958,37.950939255691,8190,Θολότητα,"Τελικό Αποτέλεσμα",NTU,0.175
09/05/2025,23.70891649437,37.945691840045,8210,Θολότητα,"Τελικό Αποτέλεσμα",NTU,0.168
09/05/2025,23.71621067377,37.955141392609,8260,Θολότητα,"Τελικό Αποτέλεσμα",NTU,0.16
09/05/2025,23.721762060849,37.9648348571,8280,Θολότητα,"Τελικό Αποτέλεσμα",NTU,0.155
09/05/2025,23.726143493332,37.965556254079,8290,Θολότητα,"Τελικό Αποτέλεσμα",NTU,0.133
09/05/2025,23.730896444434,37.9830072171,8350,Θολότητα,"Τελικό Αποτέλεσμα",NTU,0.163
09/05/2025,23.783006772263,38.091595618101,1940,Θολότητα,"Τελικό Αποτέλεσμα",NTU,0.2
09/06/2023,23.78256861,38.1336252,1932,Θολότητα,"Τελικό Αποτέλεσμα",NTU,0.228
09/06/2023,23.74996363,38.12819997,1933,Θολότητα,"Τελικό Αποτέλεσμα",NTU,0.18
09/06/2023,23.8527507,38.12333569,1946,Θολότητα,"Τελικό Αποτέλεσμα",NTU,0.467
09/06/2023,23.83967824,38.07817527,1948,Θολότητα,"Τελικό Αποτέλεσμα",NTU,0.28
09/06/2023,23.82959387,38.07903613,1949,Θολότητα,"Τελικό Αποτέλεσμα",NTU,0.357
09/06/2023,23.81291067,38.06845423,1954,Θολότητα,"Τελικό Αποτέλεσμα",NTU,0.501
09/06/2023,23.86470833,38.10061721,1956,Θολότητα,"Τελικό Αποτέλεσμα",NTU,0.575
09/06/2023,23.77628216,38.12190092,210,Θολότητα,"Τελικό Αποτέλεσμα",NTU,0.562
09/06/2023,23.82140342,38.07735607,3070,Θολότητα,"Τελικό Αποτέλεσμα",NTU,0.246
09/06/2023,23.72049547,37.94647249,160,Θολότητα,"Τελικό Αποτέλεσμα",NTU,0.357
09/06/2023,23.7232452,37.93440384,165,Θολότητα,"Τελικό Αποτέλεσμα",NTU,0.611
09/06/2023,23.69418089,37.99877315,7120,Θολότητα,"Τελικό Αποτέλεσμα",NTU,0.212
09/06/2023,23.66748989,37.95803203,7170,Θολότητα,"Τελικό Αποτέλεσμα",NTU,0.113
09/06/2023,23.67862566,37.97172973,7230,Θολότητα,"Τελικό Αποτέλεσμα",NTU,0.288
09/06/2023,23.69752839,37.97170234,7270,Θολότητα,"Τελικό Αποτέλεσμα",NTU,0.245
09/06/2023,23.71283325,37.96856483,7300,Θολότητα,"Τελικό Αποτέλεσμα",NTU,0.112
09/06/2023,23.71170376,37.97057149,7320,Θολότητα,"Τελικό Αποτέλεσμα",NTU,0.472
09/06/2023,23.71541292,38.00374961,8010,Θολότητα,"Τελικό Αποτέλεσμα",NTU,0.142
09/06/2023,23.71578119,37.99037338,8040,Θολότητα,"Τελικό Αποτέλεσμα",NTU,0.156
09/06/2023,23.7122762,37.98040557,8060,Θολότητα,"Τελικό Αποτέλεσμα",NTU,0.106
09/06/2023,23.71481682,37.97943025,8070,Θολότητα,"Τελικό Αποτέλεσμα",NTU,0.122
09/06/2023,23.68251737,37.96148113,8100,Θολότητα,"Τελικό Αποτέλεσμα",NTU,0.127
09/06/2023,23.70043454,37.962644,8140,Θολότητα,"Τελικό Αποτέλεσμα",NTU,0.098
09/06/2023,23.69959745,37.94970908,8170,Θολότητα,"Τελικό Αποτέλεσμα",NTU,0.256
09/06/2023,23.70623737,37.95093926,8190,Θολότητα,"Τελικό Αποτέλεσμα",NTU,0.136
09/06/2023,23.70891649,37.94569184,8210,Θολότητα,"Τελικό Αποτέλεσμα",NTU,0.262
09/06/2023,23.71621067,37.95514139,8260,Θολότητα,"Τελικό Αποτέλεσμα",NTU,0.164
09/06/2023,23.71457142,37.96617497,8270,Θολότητα,"Τελικό Αποτέλεσμα",NTU,0.471
09/06/2023,23.72176206,37.96483486,8280,Θολότητα,"Τελικό Αποτέλεσμα",NTU,0.188
09/06/2023,23.72614349,37.96555625,8290,Θολότητα,"Τελικό Αποτέλεσμα",NTU,0.121
09/06/2023,23.73089644,37.98300722,8350,Θολότητα,"Τελικό Αποτέλεσμα",NTU,0.171
09/06/2023,23.68542623,37.97707661,6010,Θολότητα,"Τελικό Αποτέλεσμα",NTU,0.466
09/06/2023,23.65618491,37.98059442,6030,Θολότητα,"Τελικό Αποτέλεσμα",NTU,0.265
09/06/2023,23.7766247,37.88434896,1918,Θολότητα,"Τελικό Αποτέλεσμα",NTU,0.28
09/06/2023,23.76382857,37.88903355,1920,Θολότητα,"Τελικό Αποτέλεσμα",NTU,0.395
09/06/2023,23.75556042,37.91943081,1924,Θολότητα,"Τελικό Αποτέλεσμα",NTU,0.454
09/06/2023,23.74951242,37.9996463,1942,Θολότητα,"Τελικό Αποτέλεσμα",NTU,0.36
09/06/2023,23.73288702,37.955672,1944,Θολότητα,"Τελικό Αποτέλεσμα",NTU,0.232
09/06/2023,23.77756947,37.88994684,1963,Θολότητα,"Τελικό Αποτέλεσμα",NTU,0.303
09/06/2023,23.78300677,38.09159562,1940,Θολότητα,"Τελικό Αποτέλεσμα",NTU,0.252
09/06/2024,23.783006772263,38.091595618101,1940,Θολότητα,"Τελικό Αποτέλεσμα",NTU,0.277
09/07/2023,23.78300677,38.09159562,1940,Θολότητα,"Τελικό Αποτέλεσμα",NTU,0.154
09/07/2024,23.755560418361,37.919430807212,1924,Θολότητα,"Τελικό Αποτέλεσμα",NTU,0.241
09/07/2024,23.749512420594,37.999646302315,1942,Θολότητα,"Τελικό Αποτέλεσμα",NTU,0.374
09/07/2024,23.732887017961,37.955671997184,1944,Θολότητα,"Τελικό Αποτέλεσμα",NTU,0.144
09/07/2024,23.783006772263,38.091595618101,1940,Θολότητα,"Τελικό Αποτέλεσμα",NTU,0.3
09/07/2024,23.587548232298,38.066465497153,2830,Θολότητα,"Τελικό Αποτέλεσμα",NTU,0.316
09/07/2024,23.531803801228,38.050901214317,2840,Θολότητα,"Τελικό Αποτέλεσμα",NTU,0.168
09/07/2024,23.54270395521,38.043361544184,2850,Θολότητα,"Τελικό Αποτέλεσμα",NTU,0.12
09/07/2024,23.539394866218,38.03610510066,2860,Θολότητα,"Τελικό Αποτέλεσμα",NTU,0.215
09/07/2024,23.548852791485,38.037621391965,2870,Θολότητα,"Τελικό Αποτέλεσμα",NTU,0.45
09/07/2024,23.739225980018,38.062561123056,2880,Θολότητα,"Τελικό Αποτέλεσμα",NTU,0.425
09/07/2024,23.737468716577,38.085090720814,2890,Θολότητα,"Τελικό Αποτέλεσμα",NTU,0.216
09/07/2024,23.736504245032,38.095005139018,2910,Θολότητα,"Τελικό Αποτέλεσμα",NTU,0.424
09/07/2024,23.730359234314,38.115528098668,2920,Θολότητα,"Τελικό Αποτέλεσμα",NTU,0.347
09/07/2024,23.524639732983,38.075938446879,2801,Θολότητα,"Τελικό Αποτέλεσμα",NTU,0.134
09/07/2024,23.590856660965,38.05767840712,2801,Θολότητα,"Τελικό Αποτέλεσμα",NTU,0.134
09/07/2024,22.898432401038,38.254054888272,7011,Θολότητα,"Τελικό Αποτέλεσμα",NTU,0.29
09/07/2025,23.595210337605,38.064681391243,2810,Θολότητα,"Τελικό Αποτέλεσμα",NTU,0.263
09/07/2025,23.587548232298,38.066465497153,2830,Θολότητα,"Τελικό Αποτέλεσμα",NTU,0.116
09/07/2025,23.531803801228,38.050901214317,2840,Θολότητα,"Τελικό Αποτέλεσμα",NTU,0.125
09/07/2025,23.54270395521,38.043361544184,2850,Θολότητα,"Τελικό Αποτέλεσμα",NTU,0.114
09/07/2025,23.539394866218,38.03610510066,2860,Θολότητα,"Τελικό Αποτέλεσμα",NTU,0.21
09/07/2025,23.548852791485,38.037621391965,2870,Θολότητα,"Τελικό Αποτέλεσμα",NTU,0.165
09/07/2025,23.739225980018,38.062561123056,2880,Θολότητα,"Τελικό Αποτέλεσμα",NTU,0.296
09/07/2025,23.737468716577,38.085090720814,2890,Θολότητα,"Τελικό Αποτέλεσμα",NTU,0.213
09/07/2025,23.73847585117,38.074454453786,2900,Θολότητα,"Τελικό Αποτέλεσμα",NTU,0.25
09/07/2025,23.736504245032,38.095005139018,2910,Θολότητα,"Τελικό Αποτέλεσμα",NTU,0.117
09/07/2025,23.730359234314,38.115528098668,2920,Θολότητα,"Τελικό Αποτέλεσμα",NTU,0.25
09/07/2025,23.416568705309,37.911777864914,1967,Θολότητα,"Τελικό Αποτέλεσμα",NTU,0.16
09/07/2025,23.417424198698,37.907419057485,2601,Θολότητα,"Τελικό Αποτέλεσμα",NTU,0.206
09/08/2023,23.59521034,38.06468139,2810,Θολότητα,"Τελικό Αποτέλεσμα",NTU,0.278
09/08/2023,23.58213759,38.06052513,2820,Θολότητα,"Τελικό Αποτέλεσμα",NTU,0.232
09/08/2023,23.58754823,38.0664655,2830,Θολότητα,"Τελικό Αποτέλεσμα",NTU,0.112
09/08/2023,23.54270396,38.04336154,2850,Θολότητα,"Τελικό Αποτέλεσμα",NTU,0.328
09/08/2023,23.53939487,38.0361051,2860,Θολότητα,"Τελικό Αποτέλεσμα",NTU,0.108
09/08/2023,23.54885279,38.03762139,2870,Θολότητα,"Τελικό Αποτέλεσμα",NTU,0.11
09/08/2023,23.73922598,38.06256112,2880,Θολότητα,"Τελικό Αποτέλεσμα",NTU,0.227
09/08/2023,23.73746872,38.08509072,2890,Θολότητα,"Τελικό Αποτέλεσμα",NTU,0.317
09/08/2023,23.73650425,38.09500514,2910,Θολότητα,"Τελικό Αποτέλεσμα",NTU,0.144
09/08/2023,23.73035923,38.1155281,2920,Θολότητα,"Τελικό Αποτέλεσμα",NTU,0.276
09/08/2023,23.78300677,38.09159562,1940,Θολότητα,"Τελικό Αποτέλεσμα",NTU,0.352
09/08/2023,23.75945557,37.97068504,4090,Θολότητα,"Τελικό Αποτέλεσμα",NTU,0.165
09/08/2024,23.595210337605,38.064681391243,2810,Θολότητα,"Τελικό Αποτέλεσμα",NTU,0.195
09/08/2024,23.587548232298,38.066465497153,2830,Θολότητα,"Τελικό Αποτέλεσμα",NTU,0.142
09/08/2024,23.54270395521,38.043361544184,2850,Θολότητα,"Τελικό Αποτέλεσμα",NTU,0.13
09/08/2024,23.539394866218,38.03610510066,2860,Θολότητα,"Τελικό Αποτέλεσμα",NTU,0.111
09/08/2024,23.548852791485,38.037621391965,2870,Θολότητα,"Τελικό Αποτέλεσμα",NTU,0.23
09/08/2024,23.737468716577,38.085090720814,2890,Θολότητα,"Τελικό Αποτέλεσμα",NTU,0.168
09/08/2024,23.783006772263,38.091595618101,1940,Θολότητα,"Τελικό Αποτέλεσμα",NTU,0.14
09/09/2023,23.78300677,38.09159562,1940,Θολότητα,"Τελικό Αποτέλεσμα",NTU,0.11
09/09/2023,23.71284044,37.91562054,5200,Θολότητα,"Τελικό Αποτέλεσμα",NTU,0.29
09/09/2024,23.783006772263,38.091595618101,1940,Θολότητα,"Τελικό Αποτέλεσμα",NTU,0.128
09/09/2024,23.804750637211,38.091557777528,3050,Θολότητα,"Τελικό Αποτέλεσμα",NTU,0.452
09/09/2024,23.818436102886,38.030152774666,191,Θολότητα,"Τελικό Αποτέλεσμα",NTU,0.232
09/09/2024,23.828980364763,38.043901820297,193,Θολότητα,"Τελικό Αποτέλεσμα",NTU,0.195
09/09/2024,23.766218844149,37.941493165715,135,Θολότητα,"Τελικό Αποτέλεσμα",NTU,0.206
09/09/2024,23.701682457361,37.918072433642,137,Θολότητα,"Τελικό Αποτέλεσμα",NTU,0.19
09/09/2024,23.802231976799,37.833112339241,140,Θολότητα,"Τελικό Αποτέλεσμα",NTU,0.171
09/09/2024,23.748648075769,37.916097225199,5010,Θολότητα,"Τελικό Αποτέλεσμα",NTU,0.213
09/09/2024,23.753422230835,37.904820647992,5020,Θολότητα,"Τελικό Αποτέλεσμα",NTU,0.289
09/09/2024,23.744700128802,37.889940171291,5030,Θολότητα,"Τελικό Αποτέλεσμα",NTU,0.337
09/09/2024,23.746055892182,37.884208036564,5040,Θολότητα,"Τελικό Αποτέλεσμα",NTU,0.653
09/09/2024,23.760700167651,37.852403396879,5060,Θολότητα,"Τελικό Αποτέλεσμα",NTU,0.127
09/09/2024,23.756977040295,37.848098522763,5080,Θολότητα,"Τελικό Αποτέλεσμα",NTU,0.129
09/09/2024,23.760685434504,37.8151667674,5090,Θολότητα,"Τελικό Αποτέλεσμα",NTU,0.13
09/09/2024,23.774386839978,37.81229932964,5100,Θολότητα,"Τελικό Αποτέλεσμα",NTU,0.157
09/09/2024,23.790340187783,37.835383621964,5150,Θολότητα,"Τελικό Αποτέλεσμα",NTU,0.235
09/09/2024,23.739973276711,37.869586272318,5160,Θολότητα,"Τελικό Αποτέλεσμα",NTU,0.107
09/09/2024,23.72543913784,37.888165068231,5170,Θολότητα,"Τελικό Αποτέλεσμα",NTU,0.116
09/09/2024,23.720082218937,37.903424243123,5180,Θολότητα,"Τελικό Αποτέλεσμα",NTU,0.317
09/09/2024,23.71413660329,37.912707373341,5190,Θολότητα,"Τελικό Αποτέλεσμα",NTU,0.142
09/09/2024,23.712840439649,37.915620541693,5200,Θολότητα,"Τελικό Αποτέλεσμα",NTU,0.768
09/09/2024,23.706435208048,37.919600993522,5210,Θολότητα,"Τελικό Αποτέλεσμα",NTU,0.14
09/09/2024,23.704881330177,37.935219954091,5230,Θολότητα,"Τελικό Αποτέλεσμα",NTU,0.396
09/09/2024,23.757964952407,37.860354353668,5050,Θολότητα,"Τελικό Αποτέλεσμα",NTU,0.304
09/10/2023,23.72049547,37.94647249,160,Θολότητα,"Τελικό Αποτέλεσμα",NTU,0.481
09/10/2023,23.7232452,37.93440384,165,Θολότητα,"Τελικό Αποτέλεσμα",NTU,0.257
09/10/2023,23.69418089,37.99877315,7120,Θολότητα,"Τελικό Αποτέλεσμα",NTU,0.559
09/10/2023,23.67862566,37.97172973,7230,Θολότητα,"Τελικό Αποτέλεσμα",NTU,0.487
09/10/2023,23.68519653,37.97596579,7250,Θολότητα,"Τελικό Αποτέλεσμα",NTU,0.198
09/10/2023,23.69752839,37.97170234,7270,Θολότητα,"Τελικό Αποτέλεσμα",NTU,0.309
09/10/2023,23.71283325,37.96856483,7300,Θολότητα,"Τελικό Αποτέλεσμα",NTU,0.289
09/10/2023,23.71170376,37.97057149,7320,Θολότητα,"Τελικό Αποτέλεσμα",NTU,0.461
09/10/2023,23.71541292,38.00374961,8010,Θολότητα,"Τελικό Αποτέλεσμα",NTU,0.353
09/10/2023,23.7122762,37.98040557,8060,Θολότητα,"Τελικό Αποτέλεσμα",NTU,0.387
09/10/2023,23.68251737,37.96148113,8100,Θολότητα,"Τελικό Αποτέλεσμα",NTU,0.312
09/10/2023,23.70043454,37.962644,8140,Θολότητα,"Τελικό Αποτέλεσμα",NTU,0.341
09/10/2023,23.69959745,37.94970908,8170,Θολότητα,"Τελικό Αποτέλεσμα",NTU,0.249
09/10/2023,23.70623737,37.95093926,8190,Θολότητα,"Τελικό Αποτέλεσμα",NTU,0.256
09/10/2023,23.70891649,37.94569184,8210,Θολότητα,"Τελικό Αποτέλεσμα",NTU,0.552
09/10/2023,23.71621067,37.95514139,8260,Θολότητα,"Τελικό Αποτέλεσμα",NTU,0.256
09/10/2023,23.71457142,37.96617497,8270,Θολότητα,"Τελικό Αποτέλεσμα",NTU,0.346
09/10/2023,23.72176206,37.96483486,8280,Θολότητα,"Τελικό Αποτέλεσμα",NTU,0.291
09/10/2023,23.72614349,37.96555625,8290,Θολότητα,"Τελικό Αποτέλεσμα",NTU,0.449
09/10/2023,23.73089644,37.98300722,8350,Θολότητα,"Τελικό Αποτέλεσμα",NTU,0.267
09/10/2023,23.78300677,38.09159562,1940,Θολότητα,"Τελικό Αποτέλεσμα",NTU,0.199
09/10/2024,23.783006772263,38.091595618101,1940,Θολότητα,"Τελικό Αποτέλεσμα",NTU,0.195
09/10/2024,23.642117121438,37.933371936061,146,Θολότητα,"Τελικό Αποτέλεσμα",NTU,0.347
09/10/2024,23.685426227465,37.977076609772,6010,Θολότητα,"Τελικό Αποτέλεσμα",NTU,0.138
09/10/2024,23.660147196721,37.980291207729,6020,Θολότητα,"Τελικό Αποτέλεσμα",NTU,0.096
09/10/2024,23.656184913017,37.980594422153,6030,Θολότητα,"Τελικό Αποτέλεσμα",NTU,0.187
09/10/2024,23.653420670725,37.976887978332,6040,Θολότητα,"Τελικό Αποτέλεσμα",NTU,0.161
09/10/2024,23.633210429054,37.967000345107,6080,Θολότητα,"Τελικό Αποτέλεσμα",NTU,0.15
09/10/2024,23.623370187872,37.950398549294,6110,Θολότητα,"Τελικό Αποτέλεσμα",NTU,0.2
09/10/2024,23.642068896508,37.928344112851,6150,Θολότητα,"Τελικό Αποτέλεσμα",NTU,0.62
09/10/2024,23.62796265038,37.932334455589,6160,Θολότητα,"Τελικό Αποτέλεσμα",NTU,0.097
09/10/2024,23.65217192804,37.939622706754,6170,Θολότητα,"Τελικό Αποτέλεσμα",NTU,0.175
09/10/2024,23.673234118927,37.946109912673,6190,Θολότητα,"Τελικό Αποτέλεσμα",NTU,0.129
09/10/2024,23.680037411281,37.948096846566,6200,Θολότητα,"Τελικό Αποτέλεσμα",NTU,0.087
09/10/2024,23.691643963145,37.948013010856,6210,Θολότητα,"Τελικό Αποτέλεσμα",NTU,0.165
09/10/2024,23.694323188433,37.952417395875,6220,Θολότητα,"Τελικό Αποτέλεσμα",NTU,0.079
09/10/2024,23.640262686028,37.939614121045,6240,Θολότητα,"Τελικό Αποτέλεσμα",NTU,0.254
09/11/2023,23.72049547,37.94647249,160,Θολότητα,"Τελικό Αποτέλεσμα",NTU,0.352
09/11/2023,23.7232452,37.93440384,165,Θολότητα,"Τελικό Αποτέλεσμα",NTU,0.37
09/11/2023,23.69418089,37.99877315,7120,Θολότητα,"Τελικό Αποτέλεσμα",NTU,0.344
09/11/2023,23.66748989,37.95803203,7170,Θολότητα,"Τελικό Αποτέλεσμα",NTU,0.23
09/11/2023,23.67862566,37.97172973,7230,Θολότητα,"Τελικό Αποτέλεσμα",NTU,0.274
09/11/2023,23.68519653,37.97596579,7250,Θολότητα,"Τελικό Αποτέλεσμα",NTU,0.183
09/11/2023,23.69752839,37.97170234,7270,Θολότητα,"Τελικό Αποτέλεσμα",NTU,0.202
09/11/2023,23.71541292,38.00374961,8010,Θολότητα,"Τελικό Αποτέλεσμα",NTU,0.197
09/11/2023,23.71578119,37.99037338,8040,Θολότητα,"Τελικό Αποτέλεσμα",NTU,0.238
09/11/2023,23.7122762,37.98040557,8060,Θολότητα,"Τελικό Αποτέλεσμα",NTU,0.161
09/11/2023,23.68251737,37.96148113,8100,Θολότητα,"Τελικό Αποτέλεσμα",NTU,0.175
09/11/2023,23.70623737,37.95093926,8190,Θολότητα,"Τελικό Αποτέλεσμα",NTU,0.212
09/11/2023,23.70891649,37.94569184,8210,Θολότητα,"Τελικό Αποτέλεσμα",NTU,0.245
09/11/2023,23.71621067,37.95514139,8260,Θολότητα,"Τελικό Αποτέλεσμα",NTU,0.224
09/11/2023,23.73089644,37.98300722,8350,Θολότητα,"Τελικό Αποτέλεσμα",NTU,0.259
09/11/2023,23.78300677,38.09159562,1940,Θολότητα,"Τελικό Αποτέλεσμα",NTU,0.276
09/11/2024,23.783006772263,38.091595618101,1940,Θολότητα,"Τελικό Αποτέλεσμα",NTU,0.185
09/12/2023,23.78300677,38.09159562,1940,Θολότητα,"Τελικό Αποτέλεσμα",NTU,0.202
09/12/2024,23.489051854672,37.970435691217,2580,Θολότητα,"Τελικό Αποτέλεσμα",NTU,0.129
09/12/2024,23.520459758419,37.943585439066,1927,Θολότητα,"Τελικό Αποτέλεσμα",NTU,0.117
09/12/2024,23.46565744835,37.918493117875,1929,Θολότητα,"Τελικό Αποτέλεσμα",NTU,0.138
09/12/2024,23.490300544782,37.995447286627,1931,Θολότητα,"Τελικό Αποτέλεσμα",NTU,0.214
09/12/2024,23.7204954672,37.946472492133,160,Θολότητα,"Τελικό Αποτέλεσμα",NTU,0.194
09/12/2024,23.72324520128,37.934403839805,165,Θολότητα,"Τελικό Αποτέλεσμα",NTU,0.217
09/12/2024,23.694180891718,37.998773148457,7120,Θολότητα,"Τελικό Αποτέλεσμα",NTU,0.344
09/12/2024,23.667489894288,37.958032027277,7170,Θολότητα,"Τελικό Αποτέλεσμα",NTU,0.131
09/12/2024,23.678625660301,37.971729734496,7230,Θολότητα,"Τελικό Αποτέλεσμα",NTU,0.264
09/12/2024,23.685196529333,37.975965791401,7250,Θολότητα,"Τελικό Αποτέλεσμα",NTU,0.365
09/12/2024,23.712833251184,37.968564832502,7300,Θολότητα,"Τελικό Αποτέλεσμα",NTU,0.342
09/12/2024,23.711703762356,37.97057149043,7320,Θολότητα,"Τελικό Αποτέλεσμα",NTU,0.248
09/12/2024,23.715412919273,38.003749605504,8010,Θολότητα,"Τελικό Αποτέλεσμα",NTU,0.231
09/12/2024,23.71578119283,37.990373378915,8040,Θολότητα,"Τελικό Αποτέλεσμα",NTU,0.234
09/12/2024,23.712276196086,37.98040556765,8060,Θολότητα,"Τελικό Αποτέλεσμα",NTU,0.187
09/12/2024,23.714816823822,37.979430254073,8070,Θολότητα,"Τελικό Αποτέλεσμα",NTU,0.277
09/12/2024,23.68251737331,37.961481128285,8100,Θολότητα,"Τελικό Αποτέλεσμα",NTU,0.445
09/12/2024,23.700434539313,37.962643998348,8140,Θολότητα,"Τελικό Αποτέλεσμα",NTU,0.331
09/12/2024,23.706237365958,37.950939255691,8190,Θολότητα,"Τελικό Αποτέλεσμα",NTU,0.121
09/12/2024,23.71621067377,37.955141392609,8260,Θολότητα,"Τελικό Αποτέλεσμα",NTU,0.272
09/12/2024,23.714571416671,37.966174971534,8270,Θολότητα,"Τελικό Αποτέλεσμα",NTU,0.142
09/12/2024,23.721762060849,37.9648348571,8280,Θολότητα,"Τελικό Αποτέλεσμα",NTU,0.168
09/12/2024,23.726143493332,37.965556254079,8290,Θολότητα,"Τελικό Αποτέλεσμα",NTU,0.253
09/12/2024,23.730896444434,37.9830072171,8350,Θολότητα,"Τελικό Αποτέλεσμα",NTU,0.216
09/12/2024,23.697528385889,37.971702343756,7270,Θολότητα,"Τελικό Αποτέλεσμα",NTU,0.779
09/12/2024,23.783006772263,38.091595618101,1940,Θολότητα,"Τελικό Αποτέλεσμα",NTU,0.137
10/01/2023,23.33981264,38.00410848,225,Θολότητα,"Τελικό Αποτέλεσμα",NTU,0.11
10/01/2023,23.41003382,38.01212883,1960,Θολότητα,"Τελικό Αποτέλεσμα",NTU,0.637
10/01/2023,23.76621884,37.94149317,135,Θολότητα,"Τελικό Αποτέλεσμα",NTU,0.424
10/01/2023,23.70168246,37.91807243,137,Θολότητα,"Τελικό Αποτέλεσμα",NTU,0.119
10/01/2023,23.80223198,37.83311234,140,Θολότητα,"Τελικό Αποτέλεσμα",NTU,0.155
10/01/2023,23.74864808,37.91609723,5010,Θολότητα,"Τελικό Αποτέλεσμα",NTU,0.176
10/01/2023,23.75342223,37.90482065,5020,Θολότητα,"Τελικό Αποτέλεσμα",NTU,0.146
10/01/2023,23.74605589,37.88420804,5040,Θολότητα,"Τελικό Αποτέλεσμα",NTU,0.096
10/01/2023,23.75796495,37.86035435,5050,Θολότητα,"Τελικό Αποτέλεσμα",NTU,0.282
10/01/2023,23.76070017,37.8524034,5060,Θολότητα,"Τελικό Αποτέλεσμα",NTU,0.194
10/01/2023,23.75697704,37.84809852,5080,Θολότητα,"Τελικό Αποτέλεσμα",NTU,0.16
10/01/2023,23.76068543,37.81516677,5090,Θολότητα,"Τελικό Αποτέλεσμα",NTU,0.115
10/01/2023,23.77438684,37.81229933,5100,Θολότητα,"Τελικό Αποτέλεσμα",NTU,0.116
10/01/2023,23.78633796,37.82289436,5110,Θολότητα,"Τελικό Αποτέλεσμα",NTU,0.15
10/01/2023,23.79034019,37.83538362,5150,Θολότητα,"Τελικό Αποτέλεσμα",NTU,0.12
10/01/2023,23.73997328,37.86958627,5160,Θολότητα,"Τελικό Αποτέλεσμα",NTU,0.128
10/01/2023,23.72543914,37.88816507,5170,Θολότητα,"Τελικό Αποτέλεσμα",NTU,0.156
10/01/2023,23.72008222,37.90342424,5180,Θολότητα,"Τελικό Αποτέλεσμα",NTU,0.15
10/01/2023,23.71284044,37.91562054,5200,Θολότητα,"Τελικό Αποτέλεσμα",NTU,0.525
10/01/2023,23.70643521,37.91960099,5210,Θολότητα,"Τελικό Αποτέλεσμα",NTU,0.166
10/01/2023,23.70488133,37.93521995,5230,Θολότητα,"Τελικό Αποτέλεσμα",NTU,0.151
10/01/2023,23.78300677,38.09159562,1940,Θολότητα,"Τελικό Αποτέλεσμα",NTU,0.169
10/01/2025,23.489051854672,37.970435691217,2580,Θολότητα,"Τελικό Αποτέλεσμα",NTU,0.274
10/01/2025,23.520459758419,37.943585439066,1927,Θολότητα,"Τελικό Αποτέλεσμα",NTU,0.353
10/01/2025,23.46565744835,37.918493117875,1929,Θολότητα,"Τελικό Αποτέλεσμα",NTU,0.13
10/01/2025,23.490300544782,37.995447286627,1931,Θολότητα,"Τελικό Αποτέλεσμα",NTU,0.681
10/01/2025,23.701682457361,37.918072433642,137,Θολότητα,"Τελικό Αποτέλεσμα",NTU,0.215
10/01/2025,23.802231976799,37.833112339241,140,Θολότητα,"Τελικό Αποτέλεσμα",NTU,0.245
10/01/2025,23.748648075769,37.916097225199,5010,Θολότητα,"Τελικό Αποτέλεσμα",NTU,0.305
10/01/2025,23.753422230835,37.904820647992,5020,Θολότητα,"Τελικό Αποτέλεσμα",NTU,0.15
10/01/2025,23.744700128802,37.889940171291,5030,Θολότητα,"Τελικό Αποτέλεσμα",NTU,0.363
10/01/2025,23.746055892182,37.884208036564,5040,Θολότητα,"Τελικό Αποτέλεσμα",NTU,0.286
10/01/2025,23.757964952407,37.860354353668,5050,Θολότητα,"Τελικό Αποτέλεσμα",NTU,0.316
10/01/2025,23.760700167651,37.852403396879,5060,Θολότητα,"Τελικό Αποτέλεσμα",NTU,0.16
10/01/2025,23.756977040295,37.848098522763,5080,Θολότητα,"Τελικό Αποτέλεσμα",NTU,0.099
10/01/2025,23.760685434504,37.8151667674,5090,Θολότητα,"Τελικό Αποτέλεσμα",NTU,0.186
10/01/2025,23.774386839978,37.81229932964,5100,Θολότητα,"Τελικό Αποτέλεσμα",NTU,0.177
10/01/2025,23.786337962388,37.822894363003,5110,Θολότητα,"Τελικό Αποτέλεσμα",NTU,0.28
10/01/2025,23.790340187783,37.835383621964,5150,Θολότητα,"Τελικό Αποτέλεσμα",NTU,0.168
10/01/2025,23.739973276711,37.869586272318,5160,Θολότητα,"Τελικό Αποτέλεσμα",NTU,0.121
10/01/2025,23.72543913784,37.888165068231,5170,Θολότητα,"Τελικό Αποτέλεσμα",NTU,0.142
10/01/2025,23.720082218937,37.903424243123,5180,Θολότητα,"Τελικό Αποτέλεσμα",NTU,0.233
10/01/2025,23.71413660329,37.912707373341,5190,Θολότητα,"Τελικό Αποτέλεσμα",NTU,0.275
10/01/2025,23.712840439649,37.915620541693,5200,Θολότητα,"Τελικό Αποτέλεσμα",NTU,0.174
10/01/2025,23.706435208048,37.919600993522,5210,Θολότητα,"Τελικό Αποτέλεσμα",NTU,0.17
10/01/2025,23.704881330177,37.935219954091,5230,Θολότητα,"Τελικό Αποτέλεσμα",NTU,0.194
10/01/2025,23.33981263989,38.004108484322,225,Θολότητα,"Τελικό Αποτέλεσμα",NTU,0.116
10/01/2025,23.531536570322,38.071725317014,2260,Θολότητα,"Τελικό Αποτέλεσμα",NTU,0.085
10/01/2025,23.751213344423,38.120529261783,2270,Θολότητα,"Τελικό Αποτέλεσμα",NTU,0.094
10/01/2025,23.783006772263,38.091595618101,1940,Θολότητα,"Τελικό Αποτέλεσμα",NTU,0.123
10/01/2025,23.794652964206,38.035148911359,235,Θολότητα,"Τελικό Αποτέλεσμα",NTU,0.431
10/02/2023,23.78300677,38.09159562,1940,Θολότητα,"Τελικό Αποτέλεσμα",NTU,0.217
10/02/2023,23.50231957,37.96481152,170,Θολότητα,"Τελικό Αποτέλεσμα",NTU,0.149
10/02/2023,23.5289617,37.96581528,2540,Θολότητα,"Τελικό Αποτέλεσμα",NTU,0.146
10/02/2023,23.53503262,37.95677855,2550,Θολότητα,"Τελικό Αποτέλεσμα",NTU,0.271
10/02/2023,23.46773064,37.92181628,2600,Θολότητα,"Τελικό Αποτέλεσμα",NTU,0.228
10/02/2023,23.49475198,37.96793762,2630,Θολότητα,"Τελικό Αποτέλεσμα",NTU,0.186
10/02/2023,23.48803323,37.96254865,2660,Θολότητα,"Τελικό Αποτέλεσμα",NTU,0.145
10/02/2023,23.44062195,37.9258773,2680,Θολότητα,"Τελικό Αποτέλεσμα",NTU,0.356
10/02/2023,23.52415052,37.96223485,2690,Θολότητα,"Τελικό Αποτέλεσμα",NTU,0.475
10/02/2025,23.783006772263,38.091595618101,1940,Θολότητα,"Τελικό Αποτέλεσμα",NTU,0.227
10/02/2025,23.7204954672,37.946472492133,160,Θολότητα,"Τελικό Αποτέλεσμα",NTU,0.219
10/02/2025,23.72324520128,37.934403839805,165,Θολότητα,"Τελικό Αποτέλεσμα",NTU,0.3
10/02/2025,23.694180891718,37.998773148457,7120,Θολότητα,"Τελικό Αποτέλεσμα",NTU,0.509
10/02/2025,23.667489894288,37.958032027277,7170,Θολότητα,"Τελικό Αποτέλεσμα",NTU,0.251
10/02/2025,23.678625660301,37.971729734496,7230,Θολότητα,"Τελικό Αποτέλεσμα",NTU,0.209
10/02/2025,23.685196529333,37.975965791401,7250,Θολότητα,"Τελικό Αποτέλεσμα",NTU,0.18
10/02/2025,23.697528385889,37.971702343756,7270,Θολότητα,"Τελικό Αποτέλεσμα",NTU,0.201
10/02/2025,23.712833251184,37.968564832502,7300,Θολότητα,"Τελικό Αποτέλεσμα",NTU,0.156
10/02/2025,23.711703762356,37.97057149043,7320,Θολότητα,"Τελικό Αποτέλεσμα",NTU,0.22
10/02/2025,23.715412919273,38.003749605504,8010,Θολότητα,"Τελικό Αποτέλεσμα",NTU,0.109
10/02/2025,23.71578119283,37.990373378915,8040,Θολότητα,"Τελικό Αποτέλεσμα",NTU,0.18
10/02/2025,23.712276196086,37.98040556765,8060,Θολότητα,"Τελικό Αποτέλεσμα",NTU,0.152
10/02/2025,23.68251737331,37.961481128285,8100,Θολότητα,"Τελικό Αποτέλεσμα",NTU,0.279
10/02/2025,23.700434539313,37.962643998348,8140,Θολότητα,"Τελικό Αποτέλεσμα",NTU,0.29
10/02/2025,23.706237365958,37.950939255691,8190,Θολότητα,"Τελικό Αποτέλεσμα",NTU,0.342
10/02/2025,23.70891649437,37.945691840045,8210,Θολότητα,"Τελικό Αποτέλεσμα",NTU,0.175
10/02/2025,23.71621067377,37.955141392609,8260,Θολότητα,"Τελικό Αποτέλεσμα",NTU,0.157
10/02/2025,23.721762060849,37.9648348571,8280,Θολότητα,"Τελικό Αποτέλεσμα",NTU,0.245
10/02/2025,23.726143493332,37.965556254079,8290,Θολότητα,"Τελικό Αποτέλεσμα",NTU,0.124
10/02/2025,23.794882287985,37.837449849635,1912,Θολότητα,"Τελικό Αποτέλεσμα",NTU,0.215
10/03/2023,23.5289617,37.96581528,2540,Θολότητα,"Τελικό Αποτέλεσμα",NTU,0.113
10/03/2023,23.53503262,37.95677855,2550,Θολότητα,"Τελικό Αποτέλεσμα",NTU,0.112
10/03/2023,23.46773064,37.92181628,2600,Θολότητα,"Τελικό Αποτέλεσμα",NTU,0.092
10/03/2023,23.49475198,37.96793762,2630,Θολότητα,"Τελικό Αποτέλεσμα",NTU,0.208
10/03/2023,23.48803323,37.96254865,2660,Θολότητα,"Τελικό Αποτέλεσμα",NTU,0.162
10/03/2023,23.44062195,37.9258773,2680,Θολότητα,"Τελικό Αποτέλεσμα",NTU,0.11
10/03/2023,23.52415052,37.96223485,2690,Θολότητα,"Τελικό Αποτέλεσμα",NTU,0.128
10/03/2023,23.78300677,38.09159562,1940,Θολότητα,"Τελικό Αποτέλεσμα",NTU,0.233
10/03/2023,23.41656871,37.91177786,1967,Θολότητα,"Τελικό Αποτέλεσμα",NTU,0.574
10/03/2023,23.4174242,37.90741906,2601,Θολότητα,"Τελικό Αποτέλεσμα",NTU,0.462
10/03/2025,23.642117121438,37.933371936061,146,Θολότητα,"Τελικό Αποτέλεσμα",NTU,0.139
10/03/2025,23.685426227465,37.977076609772,6010,Θολότητα,"Τελικό Αποτέλεσμα",NTU,0.166
10/03/2025,23.660147196721,37.980291207729,6020,Θολότητα,"Τελικό Αποτέλεσμα",NTU,0.302
10/03/2025,23.656184913017,37.980594422153,6030,Θολότητα,"Τελικό Αποτέλεσμα",NTU,0.171
10/03/2025,23.653420670725,37.976887978332,6040,Θολότητα,"Τελικό Αποτέλεσμα",NTU,0.169
10/03/2025,23.640200994864,37.973616459939,6060,Θολότητα,"Τελικό Αποτέλεσμα",NTU,0.149
10/03/2025,23.633210429054,37.967000345107,6080,Θολότητα,"Τελικό Αποτέλεσμα",NTU,0.219
10/03/2025,23.623370187872,37.950398549294,6110,Θολότητα,"Τελικό Αποτέλεσμα",NTU,0.187
10/03/2025,23.634009487857,37.953472259917,6120,Θολότητα,"Τελικό Αποτέλεσμα",NTU,0.554
10/03/2025,23.633733840369,37.950873888977,6130,Θολότητα,"Τελικό Αποτέλεσμα",NTU,0.173
10/03/2025,23.642068896508,37.928344112851,6150,Θολότητα,"Τελικό Αποτέλεσμα",NTU,0.161
10/03/2025,23.65217192804,37.939622706754,6170,Θολότητα,"Τελικό Αποτέλεσμα",NTU,0.212
10/03/2025,23.673234118927,37.946109912673,6190,Θολότητα,"Τελικό Αποτέλεσμα",NTU,0.16
10/03/2025,23.691643963145,37.948013010856,6210,Θολότητα,"Τελικό Αποτέλεσμα",NTU,0.518
10/03/2025,23.694323188433,37.952417395875,6220,Θολότητα,"Τελικό Αποτέλεσμα",NTU,0.216
10/03/2025,23.640262686028,37.939614121045,6240,Θολότητα,"Τελικό Αποτέλεσμα",NTU,0.116
10/03/2025,23.783006772263,38.091595618101,1940,Θολότητα,"Τελικό Αποτέλεσμα",NTU,0.204
10/04/2023,23.41656871,37.91177786,1967,Θολότητα,"Τελικό Αποτέλεσμα",NTU,0.188
10/04/2023,23.4174242,37.90741906,2601,Θολότητα,"Τελικό Αποτέλεσμα",NTU,0.283
10/04/2023,23.78300677,38.09159562,1940,Θολότητα,"Τελικό Αποτέλεσμα",NTU,0.335
10/04/2023,23.76331913,37.9671107,120,Θολότητα,"Τελικό Αποτέλεσμα",NTU,0.348
10/04/2023,23.76373822,37.96231002,125,Θολότητα,"Τελικό Αποτέλεσμα",NTU,0.265
10/04/2023,23.74628153,37.95494925,130,Θολότητα,"Τελικό Αποτέλεσμα",NTU,0.275
10/04/2023,23.76902716,37.99339131,4010,Θολότητα,"Τελικό Αποτέλεσμα",NTU,0.519
10/04/2023,23.77648607,37.99622098,4020,Θολότητα,"Τελικό Αποτέλεσμα",NTU,0.135
10/04/2023,23.77644626,37.99275168,4030,Θολότητα,"Τελικό Αποτέλεσμα",NTU,0.228
10/04/2023,23.768783,37.9828978,4040,Θολότητα,"Τελικό Αποτέλεσμα",NTU,0.411
10/04/2023,23.77656931,37.97125316,4060,Θολότητα,"Τελικό Αποτέλεσμα",NTU,0.28
10/04/2023,23.77323663,37.96994397,4070,Θολότητα,"Τελικό Αποτέλεσμα",NTU,0.374
10/04/2023,23.76210863,37.97447332,4080,Θολότητα,"Τελικό Αποτέλεσμα",NTU,0.188
10/04/2023,23.75945557,37.97068504,4090,Θολότητα,"Τελικό Αποτέλεσμα",NTU,0.221
10/04/2023,23.77359043,37.94663449,4100,Θολότητα,"Τελικό Αποτέλεσμα",NTU,0.203
10/04/2023,23.75841416,37.95734094,4110,Θολότητα,"Τελικό Αποτέλεσμα",NTU,0.222
10/04/2023,23.7483243,37.95728104,4120,Θολότητα,"Τελικό Αποτέλεσμα",NTU,0.152
10/04/2023,23.7419006,37.95316688,4140,Θολότητα,"Τελικό Αποτέλεσμα",NTU,0.285
10/04/2023,23.75099403,37.93022254,4160,Θολότητα,"Τελικό Αποτέλεσμα",NTU,0.221
10/04/2023,23.73717945,37.92398915,4170,Θολότητα,"Τελικό Αποτέλεσμα",NTU,0.901
10/04/2023,23.73449966,37.92178254,4180,Θολότητα,"Τελικό Αποτέλεσμα",NTU,0.215
10/04/2023,23.72863096,37.93616832,4190,Θολότητα,"Τελικό Αποτέλεσμα",NTU,0.219
10/04/2023,23.72659763,37.95526612,4230,Θολότητα,"Τελικό Αποτέλεσμα",NTU,0.25
10/04/2023,23.72688782,37.95811379,4240,Θολότητα,"Τελικό Αποτέλεσμα",NTU,0.196
10/04/2025,23.502319573731,37.96481151634,170,Θολότητα,"Τελικό Αποτέλεσμα",NTU,0.589
10/04/2025,23.535032621057,37.956778546223,2550,Θολότητα,"Τελικό Αποτέλεσμα",NTU,0.237
10/04/2025,23.4677306424,37.921816278707,2600,Θολότητα,"Τελικό Αποτέλεσμα",NTU,0.214
10/04/2025,23.494751977414,37.967937622846,2630,Θολότητα,"Τελικό Αποτέλεσμα",NTU,0.216
10/04/2025,23.488033230766,37.962548651207,2660,Θολότητα,"Τελικό Αποτέλεσμα",NTU,0.156
10/04/2025,23.524150518993,37.96223485381,2690,Θολότητα,"Τελικό Αποτέλεσμα",NTU,0.164
10/04/2025,23.783006772263,38.091595618101,1940,Θολότητα,"Τελικό Αποτέλεσμα",NTU,0.253
10/04/2025,23.64440874197,37.959511773378,1928,Θολότητα,"Τελικό Αποτέλεσμα",NTU,0.137
10/04/2025,23.655737542216,37.93998667845,1930,Θολότητα,"Τελικό Αποτέλεσμα",NTU,0.176
10/04/2025,23.686325223496,38.049805201469,1939,Θολότητα,"Τελικό Αποτέλεσμα",NTU,0.192
10/04/2025,23.577422634042,37.968422519545,1943,Θολότητα,"Τελικό Αποτέλεσμα",NTU,0.17
10/04/2025,23.576866413715,37.966827860412,1945,Θολότητα,"Τελικό Αποτέλεσμα",NTU,0.15
10/05/2023,23.78300677,38.09159562,1940,Θολότητα,"Τελικό Αποτέλεσμα",NTU,0.282
10/05/2023,23.59521034,38.06468139,2810,Θολότητα,"Τελικό Αποτέλεσμα",NTU,0.063
10/05/2023,23.58213759,38.06052513,2820,Θολότητα,"Τελικό Αποτέλεσμα",NTU,0.109
10/05/2023,23.58754823,38.0664655,2830,Θολότητα,"Τελικό Αποτέλεσμα",NTU,0.107
10/05/2023,23.5318038,38.05090121,2840,Θολότητα,"Τελικό Αποτέλεσμα",NTU,0.124
10/05/2023,23.54270396,38.04336154,2850,Θολότητα,"Τελικό Αποτέλεσμα",NTU,0.828
10/05/2023,23.53939487,38.0361051,2860,Θολότητα,"Τελικό Αποτέλεσμα",NTU,0.072
10/05/2023,23.54885279,38.03762139,2870,Θολότητα,"Τελικό Αποτέλεσμα",NTU,0.082
10/05/2023,23.73922598,38.06256112,2880,Θολότητα,"Τελικό Αποτέλεσμα",NTU,0.339
10/05/2023,23.73746872,38.08509072,2890,Θολότητα,"Τελικό Αποτέλεσμα",NTU,0.667
10/05/2023,23.73650425,38.09500514,2910,Θολότητα,"Τελικό Αποτέλεσμα",NTU,0.5
10/05/2023,23.73035923,38.1155281,2920,Θολότητα,"Τελικό Αποτέλεσμα",NTU,0.252
10/05/2023,23.52463973,38.07593845,2801,Θολότητα,"Τελικό Αποτέλεσμα",NTU,0.181
10/05/2023,23.59085666,38.05767841,2801,Θολότητα,"Τελικό Αποτέλεσμα",NTU,0.181
10/05/2024,23.783006772263,38.091595618101,1940,Θολότητα,"Τελικό Αποτέλεσμα",NTU,0.221
10/05/2024,23.642117121438,37.933371936061,146,Θολότητα,"Τελικό Αποτέλεσμα",NTU,0.115
10/05/2024,23.685426227465,37.977076609772,6010,Θολότητα,"Τελικό Αποτέλεσμα",NTU,0.108
10/05/2024,23.660147196721,37.980291207729,6020,Θολότητα,"Τελικό Αποτέλεσμα",NTU,0.192
10/05/2024,23.656184913017,37.980594422153,6030,Θολότητα,"Τελικό Αποτέλεσμα",NTU,0.154
10/05/2024,23.653420670725,37.976887978332,6040,Θολότητα,"Τελικό Αποτέλεσμα",NTU,0.103
10/05/2024,23.639896339554,37.977549997131,6050,Θολότητα,"Τελικό Αποτέλεσμα",NTU,0.19
10/05/2024,23.640200994864,37.973616459939,6060,Θολότητα,"Τελικό Αποτέλεσμα",NTU,0.628
10/05/2024,23.633210429054,37.967000345107,6080,Θολότητα,"Τελικό Αποτέλεσμα",NTU,0.16
10/05/2024,23.623370187872,37.950398549294,6110,Θολότητα,"Τελικό Αποτέλεσμα",NTU,0.111
10/05/2024,23.634009487857,37.953472259917,6120,Θολότητα,"Τελικό Αποτέλεσμα",NTU,0.122
10/05/2024,23.633733840369,37.950873888977,6130,Θολότητα,"Τελικό Αποτέλεσμα",NTU,0.162
10/05/2024,23.642068896508,37.928344112851,6150,Θολότητα,"Τελικό Αποτέλεσμα",NTU,0.603
10/05/2024,23.62796265038,37.932334455589,6160,Θολότητα,"Τελικό Αποτέλεσμα",NTU,0.193
10/05/2024,23.673234118927,37.946109912673,6190,Θολότητα,"Τελικό Αποτέλεσμα",NTU,0.258
10/05/2024,23.691643963145,37.948013010856,6210,Θολότητα,"Τελικό Αποτέλεσμα",NTU,0.544
10/05/2024,23.694323188433,37.952417395875,6220,Θολότητα,"Τελικό Αποτέλεσμα",NTU,0.355
10/05/2024,23.640262686028,37.939614121045,6240,Θολότητα,"Τελικό Αποτέλεσμα",NTU,0.211
10/05/2024,23.65217192804,37.939622706754,6170,Θολότητα,"Τελικό Αποτέλεσμα",NTU,0.386
10/05/2025,23.783006772263,38.091595618101,1940,Θολότητα,"Τελικό Αποτέλεσμα",NTU,0.217
10/06/2023,23.78300677,38.09159562,1940,Θολότητα,"Τελικό Αποτέλεσμα",NTU,0.233
10/06/2024,23.783006772263,38.091595618101,1940,Θολότητα,"Τελικό Αποτέλεσμα",NTU,0.288
10/06/2024,23.839340877075,38.008846343525,1910,Θολότητα,"Τελικό Αποτέλεσμα",NTU,0.239
10/06/2024,23.834058289847,38.055035361725,13210,Θολότητα,"Τελικό Αποτέλεσμα",NTU,0.273
10/06/2024,23.850343123164,38.064696002617,13250,Θολότητα,"Τελικό Αποτέλεσμα",NTU,0.192
10/06/2024,23.762975326718,38.014149073434,1951,Θολότητα,"Τελικό Αποτέλεσμα",NTU,0.212
10/06/2024,23.765100402535,38.018891552708,1952,Θολότητα,"Τελικό Αποτέλεσμα",NTU,0.227
10/06/2024,23.805701939805,37.98977288987,1953,Θολότητα,"Τελικό Αποτέλεσμα",NTU,0.231
10/06/2024,23.877462910757,38.060150004,1957,Θολότητα,"Τελικό Αποτέλεσμα",NTU,0.193
10/06/2024,23.850058780234,38.064487896413,1958,Θολότητα,"Τελικό Αποτέλεσμα",NTU,0.146
10/06/2024,23.871650152448,38.05010024616,1911,Θολότητα,"Τελικό Αποτέλεσμα",NTU,0.196
10/06/2024,23.72324520128,37.934403839805,165,Θολότητα,"Τελικό Αποτέλεσμα",NTU,0.886
10/06/2024,23.694180891718,37.998773148457,7120,Θολότητα,"Τελικό Αποτέλεσμα",NTU,0.188
10/06/2024,23.667489894288,37.958032027277,7170,Θολότητα,"Τελικό Αποτέλεσμα",NTU,0.77
10/06/2024,23.678625660301,37.971729734496,7230,Θολότητα,"Τελικό Αποτέλεσμα",NTU,0.185
10/06/2024,23.685196529333,37.975965791401,7250,Θολότητα,"Τελικό Αποτέλεσμα",NTU,0.132
10/06/2024,23.697528385889,37.971702343756,7270,Θολότητα,"Τελικό Αποτέλεσμα",NTU,0.165
10/06/2024,23.712833251184,37.968564832502,7300,Θολότητα,"Τελικό Αποτέλεσμα",NTU,0.112
10/06/2024,23.711703762356,37.97057149043,7320,Θολότητα,"Τελικό Αποτέλεσμα",NTU,0.287
10/06/2024,23.715412919273,38.003749605504,8010,Θολότητα,"Τελικό Αποτέλεσμα",NTU,0.237
10/06/2024,23.71578119283,37.990373378915,8040,Θολότητα,"Τελικό Αποτέλεσμα",NTU,0.259
10/06/2024,23.712276196086,37.98040556765,8060,Θολότητα,"Τελικό Αποτέλεσμα",NTU,0.223
10/06/2024,23.714816823822,37.979430254073,8070,Θολότητα,"Τελικό Αποτέλεσμα",NTU,0.235
10/06/2024,23.68251737331,37.961481128285,8100,Θολότητα,"Τελικό Αποτέλεσμα",NTU,0.178
10/06/2024,23.700434539313,37.962643998348,8140,Θολότητα,"Τελικό Αποτέλεσμα",NTU,0.128
10/06/2024,23.699597448709,37.949709083863,8170,Θολότητα,"Τελικό Αποτέλεσμα",NTU,0.984
10/06/2024,23.706237365958,37.950939255691,8190,Θολότητα,"Τελικό Αποτέλεσμα",NTU,0.26
10/06/2024,23.70891649437,37.945691840045,8210,Θολότητα,"Τελικό Αποτέλεσμα",NTU,0.248
10/06/2024,23.71621067377,37.955141392609,8260,Θολότητα,"Τελικό Αποτέλεσμα",NTU,0.298
10/06/2024,23.714571416671,37.966174971534,8270,Θολότητα,"Τελικό Αποτέλεσμα",NTU,0.102
10/06/2024,23.721762060849,37.9648348571,8280,Θολότητα,"Τελικό Αποτέλεσμα",NTU,0.129
10/06/2024,23.726143493332,37.965556254079,8290,Θολότητα,"Τελικό Αποτέλεσμα",NTU,0.336
10/06/2024,23.730896444434,37.9830072171,8350,Θολότητα,"Τελικό Αποτέλεσμα",NTU,0.375
10/06/2025,23.7204954672,37.946472492133,160,Θολότητα,"Τελικό Αποτέλεσμα",NTU,0.231
10/06/2025,23.72324520128,37.934403839805,165,Θολότητα,"Τελικό Αποτέλεσμα",NTU,0.227
10/06/2025,23.694180891718,37.998773148457,7120,Θολότητα,"Τελικό Αποτέλεσμα",NTU,0.389
10/06/2025,23.667489894288,37.958032027277,7170,Θολότητα,"Τελικό Αποτέλεσμα",NTU,0.258
10/06/2025,23.678625660301,37.971729734496,7230,Θολότητα,"Τελικό Αποτέλεσμα",NTU,0.277
10/06/2025,23.685196529333,37.975965791401,7250,Θολότητα,"Τελικό Αποτέλεσμα",NTU,0.276
10/06/2025,23.697528385889,37.971702343756,7270,Θολότητα,"Τελικό Αποτέλεσμα",NTU,0.616
10/06/2025,23.712833251184,37.968564832502,7300,Θολότητα,"Τελικό Αποτέλεσμα",NTU,0.174
10/06/2025,23.711703762356,37.97057149043,7320,Θολότητα,"Τελικό Αποτέλεσμα",NTU,0.376
10/06/2025,23.715412919273,38.003749605504,8010,Θολότητα,"Τελικό Αποτέλεσμα",NTU,0.205
10/06/2025,23.71578119283,37.990373378915,8040,Θολότητα,"Τελικό Αποτέλεσμα",NTU,0.249
10/06/2025,23.712276196086,37.98040556765,8060,Θολότητα,"Τελικό Αποτέλεσμα",NTU,0.279
10/06/2025,23.68251737331,37.961481128285,8100,Θολότητα,"Τελικό Αποτέλεσμα",NTU,0.197
10/06/2025,23.700434539313,37.962643998348,8140,Θολότητα,"Τελικό Αποτέλεσμα",NTU,0.322
10/06/2025,23.70891649437,37.945691840045,8210,Θολότητα,"Τελικό Αποτέλεσμα",NTU,0.239
10/06/2025,23.71621067377,37.955141392609,8260,Θολότητα,"Τελικό Αποτέλεσμα",NTU,0.376
10/06/2025,23.714571416671,37.966174971534,8270,Θολότητα,"Τελικό Αποτέλεσμα",NTU,0.225
10/06/2025,23.726143493332,37.965556254079,8290,Θολότητα,"Τελικό Αποτέλεσμα",NTU,0.218
10/06/2025,23.730896444434,37.9830072171,8350,Θολότητα,"Τελικό Αποτέλεσμα",NTU,0.177
10/06/2025,22.898432401038,38.254054888272,7011,Θολότητα,"Τελικό Αποτέλεσμα",NTU,0.276
10/07/2023,23.78300677,38.09159562,1940,Θολότητα,"Τελικό Αποτέλεσμα",NTU,0.236
10/07/2023,23.64211712,37.93337194,146,Θολότητα,"Τελικό Αποτέλεσμα",NTU,0.149
10/07/2023,23.68542623,37.97707661,6010,Θολότητα,"Τελικό Αποτέλεσμα",NTU,0.842
10/07/2023,23.6601472,37.98029121,6020,Θολότητα,"Τελικό Αποτέλεσμα",NTU,0.212
10/07/2023,23.65618491,37.98059442,6030,Θολότητα,"Τελικό Αποτέλεσμα",NTU,0.146
10/07/2023,23.65342067,37.97688798,6040,Θολότητα,"Τελικό Αποτέλεσμα",NTU,0.122
10/07/2023,23.63989634,37.97755,6050,Θολότητα,"Τελικό Αποτέλεσμα",NTU,0.328
10/07/2023,23.64020099,37.97361646,6060,Θολότητα,"Τελικό Αποτέλεσμα",NTU,0.225
10/07/2023,23.63321043,37.96700035,6080,Θολότητα,"Τελικό Αποτέλεσμα",NTU,0.257
10/07/2023,23.62337019,37.95039855,6110,Θολότητα,"Τελικό Αποτέλεσμα",NTU,0.112
10/07/2023,23.63400949,37.95347226,6120,Θολότητα,"Τελικό Αποτέλεσμα",NTU,0.616
10/07/2023,23.63373384,37.95087389,6130,Θολότητα,"Τελικό Αποτέλεσμα",NTU,0.174
10/07/2023,23.6420689,37.92834411,6150,Θολότητα,"Τελικό Αποτέλεσμα",NTU,0.791
10/07/2023,23.62796265,37.93233446,6160,Θολότητα,"Τελικό Αποτέλεσμα",NTU,0.353
10/07/2023,23.65217193,37.93962271,6170,Θολότητα,"Τελικό Αποτέλεσμα",NTU,0.802
10/07/2023,23.67323412,37.94610991,6190,Θολότητα,"Τελικό Αποτέλεσμα",NTU,0.216
10/07/2023,23.69164396,37.94801301,6210,Θολότητα,"Τελικό Αποτέλεσμα",NTU,0.56
10/07/2023,23.69432319,37.9524174,6220,Θολότητα,"Τελικό Αποτέλεσμα",NTU,0.146
10/07/2023,23.64026269,37.93961412,6240,Θολότητα,"Τελικό Αποτέλεσμα",NTU,0.189
10/07/2024,23.783006772263,38.091595618101,1940,Θολότητα,"Τελικό Αποτέλεσμα",NTU,0.19
10/07/2024,23.502319573731,37.96481151634,170,Θολότητα,"Τελικό Αποτέλεσμα",NTU,0.248
10/07/2024,23.52896170005,37.965815276592,2540,Θολότητα,"Τελικό Αποτέλεσμα",NTU,0.156
10/07/2024,23.535032621057,37.956778546223,2550,Θολότητα,"Τελικό Αποτέλεσμα",NTU,0.242
10/07/2024,23.4677306424,37.921816278707,2600,Θολότητα,"Τελικό Αποτέλεσμα",NTU,0.093
10/07/2024,23.494751977414,37.967937622846,2630,Θολότητα,"Τελικό Αποτέλεσμα",NTU,0.397
10/07/2024,23.488033230766,37.962548651207,2660,Θολότητα,"Τελικό Αποτέλεσμα",NTU,0.287
10/07/2024,23.440621950822,37.925877301176,2680,Θολότητα,"Τελικό Αποτέλεσμα",NTU,0.21
10/07/2024,23.524150518993,37.96223485381,2690,Θολότητα,"Τελικό Αποτέλεσμα",NTU,0.106
10/07/2025,23.7204954672,37.946472492133,160,Θολότητα,"Τελικό Αποτέλεσμα",NTU,0.226
10/07/2025,23.72324520128,37.934403839805,165,Θολότητα,"Τελικό Αποτέλεσμα",NTU,0.298
10/07/2025,23.694180891718,37.998773148457,7120,Θολότητα,"Τελικό Αποτέλεσμα",NTU,0.216
10/07/2025,23.667489894288,37.958032027277,7170,Θολότητα,"Τελικό Αποτέλεσμα",NTU,0.435
10/07/2025,23.678625660301,37.971729734496,7230,Θολότητα,"Τελικό Αποτέλεσμα",NTU,0.299
10/07/2025,23.685196529333,37.975965791401,7250,Θολότητα,"Τελικό Αποτέλεσμα",NTU,0.143
10/07/2025,23.697528385889,37.971702343756,7270,Θολότητα,"Τελικό Αποτέλεσμα",NTU,0.136
10/07/2025,23.712833251184,37.968564832502,7300,Θολότητα,"Τελικό Αποτέλεσμα",NTU,0.128
10/07/2025,23.715412919273,38.003749605504,8010,Θολότητα,"Τελικό Αποτέλεσμα",NTU,0.144
10/07/2025,23.71578119283,37.990373378915,8040,Θολότητα,"Τελικό Αποτέλεσμα",NTU,0.211
10/07/2025,23.712276196086,37.98040556765,8060,Θολότητα,"Τελικό Αποτέλεσμα",NTU,0.109
10/07/2025,23.68251737331,37.961481128285,8100,Θολότητα,"Τελικό Αποτέλεσμα",NTU,0.306
10/07/2025,23.700434539313,37.962643998348,8140,Θολότητα,"Τελικό Αποτέλεσμα",NTU,0.214
10/07/2025,23.699597448709,37.949709083863,8170,Θολότητα,"Τελικό Αποτέλεσμα",NTU,0.655
10/07/2025,23.706237365958,37.950939255691,8190,Θολότητα,"Τελικό Αποτέλεσμα",NTU,0.146
10/07/2025,23.70891649437,37.945691840045,8210,Θολότητα,"Τελικό Αποτέλεσμα",NTU,0.156
10/07/2025,23.71621067377,37.955141392609,8260,Θολότητα,"Τελικό Αποτέλεσμα",NTU,0.406
10/07/2025,23.714571416671,37.966174971534,8270,Θολότητα,"Τελικό Αποτέλεσμα",NTU,0.133
10/07/2025,23.721762060849,37.9648348571,8280,Θολότητα,"Τελικό Αποτέλεσμα",NTU,0.395
10/07/2025,23.726143493332,37.965556254079,8290,Θολότητα,"Τελικό Αποτέλεσμα",NTU,0.478
10/07/2025,23.730896444434,37.9830072171,8350,Θολότητα,"Τελικό Αποτέλεσμα",NTU,0.436
10/08/2023,23.78300677,38.09159562,1940,Θολότητα,"Τελικό Αποτέλεσμα",NTU,0.233
10/08/2023,23.50231957,37.96481152,170,Θολότητα,"Τελικό Αποτέλεσμα",NTU,0.766
10/08/2023,23.5289617,37.96581528,2540,Θολότητα,"Τελικό Αποτέλεσμα",NTU,0.106
10/08/2023,23.53503262,37.95677855,2550,Θολότητα,"Τελικό Αποτέλεσμα",NTU,0.266
10/08/2023,23.46773064,37.92181628,2600,Θολότητα,"Τελικό Αποτέλεσμα",NTU,0.28
10/08/2023,23.48803323,37.96254865,2660,Θολότητα,"Τελικό Αποτέλεσμα",NTU,0.286
10/08/2023,23.44062195,37.9258773,2680,Θολότητα,"Τελικό Αποτέλεσμα",NTU,0.173
10/08/2023,23.52415052,37.96223485,2690,Θολότητα,"Τελικό Αποτέλεσμα",NTU,0.118
10/08/2023,23.75187919,38.03442418,3010,Θολότητα,"Τελικό Αποτέλεσμα",NTU,0.237
10/08/2023,23.75797185,38.05889094,3030,Θολότητα,"Τελικό Αποτέλεσμα",NTU,0.5
10/08/2023,23.78028136,38.04717905,3250,Θολότητα,"Τελικό Αποτέλεσμα",NTU,0.194
10/08/2023,23.6352338,37.97282615,1926,Θολότητα,"Τελικό Αποτέλεσμα",NTU,0.376
10/08/2023,23.65049179,38.02069052,1936,Θολότητα,"Τελικό Αποτέλεσμα",NTU,0.343
10/08/2023,23.6605722,37.99659467,1950,Θολότητα,"Τελικό Αποτέλεσμα",NTU,0.478
10/08/2023,23.6374825,37.98494645,1941,Θολότητα,"Τελικό Αποτέλεσμα",NTU,0.098
10/08/2023,23.63673627,37.98591907,1935,Θολότητα,"Τελικό Αποτέλεσμα",NTU,0.253
10/08/2023,23.64405229,38.00426495,1947,Θολότητα,"Τελικό Αποτέλεσμα",NTU,0.368
10/08/2024,23.783006772263,38.091595618101,1940,Θολότητα,"Τελικό Αποτέλεσμα",NTU,0.146
10/09/2023,23.78300677,38.09159562,1940,Θολότητα,"Τελικό Αποτέλεσμα",NTU,0.135
10/09/2023,23.76068543,37.81516677,5090,Θολότητα,"Τελικό Αποτέλεσμα",NTU,0.126
10/09/2023,23.72543914,37.88816507,5170,Θολότητα,"Τελικό Αποτέλεσμα",NTU,0.161
10/09/2024,23.774386839978,37.81229932964,5100,Θολότητα,"Τελικό Αποτέλεσμα",NTU,0.341
10/09/2024,23.839340877075,38.008846343525,1910,Θολότητα,"Τελικό Αποτέλεσμα",NTU,0.266
10/09/2024,23.834058289847,38.055035361725,13210,Θολότητα,"Τελικό Αποτέλεσμα",NTU,0.227
10/09/2024,23.850343123164,38.064696002617,13250,Θολότητα,"Τελικό Αποτέλεσμα",NTU,0.235
10/09/2024,23.762975326718,38.014149073434,1951,Θολότητα,"Τελικό Αποτέλεσμα",NTU,0.173
10/09/2024,23.765100402535,38.018891552708,1952,Θολότητα,"Τελικό Αποτέλεσμα",NTU,0.201
10/09/2024,23.805701939805,37.98977288987,1953,Θολότητα,"Τελικό Αποτέλεσμα",NTU,0.138
10/09/2024,23.877462910757,38.060150004,1957,Θολότητα,"Τελικό Αποτέλεσμα",NTU,0.285
10/09/2024,23.850058780234,38.064487896413,1958,Θολότητα,"Τελικό Αποτέλεσμα",NTU,0.223
10/09/2024,23.832894356592,38.006902214705,3150,Θολότητα,"Τελικό Αποτέλεσμα",NTU,0.135
10/09/2024,23.783006772263,38.091595618101,1940,Θολότητα,"Τελικό Αποτέλεσμα",NTU,0.139
10/09/2024,23.7204954672,37.946472492133,160,Θολότητα,"Τελικό Αποτέλεσμα",NTU,0.123
10/09/2024,23.72324520128,37.934403839805,165,Θολότητα,"Τελικό Αποτέλεσμα",NTU,0.206
10/09/2024,23.694180891718,37.998773148457,7120,Θολότητα,"Τελικό Αποτέλεσμα",NTU,0.127
10/09/2024,23.667489894288,37.958032027277,7170,Θολότητα,"Τελικό Αποτέλεσμα",NTU,0.222
10/09/2024,23.678625660301,37.971729734496,7230,Θολότητα,"Τελικό Αποτέλεσμα",NTU,0.119
10/09/2024,23.685196529333,37.975965791401,7250,Θολότητα,"Τελικό Αποτέλεσμα",NTU,0.127
10/09/2024,23.697528385889,37.971702343756,7270,Θολότητα,"Τελικό Αποτέλεσμα",NTU,0.151
10/09/2024,23.712833251184,37.968564832502,7300,Θολότητα,"Τελικό Αποτέλεσμα",NTU,0.092
10/09/2024,23.711703762356,37.97057149043,7320,Θολότητα,"Τελικό Αποτέλεσμα",NTU,0.321
10/09/2024,23.715412919273,38.003749605504,8010,Θολότητα,"Τελικό Αποτέλεσμα",NTU,0.13
10/09/2024,23.712276196086,37.98040556765,8060,Θολότητα,"Τελικό Αποτέλεσμα",NTU,0.11
10/09/2024,23.714816823822,37.979430254073,8070,Θολότητα,"Τελικό Αποτέλεσμα",NTU,0.159
10/09/2024,23.68251737331,37.961481128285,8100,Θολότητα,"Τελικό Αποτέλεσμα",NTU,0.234
10/09/2024,23.700434539313,37.962643998348,8140,Θολότητα,"Τελικό Αποτέλεσμα",NTU,0.122
10/09/2024,23.699597448709,37.949709083863,8170,Θολότητα,"Τελικό Αποτέλεσμα",NTU,0.202
10/09/2024,23.706237365958,37.950939255691,8190,Θολότητα,"Τελικό Αποτέλεσμα",NTU,0.183
10/09/2024,23.70891649437,37.945691840045,8210,Θολότητα,"Τελικό Αποτέλεσμα",NTU,0.155
10/09/2024,23.71621067377,37.955141392609,8260,Θολότητα,"Τελικό Αποτέλεσμα",NTU,0.138
10/09/2024,23.714571416671,37.966174971534,8270,Θολότητα,"Τελικό Αποτέλεσμα",NTU,0.228
10/09/2024,23.721762060849,37.9648348571,8280,Θολότητα,"Τελικό Αποτέλεσμα",NTU,0.196
10/09/2024,23.726143493332,37.965556254079,8290,Θολότητα,"Τελικό Αποτέλεσμα",NTU,0.142
10/09/2024,23.730896444434,37.9830072171,8350,Θολότητα,"Τελικό Αποτέλεσμα",NTU,0.206
10/09/2024,22.898432401038,38.254054888272,7011,Θολότητα,"Τελικό Αποτέλεσμα",NTU,0.092
10/10/2023,23.59521034,38.06468139,2810,Θολότητα,"Τελικό Αποτέλεσμα",NTU,0.175
10/10/2023,23.58213759,38.06052513,2820,Θολότητα,"Τελικό Αποτέλεσμα",NTU,0.133
10/10/2023,23.58754823,38.0664655,2830,Θολότητα,"Τελικό Αποτέλεσμα",NTU,0.109
10/10/2023,23.5318038,38.05090121,2840,Θολότητα,"Τελικό Αποτέλεσμα",NTU,0.132
10/10/2023,23.54270396,38.04336154,2850,Θολότητα,"Τελικό Αποτέλεσμα",NTU,0.191
10/10/2023,23.53939487,38.0361051,2860,Θολότητα,"Τελικό Αποτέλεσμα",NTU,0.291
10/10/2023,23.54885279,38.03762139,2870,Θολότητα,"Τελικό Αποτέλεσμα",NTU,0.204
10/10/2023,23.73922598,38.06256112,2880,Θολότητα,"Τελικό Αποτέλεσμα",NTU,0.188
10/10/2023,23.73746872,38.08509072,2890,Θολότητα,"Τελικό Αποτέλεσμα",NTU,0.277
10/10/2023,23.73847585,38.07445445,2900,Θολότητα,"Τελικό Αποτέλεσμα",NTU,0.297
10/10/2023,23.73650425,38.09500514,2910,Θολότητα,"Τελικό Αποτέλεσμα",NTU,0.3
10/10/2023,23.73035923,38.1155281,2920,Θολότητα,"Τελικό Αποτέλεσμα",NTU,0.148
10/10/2023,23.52463973,38.07593845,2801,Θολότητα,"Τελικό Αποτέλεσμα",NTU,0.291
10/10/2023,23.59085666,38.05767841,2801,Θολότητα,"Τελικό Αποτέλεσμα",NTU,0.291
10/10/2023,23.78300677,38.09159562,1940,Θολότητα,"Τελικό Αποτέλεσμα",NTU,0.296
10/10/2024,23.783006772263,38.091595618101,1940,Θολότητα,"Τελικό Αποτέλεσμα",NTU,0.205
10/10/2024,23.701682457361,37.918072433642,137,Θολότητα,"Τελικό Αποτέλεσμα",NTU,0.246
10/10/2024,23.802231976799,37.833112339241,140,Θολότητα,"Τελικό Αποτέλεσμα",NTU,0.229
10/10/2024,23.748648075769,37.916097225199,5010,Θολότητα,"Τελικό Αποτέλεσμα",NTU,0.173
10/10/2024,23.753422230835,37.904820647992,5020,Θολότητα,"Τελικό Αποτέλεσμα",NTU,0.25
10/10/2024,23.744700128802,37.889940171291,5030,Θολότητα,"Τελικό Αποτέλεσμα",NTU,0.322
10/10/2024,23.746055892182,37.884208036564,5040,Θολότητα,"Τελικό Αποτέλεσμα",NTU,0.392
10/10/2024,23.757964952407,37.860354353668,5050,Θολότητα,"Τελικό Αποτέλεσμα",NTU,0.288
10/10/2024,23.760700167651,37.852403396879,5060,Θολότητα,"Τελικό Αποτέλεσμα",NTU,0.217
10/10/2024,23.756977040295,37.848098522763,5080,Θολότητα,"Τελικό Αποτέλεσμα",NTU,0.117
10/10/2024,23.760685434504,37.8151667674,5090,Θολότητα,"Τελικό Αποτέλεσμα",NTU,0.319
10/10/2024,23.774386839978,37.81229932964,5100,Θολότητα,"Τελικό Αποτέλεσμα",NTU,0.23
10/10/2024,23.786337962388,37.822894363003,5110,Θολότητα,"Τελικό Αποτέλεσμα",NTU,0.258
10/10/2024,23.790340187783,37.835383621964,5150,Θολότητα,"Τελικό Αποτέλεσμα",NTU,0.155
10/10/2024,23.739973276711,37.869586272318,5160,Θολότητα,"Τελικό Αποτέλεσμα",NTU,0.117
10/10/2024,23.72543913784,37.888165068231,5170,Θολότητα,"Τελικό Αποτέλεσμα",NTU,0.12
10/10/2024,23.720082218937,37.903424243123,5180,Θολότητα,"Τελικό Αποτέλεσμα",NTU,0.283
10/10/2024,23.71413660329,37.912707373341,5190,Θολότητα,"Τελικό Αποτέλεσμα",NTU,0.382
10/10/2024,23.712840439649,37.915620541693,5200,Θολότητα,"Τελικό Αποτέλεσμα",NTU,0.303
10/10/2024,23.706435208048,37.919600993522,5210,Θολότητα,"Τελικό Αποτέλεσμα",NTU,0.098
10/10/2024,23.704881330177,37.935219954091,5230,Θολότητα,"Τελικό Αποτέλεσμα",NTU,0.192
10/11/2023,23.59521034,38.06468139,2810,Θολότητα,"Τελικό Αποτέλεσμα",NTU,0.161
10/11/2023,23.58213759,38.06052513,2820,Θολότητα,"Τελικό Αποτέλεσμα",NTU,0.15
10/11/2023,23.58754823,38.0664655,2830,Θολότητα,"Τελικό Αποτέλεσμα",NTU,0.282
10/11/2023,23.5318038,38.05090121,2840,Θολότητα,"Τελικό Αποτέλεσμα",NTU,0.193
10/11/2023,23.54270396,38.04336154,2850,Θολότητα,"Τελικό Αποτέλεσμα",NTU,0.178
10/11/2023,23.53939487,38.0361051,2860,Θολότητα,"Τελικό Αποτέλεσμα",NTU,0.224
10/11/2023,23.54885279,38.03762139,2870,Θολότητα,"Τελικό Αποτέλεσμα",NTU,0.184
10/11/2023,23.73746872,38.08509072,2890,Θολότητα,"Τελικό Αποτέλεσμα",NTU,0.317
10/11/2023,23.73847585,38.07445445,2900,Θολότητα,"Τελικό Αποτέλεσμα",NTU,0.543
10/11/2023,23.73650425,38.09500514,2910,Θολότητα,"Τελικό Αποτέλεσμα",NTU,0.25
10/11/2023,23.73035923,38.1155281,2920,Θολότητα,"Τελικό Αποτέλεσμα",NTU,0.215
10/11/2023,23.78300677,38.09159562,1940,Θολότητα,"Τελικό Αποτέλεσμα",NTU,0.272
10/11/2024,23.783006772263,38.091595618101,1940,Θολότητα,"Τελικό Αποτέλεσμα",NTU,0.087
10/12/2023,23.78300677,38.09159562,1940,Θολότητα,"Τελικό Αποτέλεσμα",NTU,0.185
10/12/2024,23.848751638879,38.124166714577,4710,Θολότητα,"Τελικό Αποτέλεσμα",NTU,0.366
10/12/2024,23.908700098241,38.168241126955,4720,Θολότητα,"Τελικό Αποτέλεσμα",NTU,0.255
10/12/2024,24.034572330748,38.190401550712,4750,Θολότητα,"Τελικό Αποτέλεσμα",NTU,0.47
10/12/2024,23.977138138398,38.085743034532,4770,Θολότητα,"Τελικό Αποτέλεσμα",NTU,0.401
10/12/2024,23.989441223817,38.037783380352,4771,Θολότητα,"Τελικό Αποτέλεσμα",NTU,0.316
10/12/2024,24.012050710459,38.014370105797,4852,Θολότητα,"Τελικό Αποτέλεσμα",NTU,0.312
10/12/2024,24.007320013182,37.984167240863,4890,Θολότητα,"Τελικό Αποτέλεσμα",NTU,0.181
10/12/2024,23.90698069658,37.964512417317,4902,Θολότητα,"Τελικό Αποτέλεσμα",NTU,0.107
10/12/2024,23.973051962748,37.958463647889,4910,Θολότητα,"Τελικό Αποτέλεσμα",NTU,0.21
10/12/2024,23.783006772263,38.091595618101,1940,Θολότητα,"Τελικό Αποτέλεσμα",NTU,0.132
10/12/2024,22.898432401038,38.254054888272,7011,Θολότητα,"Τελικό Αποτέλεσμα",NTU,0.344
11/01/2023,23.59521034,38.06468139,2810,Θολότητα,"Τελικό Αποτέλεσμα",NTU,0.274
11/01/2023,23.58213759,38.06052513,2820,Θολότητα,"Τελικό Αποτέλεσμα",NTU,0.09
11/01/2023,23.58754823,38.0664655,2830,Θολότητα,"Τελικό Αποτέλεσμα",NTU,0.142
11/01/2023,23.5318038,38.05090121,2840,Θολότητα,"Τελικό Αποτέλεσμα",NTU,0.204
11/01/2023,23.54270396,38.04336154,2850,Θολότητα,"Τελικό Αποτέλεσμα",NTU,0.144
11/01/2023,23.53939487,38.0361051,2860,Θολότητα,"Τελικό Αποτέλεσμα",NTU,0.08
11/01/2023,23.54885279,38.03762139,2870,Θολότητα,"Τελικό Αποτέλεσμα",NTU,0.07
11/01/2023,23.73922598,38.06256112,2880,Θολότητα,"Τελικό Αποτέλεσμα",NTU,0.108
11/01/2023,23.73746872,38.08509072,2890,Θολότητα,"Τελικό Αποτέλεσμα",NTU,0.157
11/01/2023,23.73847585,38.07445445,2900,Θολότητα,"Τελικό Αποτέλεσμα",NTU,0.158
11/01/2023,23.73650425,38.09500514,2910,Θολότητα,"Τελικό Αποτέλεσμα",NTU,0.074
11/01/2023,23.52463973,38.07593845,2801,Θολότητα,"Τελικό Αποτέλεσμα",NTU,0.218
11/01/2023,23.59085666,38.05767841,2801,Θολότητα,"Τελικό Αποτέλεσμα",NTU,0.218
11/01/2023,23.78300677,38.09159562,1940,Θολότητα,"Τελικό Αποτέλεσμα",NTU,0.137
11/01/2025,23.783006772263,38.091595618101,1940,Θολότητα,"Τελικό Αποτέλεσμα",NTU,0.16
11/02/2023,23.78300677,38.09159562,1940,Θολότητα,"Τελικό Αποτέλεσμα",NTU,0.244
11/02/2025,23.595210337605,38.064681391243,2810,Θολότητα,"Τελικό Αποτέλεσμα",NTU,0.186
11/02/2025,23.58213758742,38.060525133935,2820,Θολότητα,"Τελικό Αποτέλεσμα",NTU,0.143
11/02/2025,23.587548232298,38.066465497153,2830,Θολότητα,"Τελικό Αποτέλεσμα",NTU,0.163
11/02/2025,23.531803801228,38.050901214317,2840,Θολότητα,"Τελικό Αποτέλεσμα",NTU,0.174
11/02/2025,23.539394866218,38.03610510066,2860,Θολότητα,"Τελικό Αποτέλεσμα",NTU,0.131
11/02/2025,23.548852791485,38.037621391965,2870,Θολότητα,"Τελικό Αποτέλεσμα",NTU,0.078
11/02/2025,23.737468716577,38.085090720814,2890,Θολότητα,"Τελικό Αποτέλεσμα",NTU,0.206
11/02/2025,23.73847585117,38.074454453786,2900,Θολότητα,"Τελικό Αποτέλεσμα",NTU,0.235
11/02/2025,23.736504245032,38.095005139018,2910,Θολότητα,"Τελικό Αποτέλεσμα",NTU,0.231
11/02/2025,23.730359234314,38.115528098668,2920,Θολότητα,"Τελικό Αποτέλεσμα",NTU,0.228
11/02/2025,23.783006772263,38.091595618101,1940,Θολότητα,"Τελικό Αποτέλεσμα",NTU,0.233
11/02/2025,22.898432401038,38.254054888272,7011,Θολότητα,"Τελικό Αποτέλεσμα",NTU,0.279
11/03/2023,23.78300677,38.09159562,1940,Θολότητα,"Τελικό Αποτέλεσμα",NTU,0.222
11/03/2025,23.595210337605,38.064681391243,2810,Θολότητα,"Τελικό Αποτέλεσμα",NTU,0.264
11/03/2025,23.587548232298,38.066465497153,2830,Θολότητα,"Τελικό Αποτέλεσμα",NTU,0.128
11/03/2025,23.531803801228,38.050901214317,2840,Θολότητα,"Τελικό Αποτέλεσμα",NTU,0.069
11/03/2025,23.54270395521,38.043361544184,2850,Θολότητα,"Τελικό Αποτέλεσμα",NTU,0.139
11/03/2025,23.539394866218,38.03610510066,2860,Θολότητα,"Τελικό Αποτέλεσμα",NTU,0.101
11/03/2025,23.548852791485,38.037621391965,2870,Θολότητα,"Τελικό Αποτέλεσμα",NTU,0.16
11/03/2025,23.739225980018,38.062561123056,2880,Θολότητα,"Τελικό Αποτέλεσμα",NTU,0.184
11/03/2025,23.737468716577,38.085090720814,2890,Θολότητα,"Τελικό Αποτέλεσμα",NTU,0.309
11/03/2025,23.73847585117,38.074454453786,2900,Θολότητα,"Τελικό Αποτέλεσμα",NTU,0.291
11/03/2025,23.736504245032,38.095005139018,2910,Θολότητα,"Τελικό Αποτέλεσμα",NTU,0.172
11/03/2025,23.730359234314,38.115528098668,2920,Θολότητα,"Τελικό Αποτέλεσμα",NTU,0.331
11/03/2025,23.783006772263,38.091595618101,1940,Θολότητα,"Τελικό Αποτέλεσμα",NTU,0.216
11/03/2025,23.531536570322,38.071725317014,2260,Θολότητα,"Τελικό Αποτέλεσμα",NTU,0.087
11/03/2025,23.751213344423,38.120529261783,2270,Θολότητα,"Τελικό Αποτέλεσμα",NTU,0.122
11/03/2025,22.898432401038,38.254054888272,7011,Θολότητα,"Τελικό Αποτέλεσμα",NTU,0.099
11/04/2023,23.78300677,38.09159562,1940,Θολότητα,"Τελικό Αποτέλεσμα",NTU,0.222
11/04/2023,23.50231957,37.96481152,170,Θολότητα,"Τελικό Αποτέλεσμα",NTU,0.264
11/04/2023,23.5289617,37.96581528,2540,Θολότητα,"Τελικό Αποτέλεσμα",NTU,0.073
11/04/2023,23.53503262,37.95677855,2550,Θολότητα,"Τελικό Αποτέλεσμα",NTU,0.182
11/04/2023,23.46773064,37.92181628,2600,Θολότητα,"Τελικό Αποτέλεσμα",NTU,0.17
11/04/2023,23.49475198,37.96793762,2630,Θολότητα,"Τελικό Αποτέλεσμα",NTU,0.114
11/04/2023,23.48803323,37.96254865,2660,Θολότητα,"Τελικό Αποτέλεσμα",NTU,0.086
11/04/2023,23.44062195,37.9258773,2680,Θολότητα,"Τελικό Αποτέλεσμα",NTU,0.087
11/04/2023,23.52415052,37.96223485,2690,Θολότητα,"Τελικό Αποτέλεσμα",NTU,0.222
11/04/2025,23.783006772263,38.091595618101,1940,Θολότητα,"Τελικό Αποτέλεσμα",NTU,0.229
11/04/2025,23.794882287985,37.837449849635,1912,Θολότητα,"Τελικό Αποτέλεσμα",NTU,0.205
11/04/2025,23.781989618407,37.85753891633,1964,Θολότητα,"Τελικό Αποτέλεσμα",NTU,0.257
11/04/2025,23.854478659062,38.052884117638,105,Θολότητα,"Τελικό Αποτέλεσμα",NTU,0.342
11/04/2025,23.776825675098,38.065226258806,180,Θολότητα,"Τελικό Αποτέλεσμα",NTU,0.253
11/04/2025,23.794782865204,38.039643002291,230,Θολότητα,"Τελικό Αποτέλεσμα",NTU,0.165
11/04/2025,23.794652964206,38.035148911359,235,Θολότητα,"Τελικό Αποτέλεσμα",NTU,0.257
11/04/2025,23.751879192533,38.034424177094,3010,Θολότητα,"Τελικό Αποτέλεσμα",NTU,0.234
11/04/2025,23.752793157246,38.043419319626,3020,Θολότητα,"Τελικό Αποτέλεσμα",NTU,0.19
11/04/2025,23.757971853364,38.058890938524,3030,Θολότητα,"Τελικό Αποτέλεσμα",NTU,0.436
11/04/2025,23.762911148418,38.063332209074,3040,Θολότητα,"Τελικό Αποτέλεσμα",NTU,0.565
11/04/2025,23.807684504112,38.079687557148,3060,Θολότητα,"Τελικό Αποτέλεσμα",NTU,0.213
11/04/2025,23.826588445352,38.068733964465,3080,Θολότητα,"Τελικό Αποτέλεσμα",NTU,0.312
11/04/2025,23.857729632516,38.058870858803,3090,Θολότητα,"Τελικό Αποτέλεσμα",NTU,0.161
11/04/2025,23.858850831498,38.009405027534,3110,Θολότητα,"Τελικό Αποτέλεσμα",NTU,0.347
11/04/2025,23.885936114707,38.003486571993,3120,Θολότητα,"Τελικό Αποτέλεσμα",NTU,0.347
11/04/2025,23.883581420117,38.001665382065,3130,Θολότητα,"Τελικό Αποτέλεσμα",NTU,0.177
11/04/2025,23.832894356592,38.006902214705,3150,Θολότητα,"Τελικό Αποτέλεσμα",NTU,0.282
11/04/2025,23.817699699893,37.999417823294,3160,Θολότητα,"Τελικό Αποτέλεσμα",NTU,0.226
11/04/2025,23.796809568113,37.998195065074,3170,Θολότητα,"Τελικό Αποτέλεσμα",NTU,0.37
11/04/2025,23.794948631404,37.99586453832,3180,Θολότητα,"Τελικό Αποτέλεσμα",NTU,0.955
11/04/2025,23.780262690434,38.00051153767,3200,Θολότητα,"Τελικό Αποτέλεσμα",NTU,0.33
11/04/2025,23.787967770047,38.008481399044,3220,Θολότητα,"Τελικό Αποτέλεσμα",NTU,0.362
11/04/2025,23.780133361397,38.019944025229,3240,Θολότητα,"Τελικό Αποτέλεσμα",NTU,0.465
11/04/2025,23.780281362583,38.047179053493,3250,Θολότητα,"Τελικό Αποτέλεσμα",NTU,0.247
11/05/2023,23.78300677,38.09159562,1940,Θολότητα,"Τελικό Αποτέλεσμα",NTU,0.146
11/05/2023,23.50231957,37.96481152,170,Θολότητα,"Τελικό Αποτέλεσμα",NTU,0.152
11/05/2023,23.5289617,37.96581528,2540,Θολότητα,"Τελικό Αποτέλεσμα",NTU,0.075
11/05/2023,23.53503262,37.95677855,2550,Θολότητα,"Τελικό Αποτέλεσμα",NTU,0.078
11/05/2023,23.46773064,37.92181628,2600,Θολότητα,"Τελικό Αποτέλεσμα",NTU,0.092
11/05/2023,23.49475198,37.96793762,2630,Θολότητα,"Τελικό Αποτέλεσμα",NTU,0.07
11/05/2023,23.48803323,37.96254865,2660,Θολότητα,"Τελικό Αποτέλεσμα",NTU,0.083
11/05/2023,23.44062195,37.9258773,2680,Θολότητα,"Τελικό Αποτέλεσμα",NTU,0.121
11/05/2023,23.52415052,37.96223485,2690,Θολότητα,"Τελικό Αποτέλεσμα",NTU,0.112
11/05/2023,23.83405829,38.05503536,13210,Θολότητα,"Τελικό Αποτέλεσμα",NTU,0.175
11/05/2023,23.85034312,38.064696,13250,Θολότητα,"Τελικό Αποτέλεσμα",NTU,0.133
11/05/2023,23.76297533,38.01414907,1951,Θολότητα,"Τελικό Αποτέλεσμα",NTU,0.49
11/05/2023,23.7651004,38.01889155,1952,Θολότητα,"Τελικό Αποτέλεσμα",NTU,0.201
11/05/2023,23.80570194,37.98977289,1953,Θολότητα,"Τελικό Αποτέλεσμα",NTU,0.197
11/05/2023,23.87746291,38.06015,1957,Θολότητα,"Τελικό Αποτέλεσμα",NTU,0.335
11/05/2023,23.85005878,38.0644879,1958,Θολότητα,"Τελικό Αποτέλεσμα",NTU,0.185
11/05/2023,23.87165015,38.05010025,1911,Θολότητα,"Τελικό Αποτέλεσμα",NTU,0.14
11/05/2024,23.783006772263,38.091595618101,1940,Θολότητα,"Τελικό Αποτέλεσμα",NTU,0.272
11/05/2025,23.783006772263,38.091595618101,1940,Θολότητα,"Τελικό Αποτέλεσμα",NTU,0.153
11/06/2023,23.78300677,38.09159562,1940,Θολότητα,"Τελικό Αποτέλεσμα",NTU,0.181
11/06/2024,22.898432401038,38.254054888272,7011,Θολότητα,"Τελικό Αποτέλεσμα",NTU,0.142
11/06/2024,23.595210337605,38.064681391243,2810,Θολότητα,"Τελικό Αποτέλεσμα",NTU,0.105
11/06/2024,23.58213758742,38.060525133935,2820,Θολότητα,"Τελικό Αποτέλεσμα",NTU,0.17
11/06/2024,23.587548232298,38.066465497153,2830,Θολότητα,"Τελικό Αποτέλεσμα",NTU,0.191
11/06/2024,23.531803801228,38.050901214317,2840,Θολότητα,"Τελικό Αποτέλεσμα",NTU,0.112
11/06/2024,23.54270395521,38.043361544184,2850,Θολότητα,"Τελικό Αποτέλεσμα",NTU,0.148
11/06/2024,23.539394866218,38.03610510066,2860,Θολότητα,"Τελικό Αποτέλεσμα",NTU,0.239
11/06/2024,23.548852791485,38.037621391965,2870,Θολότητα,"Τελικό Αποτέλεσμα",NTU,0.29
11/06/2024,23.739225980018,38.062561123056,2880,Θολότητα,"Τελικό Αποτέλεσμα",NTU,0.304
11/06/2024,23.737468716577,38.085090720814,2890,Θολότητα,"Τελικό Αποτέλεσμα",NTU,0.219
11/06/2024,23.736504245032,38.095005139018,2910,Θολότητα,"Τελικό Αποτέλεσμα",NTU,0.33
11/06/2024,23.524639732983,38.075938446879,2801,Θολότητα,"Τελικό Αποτέλεσμα",NTU,0.116
11/06/2024,23.590856660965,38.05767840712,2801,Θολότητα,"Τελικό Αποτέλεσμα",NTU,0.116
11/06/2024,23.776624696051,37.884348958134,1918,Θολότητα,"Τελικό Αποτέλεσμα",NTU,0.32
11/06/2024,23.763828567739,37.889033553169,1920,Θολότητα,"Τελικό Αποτέλεσμα",NTU,0.389
11/06/2024,23.749512420594,37.999646302315,1942,Θολότητα,"Τελικό Αποτέλεσμα",NTU,0.332
11/06/2024,23.732887017961,37.955671997184,1944,Θολότητα,"Τελικό Αποτέλεσμα",NTU,0.178
11/06/2024,23.777569470988,37.889946836445,1963,Θολότητα,"Τελικό Αποτέλεσμα",NTU,0.314
11/06/2024,23.746055892182,37.884208036564,5040,Θολότητα,"Τελικό Αποτέλεσμα",NTU,0.481
11/06/2024,23.783006772263,38.091595618101,1940,Θολότητα,"Τελικό Αποτέλεσμα",NTU,0.316
11/06/2024,23.58213758742,38.060525133935,2820,Θολότητα,"Τελικό Αποτέλεσμα",NTU,0.17
11/06/2024,23.595210337605,38.064681391243,2810,Θολότητα,"Τελικό Αποτέλεσμα",NTU,0.105
11/06/2024,23.587548232298,38.066465497153,2830,Θολότητα,"Τελικό Αποτέλεσμα",NTU,0.191
11/06/2024,23.531803801228,38.050901214317,2840,Θολότητα,"Τελικό Αποτέλεσμα",NTU,0.112
11/06/2024,23.54270395521,38.043361544184,2850,Θολότητα,"Τελικό Αποτέλεσμα",NTU,0.148
11/06/2024,23.539394866218,38.03610510066,2860,Θολότητα,"Τελικό Αποτέλεσμα",NTU,0.239
11/06/2024,23.548852791485,38.037621391965,2870,Θολότητα,"Τελικό Αποτέλεσμα",NTU,0.29
11/06/2024,23.739225980018,38.062561123056,2880,Θολότητα,"Τελικό Αποτέλεσμα",NTU,0.304
11/06/2024,23.737468716577,38.085090720814,2890,Θολότητα,"Τελικό Αποτέλεσμα",NTU,0.219
11/06/2025,23.595210337605,38.064681391243,2810,Θολότητα,"Τελικό Αποτέλεσμα",NTU,0.187
11/06/2025,23.58213758742,38.060525133935,2820,Θολότητα,"Τελικό Αποτέλεσμα",NTU,0.176
11/06/2025,23.587548232298,38.066465497153,2830,Θολότητα,"Τελικό Αποτέλεσμα",NTU,0.276
11/06/2025,23.531803801228,38.050901214317,2840,Θολότητα,"Τελικό Αποτέλεσμα",NTU,0.088
11/06/2025,23.54270395521,38.043361544184,2850,Θολότητα,"Τελικό Αποτέλεσμα",NTU,0.131
11/06/2025,23.539394866218,38.03610510066,2860,Θολότητα,"Τελικό Αποτέλεσμα",NTU,0.106
11/06/2025,23.548852791485,38.037621391965,2870,Θολότητα,"Τελικό Αποτέλεσμα",NTU,0.133
11/06/2025,23.739225980018,38.062561123056,2880,Θολότητα,"Τελικό Αποτέλεσμα",NTU,0.168
11/06/2025,23.73847585117,38.074454453786,2900,Θολότητα,"Τελικό Αποτέλεσμα",NTU,0.275
11/06/2025,23.736504245032,38.095005139018,2910,Θολότητα,"Τελικό Αποτέλεσμα",NTU,0.12
11/06/2025,23.730359234314,38.115528098668,2920,Θολότητα,"Τελικό Αποτέλεσμα",NTU,0.299
11/06/2025,23.524639732983,38.075938446879,2801,Θολότητα,"Τελικό Αποτέλεσμα",NTU,0.106
11/06/2025,23.590856660965,38.05767840712,2801,Θολότητα,"Τελικό Αποτέλεσμα",NTU,0.106
11/06/2025,23.635233804352,37.972826147816,1926,Θολότητα,"Τελικό Αποτέλεσμα",NTU,0.193
11/06/2025,23.650491791439,38.020690523541,1936,Θολότητα,"Τελικό Αποτέλεσμα",NTU,0.246
11/06/2025,23.660572199344,37.996594669998,1950,Θολότητα,"Τελικό Αποτέλεσμα",NTU,0.764
11/06/2025,23.637482500551,37.984946451231,1941,Θολότητα,"Τελικό Αποτέλεσμα",NTU,0.258
11/06/2025,23.636736270073,37.985919067278,1935,Θολότητα,"Τελικό Αποτέλεσμα",NTU,0.255
11/06/2025,23.644052286684,38.004264948522,1947,Θολότητα,"Τελικό Αποτέλεσμα",NTU,0.235
11/07/2023,23.64440874,37.95951177,1928,Θολότητα,"Τελικό Αποτέλεσμα",NTU,0.314
11/07/2023,23.65573754,37.93998668,1930,Θολότητα,"Τελικό Αποτέλεσμα",NTU,0.248
11/07/2023,23.68632522,38.0498052,1939,Θολότητα,"Τελικό Αποτέλεσμα",NTU,0.531
11/07/2023,23.57742263,37.96842252,1943,Θολότητα,"Τελικό Αποτέλεσμα",NTU,0.233
11/07/2023,23.57686641,37.96682786,1945,Θολότητα,"Τελικό Αποτέλεσμα",NTU,0.513
11/07/2023,23.67796202,38.04982306,1959,Θολότητα,"Τελικό Αποτέλεσμα",NTU,0.762
11/07/2023,23.78300677,38.09159562,1940,Θολότητα,"Τελικό Αποτέλεσμα",NTU,0.222
11/07/2023,23.72049547,37.94647249,160,Θολότητα,"Τελικό Αποτέλεσμα",NTU,0.308
11/07/2023,23.7232452,37.93440384,165,Θολότητα,"Τελικό Αποτέλεσμα",NTU,0.405
11/07/2023,23.69418089,37.99877315,7120,Θολότητα,"Τελικό Αποτέλεσμα",NTU,0.248
11/07/2023,23.66748989,37.95803203,7170,Θολότητα,"Τελικό Αποτέλεσμα",NTU,0.261
11/07/2023,23.67862566,37.97172973,7230,Θολότητα,"Τελικό Αποτέλεσμα",NTU,0.213
11/07/2023,23.69752839,37.97170234,7270,Θολότητα,"Τελικό Αποτέλεσμα",NTU,0.092
11/07/2023,23.71283325,37.96856483,7300,Θολότητα,"Τελικό Αποτέλεσμα",NTU,0.198
11/07/2023,23.71170376,37.97057149,7320,Θολότητα,"Τελικό Αποτέλεσμα",NTU,0.236
11/07/2023,23.71541292,38.00374961,8010,Θολότητα,"Τελικό Αποτέλεσμα",NTU,0.161
11/07/2023,23.71578119,37.99037338,8040,Θολότητα,"Τελικό Αποτέλεσμα",NTU,0.205
11/07/2023,23.7122762,37.98040557,8060,Θολότητα,"Τελικό Αποτέλεσμα",NTU,0.173
11/07/2023,23.71481682,37.97943025,8070,Θολότητα,"Τελικό Αποτέλεσμα",NTU,0.167
11/07/2023,23.68251737,37.96148113,8100,Θολότητα,"Τελικό Αποτέλεσμα",NTU,0.206
11/07/2023,23.70043454,37.962644,8140,Θολότητα,"Τελικό Αποτέλεσμα",NTU,0.109
11/07/2023,23.69959745,37.94970908,8170,Θολότητα,"Τελικό Αποτέλεσμα",NTU,0.494
11/07/2023,23.70623737,37.95093926,8190,Θολότητα,"Τελικό Αποτέλεσμα",NTU,0.15
11/07/2023,23.70891649,37.94569184,8210,Θολότητα,"Τελικό Αποτέλεσμα",NTU,0.26
11/07/2023,23.71621067,37.95514139,8260,Θολότητα,"Τελικό Αποτέλεσμα",NTU,0.265
11/07/2023,23.71457142,37.96617497,8270,Θολότητα,"Τελικό Αποτέλεσμα",NTU,0.22
11/07/2023,23.72176206,37.96483486,8280,Θολότητα,"Τελικό Αποτέλεσμα",NTU,0.16
11/07/2023,23.72614349,37.96555625,8290,Θολότητα,"Τελικό Αποτέλεσμα",NTU,0.452
11/07/2023,23.73089644,37.98300722,8350,Θολότητα,"Τελικό Αποτέλεσμα",NTU,0.226
11/07/2024,23.783006772263,38.091595618101,1940,Θολότητα,"Τελικό Αποτέλεσμα",NTU,0.216
11/07/2025,23.502319573731,37.96481151634,170,Θολότητα,"Τελικό Αποτέλεσμα",NTU,0.62
11/07/2025,23.535032621057,37.956778546223,2550,Θολότητα,"Τελικό Αποτέλεσμα",NTU,0.112
11/07/2025,23.4677306424,37.921816278707,2600,Θολότητα,"Τελικό Αποτέλεσμα",NTU,0.139
11/07/2025,23.494751977414,37.967937622846,2630,Θολότητα,"Τελικό Αποτέλεσμα",NTU,0.588
11/07/2025,23.488033230766,37.962548651207,2660,Θολότητα,"Τελικό Αποτέλεσμα",NTU,0.193
11/07/2025,23.440621950822,37.925877301176,2680,Θολότητα,"Τελικό Αποτέλεσμα",NTU,0.179
11/07/2025,23.524150518993,37.96223485381,2690,Θολότητα,"Τελικό Αποτέλεσμα",NTU,0.119
11/07/2025,23.531536570322,38.071725317014,2260,Θολότητα,"Τελικό Αποτέλεσμα",NTU,0.112
11/08/2023,23.78300677,38.09159562,1940,Θολότητα,"Τελικό Αποτέλεσμα",NTU,0.186
11/08/2023,23.85025321,37.98994386,6600,Θολότητα,"Τελικό Αποτέλεσμα",NTU,0.215
11/08/2023,23.95034322,37.8943453,6622,Θολότητα,"Τελικό Αποτέλεσμα",NTU,0.083
11/08/2023,24.02347685,37.89610538,6635,Θολότητα,"Τελικό Αποτέλεσμα",NTU,0.085
11/08/2023,23.9711191,37.81103106,6640,Θολότητα,"Τελικό Αποτέλεσμα",NTU,0.193
11/08/2023,24.05094448,37.70399221,6651,Θολότητα,"Τελικό Αποτέλεσμα",NTU,0.191
11/08/2023,23.93846122,37.69492932,6670,Θολότητα,"Τελικό Αποτέλεσμα",NTU,0.238
11/08/2023,23.95494234,37.75171359,6690,Θολότητα,"Τελικό Αποτέλεσμα",NTU,0.266
11/08/2023,23.92361047,37.73101879,6700,Θολότητα,"Τελικό Αποτέλεσμα",NTU,0.151
11/08/2023,23.90348973,37.82055314,6705,Θολότητα,"Τελικό Αποτέλεσμα",NTU,0.228
11/08/2024,23.783006772263,38.091595618101,1940,Θολότητα,"Τελικό Αποτέλεσμα",NTU,0.131
11/09/2023,23.72049547,37.94647249,160,Θολότητα,"Τελικό Αποτέλεσμα",NTU,0.33
11/09/2023,23.7232452,37.93440384,165,Θολότητα,"Τελικό Αποτέλεσμα",NTU,0.178
11/09/2023,23.69418089,37.99877315,7120,Θολότητα,"Τελικό Αποτέλεσμα",NTU,0.24
11/09/2023,23.66748989,37.95803203,7170,Θολότητα,"Τελικό Αποτέλεσμα",NTU,0.386
11/09/2023,23.67862566,37.97172973,7230,Θολότητα,"Τελικό Αποτέλεσμα",NTU,0.345
11/09/2023,23.68519653,37.97596579,7250,Θολότητα,"Τελικό Αποτέλεσμα",NTU,0.446
11/09/2023,23.69752839,37.97170234,7270,Θολότητα,"Τελικό Αποτέλεσμα",NTU,0.571
11/09/2023,23.71283325,37.96856483,7300,Θολότητα,"Τελικό Αποτέλεσμα",NTU,0.225
11/09/2023,23.71578119,37.99037338,8040,Θολότητα,"Τελικό Αποτέλεσμα",NTU,0.197
11/09/2023,23.7122762,37.98040557,8060,Θολότητα,"Τελικό Αποτέλεσμα",NTU,0.136
11/09/2023,23.70043454,37.962644,8140,Θολότητα,"Τελικό Αποτέλεσμα",NTU,0.105
11/09/2023,23.69959745,37.94970908,8170,Θολότητα,"Τελικό Αποτέλεσμα",NTU,0.561
11/09/2023,23.70891649,37.94569184,8210,Θολότητα,"Τελικό Αποτέλεσμα",NTU,0.089
11/09/2023,23.71621067,37.95514139,8260,Θολότητα,"Τελικό Αποτέλεσμα",NTU,0.259
11/09/2023,23.71457142,37.96617497,8270,Θολότητα,"Τελικό Αποτέλεσμα",NTU,0.174
11/09/2023,23.72176206,37.96483486,8280,Θολότητα,"Τελικό Αποτέλεσμα",NTU,0.2
11/09/2023,23.73089644,37.98300722,8350,Θολότητα,"Τελικό Αποτέλεσμα",NTU,0.211
11/09/2023,23.75556042,37.91943081,1924,Θολότητα,"Τελικό Αποτέλεσμα",NTU,0.145
11/09/2023,23.78300677,38.09159562,1940,Θολότητα,"Τελικό Αποτέλεσμα",NTU,0.141
11/09/2023,23.71284044,37.91562054,5200,Θολότητα,"Τελικό Αποτέλεσμα",NTU,0.3
11/09/2023,23.78256861,38.1336252,1932,Θολότητα,"Τελικό Αποτέλεσμα",NTU,0.118
11/09/2023,23.8527507,38.12333569,1946,Θολότητα,"Τελικό Αποτέλεσμα",NTU,0.262
11/09/2024,23.642117121438,37.933371936061,146,Θολότητα,"Τελικό Αποτέλεσμα",NTU,0.202
11/09/2024,23.685426227465,37.977076609772,6010,Θολότητα,"Τελικό Αποτέλεσμα",NTU,0.38
11/09/2024,23.660147196721,37.980291207729,6020,Θολότητα,"Τελικό Αποτέλεσμα",NTU,0.172
11/09/2024,23.656184913017,37.980594422153,6030,Θολότητα,"Τελικό Αποτέλεσμα",NTU,0.138
11/09/2024,23.653420670725,37.976887978332,6040,Θολότητα,"Τελικό Αποτέλεσμα",NTU,0.179
11/09/2024,23.639896339554,37.977549997131,6050,Θολότητα,"Τελικό Αποτέλεσμα",NTU,0.417
11/09/2024,23.640200994864,37.973616459939,6060,Θολότητα,"Τελικό Αποτέλεσμα",NTU,0.459
11/09/2024,23.633210429054,37.967000345107,6080,Θολότητα,"Τελικό Αποτέλεσμα",NTU,0.188
11/09/2024,23.623370187872,37.950398549294,6110,Θολότητα,"Τελικό Αποτέλεσμα",NTU,0.171
11/09/2024,23.634009487857,37.953472259917,6120,Θολότητα,"Τελικό Αποτέλεσμα",NTU,0.633
11/09/2024,23.642068896508,37.928344112851,6150,Θολότητα,"Τελικό Αποτέλεσμα",NTU,0.274
11/09/2024,23.62796265038,37.932334455589,6160,Θολότητα,"Τελικό Αποτέλεσμα",NTU,0.606
11/09/2024,23.65217192804,37.939622706754,6170,Θολότητα,"Τελικό Αποτέλεσμα",NTU,0.365
11/09/2024,23.673234118927,37.946109912673,6190,Θολότητα,"Τελικό Αποτέλεσμα",NTU,0.271
11/09/2024,23.680037411281,37.948096846566,6200,Θολότητα,"Τελικό Αποτέλεσμα",NTU,0.151
11/09/2024,23.691643963145,37.948013010856,6210,Θολότητα,"Τελικό Αποτέλεσμα",NTU,0.344
11/09/2024,23.694323188433,37.952417395875,6220,Θολότητα,"Τελικό Αποτέλεσμα",NTU,0.133
11/09/2024,23.640262686028,37.939614121045,6240,Θολότητα,"Τελικό Αποτέλεσμα",NTU,0.15
11/09/2024,23.783006772263,38.091595618101,1940,Θολότητα,"Τελικό Αποτέλεσμα",NTU,0.224
11/10/2023,23.78300677,38.09159562,1940,Θολότητα,"Τελικό Αποτέλεσμα",NTU,0.25
11/10/2023,23.50231957,37.96481152,170,Θολότητα,"Τελικό Αποτέλεσμα",NTU,0.391
11/10/2023,23.5289617,37.96581528,2540,Θολότητα,"Τελικό Αποτέλεσμα",NTU,0.108
11/10/2023,23.53503262,37.95677855,2550,Θολότητα,"Τελικό Αποτέλεσμα",NTU,0.134
11/10/2023,23.46773064,37.92181628,2600,Θολότητα,"Τελικό Αποτέλεσμα",NTU,0.169
11/10/2023,23.49475198,37.96793762,2630,Θολότητα,"Τελικό Αποτέλεσμα",NTU,0.651
11/10/2023,23.48803323,37.96254865,2660,Θολότητα,"Τελικό Αποτέλεσμα",NTU,0.322
11/10/2023,23.52415052,37.96223485,2690,Θολότητα,"Τελικό Αποτέλεσμα",NTU,0.332
11/10/2023,23.7766247,37.88434896,1918,Θολότητα,"Τελικό Αποτέλεσμα",NTU,0.366
11/10/2023,23.76382857,37.88903355,1920,Θολότητα,"Τελικό Αποτέλεσμα",NTU,0.607
11/10/2023,23.75556042,37.91943081,1924,Θολότητα,"Τελικό Αποτέλεσμα",NTU,0.425
11/10/2023,23.74951242,37.9996463,1942,Θολότητα,"Τελικό Αποτέλεσμα",NTU,0.425
11/10/2023,23.73288702,37.955672,1944,Θολότητα,"Τελικό Αποτέλεσμα",NTU,0.206
11/10/2023,23.77756947,37.88994684,1963,Θολότητα,"Τελικό Αποτέλεσμα",NTU,0.272
11/10/2023,23.64020099,37.97361646,6060,Θολότητα,"Τελικό Αποτέλεσμα",NTU,0.203
11/10/2024,23.834058289847,38.055035361725,13210,Θολότητα,"Τελικό Αποτέλεσμα",NTU,0.391
11/10/2024,23.762975326718,38.014149073434,1951,Θολότητα,"Τελικό Αποτέλεσμα",NTU,0.381
11/10/2024,23.765100402535,38.018891552708,1952,Θολότητα,"Τελικό Αποτέλεσμα",NTU,0.256
11/10/2024,23.805701939805,37.98977288987,1953,Θολότητα,"Τελικό Αποτέλεσμα",NTU,0.195
11/10/2024,23.877462910757,38.060150004,1957,Θολότητα,"Τελικό Αποτέλεσμα",NTU,0.187
11/10/2024,23.871650152448,38.05010024616,1911,Θολότητα,"Τελικό Αποτέλεσμα",NTU,0.384
11/10/2024,23.783006772263,38.091595618101,1940,Θολότητα,"Τελικό Αποτέλεσμα",NTU,0.236
11/10/2024,23.757964952407,37.860354353668,5050,Θολότητα,"Τελικό Αποτέλεσμα",NTU,0.222
11/10/2024,23.72543913784,37.888165068231,5170,Θολότητα,"Τελικό Αποτέλεσμα",NTU,0.14
11/10/2024,23.704881330177,37.935219954091,5230,Θολότητα,"Τελικό Αποτέλεσμα",NTU,0.101
11/10/2024,23.660147196721,37.980291207729,6020,Θολότητα,"Τελικό Αποτέλεσμα",NTU,0.136
11/10/2024,23.7204954672,37.946472492133,160,Θολότητα,"Τελικό Αποτέλεσμα",NTU,0.16
11/10/2024,23.72324520128,37.934403839805,165,Θολότητα,"Τελικό Αποτέλεσμα",NTU,0.128
11/10/2024,23.694180891718,37.998773148457,7120,Θολότητα,"Τελικό Αποτέλεσμα",NTU,0.133
11/10/2024,23.667489894288,37.958032027277,7170,Θολότητα,"Τελικό Αποτέλεσμα",NTU,0.12
11/10/2024,23.678625660301,37.971729734496,7230,Θολότητα,"Τελικό Αποτέλεσμα",NTU,0.169
11/10/2024,23.685196529333,37.975965791401,7250,Θολότητα,"Τελικό Αποτέλεσμα",NTU,0.122
11/10/2024,23.697528385889,37.971702343756,7270,Θολότητα,"Τελικό Αποτέλεσμα",NTU,0.134
11/10/2024,23.712833251184,37.968564832502,7300,Θολότητα,"Τελικό Αποτέλεσμα",NTU,0.105
11/10/2024,23.711703762356,37.97057149043,7320,Θολότητα,"Τελικό Αποτέλεσμα",NTU,0.3
11/10/2024,23.715412919273,38.003749605504,8010,Θολότητα,"Τελικό Αποτέλεσμα",NTU,0.15
11/10/2024,23.71578119283,37.990373378915,8040,Θολότητα,"Τελικό Αποτέλεσμα",NTU,0.103
11/10/2024,23.712276196086,37.98040556765,8060,Θολότητα,"Τελικό Αποτέλεσμα",NTU,0.169
11/10/2024,23.714816823822,37.979430254073,8070,Θολότητα,"Τελικό Αποτέλεσμα",NTU,0.251
11/10/2024,23.68251737331,37.961481128285,8100,Θολότητα,"Τελικό Αποτέλεσμα",NTU,0.16
11/10/2024,23.700434539313,37.962643998348,8140,Θολότητα,"Τελικό Αποτέλεσμα",NTU,0.481
11/10/2024,23.699597448709,37.949709083863,8170,Θολότητα,"Τελικό Αποτέλεσμα",NTU,0.411
11/10/2024,23.706237365958,37.950939255691,8190,Θολότητα,"Τελικό Αποτέλεσμα",NTU,0.125
11/10/2024,23.70891649437,37.945691840045,8210,Θολότητα,"Τελικό Αποτέλεσμα",NTU,0.173
11/10/2024,23.71621067377,37.955141392609,8260,Θολότητα,"Τελικό Αποτέλεσμα",NTU,0.133
11/10/2024,23.714571416671,37.966174971534,8270,Θολότητα,"Τελικό Αποτέλεσμα",NTU,0.239
11/10/2024,23.721762060849,37.9648348571,8280,Θολότητα,"Τελικό Αποτέλεσμα",NTU,0.149
11/10/2024,23.726143493332,37.965556254079,8290,Θολότητα,"Τελικό Αποτέλεσμα",NTU,0.089
11/10/2024,23.730896444434,37.9830072171,8350,Θολότητα,"Τελικό Αποτέλεσμα",NTU,0.226
11/11/2023,23.78300677,38.09159562,1940,Θολότητα,"Τελικό Αποτέλεσμα",NTU,0.126
11/11/2024,23.783006772263,38.091595618101,1940,Θολότητα,"Τελικό Αποτέλεσμα",NTU,0.228
11/11/2024,23.794882287985,37.837449849635,1912,Θολότητα,"Τελικό Αποτέλεσμα",NTU,0.102
11/11/2024,23.772903712691,37.94499326751,1961,Θολότητα,"Τελικό Αποτέλεσμα",NTU,0.167
11/11/2024,23.775659857879,37.946436566217,1962,Θολότητα,"Τελικό Αποτέλεσμα",NTU,0.195
11/11/2024,23.781989618407,37.85753891633,1964,Θολότητα,"Τελικό Αποτέλεσμα",NTU,0.28
11/11/2024,23.790508845956,37.815722995168,1965,Θολότητα,"Τελικό Αποτέλεσμα",NTU,0.464
11/11/2024,23.7204954672,37.946472492133,160,Θολότητα,"Τελικό Αποτέλεσμα",NTU,0.215
11/11/2024,23.72324520128,37.934403839805,165,Θολότητα,"Τελικό Αποτέλεσμα",NTU,0.178
11/11/2024,23.694180891718,37.998773148457,7120,Θολότητα,"Τελικό Αποτέλεσμα",NTU,0.206
11/11/2024,23.667489894288,37.958032027277,7170,Θολότητα,"Τελικό Αποτέλεσμα",NTU,0.214
11/11/2024,23.678625660301,37.971729734496,7230,Θολότητα,"Τελικό Αποτέλεσμα",NTU,0.218
11/11/2024,23.685196529333,37.975965791401,7250,Θολότητα,"Τελικό Αποτέλεσμα",NTU,0.202
11/11/2024,23.697528385889,37.971702343756,7270,Θολότητα,"Τελικό Αποτέλεσμα",NTU,0.175
11/11/2024,23.712833251184,37.968564832502,7300,Θολότητα,"Τελικό Αποτέλεσμα",NTU,0.115
11/11/2024,23.711703762356,37.97057149043,7320,Θολότητα,"Τελικό Αποτέλεσμα",NTU,0.246
11/11/2024,23.715412919273,38.003749605504,8010,Θολότητα,"Τελικό Αποτέλεσμα",NTU,0.196
11/11/2024,23.71578119283,37.990373378915,8040,Θολότητα,"Τελικό Αποτέλεσμα",NTU,0.175
11/11/2024,23.712276196086,37.98040556765,8060,Θολότητα,"Τελικό Αποτέλεσμα",NTU,0.095
11/11/2024,23.714816823822,37.979430254073,8070,Θολότητα,"Τελικό Αποτέλεσμα",NTU,0.135
11/11/2024,23.68251737331,37.961481128285,8100,Θολότητα,"Τελικό Αποτέλεσμα",NTU,0.251
11/11/2024,23.700434539313,37.962643998348,8140,Θολότητα,"Τελικό Αποτέλεσμα",NTU,0.318
11/11/2024,23.699597448709,37.949709083863,8170,Θολότητα,"Τελικό Αποτέλεσμα",NTU,0.204
11/11/2024,23.706237365958,37.950939255691,8190,Θολότητα,"Τελικό Αποτέλεσμα",NTU,0.125
11/11/2024,23.70891649437,37.945691840045,8210,Θολότητα,"Τελικό Αποτέλεσμα",NTU,0.334
11/11/2024,23.71621067377,37.955141392609,8260,Θολότητα,"Τελικό Αποτέλεσμα",NTU,0.09
11/11/2024,23.714571416671,37.966174971534,8270,Θολότητα,"Τελικό Αποτέλεσμα",NTU,0.111
11/11/2024,23.721762060849,37.9648348571,8280,Θολότητα,"Τελικό Αποτέλεσμα",NTU,0.146
11/11/2024,23.726143493332,37.965556254079,8290,Θολότητα,"Τελικό Αποτέλεσμα",NTU,0.114
11/11/2024,23.730896444434,37.9830072171,8350,Θολότητα,"Τελικό Αποτέλεσμα",NTU,0.321
11/12/2023,23.53153657,38.07172532,2260,Θολότητα,"Τελικό Αποτέλεσμα",NTU,0.123
11/12/2023,23.75121334,38.12052926,2270,Θολότητα,"Τελικό Αποτέλεσμα",NTU,0.144
11/12/2023,23.78300677,38.09159562,1940,Θολότητα,"Τελικό Αποτέλεσμα",NTU,0.146
11/12/2023,23.72049547,37.94647249,160,Θολότητα,"Τελικό Αποτέλεσμα",NTU,0.43
11/12/2023,23.7232452,37.93440384,165,Θολότητα,"Τελικό Αποτέλεσμα",NTU,0.3
11/12/2023,23.69418089,37.99877315,7120,Θολότητα,"Τελικό Αποτέλεσμα",NTU,0.14
11/12/2023,23.66748989,37.95803203,7170,Θολότητα,"Τελικό Αποτέλεσμα",NTU,0.255
11/12/2023,23.67862566,37.97172973,7230,Θολότητα,"Τελικό Αποτέλεσμα",NTU,0.145
11/12/2023,23.68519653,37.97596579,7250,Θολότητα,"Τελικό Αποτέλεσμα",NTU,0.155
11/12/2023,23.69752839,37.97170234,7270,Θολότητα,"Τελικό Αποτέλεσμα",NTU,0.184
11/12/2023,23.71283325,37.96856483,7300,Θολότητα,"Τελικό Αποτέλεσμα",NTU,0.171
11/12/2023,23.71170376,37.97057149,7320,Θολότητα,"Τελικό Αποτέλεσμα",NTU,0.198
11/12/2023,23.71541292,38.00374961,8010,Θολότητα,"Τελικό Αποτέλεσμα",NTU,0.341
11/12/2023,23.71578119,37.99037338,8040,Θολότητα,"Τελικό Αποτέλεσμα",NTU,0.206
11/12/2023,23.7122762,37.98040557,8060,Θολότητα,"Τελικό Αποτέλεσμα",NTU,0.116
11/12/2023,23.71481682,37.97943025,8070,Θολότητα,"Τελικό Αποτέλεσμα",NTU,0.14
11/12/2023,23.68251737,37.96148113,8100,Θολότητα,"Τελικό Αποτέλεσμα",NTU,0.194
11/12/2023,23.70043454,37.962644,8140,Θολότητα,"Τελικό Αποτέλεσμα",NTU,0.461
11/12/2023,23.69959745,37.94970908,8170,Θολότητα,"Τελικό Αποτέλεσμα",NTU,0.264
11/12/2023,23.70623737,37.95093926,8190,Θολότητα,"Τελικό Αποτέλεσμα",NTU,0.296
11/12/2023,23.70891649,37.94569184,8210,Θολότητα,"Τελικό Αποτέλεσμα",NTU,0.128
11/12/2023,23.71621067,37.95514139,8260,Θολότητα,"Τελικό Αποτέλεσμα",NTU,0.196
11/12/2023,23.73089644,37.98300722,8350,Θολότητα,"Τελικό Αποτέλεσμα",NTU,0.365
11/12/2024,23.794882287985,37.837449849635,1912,Θολότητα,"Τελικό Αποτέλεσμα",NTU,0.185
11/12/2024,23.781989618407,37.85753891633,1964,Θολότητα,"Τελικό Αποτέλεσμα",NTU,0.611
11/12/2024,23.776624696051,37.884348958134,1918,Θολότητα,"Τελικό Αποτέλεσμα",NTU,0.114
11/12/2024,23.763828567739,37.889033553169,1920,Θολότητα,"Τελικό Αποτέλεσμα",NTU,0.3
11/12/2024,23.755560418361,37.919430807212,1924,Θολότητα,"Τελικό Αποτέλεσμα",NTU,0.141
11/12/2024,23.749512420594,37.999646302315,1942,Θολότητα,"Τελικό Αποτέλεσμα",NTU,0.122
11/12/2024,23.732887017961,37.955671997184,1944,Θολότητα,"Τελικό Αποτέλεσμα",NTU,0.222
11/12/2024,23.777569470988,37.889946836445,1963,Θολότητα,"Τελικό Αποτέλεσμα",NTU,0.132
11/12/2024,23.752793157246,38.043419319626,3020,Θολότητα,"Τελικό Αποτέλεσμα",NTU,0.416
11/12/2024,23.623370187872,37.950398549294,6110,Θολότητα,"Τελικό Αποτέλεσμα",NTU,0.173
11/12/2024,23.783006772263,38.091595618101,1940,Θολότητα,"Τελικό Αποτέλεσμα",NTU,0.194
11/12/2024,23.502319573731,37.96481151634,170,Θολότητα,"Τελικό Αποτέλεσμα",NTU,0.148
11/12/2024,23.52896170005,37.965815276592,2540,Θολότητα,"Τελικό Αποτέλεσμα",NTU,0.13
11/12/2024,23.535032621057,37.956778546223,2550,Θολότητα,"Τελικό Αποτέλεσμα",NTU,0.127
11/12/2024,23.4677306424,37.921816278707,2600,Θολότητα,"Τελικό Αποτέλεσμα",NTU,0.19
11/12/2024,23.496539981684,37.953992886194,2620,Θολότητα,"Τελικό Αποτέλεσμα",NTU,0.214
11/12/2024,23.488033230766,37.962548651207,2660,Θολότητα,"Τελικό Αποτέλεσμα",NTU,0.108
11/12/2024,23.440621950822,37.925877301176,2680,Θολότητα,"Τελικό Αποτέλεσμα",NTU,0.07
11/12/2024,23.524150518993,37.96223485381,2690,Θολότητα,"Τελικό Αποτέλεσμα",NTU,0.077
12/01/2023,23.78300677,38.09159562,1940,Θολότητα,"Τελικό Αποτέλεσμα",NTU,0.321
12/01/2023,23.7766247,37.88434896,1918,Θολότητα,"Τελικό Αποτέλεσμα",NTU,0.131
12/01/2023,23.76382857,37.88903355,1920,Θολότητα,"Τελικό Αποτέλεσμα",NTU,0.357
12/01/2023,23.75556042,37.91943081,1924,Θολότητα,"Τελικό Αποτέλεσμα",NTU,0.141
12/01/2023,23.74951242,37.9996463,1942,Θολότητα,"Τελικό Αποτέλεσμα",NTU,0.22
12/01/2023,23.73288702,37.955672,1944,Θολότητα,"Τελικό Αποτέλεσμα",NTU,0.163
12/01/2023,23.77756947,37.88994684,1963,Θολότητα,"Τελικό Αποτέλεσμα",NTU,0.244
12/01/2023,23.72049547,37.94647249,160,Θολότητα,"Τελικό Αποτέλεσμα",NTU,0.372
12/01/2023,23.7232452,37.93440384,165,Θολότητα,"Τελικό Αποτέλεσμα",NTU,0.751
12/01/2023,23.69418089,37.99877315,7120,Θολότητα,"Τελικό Αποτέλεσμα",NTU,0.104
12/01/2023,23.66748989,37.95803203,7170,Θολότητα,"Τελικό Αποτέλεσμα",NTU,0.459
12/01/2023,23.67862566,37.97172973,7230,Θολότητα,"Τελικό Αποτέλεσμα",NTU,0.328
12/01/2023,23.69752839,37.97170234,7270,Θολότητα,"Τελικό Αποτέλεσμα",NTU,0.168
12/01/2023,23.71283325,37.96856483,7300,Θολότητα,"Τελικό Αποτέλεσμα",NTU,0.164
12/01/2023,23.71170376,37.97057149,7320,Θολότητα,"Τελικό Αποτέλεσμα",NTU,0.248
12/01/2023,23.71541292,38.00374961,8010,Θολότητα,"Τελικό Αποτέλεσμα",NTU,0.148
12/01/2023,23.71578119,37.99037338,8040,Θολότητα,"Τελικό Αποτέλεσμα",NTU,0.175
12/01/2023,23.7122762,37.98040557,8060,Θολότητα,"Τελικό Αποτέλεσμα",NTU,0.106
12/01/2023,23.68251737,37.96148113,8100,Θολότητα,"Τελικό Αποτέλεσμα",NTU,0.374
12/01/2023,23.70043454,37.962644,8140,Θολότητα,"Τελικό Αποτέλεσμα",NTU,0.116
12/01/2023,23.69959745,37.94970908,8170,Θολότητα,"Τελικό Αποτέλεσμα",NTU,0.576
12/01/2023,23.70623737,37.95093926,8190,Θολότητα,"Τελικό Αποτέλεσμα",NTU,0.151
12/01/2023,23.70891649,37.94569184,8210,Θολότητα,"Τελικό Αποτέλεσμα",NTU,0.22
12/01/2023,23.71621067,37.95514139,8260,Θολότητα,"Τελικό Αποτέλεσμα",NTU,0.28
12/01/2023,23.71457142,37.96617497,8270,Θολότητα,"Τελικό Αποτέλεσμα",NTU,0.168
12/01/2023,23.72614349,37.96555625,8290,Θολότητα,"Τελικό Αποτέλεσμα",NTU,0.434
12/01/2023,23.73089644,37.98300722,8350,Θολότητα,"Τελικό Αποτέλεσμα",NTU,0.233
12/01/2023,23.72863096,37.93616832,4190,Θολότητα,"Τελικό Αποτέλεσμα",NTU,0.379
12/01/2025,23.783006772263,38.091595618101,1940,Θολότητα,"Τελικό Αποτέλεσμα",NTU,0.252
12/02/2023,23.78300677,38.09159562,1940,Θολότητα,"Τελικό Αποτέλεσμα",NTU,0.19
12/02/2025,23.783006772263,38.091595618101,1940,Θολότητα,"Τελικό Αποτέλεσμα",NTU,0.231
12/02/2025,23.52896170005,37.965815276592,2540,Θολότητα,"Τελικό Αποτέλεσμα",NTU,0.255
12/02/2025,23.535032621057,37.956778546223,2550,Θολότητα,"Τελικό Αποτέλεσμα",NTU,0.236
12/02/2025,23.4677306424,37.921816278707,2600,Θολότητα,"Τελικό Αποτέλεσμα",NTU,0.253
12/02/2025,23.494751977414,37.967937622846,2630,Θολότητα,"Τελικό Αποτέλεσμα",NTU,0.224
12/02/2025,23.488033230766,37.962548651207,2660,Θολότητα,"Τελικό Αποτέλεσμα",NTU,0.187
12/02/2025,23.440621950822,37.925877301176,2680,Θολότητα,"Τελικό Αποτέλεσμα",NTU,0.261
12/02/2025,23.524150518993,37.96223485381,2690,Θολότητα,"Τελικό Αποτέλεσμα",NTU,0.251
12/03/2023,23.78300677,38.09159562,1940,Θολότητα,"Τελικό Αποτέλεσμα",NTU,0.273
12/03/2025,23.839340877075,38.008846343525,1910,Θολότητα,"Τελικό Αποτέλεσμα",NTU,0.23
12/03/2025,23.834058289847,38.055035361725,13210,Θολότητα,"Τελικό Αποτέλεσμα",NTU,0.203
12/03/2025,23.762975326718,38.014149073434,1951,Θολότητα,"Τελικό Αποτέλεσμα",NTU,0.189
12/03/2025,23.765100402535,38.018891552708,1952,Θολότητα,"Τελικό Αποτέλεσμα",NTU,0.273
12/03/2025,23.805701939805,37.98977288987,1953,Θολότητα,"Τελικό Αποτέλεσμα",NTU,0.203
12/03/2025,23.877462910757,38.060150004,1957,Θολότητα,"Τελικό Αποτέλεσμα",NTU,0.171
12/03/2025,23.850058780234,38.064487896413,1958,Θολότητα,"Τελικό Αποτέλεσμα",NTU,0.134
12/03/2025,23.871650152448,38.05010024616,1911,Θολότητα,"Τελικό Αποτέλεσμα",NTU,0.23
12/03/2025,23.783006772263,38.091595618101,1940,Θολότητα,"Τελικό Αποτέλεσμα",NTU,0.167
12/04/2023,23.78300677,38.09159562,1940,Θολότητα,"Τελικό Αποτέλεσμα",NTU,0.222
12/04/2023,23.59521034,38.06468139,2810,Θολότητα,"Τελικό Αποτέλεσμα",NTU,0.124
12/04/2023,23.58213759,38.06052513,2820,Θολότητα,"Τελικό Αποτέλεσμα",NTU,0.126
12/04/2023,23.58754823,38.0664655,2830,Θολότητα,"Τελικό Αποτέλεσμα",NTU,0.151
12/04/2023,23.5318038,38.05090121,2840,Θολότητα,"Τελικό Αποτέλεσμα",NTU,0.09
12/04/2023,23.54270396,38.04336154,2850,Θολότητα,"Τελικό Αποτέλεσμα",NTU,0.091
12/04/2023,23.53939487,38.0361051,2860,Θολότητα,"Τελικό Αποτέλεσμα",NTU,0.208
12/04/2023,23.54885279,38.03762139,2870,Θολότητα,"Τελικό Αποτέλεσμα",NTU,0.213
12/04/2023,23.73922598,38.06256112,2880,Θολότητα,"Τελικό Αποτέλεσμα",NTU,0.333
12/04/2023,23.73746872,38.08509072,2890,Θολότητα,"Τελικό Αποτέλεσμα",NTU,0.619
12/04/2023,23.73650425,38.09500514,2910,Θολότητα,"Τελικό Αποτέλεσμα",NTU,0.158
12/04/2023,23.73035923,38.1155281,2920,Θολότητα,"Τελικό Αποτέλεσμα",NTU,0.104
12/04/2023,23.52463973,38.07593845,2801,Θολότητα,"Τελικό Αποτέλεσμα",NTU,0.209
12/04/2023,23.59085666,38.05767841,2801,Θολότητα,"Τελικό Αποτέλεσμα",NTU,0.209
12/04/2025,23.783006772263,38.091595618101,1940,Θολότητα,"Τελικό Αποτέλεσμα",NTU,0.214
12/05/2023,23.78300677,38.09159562,1940,Θολότητα,"Τελικό Αποτέλεσμα",NTU,0.287
12/05/2023,23.85025321,37.98994386,6600,Θολότητα,"Τελικό Αποτέλεσμα",NTU,0.148
12/05/2023,23.95034322,37.8943453,6622,Θολότητα,"Τελικό Αποτέλεσμα",NTU,0.179
12/05/2023,24.02347685,37.89610538,6635,Θολότητα,"Τελικό Αποτέλεσμα",NTU,0.242
12/05/2023,23.9711191,37.81103106,6640,Θολότητα,"Τελικό Αποτέλεσμα",NTU,0.478
12/05/2023,24.05094448,37.70399221,6651,Θολότητα,"Τελικό Αποτέλεσμα",NTU,0.397
12/05/2023,24.00045431,37.66293707,6660,Θολότητα,"Τελικό Αποτέλεσμα",NTU,0.27
12/05/2023,23.93846122,37.69492932,6670,Θολότητα,"Τελικό Αποτέλεσμα",NTU,0.337
12/05/2023,23.95494234,37.75171359,6690,Θολότητα,"Τελικό Αποτέλεσμα",NTU,0.231
12/05/2023,23.92361047,37.73101879,6700,Θολότητα,"Τελικό Αποτέλεσμα",NTU,0.165
12/05/2023,23.90348973,37.82055314,6705,Θολότητα,"Τελικό Αποτέλεσμα",NTU,0.223
12/05/2023,23.89013644,37.78136061,6706,Θολότητα,"Τελικό Αποτέλεσμα",NTU,0.162
12/05/2023,23.66748989,37.95803203,7170,Θολότητα,"Τελικό Αποτέλεσμα",NTU,0.085
12/05/2023,23.33981264,38.00410848,225,Θολότητα,"Τελικό Αποτέλεσμα",NTU,0.228
12/05/2024,23.783006772263,38.091595618101,1940,Θολότητα,"Τελικό Αποτέλεσμα",NTU,0.148
12/05/2025,23.573199699245,37.964696686365,2530,Θολότητα,"Τελικό Αποτέλεσμα",NTU,0.161
12/05/2025,23.532576218429,37.93452623243,2560,Θολότητα,"Τελικό Αποτέλεσμα",NTU,0.217
12/05/2025,23.535529831273,37.93206091596,2570,Θολότητα,"Τελικό Αποτέλεσμα",NTU,0.173
12/05/2025,23.614471567765,37.959304282216,2700,Θολότητα,"Τελικό Αποτέλεσμα",NTU,0.339
12/05/2025,23.828980364763,38.043901820297,193,Θολότητα,"Τελικό Αποτέλεσμα",NTU,0.268
12/05/2025,23.783006772263,38.091595618101,1940,Θολότητα,"Τελικό Αποτέλεσμα",NTU,0.157
12/06/2023,23.59521034,38.06468139,2810,Θολότητα,"Τελικό Αποτέλεσμα",NTU,0.236
12/06/2023,23.58754823,38.0664655,2830,Θολότητα,"Τελικό Αποτέλεσμα",NTU,0.194
12/06/2023,23.5318038,38.05090121,2840,Θολότητα,"Τελικό Αποτέλεσμα",NTU,0.208
12/06/2023,23.54270396,38.04336154,2850,Θολότητα,"Τελικό Αποτέλεσμα",NTU,0.219
12/06/2023,23.53939487,38.0361051,2860,Θολότητα,"Τελικό Αποτέλεσμα",NTU,0.924
12/06/2023,23.54885279,38.03762139,2870,Θολότητα,"Τελικό Αποτέλεσμα",NTU,0.151
12/06/2023,23.73922598,38.06256112,2880,Θολότητα,"Τελικό Αποτέλεσμα",NTU,0.225
12/06/2023,23.73746872,38.08509072,2890,Θολότητα,"Τελικό Αποτέλεσμα",NTU,0.329
12/06/2023,23.73847585,38.07445445,2900,Θολότητα,"Τελικό Αποτέλεσμα",NTU,0.262
12/06/2023,23.73035923,38.1155281,2920,Θολότητα,"Τελικό Αποτέλεσμα",NTU,0.206
12/06/2023,23.52463973,38.07593845,2801,Θολότητα,"Τελικό Αποτέλεσμα",NTU,0.225
12/06/2023,23.59085666,38.05767841,2801,Θολότητα,"Τελικό Αποτέλεσμα",NTU,0.225
12/06/2023,23.78300677,38.09159562,1940,Θολότητα,"Τελικό Αποτέλεσμα",NTU,0.29
12/06/2024,23.848751638879,38.124166714577,4710,Θολότητα,"Τελικό Αποτέλεσμα",NTU,0.124
12/06/2024,23.908700098241,38.168241126955,4720,Θολότητα,"Τελικό Αποτέλεσμα",NTU,0.1
12/06/2024,24.034572330748,38.190401550712,4750,Θολότητα,"Τελικό Αποτέλεσμα",NTU,0.107
12/06/2024,23.977138138398,38.085743034532,4770,Θολότητα,"Τελικό Αποτέλεσμα",NTU,0.114
12/06/2024,24.007320013182,37.984167240863,4890,Θολότητα,"Τελικό Αποτέλεσμα",NTU,0.139
12/06/2024,23.90698069658,37.964512417317,4902,Θολότητα,"Τελικό Αποτέλεσμα",NTU,0.44
12/06/2024,23.973051962748,37.958463647889,4910,Θολότητα,"Τελικό Αποτέλεσμα",NTU,0.217
12/06/2024,23.783006772263,38.091595618101,1940,Θολότητα,"Τελικό Αποτέλεσμα",NTU,0.145
12/06/2025,23.850253213448,37.989943855969,6600,Θολότητα,"Τελικό Αποτέλεσμα",NTU,0.307
12/06/2025,23.882150670691,37.905502833197,6610,Θολότητα,"Τελικό Αποτέλεσμα",NTU,0.346
12/06/2025,23.950343222474,37.894345298849,6622,Θολότητα,"Τελικό Αποτέλεσμα",NTU,0.264
12/06/2025,24.02347684584,37.896105381073,6635,Θολότητα,"Τελικό Αποτέλεσμα",NTU,0.187
12/06/2025,23.971119096034,37.811031057644,6640,Θολότητα,"Τελικό Αποτέλεσμα",NTU,0.231
12/06/2025,24.050944478239,37.703992213554,6651,Θολότητα,"Τελικό Αποτέλεσμα",NTU,0.243
12/06/2025,23.954942341285,37.751713589169,6690,Θολότητα,"Τελικό Αποτέλεσμα",NTU,0.174
12/06/2025,23.923610473266,37.731018793535,6700,Θολότητα,"Τελικό Αποτέλεσμα",NTU,0.441
12/06/2025,23.903489728858,37.82055313721,6705,Θολότητα,"Τελικό Αποτέλεσμα",NTU,0.261
12/06/2025,23.890136444211,37.781360609525,6706,Θολότητα,"Τελικό Αποτέλεσμα",NTU,0.277
12/07/2023,23.78300677,38.09159562,1940,Θολότητα,"Τελικό Αποτέλεσμα",NTU,0.305
12/07/2023,23.59521034,38.06468139,2810,Θολότητα,"Τελικό Αποτέλεσμα",NTU,0.19
12/07/2023,23.58754823,38.0664655,2830,Θολότητα,"Τελικό Αποτέλεσμα",NTU,0.139
12/07/2023,23.5318038,38.05090121,2840,Θολότητα,"Τελικό Αποτέλεσμα",NTU,0.186
12/07/2023,23.54270396,38.04336154,2850,Θολότητα,"Τελικό Αποτέλεσμα",NTU,0.252
12/07/2023,23.53939487,38.0361051,2860,Θολότητα,"Τελικό Αποτέλεσμα",NTU,0.151
12/07/2023,23.54885279,38.03762139,2870,Θολότητα,"Τελικό Αποτέλεσμα",NTU,0.265
12/07/2023,23.73746872,38.08509072,2890,Θολότητα,"Τελικό Αποτέλεσμα",NTU,0.305
12/07/2023,23.73847585,38.07445445,2900,Θολότητα,"Τελικό Αποτέλεσμα",NTU,0.225
12/07/2023,23.73650425,38.09500514,2910,Θολότητα,"Τελικό Αποτέλεσμα",NTU,0.25
12/07/2023,23.73035923,38.1155281,2920,Θολότητα,"Τελικό Αποτέλεσμα",NTU,0.847
12/07/2023,23.52463973,38.07593845,2801,Θολότητα,"Τελικό Αποτέλεσμα",NTU,0.209
12/07/2023,23.59085666,38.05767841,2801,Θολότητα,"Τελικό Αποτέλεσμα",NTU,0.209
12/07/2024,23.783006772263,38.091595618101,1940,Θολότητα,"Τελικό Αποτέλεσμα",NTU,0.157
12/07/2024,23.839340877075,38.008846343525,1910,Θολότητα,"Τελικό Αποτέλεσμα",NTU,0.207
12/07/2024,23.762975326718,38.014149073434,1951,Θολότητα,"Τελικό Αποτέλεσμα",NTU,0.198
12/07/2024,23.765100402535,38.018891552708,1952,Θολότητα,"Τελικό Αποτέλεσμα",NTU,0.161
12/07/2024,23.805701939805,37.98977288987,1953,Θολότητα,"Τελικό Αποτέλεσμα",NTU,0.162
12/07/2024,23.877462910757,38.060150004,1957,Θολότητα,"Τελικό Αποτέλεσμα",NTU,0.1
12/07/2024,23.850058780234,38.064487896413,1958,Θολότητα,"Τελικό Αποτέλεσμα",NTU,0.084
12/07/2024,23.871650152448,38.05010024616,1911,Θολότητα,"Τελικό Αποτέλεσμα",NTU,0.148
12/07/2024,23.850253213448,37.989943855969,6600,Θολότητα,"Τελικό Αποτέλεσμα",NTU,0.219
12/07/2024,23.882150670691,37.905502833197,6610,Θολότητα,"Τελικό Αποτέλεσμα",NTU,0.232
12/07/2024,23.950343222474,37.894345298849,6622,Θολότητα,"Τελικό Αποτέλεσμα",NTU,0.158
12/07/2024,24.02347684584,37.896105381073,6635,Θολότητα,"Τελικό Αποτέλεσμα",NTU,0.109
12/07/2024,23.971119096034,37.811031057644,6640,Θολότητα,"Τελικό Αποτέλεσμα",NTU,0.262
12/07/2024,24.050944478239,37.703992213554,6651,Θολότητα,"Τελικό Αποτέλεσμα",NTU,0.115
12/07/2024,23.954942341285,37.751713589169,6690,Θολότητα,"Τελικό Αποτέλεσμα",NTU,0.253
12/07/2024,23.903489728858,37.82055313721,6705,Θολότητα,"Τελικό Αποτέλεσμα",NTU,0.145
12/08/2023,23.78300677,38.09159562,1940,Θολότητα,"Τελικό Αποτέλεσμα",NTU,0.12
12/08/2024,23.783006772263,38.091595618101,1940,Θολότητα,"Τελικό Αποτέλεσμα",NTU,0.153
12/08/2024,23.52896170005,37.965815276592,2540,Θολότητα,"Τελικό Αποτέλεσμα",NTU,0.129
12/08/2024,23.535032621057,37.956778546223,2550,Θολότητα,"Τελικό Αποτέλεσμα",NTU,0.092
12/08/2024,23.4677306424,37.921816278707,2600,Θολότητα,"Τελικό Αποτέλεσμα",NTU,0.126
12/08/2024,23.494751977414,37.967937622846,2630,Θολότητα,"Τελικό Αποτέλεσμα",NTU,0.117
12/08/2024,23.488033230766,37.962548651207,2660,Θολότητα,"Τελικό Αποτέλεσμα",NTU,0.147
12/08/2024,23.440621950822,37.925877301176,2680,Θολότητα,"Τελικό Αποτέλεσμα",NTU,0.285
12/08/2024,23.524150518993,37.96223485381,2690,Θολότητα,"Τελικό Αποτέλεσμα",NTU,0.094
12/09/2023,23.53153657,38.07172532,2260,Θολότητα,"Τελικό Αποτέλεσμα",NTU,0.087
12/09/2023,23.75121334,38.12052926,2270,Θολότητα,"Τελικό Αποτέλεσμα",NTU,0.176
12/09/2023,23.78300677,38.09159562,1940,Θολότητα,"Τελικό Αποτέλεσμα",NTU,0.195
12/09/2023,23.59521034,38.06468139,2810,Θολότητα,"Τελικό Αποτέλεσμα",NTU,0.12
12/09/2023,23.58213759,38.06052513,2820,Θολότητα,"Τελικό Αποτέλεσμα",NTU,0.163
12/09/2023,23.58754823,38.0664655,2830,Θολότητα,"Τελικό Αποτέλεσμα",NTU,0.122
12/09/2023,23.5318038,38.05090121,2840,Θολότητα,"Τελικό Αποτέλεσμα",NTU,0.104
12/09/2023,23.54270396,38.04336154,2850,Θολότητα,"Τελικό Αποτέλεσμα",NTU,0.203
12/09/2023,23.53939487,38.0361051,2860,Θολότητα,"Τελικό Αποτέλεσμα",NTU,0.063
12/09/2023,23.54885279,38.03762139,2870,Θολότητα,"Τελικό Αποτέλεσμα",NTU,0.151
12/09/2023,23.73922598,38.06256112,2880,Θολότητα,"Τελικό Αποτέλεσμα",NTU,0.342
12/09/2023,23.73746872,38.08509072,2890,Θολότητα,"Τελικό Αποτέλεσμα",NTU,0.197
12/09/2023,23.73847585,38.07445445,2900,Θολότητα,"Τελικό Αποτέλεσμα",NTU,0.264
12/09/2023,23.73650425,38.09500514,2910,Θολότητα,"Τελικό Αποτέλεσμα",NTU,0.136
12/09/2023,23.52463973,38.07593845,2801,Θολότητα,"Τελικό Αποτέλεσμα",NTU,0.37
12/09/2023,23.59085666,38.05767841,2801,Θολότητα,"Τελικό Αποτέλεσμα",NTU,0.37
12/09/2023,23.6601472,37.98029121,6020,Θολότητα,"Τελικό Αποτέλεσμα",NTU,0.349
12/09/2023,23.67323412,37.94610991,6190,Θολότητα,"Τελικό Αποτέλεσμα",NTU,0.375
12/09/2023,23.73288702,37.955672,1944,Θολότητα,"Τελικό Αποτέλεσμα",NTU,0.375
12/09/2024,23.595210337605,38.064681391243,2810,Θολότητα,"Τελικό Αποτέλεσμα",NTU,0.106
12/09/2024,23.58213758742,38.060525133935,2820,Θολότητα,"Τελικό Αποτέλεσμα",NTU,0.233
12/09/2024,23.587548232298,38.066465497153,2830,Θολότητα,"Τελικό Αποτέλεσμα",NTU,0.125
12/09/2024,23.531803801228,38.050901214317,2840,Θολότητα,"Τελικό Αποτέλεσμα",NTU,0.211
12/09/2024,23.54270395521,38.043361544184,2850,Θολότητα,"Τελικό Αποτέλεσμα",NTU,0.121
12/09/2024,23.539394866218,38.03610510066,2860,Θολότητα,"Τελικό Αποτέλεσμα",NTU,0.085
12/09/2024,23.548852791485,38.037621391965,2870,Θολότητα,"Τελικό Αποτέλεσμα",NTU,0.09
12/09/2024,23.739225980018,38.062561123056,2880,Θολότητα,"Τελικό Αποτέλεσμα",NTU,0.142
12/09/2024,23.737468716577,38.085090720814,2890,Θολότητα,"Τελικό Αποτέλεσμα",NTU,0.121
12/09/2024,23.736504245032,38.095005139018,2910,Θολότητα,"Τελικό Αποτέλεσμα",NTU,0.16
12/09/2024,23.730359234314,38.115528098668,2920,Θολότητα,"Τελικό Αποτέλεσμα",NTU,0.267
12/09/2024,23.524639732983,38.075938446879,2801,Θολότητα,"Τελικό Αποτέλεσμα",NTU,0.201
12/09/2024,23.590856660965,38.05767840712,2801,Θολότητα,"Τελικό Αποτέλεσμα",NTU,0.201
12/09/2024,23.416568705309,37.911777864914,1967,Θολότητα,"Τελικό Αποτέλεσμα",NTU,0.246
12/09/2024,23.417424198698,37.907419057485,2601,Θολότητα,"Τελικό Αποτέλεσμα",NTU,0.231
12/09/2024,23.783006772263,38.091595618101,1940,Θολότητα,"Τελικό Αποτέλεσμα",NTU,0.175
12/10/2023,23.78300677,38.09159562,1940,Θολότητα,"Τελικό Αποτέλεσμα",NTU,0.271
12/10/2023,23.85025321,37.98994386,6600,Θολότητα,"Τελικό Αποτέλεσμα",NTU,0.478
12/10/2023,23.95034322,37.8943453,6622,Θολότητα,"Τελικό Αποτέλεσμα",NTU,0.109
12/10/2023,24.02347685,37.89610538,6635,Θολότητα,"Τελικό Αποτέλεσμα",NTU,0.248
12/10/2023,23.9711191,37.81103106,6640,Θολότητα,"Τελικό Αποτέλεσμα",NTU,0.194
12/10/2023,24.05094448,37.70399221,6651,Θολότητα,"Τελικό Αποτέλεσμα",NTU,0.681
12/10/2023,23.93846122,37.69492932,6670,Θολότητα,"Τελικό Αποτέλεσμα",NTU,0.219
12/10/2023,23.95494234,37.75171359,6690,Θολότητα,"Τελικό Αποτέλεσμα",NTU,0.206
12/10/2023,23.92361047,37.73101879,6700,Θολότητα,"Τελικό Αποτέλεσμα",NTU,0.192
12/10/2023,23.90348973,37.82055314,6705,Θολότητα,"Τελικό Αποτέλεσμα",NTU,0.26
12/10/2024,23.783006772263,38.091595618101,1940,Θολότητα,"Τελικό Αποτέλεσμα",NTU,0.104
12/11/2023,23.78300677,38.09159562,1940,Θολότητα,"Τελικό Αποτέλεσμα",NTU,0.157
12/11/2024,23.848751638879,38.124166714577,4710,Θολότητα,"Τελικό Αποτέλεσμα",NTU,0.155
12/11/2024,23.908700098241,38.168241126955,4720,Θολότητα,"Τελικό Αποτέλεσμα",NTU,0.534
12/11/2024,24.034572330748,38.190401550712,4750,Θολότητα,"Τελικό Αποτέλεσμα",NTU,0.302
12/11/2024,23.977138138398,38.085743034532,4770,Θολότητα,"Τελικό Αποτέλεσμα",NTU,0.175
12/11/2024,23.989441223817,38.037783380352,4771,Θολότητα,"Τελικό Αποτέλεσμα",NTU,0.24
12/11/2024,24.012050710459,38.014370105797,4852,Θολότητα,"Τελικό Αποτέλεσμα",NTU,0.164
12/11/2024,24.007320013182,37.984167240863,4890,Θολότητα,"Τελικό Αποτέλεσμα",NTU,0.34
12/11/2024,23.90698069658,37.964512417317,4902,Θολότητα,"Τελικό Αποτέλεσμα",NTU,0.16
12/11/2024,23.973051962748,37.958463647889,4910,Θολότητα,"Τελικό Αποτέλεσμα",NTU,0.818
12/11/2024,23.783006772263,38.091595618101,1940,Θολότητα,"Τελικό Αποτέλεσμα",NTU,0.136
12/11/2024,22.898432401038,38.254054888272,7011,Θολότητα,"Τελικό Αποτέλεσμα",NTU,0.302
12/12/2023,23.54270396,38.04336154,2850,Θολότητα,"Τελικό Αποτέλεσμα",NTU,0.241
12/12/2023,23.73746872,38.08509072,2890,Θολότητα,"Τελικό Αποτέλεσμα",NTU,0.318
12/12/2023,23.78300677,38.09159562,1940,Θολότητα,"Τελικό Αποτέλεσμα",NTU,0.278
12/12/2024,23.783006772263,38.091595618101,1940,Θολότητα,"Τελικό Αποτέλεσμα",NTU,0.123
12/12/2024,23.787819251812,38.087809697248,195,Θολότητα,"Τελικό Αποτέλεσμα",NTU,0.146
12/12/2024,23.850253213448,37.989943855969,6600,Θολότητα,"Τελικό Αποτέλεσμα",NTU,0.143
12/12/2024,23.882150670691,37.905502833197,6610,Θολότητα,"Τελικό Αποτέλεσμα",NTU,0.115
12/12/2024,23.950343222474,37.894345298849,6622,Θολότητα,"Τελικό Αποτέλεσμα",NTU,0.241
12/12/2024,24.02347684584,37.896105381073,6635,Θολότητα,"Τελικό Αποτέλεσμα",NTU,0.254
12/12/2024,23.971119096034,37.811031057644,6640,Θολότητα,"Τελικό Αποτέλεσμα",NTU,0.17
12/12/2024,24.050944478239,37.703992213554,6651,Θολότητα,"Τελικό Αποτέλεσμα",NTU,0.123
12/12/2024,23.954942341285,37.751713589169,6690,Θολότητα,"Τελικό Αποτέλεσμα",NTU,0.22
12/12/2024,23.923610473266,37.731018793535,6700,Θολότητα,"Τελικό Αποτέλεσμα",NTU,0.101
12/12/2024,23.903489728858,37.82055313721,6705,Θολότητα,"Τελικό Αποτέλεσμα",NTU,0.16
12/12/2024,23.772903712691,37.94499326751,1961,Θολότητα,"Τελικό Αποτέλεσμα",NTU,0.319
12/12/2024,23.775659857879,37.946436566217,1962,Θολότητα,"Τελικό Αποτέλεσμα",NTU,0.171
12/12/2024,23.790508845956,37.815722995168,1965,Θολότητα,"Τελικό Αποτέλεσμα",NTU,0.485
12/12/2024,23.726887822219,37.95811378839,4240,Θολότητα,"Τελικό Αποτέλεσμα",NTU,0.216
12/12/2024,23.768783003349,37.982897797692,4040,Θολότητα,"Τελικό Αποτέλεσμα",NTU,0.134
13/01/2023,23.78300677,38.09159562,1940,Θολότητα,"Τελικό Αποτέλεσμα",NTU,0.348
13/01/2023,23.50231957,37.96481152,170,Θολότητα,"Τελικό Αποτέλεσμα",NTU,0.159
13/01/2023,23.5289617,37.96581528,2540,Θολότητα,"Τελικό Αποτέλεσμα",NTU,0.114
13/01/2023,23.53503262,37.95677855,2550,Θολότητα,"Τελικό Αποτέλεσμα",NTU,0.106
13/01/2023,23.46773064,37.92181628,2600,Θολότητα,"Τελικό Αποτέλεσμα",NTU,0.25
13/01/2023,23.49475198,37.96793762,2630,Θολότητα,"Τελικό Αποτέλεσμα",NTU,0.15
13/01/2023,23.48803323,37.96254865,2660,Θολότητα,"Τελικό Αποτέλεσμα",NTU,0.114
13/01/2023,23.44062195,37.9258773,2680,Θολότητα,"Τελικό Αποτέλεσμα",NTU,0.142
13/01/2023,23.52415052,37.96223485,2690,Θολότητα,"Τελικό Αποτέλεσμα",NTU,0.13
13/01/2023,23.41656871,37.91177786,1967,Θολότητα,"Τελικό Αποτέλεσμα",NTU,0.347
13/01/2023,23.4174242,37.90741906,2601,Θολότητα,"Τελικό Αποτέλεσμα",NTU,0.262
13/01/2023,23.72543914,37.88816507,5170,Θολότητα,"Τελικό Αποτέλεσμα",NTU,0.152
13/01/2025,23.635233804352,37.972826147816,1926,Θολότητα,"Τελικό Αποτέλεσμα",NTU,0.262
13/01/2025,23.650491791439,38.020690523541,1936,Θολότητα,"Τελικό Αποτέλεσμα",NTU,0.234
13/01/2025,23.660572199344,37.996594669998,1950,Θολότητα,"Τελικό Αποτέλεσμα",NTU,0.122
13/01/2025,23.637482500551,37.984946451231,1941,Θολότητα,"Τελικό Αποτέλεσμα",NTU,0.184
13/01/2025,23.636736270073,37.985919067278,1935,Θολότητα,"Τελικό Αποτέλεσμα",NTU,0.231
13/01/2025,23.644052286684,38.004264948522,1947,Θολότητα,"Τελικό Αποτέλεσμα",NTU,0.217
13/01/2025,23.783006772263,38.091595618101,1940,Θολότητα,"Τελικό Αποτέλεσμα",NTU,0.161
13/01/2025,23.7204954672,37.946472492133,160,Θολότητα,"Τελικό Αποτέλεσμα",NTU,0.167
13/01/2025,23.72324520128,37.934403839805,165,Θολότητα,"Τελικό Αποτέλεσμα",NTU,0.164
13/01/2025,23.694180891718,37.998773148457,7120,Θολότητα,"Τελικό Αποτέλεσμα",NTU,0.363
13/01/2025,23.667489894288,37.958032027277,7170,Θολότητα,"Τελικό Αποτέλεσμα",NTU,0.206
13/01/2025,23.678625660301,37.971729734496,7230,Θολότητα,"Τελικό Αποτέλεσμα",NTU,0.448
13/01/2025,23.685196529333,37.975965791401,7250,Θολότητα,"Τελικό Αποτέλεσμα",NTU,0.222
13/01/2025,23.697528385889,37.971702343756,7270,Θολότητα,"Τελικό Αποτέλεσμα",NTU,0.707
13/01/2025,23.712833251184,37.968564832502,7300,Θολότητα,"Τελικό Αποτέλεσμα",NTU,0.239
13/01/2025,23.711703762356,37.97057149043,7320,Θολότητα,"Τελικό Αποτέλεσμα",NTU,0.35
13/01/2025,23.715412919273,38.003749605504,8010,Θολότητα,"Τελικό Αποτέλεσμα",NTU,0.4
13/01/2025,23.712276196086,37.98040556765,8060,Θολότητα,"Τελικό Αποτέλεσμα",NTU,0.288
13/01/2025,23.714816823822,37.979430254073,8070,Θολότητα,"Τελικό Αποτέλεσμα",NTU,0.257
13/01/2025,23.68251737331,37.961481128285,8100,Θολότητα,"Τελικό Αποτέλεσμα",NTU,0.246
13/01/2025,23.700434539313,37.962643998348,8140,Θολότητα,"Τελικό Αποτέλεσμα",NTU,0.256
13/01/2025,23.699597448709,37.949709083863,8170,Θολότητα,"Τελικό Αποτέλεσμα",NTU,0.313
13/01/2025,23.706237365958,37.950939255691,8190,Θολότητα,"Τελικό Αποτέλεσμα",NTU,0.4
13/01/2025,23.70891649437,37.945691840045,8210,Θολότητα,"Τελικό Αποτέλεσμα",NTU,0.224
13/01/2025,23.71621067377,37.955141392609,8260,Θολότητα,"Τελικό Αποτέλεσμα",NTU,0.27
13/01/2025,23.714571416671,37.966174971534,8270,Θολότητα,"Τελικό Αποτέλεσμα",NTU,0.315
13/01/2025,23.721762060849,37.9648348571,8280,Θολότητα,"Τελικό Αποτέλεσμα",NTU,0.405
13/01/2025,23.726143493332,37.965556254079,8290,Θολότητα,"Τελικό Αποτέλεσμα",NTU,0.212
13/01/2025,23.730896444434,37.9830072171,8350,Θολότητα,"Τελικό Αποτέλεσμα",NTU,0.157
13/02/2023,23.7766247,37.88434896,1918,Θολότητα,"Τελικό Αποτέλεσμα",NTU,0.187
13/02/2023,23.76382857,37.88903355,1920,Θολότητα,"Τελικό Αποτέλεσμα",NTU,0.363
13/02/2023,23.75556042,37.91943081,1924,Θολότητα,"Τελικό Αποτέλεσμα",NTU,0.144
13/02/2023,23.74951242,37.9996463,1942,Θολότητα,"Τελικό Αποτέλεσμα",NTU,0.261
13/02/2023,23.73288702,37.955672,1944,Θολότητα,"Τελικό Αποτέλεσμα",NTU,0.127
13/02/2023,23.77756947,37.88994684,1963,Θολότητα,"Τελικό Αποτέλεσμα",NTU,0.214
13/02/2023,23.83934088,38.00884634,1910,Θολότητα,"Τελικό Αποτέλεσμα",NTU,0.363
13/02/2023,23.83405829,38.05503536,13210,Θολότητα,"Τελικό Αποτέλεσμα",NTU,0.161
13/02/2023,23.85034312,38.064696,13250,Θολότητα,"Τελικό Αποτέλεσμα",NTU,0.316
13/02/2023,23.76297533,38.01414907,1951,Θολότητα,"Τελικό Αποτέλεσμα",NTU,0.294
13/02/2023,23.7651004,38.01889155,1952,Θολότητα,"Τελικό Αποτέλεσμα",NTU,0.366
13/02/2023,23.87746291,38.06015,1957,Θολότητα,"Τελικό Αποτέλεσμα",NTU,0.13
13/02/2023,23.85005878,38.0644879,1958,Θολότητα,"Τελικό Αποτέλεσμα",NTU,0.101
13/02/2023,23.87165015,38.05010025,1911,Θολότητα,"Τελικό Αποτέλεσμα",NTU,0.203
13/02/2023,23.85025321,37.98994386,6600,Θολότητα,"Τελικό Αποτέλεσμα",NTU,0.401
13/02/2023,23.95034322,37.8943453,6622,Θολότητα,"Τελικό Αποτέλεσμα",NTU,0.19
13/02/2023,24.02347685,37.89610538,6635,Θολότητα,"Τελικό Αποτέλεσμα",NTU,0.316
13/02/2023,23.9711191,37.81103106,6640,Θολότητα,"Τελικό Αποτέλεσμα",NTU,0.576
13/02/2023,24.05094448,37.70399221,6651,Θολότητα,"Τελικό Αποτέλεσμα",NTU,0.224
13/02/2023,24.00045431,37.66293707,6660,Θολότητα,"Τελικό Αποτέλεσμα",NTU,0.272
13/02/2023,23.93846122,37.69492932,6670,Θολότητα,"Τελικό Αποτέλεσμα",NTU,0.296
13/02/2023,23.95494234,37.75171359,6690,Θολότητα,"Τελικό Αποτέλεσμα",NTU,0.183
13/02/2023,23.92361047,37.73101879,6700,Θολότητα,"Τελικό Αποτέλεσμα",NTU,0.174
13/02/2023,23.90348973,37.82055314,6705,Θολότητα,"Τελικό Αποτέλεσμα",NTU,0.135
13/02/2023,23.89013644,37.78136061,6706,Θολότητα,"Τελικό Αποτέλεσμα",NTU,0.344
13/02/2023,23.78300677,38.09159562,1940,Θολότητα,"Τελικό Αποτέλεσμα",NTU,0.361
13/02/2023,23.75121334,38.12052926,2270,Θολότητα,"Τελικό Αποτέλεσμα",NTU,0.08
13/02/2023,23.78781925,38.0878097,195,Θολότητα,"Τελικό Αποτέλεσμα",NTU,0.309
13/02/2025,23.655737542216,37.93998667845,1930,Θολότητα,"Τελικό Αποτέλεσμα",NTU,0.118
13/02/2025,23.686325223496,38.049805201469,1939,Θολότητα,"Τελικό Αποτέλεσμα",NTU,0.261
13/02/2025,23.577422634042,37.968422519545,1943,Θολότητα,"Τελικό Αποτέλεσμα",NTU,0.204
13/02/2025,23.576866413715,37.966827860412,1945,Θολότητα,"Τελικό Αποτέλεσμα",NTU,0.224
13/02/2025,23.850253213448,37.989943855969,6600,Θολότητα,"Τελικό Αποτέλεσμα",NTU,0.381
13/02/2025,23.882150670691,37.905502833197,6610,Θολότητα,"Τελικό Αποτέλεσμα",NTU,0.515
13/02/2025,23.950343222474,37.894345298849,6622,Θολότητα,"Τελικό Αποτέλεσμα",NTU,0.143
13/02/2025,24.02347684584,37.896105381073,6635,Θολότητα,"Τελικό Αποτέλεσμα",NTU,0.111
13/02/2025,23.971119096034,37.811031057644,6640,Θολότητα,"Τελικό Αποτέλεσμα",NTU,0.213
13/02/2025,24.050944478239,37.703992213554,6651,Θολότητα,"Τελικό Αποτέλεσμα",NTU,0.256
13/02/2025,23.954942341285,37.751713589169,6690,Θολότητα,"Τελικό Αποτέλεσμα",NTU,0.267
13/02/2025,23.923610473266,37.731018793535,6700,Θολότητα,"Τελικό Αποτέλεσμα",NTU,0.209
13/02/2025,23.903489728858,37.82055313721,6705,Θολότητα,"Τελικό Αποτέλεσμα",NTU,0.231
13/02/2025,23.890136444211,37.781360609525,6706,Θολότητα,"Τελικό Αποτέλεσμα",NTU,0.315
13/02/2025,23.783006772263,38.091595618101,1940,Θολότητα,"Τελικό Αποτέλεσμα",NTU,0.319
13/02/2025,23.595210337605,38.064681391243,2810,Θολότητα,"Τελικό Αποτέλεσμα",NTU,0.281
13/03/2023,23.85025321,37.98994386,6600,Θολότητα,"Τελικό Αποτέλεσμα",NTU,0.64
13/03/2023,23.95034322,37.8943453,6622,Θολότητα,"Τελικό Αποτέλεσμα",NTU,0.27
13/03/2023,24.02347685,37.89610538,6635,Θολότητα,"Τελικό Αποτέλεσμα",NTU,0.196
13/03/2023,23.9711191,37.81103106,6640,Θολότητα,"Τελικό Αποτέλεσμα",NTU,0.289
13/03/2023,24.05094448,37.70399221,6651,Θολότητα,"Τελικό Αποτέλεσμα",NTU,0.201
13/03/2023,24.00045431,37.66293707,6660,Θολότητα,"Τελικό Αποτέλεσμα",NTU,0.151
13/03/2023,23.93846122,37.69492932,6670,Θολότητα,"Τελικό Αποτέλεσμα",NTU,0.192
13/03/2023,23.95494234,37.75171359,6690,Θολότητα,"Τελικό Αποτέλεσμα",NTU,0.31
13/03/2023,23.92361047,37.73101879,6700,Θολότητα,"Τελικό Αποτέλεσμα",NTU,0.314
13/03/2023,23.90348973,37.82055314,6705,Θολότητα,"Τελικό Αποτέλεσμα",NTU,0.202
13/03/2023,23.89013644,37.78136061,6706,Θολότητα,"Τελικό Αποτέλεσμα",NTU,0.23
13/03/2023,23.78300677,38.09159562,1940,Θολότητα,"Τελικό Αποτέλεσμα",NTU,0.231
13/03/2025,23.502319573731,37.96481151634,170,Θολότητα,"Τελικό Αποτέλεσμα",NTU,0.316
13/03/2025,23.52896170005,37.965815276592,2540,Θολότητα,"Τελικό Αποτέλεσμα",NTU,0.183
13/03/2025,23.535032621057,37.956778546223,2550,Θολότητα,"Τελικό Αποτέλεσμα",NTU,0.11
13/03/2025,23.4677306424,37.921816278707,2600,Θολότητα,"Τελικό Αποτέλεσμα",NTU,0.113
13/03/2025,23.494751977414,37.967937622846,2630,Θολότητα,"Τελικό Αποτέλεσμα",NTU,0.217
13/03/2025,23.488033230766,37.962548651207,2660,Θολότητα,"Τελικό Αποτέλεσμα",NTU,0.118
13/03/2025,23.440621950822,37.925877301176,2680,Θολότητα,"Τελικό Αποτέλεσμα",NTU,0.101
13/03/2025,23.524150518993,37.96223485381,2690,Θολότητα,"Τελικό Αποτέλεσμα",NTU,0.111
13/03/2025,23.655737542216,37.93998667845,1930,Θολότητα,"Τελικό Αποτέλεσμα",NTU,0.127
13/03/2025,23.686325223496,38.049805201469,1939,Θολότητα,"Τελικό Αποτέλεσμα",NTU,0.162
13/03/2025,23.577422634042,37.968422519545,1943,Θολότητα,"Τελικό Αποτέλεσμα",NTU,0.307
13/03/2025,23.576866413715,37.966827860412,1945,Θολότητα,"Τελικό Αποτέλεσμα",NTU,0.287
13/03/2025,23.677962015045,38.049823056981,1959,Θολότητα,"Τελικό Αποτέλεσμα",NTU,0.145
13/03/2025,23.783006772263,38.091595618101,1940,Θολότητα,"Τελικό Αποτέλεσμα",NTU,0.122
13/04/2023,23.48905185,37.97043569,2580,Θολότητα,"Τελικό Αποτέλεσμα",NTU,0.088
13/04/2023,23.49475198,37.96793762,2630,Θολότητα,"Τελικό Αποτέλεσμα",NTU,0.096
13/04/2023,23.78300677,38.09159562,1940,Θολότητα,"Τελικό Αποτέλεσμα",NTU,0.261
13/04/2023,23.85025321,37.98994386,6600,Θολότητα,"Τελικό Αποτέλεσμα",NTU,0.259
13/04/2023,23.95034322,37.8943453,6622,Θολότητα,"Τελικό Αποτέλεσμα",NTU,0.255
13/04/2023,24.02347685,37.89610538,6635,Θολότητα,"Τελικό Αποτέλεσμα",NTU,0.319
13/04/2023,23.9711191,37.81103106,6640,Θολότητα,"Τελικό Αποτέλεσμα",NTU,0.543
13/04/2023,24.05094448,37.70399221,6651,Θολότητα,"Τελικό Αποτέλεσμα",NTU,0.487
13/04/2023,24.00045431,37.66293707,6660,Θολότητα,"Τελικό Αποτέλεσμα",NTU,0.246
13/04/2023,23.93846122,37.69492932,6670,Θολότητα,"Τελικό Αποτέλεσμα",NTU,0.284
13/04/2023,23.95494234,37.75171359,6690,Θολότητα,"Τελικό Αποτέλεσμα",NTU,0.143
13/04/2023,23.92361047,37.73101879,6700,Θολότητα,"Τελικό Αποτέλεσμα",NTU,0.211
13/04/2023,23.90348973,37.82055314,6705,Θολότητα,"Τελικό Αποτέλεσμα",NTU,0.258
13/04/2023,23.58213759,38.06052513,2820,Θολότητα,"Τελικό Αποτέλεσμα",NTU,0.133
13/04/2023,23.75841416,37.95734094,4110,Θολότητα,"Τελικό Αποτέλεσμα",NTU,0.248
13/04/2025,23.783006772263,38.091595618101,1940,Θολότητα,"Τελικό Αποτέλεσμα",NTU,0.19
13/05/2023,23.78300677,38.09159562,1940,Θολότητα,"Τελικό Αποτέλεσμα",NTU,0.311
13/05/2024,23.783006772263,38.091595618101,1940,Θολότητα,"Τελικό Αποτέλεσμα",NTU,0.235
13/05/2024,23.7204954672,37.946472492133,160,Θολότητα,"Τελικό Αποτέλεσμα",NTU,0.368
13/05/2024,23.72324520128,37.934403839805,165,Θολότητα,"Τελικό Αποτέλεσμα",NTU,0.287
13/05/2024,23.694180891718,37.998773148457,7120,Θολότητα,"Τελικό Αποτέλεσμα",NTU,0.099
13/05/2024,23.667489894288,37.958032027277,7170,Θολότητα,"Τελικό Αποτέλεσμα",NTU,0.143
13/05/2024,23.678625660301,37.971729734496,7230,Θολότητα,"Τελικό Αποτέλεσμα",NTU,0.15
13/05/2024,23.685196529333,37.975965791401,7250,Θολότητα,"Τελικό Αποτέλεσμα",NTU,0.103
13/05/2024,23.697528385889,37.971702343756,7270,Θολότητα,"Τελικό Αποτέλεσμα",NTU,0.12
13/05/2024,23.712833251184,37.968564832502,7300,Θολότητα,"Τελικό Αποτέλεσμα",NTU,0.103
13/05/2024,23.711703762356,37.97057149043,7320,Θολότητα,"Τελικό Αποτέλεσμα",NTU,0.245
13/05/2024,23.715412919273,38.003749605504,8010,Θολότητα,"Τελικό Αποτέλεσμα",NTU,0.133
13/05/2024,23.71578119283,37.990373378915,8040,Θολότητα,"Τελικό Αποτέλεσμα",NTU,0.17
13/05/2024,23.712276196086,37.98040556765,8060,Θολότητα,"Τελικό Αποτέλεσμα",NTU,0.187
13/05/2024,23.714816823822,37.979430254073,8070,Θολότητα,"Τελικό Αποτέλεσμα",NTU,0.118
13/05/2024,23.68251737331,37.961481128285,8100,Θολότητα,"Τελικό Αποτέλεσμα",NTU,0.174
13/05/2024,23.700434539313,37.962643998348,8140,Θολότητα,"Τελικό Αποτέλεσμα",NTU,0.293
13/05/2024,23.699597448709,37.949709083863,8170,Θολότητα,"Τελικό Αποτέλεσμα",NTU,0.141
13/05/2024,23.706237365958,37.950939255691,8190,Θολότητα,"Τελικό Αποτέλεσμα",NTU,0.137
13/05/2024,23.70891649437,37.945691840045,8210,Θολότητα,"Τελικό Αποτέλεσμα",NTU,0.161
13/05/2024,23.71621067377,37.955141392609,8260,Θολότητα,"Τελικό Αποτέλεσμα",NTU,0.167
13/05/2024,23.714571416671,37.966174971534,8270,Θολότητα,"Τελικό Αποτέλεσμα",NTU,0.215
13/05/2024,23.721762060849,37.9648348571,8280,Θολότητα,"Τελικό Αποτέλεσμα",NTU,0.233
13/05/2024,23.726143493332,37.965556254079,8290,Θολότητα,"Τελικό Αποτέλεσμα",NTU,0.166
13/05/2024,23.730896444434,37.9830072171,8350,Θολότητα,"Τελικό Αποτέλεσμα",NTU,0.163
13/05/2025,23.783006772263,38.091595618101,1940,Θολότητα,"Τελικό Αποτέλεσμα",NTU,0.239
13/05/2025,23.848751638879,38.124166714577,4710,Θολότητα,"Τελικό Αποτέλεσμα",NTU,0.255
13/05/2025,23.908700098241,38.168241126955,4720,Θολότητα,"Τελικό Αποτέλεσμα",NTU,0.195
13/05/2025,24.034572330748,38.190401550712,4750,Θολότητα,"Τελικό Αποτέλεσμα",NTU,0.184
13/05/2025,23.977138138398,38.085743034532,4770,Θολότητα,"Τελικό Αποτέλεσμα",NTU,0.189
13/05/2025,23.989441223817,38.037783380352,4771,Θολότητα,"Τελικό Αποτέλεσμα",NTU,0.151
13/05/2025,24.012050710459,38.014370105797,4852,Θολότητα,"Τελικό Αποτέλεσμα",NTU,0.196
13/05/2025,24.007320013182,37.984167240863,4890,Θολότητα,"Τελικό Αποτέλεσμα",NTU,0.176
13/05/2025,23.90698069658,37.964512417317,4902,Θολότητα,"Τελικό Αποτέλεσμα",NTU,0.266
13/05/2025,23.973051962748,37.958463647889,4910,Θολότητα,"Τελικό Αποτέλεσμα",NTU,0.135
13/05/2025,23.776624696051,37.884348958134,1918,Θολότητα,"Τελικό Αποτέλεσμα",NTU,0.265
13/05/2025,23.763828567739,37.889033553169,1920,Θολότητα,"Τελικό Αποτέλεσμα",NTU,0.623
13/05/2025,23.755560418361,37.919430807212,1924,Θολότητα,"Τελικό Αποτέλεσμα",NTU,0.207
13/05/2025,23.749512420594,37.999646302315,1942,Θολότητα,"Τελικό Αποτέλεσμα",NTU,0.207
13/05/2025,23.732887017961,37.955671997184,1944,Θολότητα,"Τελικό Αποτέλεσμα",NTU,0.169
13/05/2025,23.777569470988,37.889946836445,1963,Θολότητα,"Τελικό Αποτέλεσμα",NTU,0.195
13/05/2025,22.898432401038,38.254054888272,7011,Θολότητα,"Τελικό Αποτέλεσμα",NTU,0.334
13/06/2023,23.83934088,38.00884634,1910,Θολότητα,"Τελικό Αποτέλεσμα",NTU,0.319
13/06/2023,23.83405829,38.05503536,13210,Θολότητα,"Τελικό Αποτέλεσμα",NTU,0.306
13/06/2023,23.85034312,38.064696,13250,Θολότητα,"Τελικό Αποτέλεσμα",NTU,0.303
13/06/2023,23.76297533,38.01414907,1951,Θολότητα,"Τελικό Αποτέλεσμα",NTU,0.307
13/06/2023,23.7651004,38.01889155,1952,Θολότητα,"Τελικό Αποτέλεσμα",NTU,0.515
13/06/2023,23.80570194,37.98977289,1953,Θολότητα,"Τελικό Αποτέλεσμα",NTU,0.284
13/06/2023,23.87746291,38.06015,1957,Θολότητα,"Τελικό Αποτέλεσμα",NTU,0.219
13/06/2023,23.85005878,38.0644879,1958,Θολότητα,"Τελικό Αποτέλεσμα",NTU,0.3
13/06/2023,23.87165015,38.05010025,1911,Θολότητα,"Τελικό Αποτέλεσμα",NTU,0.102
13/06/2023,23.50231957,37.96481152,170,Θολότητα,"Τελικό Αποτέλεσμα",NTU,0.945
13/06/2023,23.5289617,37.96581528,2540,Θολότητα,"Τελικό Αποτέλεσμα",NTU,0.113
13/06/2023,23.53503262,37.95677855,2550,Θολότητα,"Τελικό Αποτέλεσμα",NTU,0.184
13/06/2023,23.46773064,37.92181628,2600,Θολότητα,"Τελικό Αποτέλεσμα",NTU,0.13
13/06/2023,23.49475198,37.96793762,2630,Θολότητα,"Τελικό Αποτέλεσμα",NTU,0.27
13/06/2023,23.48803323,37.96254865,2660,Θολότητα,"Τελικό Αποτέλεσμα",NTU,0.612
13/06/2023,23.52415052,37.96223485,2690,Θολότητα,"Τελικό Αποτέλεσμα",NTU,0.175
13/06/2023,23.78300677,38.09159562,1940,Θολότητα,"Τελικό Αποτέλεσμα",NTU,0.236
13/06/2023,23.67323412,37.94610991,6190,Θολότητα,"Τελικό Αποτέλεσμα",NTU,0.2
13/06/2023,23.68251737,37.96148113,8100,Θολότητα,"Τελικό Αποτέλεσμα",NTU,0.374
13/06/2023,23.71284044,37.91562054,5200,Θολότητα,"Τελικό Αποτέλεσμα",NTU,0.377
13/06/2024,23.33981263989,38.004108484322,225,Θολότητα,"Τελικό Αποτέλεσμα",NTU,0.17
13/06/2024,23.783006772263,38.091595618101,1940,Θολότητα,"Τελικό Αποτέλεσμα",NTU,0.259
13/06/2024,23.850253213448,37.989943855969,6600,Θολότητα,"Τελικό Αποτέλεσμα",NTU,0.28
13/06/2024,23.882150670691,37.905502833197,6610,Θολότητα,"Τελικό Αποτέλεσμα",NTU,0.255
13/06/2024,23.950343222474,37.894345298849,6622,Θολότητα,"Τελικό Αποτέλεσμα",NTU,0.188
13/06/2024,24.02347684584,37.896105381073,6635,Θολότητα,"Τελικό Αποτέλεσμα",NTU,0.105
13/06/2024,23.971119096034,37.811031057644,6640,Θολότητα,"Τελικό Αποτέλεσμα",NTU,0.236
13/06/2024,24.050944478239,37.703992213554,6651,Θολότητα,"Τελικό Αποτέλεσμα",NTU,0.191
13/06/2024,23.954942341285,37.751713589169,6690,Θολότητα,"Τελικό Αποτέλεσμα",NTU,0.219
13/06/2024,23.923610473266,37.731018793535,6700,Θολότητα,"Τελικό Αποτέλεσμα",NTU,0.227
13/06/2024,23.903489728858,37.82055313721,6705,Θολότητα,"Τελικό Αποτέλεσμα",NTU,0.168
13/06/2025,23.502319573731,37.96481151634,170,Θολότητα,"Τελικό Αποτέλεσμα",NTU,0.366
13/07/2023,23.83934088,38.00884634,1910,Θολότητα,"Τελικό Αποτέλεσμα",NTU,0.61
13/07/2023,23.83405829,38.05503536,13210,Θολότητα,"Τελικό Αποτέλεσμα",NTU,0.654
13/07/2023,23.76297533,38.01414907,1951,Θολότητα,"Τελικό Αποτέλεσμα",NTU,0.323
13/07/2023,23.7651004,38.01889155,1952,Θολότητα,"Τελικό Αποτέλεσμα",NTU,0.412
13/07/2023,23.80570194,37.98977289,1953,Θολότητα,"Τελικό Αποτέλεσμα",NTU,0.33
13/07/2023,23.87746291,38.06015,1957,Θολότητα,"Τελικό Αποτέλεσμα",NTU,0.258
13/07/2023,23.85005878,38.0644879,1958,Θολότητα,"Τελικό Αποτέλεσμα",NTU,0.272
13/07/2023,23.87165015,38.05010025,1911,Θολότητα,"Τελικό Αποτέλεσμα",NTU,0.358
13/07/2023,23.78300677,38.09159562,1940,Θολότητα,"Τελικό Αποτέλεσμα",NTU,0.231
13/07/2023,23.50231957,37.96481152,170,Θολότητα,"Τελικό Αποτέλεσμα",NTU,0.667
13/07/2023,23.5289617,37.96581528,2540,Θολότητα,"Τελικό Αποτέλεσμα",NTU,0.217
13/07/2023,23.53503262,37.95677855,2550,Θολότητα,"Τελικό Αποτέλεσμα",NTU,0.127
13/07/2023,23.46773064,37.92181628,2600,Θολότητα,"Τελικό Αποτέλεσμα",NTU,0.132
13/07/2023,23.49475198,37.96793762,2630,Θολότητα,"Τελικό Αποτέλεσμα",NTU,0.171
13/07/2023,23.48803323,37.96254865,2660,Θολότητα,"Τελικό Αποτέλεσμα",NTU,0.167
13/07/2023,23.44062195,37.9258773,2680,Θολότητα,"Τελικό Αποτέλεσμα",NTU,0.14
13/07/2023,23.52415052,37.96223485,2690,Θολότητα,"Τελικό Αποτέλεσμα",NTU,0.254
13/07/2024,23.783006772263,38.091595618101,1940,Θολότητα,"Τελικό Αποτέλεσμα",NTU,0.287
13/08/2023,23.78300677,38.09159562,1940,Θολότητα,"Τελικό Αποτέλεσμα",NTU,0.156
13/08/2024,23.850253213448,37.989943855969,6600,Θολότητα,"Τελικό Αποτέλεσμα",NTU,0.175
13/08/2024,23.882150670691,37.905502833197,6610,Θολότητα,"Τελικό Αποτέλεσμα",NTU,0.223
13/08/2024,23.950343222474,37.894345298849,6622,Θολότητα,"Τελικό Αποτέλεσμα",NTU,0.19
13/08/2024,24.02347684584,37.896105381073,6635,Θολότητα,"Τελικό Αποτέλεσμα",NTU,0.196
13/08/2024,23.971119096034,37.811031057644,6640,Θολότητα,"Τελικό Αποτέλεσμα",NTU,0.145
13/08/2024,24.050944478239,37.703992213554,6651,Θολότητα,"Τελικό Αποτέλεσμα",NTU,0.15
13/08/2024,23.954942341285,37.751713589169,6690,Θολότητα,"Τελικό Αποτέλεσμα",NTU,0.18
13/08/2024,23.923610473266,37.731018793535,6700,Θολότητα,"Τελικό Αποτέλεσμα",NTU,0.135
13/08/2024,23.903489728858,37.82055313721,6705,Θολότητα,"Τελικό Αποτέλεσμα",NTU,0.222
13/08/2024,23.783006772263,38.091595618101,1940,Θολότητα,"Τελικό Αποτέλεσμα",NTU,0.117
13/08/2024,22.898432401038,38.254054888272,7011,Θολότητα,"Τελικό Αποτέλεσμα",NTU,0.165
13/09/2023,23.84875164,38.12416671,4710,Θολότητα,"Τελικό Αποτέλεσμα",NTU,0.117
13/09/2023,23.9087001,38.16824113,4720,Θολότητα,"Τελικό Αποτέλεσμα",NTU,0.123
13/09/2023,24.03457233,38.19040155,4750,Θολότητα,"Τελικό Αποτέλεσμα",NTU,0.176
13/09/2023,23.97713814,38.08574303,4770,Θολότητα,"Τελικό Αποτέλεσμα",NTU,0.086
13/09/2023,23.98944122,38.03778338,4771,Θολότητα,"Τελικό Αποτέλεσμα",NTU,0.102
13/09/2023,23.9814898,38.06170646,4800,Θολότητα,"Τελικό Αποτέλεσμα",NTU,0.222
13/09/2023,24.01205071,38.01437011,4852,Θολότητα,"Τελικό Αποτέλεσμα",NTU,0.095
13/09/2023,24.00732001,37.98416724,4890,Θολότητα,"Τελικό Αποτέλεσμα",NTU,0.182
13/09/2023,23.9069807,37.96451242,4902,Θολότητα,"Τελικό Αποτέλεσμα",NTU,0.155
13/09/2023,23.97305196,37.95846365,4910,Θολότητα,"Τελικό Αποτέλεσμα",NTU,0.178
13/09/2023,23.78300677,38.09159562,1940,Θολότητα,"Τελικό Αποτέλεσμα",NTU,0.195
13/09/2024,23.783006772263,38.091595618101,1940,Θολότητα,"Τελικό Αποτέλεσμα",NTU,0.179
13/09/2024,23.636736270073,37.985919067278,1935,Θολότητα,"Τελικό Αποτέλεσμα",NTU,0.167
13/09/2024,23.637482500551,37.984946451231,1941,Θολότητα,"Τελικό Αποτέλεσμα",NTU,0.175
13/09/2024,23.502319573731,37.96481151634,170,Θολότητα,"Τελικό Αποτέλεσμα",NTU,0.133
13/09/2024,23.52896170005,37.965815276592,2540,Θολότητα,"Τελικό Αποτέλεσμα",NTU,0.143
13/09/2024,23.535032621057,37.956778546223,2550,Θολότητα,"Τελικό Αποτέλεσμα",NTU,0.17
13/09/2024,23.4677306424,37.921816278707,2600,Θολότητα,"Τελικό Αποτέλεσμα",NTU,0.219
13/09/2024,23.494751977414,37.967937622846,2630,Θολότητα,"Τελικό Αποτέλεσμα",NTU,0.121
13/09/2024,23.488033230766,37.962548651207,2660,Θολότητα,"Τελικό Αποτέλεσμα",NTU,0.168
13/09/2024,23.440621950822,37.925877301176,2680,Θολότητα,"Τελικό Αποτέλεσμα",NTU,0.158
13/09/2024,23.524150518993,37.96223485381,2690,Θολότητα,"Τελικό Αποτέλεσμα",NTU,0.147
13/09/2024,23.64440874197,37.959511773378,1928,Θολότητα,"Τελικό Αποτέλεσμα",NTU,0.12
13/09/2024,23.655737542216,37.93998667845,1930,Θολότητα,"Τελικό Αποτέλεσμα",NTU,0.106
13/09/2024,23.686325223496,38.049805201469,1939,Θολότητα,"Τελικό Αποτέλεσμα",NTU,0.16
13/09/2024,23.577422634042,37.968422519545,1943,Θολότητα,"Τελικό Αποτέλεσμα",NTU,0.214
13/09/2024,23.576866413715,37.966827860412,1945,Θολότητα,"Τελικό Αποτέλεσμα",NTU,0.184
13/09/2024,23.677962015045,38.049823056981,1959,Θολότητα,"Τελικό Αποτέλεσμα",NTU,0.145
13/10/2023,23.84875164,38.12416671,4710,Θολότητα,"Τελικό Αποτέλεσμα",NTU,0.216
13/10/2023,23.9087001,38.16824113,4720,Θολότητα,"Τελικό Αποτέλεσμα",NTU,0.233
13/10/2023,24.03457233,38.19040155,4750,Θολότητα,"Τελικό Αποτέλεσμα",NTU,0.152
13/10/2023,23.97713814,38.08574303,4770,Θολότητα,"Τελικό Αποτέλεσμα",NTU,0.119
13/10/2023,23.98944122,38.03778338,4771,Θολότητα,"Τελικό Αποτέλεσμα",NTU,0.318
13/10/2023,23.9814898,38.06170646,4800,Θολότητα,"Τελικό Αποτέλεσμα",NTU,0.17
13/10/2023,24.01205071,38.01437011,4852,Θολότητα,"Τελικό Αποτέλεσμα",NTU,0.26
13/10/2023,24.00732001,37.98416724,4890,Θολότητα,"Τελικό Αποτέλεσμα",NTU,0.233
13/10/2023,23.9069807,37.96451242,4902,Θολότητα,"Τελικό Αποτέλεσμα",NTU,0.389
13/10/2023,23.97305196,37.95846365,4910,Θολότητα,"Τελικό Αποτέλεσμα",NTU,0.607
13/10/2023,23.41656871,37.91177786,1967,Θολότητα,"Τελικό Αποτέλεσμα",NTU,0.369
13/10/2023,23.4174242,37.90741906,2601,Θολότητα,"Τελικό Αποτέλεσμα",NTU,0.515
13/10/2023,23.78300677,38.09159562,1940,Θολότητα,"Τελικό Αποτέλεσμα",NTU,0.116
13/10/2024,23.783006772263,38.091595618101,1940,Θολότητα,"Τελικό Αποτέλεσμα",NTU,0.12
13/11/2023,23.78300677,38.09159562,1940,Θολότητα,"Τελικό Αποτέλεσμα",NTU,0.288
13/11/2023,23.50231957,37.96481152,170,Θολότητα,"Τελικό Αποτέλεσμα",NTU,0.495
13/11/2023,23.5289617,37.96581528,2540,Θολότητα,"Τελικό Αποτέλεσμα",NTU,0.146
13/11/2023,23.53503262,37.95677855,2550,Θολότητα,"Τελικό Αποτέλεσμα",NTU,0.229
13/11/2023,23.46773064,37.92181628,2600,Θολότητα,"Τελικό Αποτέλεσμα",NTU,0.152
13/11/2023,23.48803323,37.96254865,2660,Θολότητα,"Τελικό Αποτέλεσμα",NTU,0.092
13/11/2023,23.44062195,37.9258773,2680,Θολότητα,"Τελικό Αποτέλεσμα",NTU,0.166
13/11/2023,23.52415052,37.96223485,2690,Θολότητα,"Τελικό Αποτέλεσμα",NTU,0.074
13/11/2023,23.79488229,37.83744985,1912,Θολότητα,"Τελικό Αποτέλεσμα",NTU,0.318
13/11/2023,23.77290371,37.94499327,1961,Θολότητα,"Τελικό Αποτέλεσμα",NTU,0.282
13/11/2023,23.77565986,37.94643657,1962,Θολότητα,"Τελικό Αποτέλεσμα",NTU,0.245
13/11/2023,23.78198962,37.85753892,1964,Θολότητα,"Τελικό Αποτέλεσμα",NTU,0.185
13/11/2024,23.502319573731,37.96481151634,170,Θολότητα,"Τελικό Αποτέλεσμα",NTU,0.217
13/11/2024,23.783006772263,38.091595618101,1940,Θολότητα,"Τελικό Αποτέλεσμα",NTU,0.277
13/12/2023,23.50231957,37.96481152,170,Θολότητα,"Τελικό Αποτέλεσμα",NTU,0.333
13/12/2023,23.5289617,37.96581528,2540,Θολότητα,"Τελικό Αποτέλεσμα",NTU,0.201
13/12/2023,23.53503262,37.95677855,2550,Θολότητα,"Τελικό Αποτέλεσμα",NTU,0.251
13/12/2023,23.46773064,37.92181628,2600,Θολότητα,"Τελικό Αποτέλεσμα",NTU,0.343
13/12/2023,23.48803323,37.96254865,2660,Θολότητα,"Τελικό Αποτέλεσμα",NTU,0.245
13/12/2023,23.52415052,37.96223485,2690,Θολότητα,"Τελικό Αποτέλεσμα",NTU,0.301
13/12/2023,23.78300677,38.09159562,1940,Θολότητα,"Τελικό Αποτέλεσμα",NTU,0.11
13/12/2024,23.783006772263,38.091595618101,1940,Θολότητα,"Τελικό Αποτέλεσμα",NTU,0.121
13/12/2024,23.64440874197,37.959511773378,1928,Θολότητα,"Τελικό Αποτέλεσμα",NTU,0.172
13/12/2024,23.655737542216,37.93998667845,1930,Θολότητα,"Τελικό Αποτέλεσμα",NTU,0.161
13/12/2024,23.686325223496,38.049805201469,1939,Θολότητα,"Τελικό Αποτέλεσμα",NTU,0.146
13/12/2024,23.577422634042,37.968422519545,1943,Θολότητα,"Τελικό Αποτέλεσμα",NTU,0.31
13/12/2024,23.576866413715,37.966827860412,1945,Θολότητα,"Τελικό Αποτέλεσμα",NTU,0.188
13/12/2024,23.677962015045,38.049823056981,1959,Θολότητα,"Τελικό Αποτέλεσμα",NTU,0.151
13/12/2024,23.595210337605,38.064681391243,2810,Θολότητα,"Τελικό Αποτέλεσμα",NTU,0.184
13/12/2024,23.58213758742,38.060525133935,2820,Θολότητα,"Τελικό Αποτέλεσμα",NTU,0.084
13/12/2024,23.587548232298,38.066465497153,2830,Θολότητα,"Τελικό Αποτέλεσμα",NTU,0.17
13/12/2024,23.531803801228,38.050901214317,2840,Θολότητα,"Τελικό Αποτέλεσμα",NTU,0.18
13/12/2024,23.54270395521,38.043361544184,2850,Θολότητα,"Τελικό Αποτέλεσμα",NTU,0.091
13/12/2024,23.539394866218,38.03610510066,2860,Θολότητα,"Τελικό Αποτέλεσμα",NTU,0.122
13/12/2024,23.548852791485,38.037621391965,2870,Θολότητα,"Τελικό Αποτέλεσμα",NTU,0.112
13/12/2024,23.737468716577,38.085090720814,2890,Θολότητα,"Τελικό Αποτέλεσμα",NTU,0.281
13/12/2024,23.524639732983,38.075938446879,2801,Θολότητα,"Τελικό Αποτέλεσμα",NTU,0.152
13/12/2024,23.590856660965,38.05767840712,2801,Θολότητα,"Τελικό Αποτέλεσμα",NTU,0.152
14/01/2023,23.78300677,38.09159562,1940,Θολότητα,"Τελικό Αποτέλεσμα",NTU,0.295
14/01/2025,23.783006772263,38.091595618101,1940,Θολότητα,"Τελικό Αποτέλεσμα",NTU,0.106
14/01/2025,23.642117121438,37.933371936061,146,Θολότητα,"Τελικό Αποτέλεσμα",NTU,0.158
14/01/2025,23.685426227465,37.977076609772,6010,Θολότητα,"Τελικό Αποτέλεσμα",NTU,0.355
14/01/2025,23.660147196721,37.980291207729,6020,Θολότητα,"Τελικό Αποτέλεσμα",NTU,0.212
14/01/2025,23.656184913017,37.980594422153,6030,Θολότητα,"Τελικό Αποτέλεσμα",NTU,0.223
14/01/2025,23.653420670725,37.976887978332,6040,Θολότητα,"Τελικό Αποτέλεσμα",NTU,0.213
14/01/2025,23.639896339554,37.977549997131,6050,Θολότητα,"Τελικό Αποτέλεσμα",NTU,0.21
14/01/2025,23.640200994864,37.973616459939,6060,Θολότητα,"Τελικό Αποτέλεσμα",NTU,0.129
14/01/2025,23.633210429054,37.967000345107,6080,Θολότητα,"Τελικό Αποτέλεσμα",NTU,0.272
14/01/2025,23.623370187872,37.950398549294,6110,Θολότητα,"Τελικό Αποτέλεσμα",NTU,0.116
14/01/2025,23.634009487857,37.953472259917,6120,Θολότητα,"Τελικό Αποτέλεσμα",NTU,0.489
14/01/2025,23.633733840369,37.950873888977,6130,Θολότητα,"Τελικό Αποτέλεσμα",NTU,0.288
14/01/2025,23.642068896508,37.928344112851,6150,Θολότητα,"Τελικό Αποτέλεσμα",NTU,0.247
14/01/2025,23.62796265038,37.932334455589,6160,Θολότητα,"Τελικό Αποτέλεσμα",NTU,0.348
14/01/2025,23.65217192804,37.939622706754,6170,Θολότητα,"Τελικό Αποτέλεσμα",NTU,0.363
14/01/2025,23.673234118927,37.946109912673,6190,Θολότητα,"Τελικό Αποτέλεσμα",NTU,0.486
14/01/2025,23.691643963145,37.948013010856,6210,Θολότητα,"Τελικό Αποτέλεσμα",NTU,0.318
14/01/2025,23.694323188433,37.952417395875,6220,Θολότητα,"Τελικό Αποτέλεσμα",NTU,0.169
14/01/2025,23.640262686028,37.939614121045,6240,Θολότητα,"Τελικό Αποτέλεσμα",NTU,0.253
14/01/2025,23.81723026287,38.08417850457,12270,Θολότητα,"Τελικό Αποτέλεσμα",NTU,0.09
14/01/2025,23.807684504112,38.079687557148,3060,Θολότητα,"Τελικό Αποτέλεσμα",NTU,0.093
14/01/2025,23.64440874197,37.959511773378,1928,Θολότητα,"Τελικό Αποτέλεσμα",NTU,0.136
14/01/2025,23.70891649437,37.945691840045,8210,Θολότητα,"Τελικό Αποτέλεσμα",NTU,0.145
14/01/2025,22.898432401038,38.254054888272,7011,Θολότητα,"Τελικό Αποτέλεσμα",NTU,0.25
14/02/2023,23.84875164,38.12416671,4710,Θολότητα,"Τελικό Αποτέλεσμα",NTU,0.21
14/02/2023,23.9087001,38.16824113,4720,Θολότητα,"Τελικό Αποτέλεσμα",NTU,0.12
14/02/2023,24.03457233,38.19040155,4750,Θολότητα,"Τελικό Αποτέλεσμα",NTU,0.158
14/02/2023,23.97713814,38.08574303,4770,Θολότητα,"Τελικό Αποτέλεσμα",NTU,0.18
14/02/2023,23.98944122,38.03778338,4771,Θολότητα,"Τελικό Αποτέλεσμα",NTU,0.208
14/02/2023,23.9814898,38.06170646,4800,Θολότητα,"Τελικό Αποτέλεσμα",NTU,0.124
14/02/2023,24.01205071,38.01437011,4852,Θολότητα,"Τελικό Αποτέλεσμα",NTU,0.18
14/02/2023,24.00732001,37.98416724,4890,Θολότητα,"Τελικό Αποτέλεσμα",NTU,0.178
14/02/2023,23.9069807,37.96451242,4902,Θολότητα,"Τελικό Αποτέλεσμα",NTU,0.238
14/02/2023,23.97305196,37.95846365,4910,Θολότητα,"Τελικό Αποτέλεσμα",NTU,0.168
14/02/2023,23.78300677,38.09159562,1940,Θολότητα,"Τελικό Αποτέλεσμα",NTU,0.16
14/02/2025,23.848751638879,38.124166714577,4710,Θολότητα,"Τελικό Αποτέλεσμα",NTU,0.211
14/02/2025,23.908700098241,38.168241126955,4720,Θολότητα,"Τελικό Αποτέλεσμα",NTU,0.148
14/02/2025,24.034572330748,38.190401550712,4750,Θολότητα,"Τελικό Αποτέλεσμα",NTU,0.2
14/02/2025,23.977138138398,38.085743034532,4770,Θολότητα,"Τελικό Αποτέλεσμα",NTU,0.104
14/02/2025,23.989441223817,38.037783380352,4771,Θολότητα,"Τελικό Αποτέλεσμα",NTU,0.127
14/02/2025,24.012050710459,38.014370105797,4852,Θολότητα,"Τελικό Αποτέλεσμα",NTU,0.184
14/02/2025,24.007320013182,37.984167240863,4890,Θολότητα,"Τελικό Αποτέλεσμα",NTU,0.101
14/02/2025,23.90698069658,37.964512417317,4902,Θολότητα,"Τελικό Αποτέλεσμα",NTU,0.248
14/02/2025,23.973051962748,37.958463647889,4910,Θολότητα,"Τελικό Αποτέλεσμα",NTU,0.374
14/02/2025,23.489051854672,37.970435691217,2580,Θολότητα,"Τελικό Αποτέλεσμα",NTU,0.158
14/02/2025,23.520459758419,37.943585439066,1927,Θολότητα,"Τελικό Αποτέλεσμα",NTU,0.089
14/02/2025,23.46565744835,37.918493117875,1929,Θολότητα,"Τελικό Αποτέλεσμα",NTU,0.088
14/02/2025,23.490300544782,37.995447286627,1931,Θολότητα,"Τελικό Αποτέλεσμα",NTU,0.102
14/02/2025,23.783006772263,38.091595618101,1940,Θολότητα,"Τελικό Αποτέλεσμα",NTU,0.239
14/03/2023,23.78300677,38.09159562,1940,Θολότητα,"Τελικό Αποτέλεσμα",NTU,0.235
14/03/2023,23.71516747,38.06439445,2020,Θολότητα,"Τελικό Αποτέλεσμα",NTU,0.504
14/03/2023,23.70747263,38.06250703,2030,Θολότητα,"Τελικό Αποτέλεσμα",NTU,0.33
14/03/2023,23.684522,38.04327857,2050,Θολότητα,"Τελικό Αποτέλεσμα",NTU,0.29
14/03/2023,23.67622507,38.03886797,2060,Θολότητα,"Τελικό Αποτέλεσμα",NTU,0.326
14/03/2023,23.69070897,38.03873978,2070,Θολότητα,"Τελικό Αποτέλεσμα",NTU,0.828
14/03/2023,23.71109252,38.03060497,2080,Θολότητα,"Τελικό Αποτέλεσμα",NTU,0.278
14/03/2023,23.70393953,38.01961122,2090,Θολότητα,"Τελικό Αποτέλεσμα",NTU,0.298
14/03/2023,23.690026,38.01459418,2100,Θολότητα,"Τελικό Αποτέλεσμα",NTU,0.368
14/03/2023,23.68563533,38.01170402,2110,Θολότητα,"Τελικό Αποτέλεσμα",NTU,0.326
14/03/2023,23.69068855,38.00659931,2130,Θολότητα,"Τελικό Αποτέλεσμα",NTU,0.254
14/03/2023,23.63371988,38.01446194,2140,Θολότητα,"Τελικό Αποτέλεσμα",NTU,0.263
14/03/2023,23.60436979,38.01172891,2150,Θολότητα,"Τελικό Αποτέλεσμα",NTU,0.08
14/03/2023,23.66048215,38.00325623,2160,Θολότητα,"Τελικό Αποτέλεσμα",NTU,0.448
14/03/2023,23.65721338,37.99035734,2170,Θολότητα,"Τελικό Αποτέλεσμα",NTU,0.29
14/03/2023,23.66968564,37.99103311,2180,Θολότητα,"Τελικό Αποτέλεσμα",NTU,0.471
14/03/2023,23.68827264,37.99218476,2190,Θολότητα,"Τελικό Αποτέλεσμα",NTU,0.43
14/03/2023,23.70903775,37.99405955,2210,Θολότητα,"Τελικό Αποτέλεσμα",NTU,0.355
14/03/2023,23.71167012,37.99890096,2220,Θολότητα,"Τελικό Αποτέλεσμα",NTU,0.548
14/03/2023,23.72396633,38.00996468,2240,Θολότητα,"Τελικό Αποτέλεσμα",NTU,0.354
14/03/2023,23.60908187,38.01006333,2250,Θολότητα,"Τελικό Αποτέλεσμα",NTU,0.258
14/03/2023,23.72850158,38.02107731,2010,Θολότητα,"Τελικό Αποτέλεσμα",NTU,0.393
14/03/2025,23.783006772263,38.091595618101,1940,Θολότητα,"Τελικό Αποτέλεσμα",NTU,0.27
14/03/2025,23.7204954672,37.946472492133,160,Θολότητα,"Τελικό Αποτέλεσμα",NTU,0.25
14/03/2025,23.72324520128,37.934403839805,165,Θολότητα,"Τελικό Αποτέλεσμα",NTU,0.171
14/03/2025,23.694180891718,37.998773148457,7120,Θολότητα,"Τελικό Αποτέλεσμα",NTU,0.191
14/03/2025,23.667489894288,37.958032027277,7170,Θολότητα,"Τελικό Αποτέλεσμα",NTU,0.374
14/03/2025,23.678625660301,37.971729734496,7230,Θολότητα,"Τελικό Αποτέλεσμα",NTU,0.185
14/03/2025,23.685196529333,37.975965791401,7250,Θολότητα,"Τελικό Αποτέλεσμα",NTU,0.25
14/03/2025,23.697528385889,37.971702343756,7270,Θολότητα,"Τελικό Αποτέλεσμα",NTU,0.306
14/03/2025,23.712833251184,37.968564832502,7300,Θολότητα,"Τελικό Αποτέλεσμα",NTU,0.171
14/03/2025,23.711703762356,37.97057149043,7320,Θολότητα,"Τελικό Αποτέλεσμα",NTU,0.249
14/03/2025,23.715412919273,38.003749605504,8010,Θολότητα,"Τελικό Αποτέλεσμα",NTU,0.258
14/03/2025,23.71578119283,37.990373378915,8040,Θολότητα,"Τελικό Αποτέλεσμα",NTU,0.207
14/03/2025,23.712276196086,37.98040556765,8060,Θολότητα,"Τελικό Αποτέλεσμα",NTU,0.14
14/03/2025,23.714816823822,37.979430254073,8070,Θολότητα,"Τελικό Αποτέλεσμα",NTU,0.238
14/03/2025,23.68251737331,37.961481128285,8100,Θολότητα,"Τελικό Αποτέλεσμα",NTU,0.216
14/03/2025,23.700434539313,37.962643998348,8140,Θολότητα,"Τελικό Αποτέλεσμα",NTU,0.258
14/03/2025,23.699597448709,37.949709083863,8170,Θολότητα,"Τελικό Αποτέλεσμα",NTU,0.418
14/03/2025,23.706237365958,37.950939255691,8190,Θολότητα,"Τελικό Αποτέλεσμα",NTU,0.179
14/03/2025,23.70891649437,37.945691840045,8210,Θολότητα,"Τελικό Αποτέλεσμα",NTU,0.286
14/03/2025,23.71621067377,37.955141392609,8260,Θολότητα,"Τελικό Αποτέλεσμα",NTU,0.255
14/03/2025,23.714571416671,37.966174971534,8270,Θολότητα,"Τελικό Αποτέλεσμα",NTU,0.201
14/03/2025,23.726143493332,37.965556254079,8290,Θολότητα,"Τελικό Αποτέλεσμα",NTU,0.445
14/03/2025,23.730896444434,37.9830072171,8350,Θολότητα,"Τελικό Αποτέλεσμα",NTU,0.205
14/03/2025,23.489051854672,37.970435691217,2580,Θολότητα,"Τελικό Αποτέλεσμα",NTU,0.123
14/03/2025,23.520459758419,37.943585439066,1927,Θολότητα,"Τελικό Αποτέλεσμα",NTU,0.106
14/03/2025,23.46565744835,37.918493117875,1929,Θολότητα,"Τελικό Αποτέλεσμα",NTU,0.117
14/03/2025,23.490300544782,37.995447286627,1931,Θολότητα,"Τελικό Αποτέλεσμα",NTU,0.152
14/04/2023,23.78300677,38.09159562,1940,Θολότητα,"Τελικό Αποτέλεσμα",NTU,0.256
14/04/2025,23.848751638879,38.124166714577,4710,Θολότητα,"Τελικό Αποτέλεσμα",NTU,0.256
14/04/2025,23.908700098241,38.168241126955,4720,Θολότητα,"Τελικό Αποτέλεσμα",NTU,0.214
14/04/2025,24.034572330748,38.190401550712,4750,Θολότητα,"Τελικό Αποτέλεσμα",NTU,0.242
14/04/2025,23.977138138398,38.085743034532,4770,Θολότητα,"Τελικό Αποτέλεσμα",NTU,0.225
14/04/2025,23.989441223817,38.037783380352,4771,Θολότητα,"Τελικό Αποτέλεσμα",NTU,0.161
14/04/2025,24.012050710459,38.014370105797,4852,Θολότητα,"Τελικό Αποτέλεσμα",NTU,0.189
14/04/2025,24.007320013182,37.984167240863,4890,Θολότητα,"Τελικό Αποτέλεσμα",NTU,0.254
14/04/2025,23.90698069658,37.964512417317,4902,Θολότητα,"Τελικό Αποτέλεσμα",NTU,0.155
14/04/2025,23.973051962748,37.958463647889,4910,Θολότητα,"Τελικό Αποτέλεσμα",NTU,0.287
14/04/2025,23.783006772263,38.091595618101,1940,Θολότητα,"Τελικό Αποτέλεσμα",NTU,0.199
14/05/2023,23.78300677,38.09159562,1940,Θολότητα,"Τελικό Αποτέλεσμα",NTU,0.236
14/05/2024,23.818436102886,38.030152774666,191,Θολότητα,"Τελικό Αποτέλεσμα",NTU,0.239
14/05/2024,23.828980364763,38.043901820297,193,Θολότητα,"Τελικό Αποτέλεσμα",NTU,0.264
14/05/2024,23.776624696051,37.884348958134,1918,Θολότητα,"Τελικό Αποτέλεσμα",NTU,0.199
14/05/2024,23.763828567739,37.889033553169,1920,Θολότητα,"Τελικό Αποτέλεσμα",NTU,0.368
14/05/2024,23.783006772263,38.091595618101,1940,Θολότητα,"Τελικό Αποτέλεσμα",NTU,0.213
14/05/2024,23.755560418361,37.919430807212,1924,Θολότητα,"Τελικό Αποτέλεσμα",NTU,0.524
14/05/2024,23.749512420594,37.999646302315,1942,Θολότητα,"Τελικό Αποτέλεσμα",NTU,0.241
14/05/2024,23.732887017961,37.955671997184,1944,Θολότητα,"Τελικό Αποτέλεσμα",NTU,0.166
14/05/2024,23.777569470988,37.889946836445,1963,Θολότητα,"Τελικό Αποτέλεσμα",NTU,0.262
14/05/2024,23.727666402305,37.95106353914,4220,Θολότητα,"Τελικό Αποτέλεσμα",NTU,0.618
14/05/2024,23.640200994864,37.973616459939,6060,Θολότητα,"Τελικό Αποτέλεσμα",NTU,0.211
14/05/2024,23.634009487857,37.953472259917,6120,Θολότητα,"Τελικό Αποτέλεσμα",NTU,0.16
14/05/2024,23.633733840369,37.950873888977,6130,Θολότητα,"Τελικό Αποτέλεσμα",NTU,0.282
14/05/2024,23.595210337605,38.064681391243,2810,Θολότητα,"Τελικό Αποτέλεσμα",NTU,0.142
14/05/2024,23.58213758742,38.060525133935,2820,Θολότητα,"Τελικό Αποτέλεσμα",NTU,0.071
14/05/2024,23.587548232298,38.066465497153,2830,Θολότητα,"Τελικό Αποτέλεσμα",NTU,0.135
14/05/2024,23.531803801228,38.050901214317,2840,Θολότητα,"Τελικό Αποτέλεσμα",NTU,0.18
14/05/2024,23.54270395521,38.043361544184,2850,Θολότητα,"Τελικό Αποτέλεσμα",NTU,0.14
14/05/2024,23.539394866218,38.03610510066,2860,Θολότητα,"Τελικό Αποτέλεσμα",NTU,0.201
14/05/2024,23.548852791485,38.037621391965,2870,Θολότητα,"Τελικό Αποτέλεσμα",NTU,0.095
14/05/2024,23.737468716577,38.085090720814,2890,Θολότητα,"Τελικό Αποτέλεσμα",NTU,0.315
14/05/2024,23.524639732983,38.075938446879,2801,Θολότητα,"Τελικό Αποτέλεσμα",NTU,0.13
14/05/2024,23.590856660965,38.05767840712,2801,Θολότητα,"Τελικό Αποτέλεσμα",NTU,0.13
14/05/2024,22.898432401038,38.254054888272,7011,Θολότητα,"Τελικό Αποτέλεσμα",NTU,0.168
14/05/2025,23.531536570322,38.071725317014,2260,Θολότητα,"Τελικό Αποτέλεσμα",NTU,0.128
14/05/2025,23.751213344423,38.120529261783,2270,Θολότητα,"Τελικό Αποτέλεσμα",NTU,0.149
14/05/2025,23.783006772263,38.091595618101,1940,Θολότητα,"Τελικό Αποτέλεσμα",NTU,0.172
14/05/2025,23.850253213448,37.989943855969,6600,Θολότητα,"Τελικό Αποτέλεσμα",NTU,0.211
14/05/2025,23.882150670691,37.905502833197,6610,Θολότητα,"Τελικό Αποτέλεσμα",NTU,0.209
14/05/2025,23.950343222474,37.894345298849,6622,Θολότητα,"Τελικό Αποτέλεσμα",NTU,0.184
14/05/2025,24.02347684584,37.896105381073,6635,Θολότητα,"Τελικό Αποτέλεσμα",NTU,0.172
14/05/2025,23.971119096034,37.811031057644,6640,Θολότητα,"Τελικό Αποτέλεσμα",NTU,0.197
14/05/2025,24.050944478239,37.703992213554,6651,Θολότητα,"Τελικό Αποτέλεσμα",NTU,0.206
14/05/2025,23.954942341285,37.751713589169,6690,Θολότητα,"Τελικό Αποτέλεσμα",NTU,0.184
14/05/2025,23.923610473266,37.731018793535,6700,Θολότητα,"Τελικό Αποτέλεσμα",NTU,0.259
14/05/2025,23.903489728858,37.82055313721,6705,Θολότητα,"Τελικό Αποτέλεσμα",NTU,0.19
14/05/2025,23.890136444211,37.781360609525,6706,Θολότητα,"Τελικό Αποτέλεσμα",NTU,0.184
14/05/2025,23.786337962388,37.822894363003,5110,Θολότητα,"Τελικό Αποτέλεσμα",NTU,0.392
14/06/2023,23.78300677,38.09159562,1940,Θολότητα,"Τελικό Αποτέλεσμα",NTU,0.161
14/06/2023,23.84875164,38.12416671,4710,Θολότητα,"Τελικό Αποτέλεσμα",NTU,0.172
14/06/2023,24.03457233,38.19040155,4750,Θολότητα,"Τελικό Αποτέλεσμα",NTU,0.385
14/06/2023,23.97713814,38.08574303,4770,Θολότητα,"Τελικό Αποτέλεσμα",NTU,0.157
14/06/2023,23.98944122,38.03778338,4771,Θολότητα,"Τελικό Αποτέλεσμα",NTU,0.323
14/06/2023,23.9814898,38.06170646,4800,Θολότητα,"Τελικό Αποτέλεσμα",NTU,0.287
14/06/2023,24.00732001,37.98416724,4890,Θολότητα,"Τελικό Αποτέλεσμα",NTU,0.376
14/06/2024,23.783006772263,38.091595618101,1940,Θολότητα,"Τελικό Αποτέλεσμα",NTU,0.288
14/06/2024,23.52896170005,37.965815276592,2540,Θολότητα,"Τελικό Αποτέλεσμα",NTU,0.25
14/06/2024,23.535032621057,37.956778546223,2550,Θολότητα,"Τελικό Αποτέλεσμα",NTU,0.126
14/06/2024,23.4677306424,37.921816278707,2600,Θολότητα,"Τελικό Αποτέλεσμα",NTU,0.263
14/06/2024,23.494751977414,37.967937622846,2630,Θολότητα,"Τελικό Αποτέλεσμα",NTU,0.097
14/06/2024,23.488033230766,37.962548651207,2660,Θολότητα,"Τελικό Αποτέλεσμα",NTU,0.132
14/06/2024,23.440621950822,37.925877301176,2680,Θολότητα,"Τελικό Αποτέλεσμα",NTU,0.191
14/06/2024,23.524150518993,37.96223485381,2690,Θολότητα,"Τελικό Αποτέλεσμα",NTU,0.171
14/07/2023,23.78300677,38.09159562,1940,Θολότητα,"Τελικό Αποτέλεσμα",NTU,0.309
14/07/2023,23.79488229,37.83744985,1912,Θολότητα,"Τελικό Αποτέλεσμα",NTU,0.271
14/07/2023,23.77290371,37.94499327,1961,Θολότητα,"Τελικό Αποτέλεσμα",NTU,0.501
14/07/2023,23.77565986,37.94643657,1962,Θολότητα,"Τελικό Αποτέλεσμα",NTU,0.297
14/07/2023,23.78198962,37.85753892,1964,Θολότητα,"Τελικό Αποτέλεσμα",NTU,0.7
14/07/2023,23.79050885,37.815723,1965,Θολότητα,"Τελικό Αποτέλεσμα",NTU,0.933
14/07/2023,23.85025321,37.98994386,6600,Θολότητα,"Τελικό Αποτέλεσμα",NTU,0.466
14/07/2023,23.95034322,37.8943453,6622,Θολότητα,"Τελικό Αποτέλεσμα",NTU,0.263
14/07/2023,24.02347685,37.89610538,6635,Θολότητα,"Τελικό Αποτέλεσμα",NTU,0.161
14/07/2023,23.9711191,37.81103106,6640,Θολότητα,"Τελικό Αποτέλεσμα",NTU,0.301
14/07/2023,24.05094448,37.70399221,6651,Θολότητα,"Τελικό Αποτέλεσμα",NTU,0.199
14/07/2023,23.93846122,37.69492932,6670,Θολότητα,"Τελικό Αποτέλεσμα",NTU,0.268
14/07/2023,23.95494234,37.75171359,6690,Θολότητα,"Τελικό Αποτέλεσμα",NTU,0.343
14/07/2023,23.92361047,37.73101879,6700,Θολότητα,"Τελικό Αποτέλεσμα",NTU,0.286
14/07/2023,23.90348973,37.82055314,6705,Θολότητα,"Τελικό Αποτέλεσμα",NTU,0.53
14/07/2024,23.783006772263,38.091595618101,1940,Θολότητα,"Τελικό Αποτέλεσμα",NTU,0.229
14/07/2025,23.850253213448,37.989943855969,6600,Θολότητα,"Τελικό Αποτέλεσμα",NTU,0.195
14/07/2025,23.882150670691,37.905502833197,6610,Θολότητα,"Τελικό Αποτέλεσμα",NTU,0.229
14/07/2025,23.950343222474,37.894345298849,6622,Θολότητα,"Τελικό Αποτέλεσμα",NTU,0.362
14/07/2025,24.02347684584,37.896105381073,6635,Θολότητα,"Τελικό Αποτέλεσμα",NTU,0.232
14/07/2025,23.971119096034,37.811031057644,6640,Θολότητα,"Τελικό Αποτέλεσμα",NTU,0.382
14/07/2025,24.050944478239,37.703992213554,6651,Θολότητα,"Τελικό Αποτέλεσμα",NTU,0.237
14/07/2025,24.000454305255,37.662937072106,6660,Θολότητα,"Τελικό Αποτέλεσμα",NTU,0.394
14/07/2025,23.954942341285,37.751713589169,6690,Θολότητα,"Τελικό Αποτέλεσμα",NTU,0.363
14/07/2025,23.923610473266,37.731018793535,6700,Θολότητα,"Τελικό Αποτέλεσμα",NTU,0.29
14/07/2025,23.903489728858,37.82055313721,6705,Θολότητα,"Τελικό Αποτέλεσμα",NTU,0.229
14/07/2025,23.890136444211,37.781360609525,6706,Θολότητα,"Τελικό Αποτέλεσμα",NTU,0.206
14/08/2023,23.84875164,38.12416671,4710,Θολότητα,"Τελικό Αποτέλεσμα",NTU,0.4
14/08/2023,23.9087001,38.16824113,4720,Θολότητα,"Τελικό Αποτέλεσμα",NTU,0.241
14/08/2023,24.03457233,38.19040155,4750,Θολότητα,"Τελικό Αποτέλεσμα",NTU,0.232
14/08/2023,23.97713814,38.08574303,4770,Θολότητα,"Τελικό Αποτέλεσμα",NTU,0.112
14/08/2023,23.98944122,38.03778338,4771,Θολότητα,"Τελικό Αποτέλεσμα",NTU,0.266
14/08/2023,23.9814898,38.06170646,4800,Θολότητα,"Τελικό Αποτέλεσμα",NTU,0.321
14/08/2023,24.01205071,38.01437011,4852,Θολότητα,"Τελικό Αποτέλεσμα",NTU,0.243
14/08/2023,24.00732001,37.98416724,4890,Θολότητα,"Τελικό Αποτέλεσμα",NTU,0.133
14/08/2023,23.9069807,37.96451242,4902,Θολότητα,"Τελικό Αποτέλεσμα",NTU,0.134
14/08/2023,23.97305196,37.95846365,4910,Θολότητα,"Τελικό Αποτέλεσμα",NTU,0.073
14/08/2023,23.78300677,38.09159562,1940,Θολότητα,"Τελικό Αποτέλεσμα",NTU,0.207
14/08/2023,23.77628216,38.12190092,210,Θολότητα,"Τελικό Αποτέλεσμα",NTU,0.144
14/08/2023,23.82140342,38.07735607,3070,Θολότητα,"Τελικό Αποτέλεσμα",NTU,0.253
14/08/2023,23.74996363,38.12819997,1933,Θολότητα,"Τελικό Αποτέλεσμα",NTU,0.302
14/08/2023,23.8527507,38.12333569,1946,Θολότητα,"Τελικό Αποτέλεσμα",NTU,0.176
14/08/2023,23.83967824,38.07817527,1948,Θολότητα,"Τελικό Αποτέλεσμα",NTU,0.293
14/08/2023,23.86470833,38.10061721,1956,Θολότητα,"Τελικό Αποτέλεσμα",NTU,0.265
14/08/2024,23.783006772263,38.091595618101,1940,Θολότητα,"Τελικό Αποτέλεσμα",NTU,0.12
14/08/2024,23.848751638879,38.124166714577,4710,Θολότητα,"Τελικό Αποτέλεσμα",NTU,0.397
14/08/2024,23.908700098241,38.168241126955,4720,Θολότητα,"Τελικό Αποτέλεσμα",NTU,0.285
14/08/2024,24.034572330748,38.190401550712,4750,Θολότητα,"Τελικό Αποτέλεσμα",NTU,0.217
14/08/2024,23.977138138398,38.085743034532,4770,Θολότητα,"Τελικό Αποτέλεσμα",NTU,0.253
14/08/2024,23.989441223817,38.037783380352,4771,Θολότητα,"Τελικό Αποτέλεσμα",NTU,0.253
14/08/2024,24.012050710459,38.014370105797,4852,Θολότητα,"Τελικό Αποτέλεσμα",NTU,0.267
14/08/2024,24.007320013182,37.984167240863,4890,Θολότητα,"Τελικό Αποτέλεσμα",NTU,0.317
14/08/2024,23.90698069658,37.964512417317,4902,Θολότητα,"Τελικό Αποτέλεσμα",NTU,0.118
14/08/2024,23.973051962748,37.958463647889,4910,Θολότητα,"Τελικό Αποτέλεσμα",NTU,0.554
14/08/2024,23.877462910757,38.060150004,1957,Θολότητα,"Τελικό Αποτέλεσμα",NTU,0.403
14/08/2024,23.854478659062,38.052884117638,105,Θολότητα,"Τελικό Αποτέλεσμα",NTU,0.303
14/09/2023,23.6352338,37.97282615,1926,Θολότητα,"Τελικό Αποτέλεσμα",NTU,0.568
14/09/2023,23.65049179,38.02069052,1936,Θολότητα,"Τελικό Αποτέλεσμα",NTU,0.512
14/09/2023,23.6605722,37.99659467,1950,Θολότητα,"Τελικό Αποτέλεσμα",NTU,0.302
14/09/2023,23.6374825,37.98494645,1941,Θολότητα,"Τελικό Αποτέλεσμα",NTU,0.242
14/09/2023,23.63673627,37.98591907,1935,Θολότητα,"Τελικό Αποτέλεσμα",NTU,0.604
14/09/2023,23.64405229,38.00426495,1947,Θολότητα,"Τελικό Αποτέλεσμα",NTU,0.468
14/09/2023,23.78300677,38.09159562,1940,Θολότητα,"Τελικό Αποτέλεσμα",NTU,0.141
14/09/2023,23.85025321,37.98994386,6600,Θολότητα,"Τελικό Αποτέλεσμα",NTU,0.18
14/09/2023,23.95034322,37.8943453,6622,Θολότητα,"Τελικό Αποτέλεσμα",NTU,0.137
14/09/2023,24.02347685,37.89610538,6635,Θολότητα,"Τελικό Αποτέλεσμα",NTU,0.166
14/09/2023,23.9711191,37.81103106,6640,Θολότητα,"Τελικό Αποτέλεσμα",NTU,0.179
14/09/2023,24.05094448,37.70399221,6651,Θολότητα,"Τελικό Αποτέλεσμα",NTU,0.23
14/09/2023,23.93846122,37.69492932,6670,Θολότητα,"Τελικό Αποτέλεσμα",NTU,0.142
14/09/2023,23.95494234,37.75171359,6690,Θολότητα,"Τελικό Αποτέλεσμα",NTU,0.244
14/09/2023,23.92361047,37.73101879,6700,Θολότητα,"Τελικό Αποτέλεσμα",NTU,0.142
14/09/2023,23.90348973,37.82055314,6705,Θολότητα,"Τελικό Αποτέλεσμα",NTU,0.251
14/09/2023,23.89013644,37.78136061,6706,Θολότητα,"Τελικό Αποτέλεσμα",NTU,0.18
14/09/2024,23.783006772263,38.091595618101,1940,Θολότητα,"Τελικό Αποτέλεσμα",NTU,0.134
14/09/2024,23.64440874197,37.959511773378,1928,Θολότητα,"Τελικό Αποτέλεσμα",NTU,0.126
14/10/2023,23.78300677,38.09159562,1940,Θολότητα,"Τελικό Αποτέλεσμα",NTU,0.145
14/10/2024,23.595210337605,38.064681391243,2810,Θολότητα,"Τελικό Αποτέλεσμα",NTU,0.195
14/10/2024,23.58213758742,38.060525133935,2820,Θολότητα,"Τελικό Αποτέλεσμα",NTU,0.251
14/10/2024,23.587548232298,38.066465497153,2830,Θολότητα,"Τελικό Αποτέλεσμα",NTU,0.153
14/10/2024,23.531803801228,38.050901214317,2840,Θολότητα,"Τελικό Αποτέλεσμα",NTU,0.202
14/10/2024,23.54270395521,38.043361544184,2850,Θολότητα,"Τελικό Αποτέλεσμα",NTU,0.116
14/10/2024,23.539394866218,38.03610510066,2860,Θολότητα,"Τελικό Αποτέλεσμα",NTU,0.112
14/10/2024,23.548852791485,38.037621391965,2870,Θολότητα,"Τελικό Αποτέλεσμα",NTU,0.23
14/10/2024,23.739225980018,38.062561123056,2880,Θολότητα,"Τελικό Αποτέλεσμα",NTU,0.151
14/10/2024,23.737468716577,38.085090720814,2890,Θολότητα,"Τελικό Αποτέλεσμα",NTU,0.23
14/10/2024,23.73847585117,38.074454453786,2900,Θολότητα,"Τελικό Αποτέλεσμα",NTU,0.388
14/10/2024,23.736504245032,38.095005139018,2910,Θολότητα,"Τελικό Αποτέλεσμα",NTU,0.121
14/10/2024,23.730359234314,38.115528098668,2920,Θολότητα,"Τελικό Αποτέλεσμα",NTU,0.462
14/10/2024,23.783006772263,38.091595618101,1940,Θολότητα,"Τελικό Αποτέλεσμα",NTU,0.233
14/10/2024,23.802231976799,37.833112339241,140,Θολότητα,"Τελικό Αποτέλεσμα",NTU,0.224
14/11/2023,23.33981264,38.00410848,225,Θολότητα,"Τελικό Αποτέλεσμα",NTU,0.132
14/11/2023,23.78300677,38.09159562,1940,Θολότητα,"Τελικό Αποτέλεσμα",NTU,0.132
14/11/2023,23.85025321,37.98994386,6600,Θολότητα,"Τελικό Αποτέλεσμα",NTU,0.23
14/11/2023,23.95034322,37.8943453,6622,Θολότητα,"Τελικό Αποτέλεσμα",NTU,0.135
14/11/2023,24.02347685,37.89610538,6635,Θολότητα,"Τελικό Αποτέλεσμα",NTU,0.48
14/11/2023,23.9711191,37.81103106,6640,Θολότητα,"Τελικό Αποτέλεσμα",NTU,0.154
14/11/2023,24.05094448,37.70399221,6651,Θολότητα,"Τελικό Αποτέλεσμα",NTU,0.152
14/11/2023,23.93846122,37.69492932,6670,Θολότητα,"Τελικό Αποτέλεσμα",NTU,0.123
14/11/2023,23.95494234,37.75171359,6690,Θολότητα,"Τελικό Αποτέλεσμα",NTU,0.114
14/11/2023,23.92361047,37.73101879,6700,Θολότητα,"Τελικό Αποτέλεσμα",NTU,0.239
14/11/2023,23.90348973,37.82055314,6705,Θολότητα,"Τελικό Αποτέλεσμα",NTU,0.111
14/11/2023,23.89013644,37.78136061,6706,Θολότητα,"Τελικό Αποτέλεσμα",NTU,0.13
14/11/2023,23.41656871,37.91177786,1967,Θολότητα,"Τελικό Αποτέλεσμα",NTU,0.382
14/11/2023,23.4174242,37.90741906,2601,Θολότητα,"Τελικό Αποτέλεσμα",NTU,0.572
14/11/2023,23.46565745,37.91849312,1929,Θολότητα,"Τελικό Αποτέλεσμα",NTU,0.282
14/11/2024,23.64440874197,37.959511773378,1928,Θολότητα,"Τελικό Αποτέλεσμα",NTU,0.26
14/11/2024,23.655737542216,37.93998667845,1930,Θολότητα,"Τελικό Αποτέλεσμα",NTU,0.162
14/11/2024,23.686325223496,38.049805201469,1939,Θολότητα,"Τελικό Αποτέλεσμα",NTU,0.352
14/11/2024,23.577422634042,37.968422519545,1943,Θολότητα,"Τελικό Αποτέλεσμα",NTU,0.145
14/11/2024,23.576866413715,37.966827860412,1945,Θολότητα,"Τελικό Αποτέλεσμα",NTU,0.124
14/11/2024,23.677962015045,38.049823056981,1959,Θολότητα,"Τελικό Αποτέλεσμα",NTU,0.177
14/11/2024,23.850253213448,37.989943855969,6600,Θολότητα,"Τελικό Αποτέλεσμα",NTU,0.402
14/11/2024,23.882150670691,37.905502833197,6610,Θολότητα,"Τελικό Αποτέλεσμα",NTU,0.185
14/11/2024,23.950343222474,37.894345298849,6622,Θολότητα,"Τελικό Αποτέλεσμα",NTU,0.206
14/11/2024,24.02347684584,37.896105381073,6635,Θολότητα,"Τελικό Αποτέλεσμα",NTU,0.271
14/11/2024,23.971119096034,37.811031057644,6640,Θολότητα,"Τελικό Αποτέλεσμα",NTU,0.177
14/11/2024,24.050944478239,37.703992213554,6651,Θολότητα,"Τελικό Αποτέλεσμα",NTU,0.249
14/11/2024,23.954942341285,37.751713589169,6690,Θολότητα,"Τελικό Αποτέλεσμα",NTU,0.235
14/11/2024,23.923610473266,37.731018793535,6700,Θολότητα,"Τελικό Αποτέλεσμα",NTU,0.361
14/11/2024,23.903489728858,37.82055313721,6705,Θολότητα,"Τελικό Αποτέλεσμα",NTU,0.278
14/11/2024,23.890136444211,37.781360609525,6706,Θολότητα,"Τελικό Αποτέλεσμα",NTU,0.305
14/11/2024,23.783006772263,38.091595618101,1940,Θολότητα,"Τελικό Αποτέλεσμα",NTU,0.236
14/12/2023,23.84875164,38.12416671,4710,Θολότητα,"Τελικό Αποτέλεσμα",NTU,0.113
14/12/2023,23.9087001,38.16824113,4720,Θολότητα,"Τελικό Αποτέλεσμα",NTU,0.153
14/12/2023,24.03457233,38.19040155,4750,Θολότητα,"Τελικό Αποτέλεσμα",NTU,0.126
14/12/2023,23.97713814,38.08574303,4770,Θολότητα,"Τελικό Αποτέλεσμα",NTU,0.265
14/12/2023,23.98944122,38.03778338,4771,Θολότητα,"Τελικό Αποτέλεσμα",NTU,0.449
14/12/2023,23.9814898,38.06170646,4800,Θολότητα,"Τελικό Αποτέλεσμα",NTU,0.172
14/12/2023,24.01205071,38.01437011,4852,Θολότητα,"Τελικό Αποτέλεσμα",NTU,0.224
14/12/2023,24.00732001,37.98416724,4890,Θολότητα,"Τελικό Αποτέλεσμα",NTU,0.118
14/12/2023,23.9069807,37.96451242,4902,Θολότητα,"Τελικό Αποτέλεσμα",NTU,0.197
14/12/2023,23.97305196,37.95846365,4910,Θολότητα,"Τελικό Αποτέλεσμα",NTU,0.198
14/12/2023,23.78300677,38.09159562,1940,Θολότητα,"Τελικό Αποτέλεσμα",NTU,0.129
14/12/2024,23.783006772263,38.091595618101,1940,Θολότητα,"Τελικό Αποτέλεσμα",NTU,0.125
15/01/2023,23.78300677,38.09159562,1940,Θολότητα,"Τελικό Αποτέλεσμα",NTU,0.203
15/01/2025,23.595210337605,38.064681391243,2810,Θολότητα,"Τελικό Αποτέλεσμα",NTU,0.204
15/01/2025,23.58213758742,38.060525133935,2820,Θολότητα,"Τελικό Αποτέλεσμα",NTU,0.228
15/01/2025,23.587548232298,38.066465497153,2830,Θολότητα,"Τελικό Αποτέλεσμα",NTU,0.146
15/01/2025,23.531803801228,38.050901214317,2840,Θολότητα,"Τελικό Αποτέλεσμα",NTU,0.195
15/01/2025,23.54270395521,38.043361544184,2850,Θολότητα,"Τελικό Αποτέλεσμα",NTU,0.1
15/01/2025,23.539394866218,38.03610510066,2860,Θολότητα,"Τελικό Αποτέλεσμα",NTU,0.203
15/01/2025,23.548852791485,38.037621391965,2870,Θολότητα,"Τελικό Αποτέλεσμα",NTU,0.239
15/01/2025,23.737468716577,38.085090720814,2890,Θολότητα,"Τελικό Αποτέλεσμα",NTU,0.169
15/01/2025,23.524639732983,38.075938446879,2801,Θολότητα,"Τελικό Αποτέλεσμα",NTU,0.174
15/01/2025,23.590856660965,38.05767840712,2801,Θολότητα,"Τελικό Αποτέλεσμα",NTU,0.174
15/01/2025,23.839340877075,38.008846343525,1910,Θολότητα,"Τελικό Αποτέλεσμα",NTU,0.202
15/01/2025,23.834058289847,38.055035361725,13210,Θολότητα,"Τελικό Αποτέλεσμα",NTU,0.128
15/01/2025,23.850343123164,38.064696002617,13250,Θολότητα,"Τελικό Αποτέλεσμα",NTU,0.078
15/01/2025,23.762975326718,38.014149073434,1951,Θολότητα,"Τελικό Αποτέλεσμα",NTU,0.19
15/01/2025,23.765100402535,38.018891552708,1952,Θολότητα,"Τελικό Αποτέλεσμα",NTU,0.141
15/01/2025,23.805701939805,37.98977288987,1953,Θολότητα,"Τελικό Αποτέλεσμα",NTU,0.135
15/01/2025,23.877462910757,38.060150004,1957,Θολότητα,"Τελικό Αποτέλεσμα",NTU,0.14
15/01/2025,23.850058780234,38.064487896413,1958,Θολότητα,"Τελικό Αποτέλεσμα",NTU,0.116
15/01/2025,23.871650152448,38.05010024616,1911,Θολότητα,"Τελικό Αποτέλεσμα",NTU,0.079
15/01/2025,23.783006772263,38.091595618101,1940,Θολότητα,"Τελικό Αποτέλεσμα",NTU,0.261
15/02/2023,23.59521034,38.06468139,2810,Θολότητα,"Τελικό Αποτέλεσμα",NTU,0.146
15/02/2023,23.58213759,38.06052513,2820,Θολότητα,"Τελικό Αποτέλεσμα",NTU,0.21
15/02/2023,23.58754823,38.0664655,2830,Θολότητα,"Τελικό Αποτέλεσμα",NTU,0.135
15/02/2023,23.5318038,38.05090121,2840,Θολότητα,"Τελικό Αποτέλεσμα",NTU,0.09
15/02/2023,23.54270396,38.04336154,2850,Θολότητα,"Τελικό Αποτέλεσμα",NTU,0.181
15/02/2023,23.53939487,38.0361051,2860,Θολότητα,"Τελικό Αποτέλεσμα",NTU,0.165
15/02/2023,23.54885279,38.03762139,2870,Θολότητα,"Τελικό Αποτέλεσμα",NTU,0.075
15/02/2023,23.73746872,38.08509072,2890,Θολότητα,"Τελικό Αποτέλεσμα",NTU,0.751
15/02/2023,23.73847585,38.07445445,2900,Θολότητα,"Τελικό Αποτέλεσμα",NTU,0.492
15/02/2023,23.73650425,38.09500514,2910,Θολότητα,"Τελικό Αποτέλεσμα",NTU,0.098
15/02/2023,23.73035923,38.1155281,2920,Θολότητα,"Τελικό Αποτέλεσμα",NTU,0.167
15/02/2023,23.52463973,38.07593845,2801,Θολότητα,"Τελικό Αποτέλεσμα",NTU,0.082
15/02/2023,23.59085666,38.05767841,2801,Θολότητα,"Τελικό Αποτέλεσμα",NTU,0.082
15/02/2023,23.77628216,38.12190092,210,Θολότητα,"Τελικό Αποτέλεσμα",NTU,0.127
15/02/2023,23.41656871,37.91177786,1967,Θολότητα,"Τελικό Αποτέλεσμα",NTU,0.933
15/02/2023,23.4174242,37.90741906,2601,Θολότητα,"Τελικό Αποτέλεσμα",NTU,0.858
15/02/2023,23.78300677,38.09159562,1940,Θολότητα,"Τελικό Αποτέλεσμα",NTU,0.301
15/02/2025,23.783006772263,38.091595618101,1940,Θολότητα,"Τελικό Αποτέλεσμα",NTU,0.223
15/03/2023,23.78300677,38.09159562,1940,Θολότητα,"Τελικό Αποτέλεσμα",NTU,0.369
15/03/2023,23.84875164,38.12416671,4710,Θολότητα,"Τελικό Αποτέλεσμα",NTU,0.095
15/03/2023,23.9087001,38.16824113,4720,Θολότητα,"Τελικό Αποτέλεσμα",NTU,0.08
15/03/2023,24.03457233,38.19040155,4750,Θολότητα,"Τελικό Αποτέλεσμα",NTU,0.117
15/03/2023,23.97713814,38.08574303,4770,Θολότητα,"Τελικό Αποτέλεσμα",NTU,0.11
15/03/2023,23.98944122,38.03778338,4771,Θολότητα,"Τελικό Αποτέλεσμα",NTU,0.12
15/03/2023,23.9814898,38.06170646,4800,Θολότητα,"Τελικό Αποτέλεσμα",NTU,0.083
15/03/2023,24.01205071,38.01437011,4852,Θολότητα,"Τελικό Αποτέλεσμα",NTU,0.067
15/03/2023,24.00732001,37.98416724,4890,Θολότητα,"Τελικό Αποτέλεσμα",NTU,0.164
15/03/2023,23.9069807,37.96451242,4902,Θολότητα,"Τελικό Αποτέλεσμα",NTU,0.275
15/03/2023,23.97305196,37.95846365,4910,Θολότητα,"Τελικό Αποτέλεσμα",NTU,0.118
15/03/2025,23.783006772263,38.091595618101,1940,Θολότητα,"Τελικό Αποτέλεσμα",NTU,0.267
15/04/2023,23.78300677,38.09159562,1940,Θολότητα,"Τελικό Αποτέλεσμα",NTU,0.314
15/04/2025,23.783006772263,38.091595618101,1940,Θολότητα,"Τελικό Αποτέλεσμα",NTU,0.206
15/04/2025,23.728501580857,38.021077305988,2010,Θολότητα,"Τελικό Αποτέλεσμα",NTU,0.488
15/04/2025,23.715167470658,38.064394448168,2020,Θολότητα,"Τελικό Αποτέλεσμα",NTU,0.883
15/04/2025,23.707472628441,38.062507031886,2030,Θολότητα,"Τελικό Αποτέλεσμα",NTU,0.184
15/04/2025,23.684521996488,38.043278569813,2050,Θολότητα,"Τελικό Αποτέλεσμα",NTU,0.181
15/04/2025,23.676225070778,38.038867972537,2060,Θολότητα,"Τελικό Αποτέλεσμα",NTU,0.323
15/04/2025,23.690708971278,38.03873977939,2070,Θολότητα,"Τελικό Αποτέλεσμα",NTU,0.344
15/04/2025,23.711092519709,38.030604970232,2080,Θολότητα,"Τελικό Αποτέλεσμα",NTU,0.316
15/04/2025,23.703939528461,38.019611224386,2090,Θολότητα,"Τελικό Αποτέλεσμα",NTU,0.504
15/04/2025,23.690026001721,38.014594179034,2100,Θολότητα,"Τελικό Αποτέλεσμα",NTU,0.193
15/04/2025,23.685635325645,38.011704015052,2110,Θολότητα,"Τελικό Αποτέλεσμα",NTU,0.224
15/04/2025,23.690688548717,38.006599310386,2130,Θολότητα,"Τελικό Αποτέλεσμα",NTU,0.114
15/04/2025,23.633719884257,38.014461935654,2140,Θολότητα,"Τελικό Αποτέλεσμα",NTU,0.475
15/04/2025,23.604369787474,38.011728905427,2150,Θολότητα,"Τελικό Αποτέλεσμα",NTU,0.197
15/04/2025,23.660482152024,38.003256233801,2160,Θολότητα,"Τελικό Αποτέλεσμα",NTU,0.245
15/04/2025,23.657213383477,37.990357336342,2170,Θολότητα,"Τελικό Αποτέλεσμα",NTU,0.192
15/04/2025,23.669685637381,37.991033114281,2180,Θολότητα,"Τελικό Αποτέλεσμα",NTU,0.154
15/04/2025,23.688272639454,37.992184760882,2190,Θολότητα,"Τελικό Αποτέλεσμα",NTU,0.264
15/04/2025,23.709037749626,37.994059545664,2210,Θολότητα,"Τελικό Αποτέλεσμα",NTU,0.28
15/04/2025,23.711670124237,37.998900962404,2220,Θολότητα,"Τελικό Αποτέλεσμα",NTU,0.368
15/04/2025,23.723966332053,38.00996468276,2240,Θολότητα,"Τελικό Αποτέλεσμα",NTU,0.214
15/04/2025,23.609081866002,38.010063327816,2250,Θολότητα,"Τελικό Αποτέλεσμα",NTU,0.254
15/04/2025,23.416568705309,37.911777864914,1967,Θολότητα,"Τελικό Αποτέλεσμα",NTU,0.155
15/04/2025,23.417424198698,37.907419057485,2601,Θολότητα,"Τελικό Αποτέλεσμα",NTU,0.332
15/04/2025,22.898432401038,38.254054888272,7011,Θολότητα,"Τελικό Αποτέλεσμα",NTU,0.47
15/05/2023,23.53153657,38.07172532,2260,Θολότητα,"Τελικό Αποτέλεσμα",NTU,0.158
15/05/2023,23.75121334,38.12052926,2270,Θολότητα,"Τελικό Αποτέλεσμα",NTU,0.25
15/05/2023,23.72850158,38.02107731,2010,Θολότητα,"Τελικό Αποτέλεσμα",NTU,0.141
15/05/2023,23.70747263,38.06250703,2030,Θολότητα,"Τελικό Αποτέλεσμα",NTU,0.335
15/05/2023,23.684522,38.04327857,2050,Θολότητα,"Τελικό Αποτέλεσμα",NTU,0.328
15/05/2023,23.67622507,38.03886797,2060,Θολότητα,"Τελικό Αποτέλεσμα",NTU,0.206
15/05/2023,23.69070897,38.03873978,2070,Θολότητα,"Τελικό Αποτέλεσμα",NTU,0.156
15/05/2023,23.71109252,38.03060497,2080,Θολότητα,"Τελικό Αποτέλεσμα",NTU,0.245
15/05/2023,23.70393953,38.01961122,2090,Θολότητα,"Τελικό Αποτέλεσμα",NTU,0.191
15/05/2023,23.690026,38.01459418,2100,Θολότητα,"Τελικό Αποτέλεσμα",NTU,0.161
15/05/2023,23.68563533,38.01170402,2110,Θολότητα,"Τελικό Αποτέλεσμα",NTU,0.234
15/05/2023,23.69068855,38.00659931,2130,Θολότητα,"Τελικό Αποτέλεσμα",NTU,0.153
15/05/2023,23.63371988,38.01446194,2140,Θολότητα,"Τελικό Αποτέλεσμα",NTU,0.175
15/05/2023,23.60436979,38.01172891,2150,Θολότητα,"Τελικό Αποτέλεσμα",NTU,0.135
15/05/2023,23.66048215,38.00325623,2160,Θολότητα,"Τελικό Αποτέλεσμα",NTU,0.2
15/05/2023,23.65721338,37.99035734,2170,Θολότητα,"Τελικό Αποτέλεσμα",NTU,0.149
15/05/2023,23.66968564,37.99103311,2180,Θολότητα,"Τελικό Αποτέλεσμα",NTU,0.116
15/05/2023,23.68827264,37.99218476,2190,Θολότητα,"Τελικό Αποτέλεσμα",NTU,0.091
15/05/2023,23.70903775,37.99405955,2210,Θολότητα,"Τελικό Αποτέλεσμα",NTU,0.151
15/05/2023,23.71167012,37.99890096,2220,Θολότητα,"Τελικό Αποτέλεσμα",NTU,0.3
15/05/2023,23.72396633,38.00996468,2240,Θολότητα,"Τελικό Αποτέλεσμα",NTU,0.148
15/05/2023,23.60908187,38.01006333,2250,Θολότητα,"Τελικό Αποτέλεσμα",NTU,0.278
15/05/2023,23.78300677,38.09159562,1940,Θολότητα,"Τελικό Αποτέλεσμα",NTU,0.35
15/05/2023,23.48905185,37.97043569,2580,Θολότητα,"Τελικό Αποτέλεσμα",NTU,0.281
15/05/2023,23.52045976,37.94358544,1927,Θολότητα,"Τελικό Αποτέλεσμα",NTU,0.256
15/05/2023,23.46565745,37.91849312,1929,Θολότητα,"Τελικό Αποτέλεσμα",NTU,0.214
15/05/2023,23.49030054,37.99544729,1931,Θολότητα,"Τελικό Αποτέλεσμα",NTU,0.162
15/05/2024,23.783006772263,38.091595618101,1940,Θολότητα,"Τελικό Αποτέλεσμα",NTU,0.241
15/05/2025,23.768783003349,37.982897797692,4040,Θολότητα,"Τελικό Αποτέλεσμα",NTU,0.56
15/05/2025,23.776569307759,37.971253159928,4060,Θολότητα,"Τελικό Αποτέλεσμα",NTU,0.306
15/05/2025,23.595210337605,38.064681391243,2810,Θολότητα,"Τελικό Αποτέλεσμα",NTU,0.275
15/05/2025,23.58213758742,38.060525133935,2820,Θολότητα,"Τελικό Αποτέλεσμα",NTU,0.212
15/05/2025,23.587548232298,38.066465497153,2830,Θολότητα,"Τελικό Αποτέλεσμα",NTU,0.142
15/05/2025,23.531803801228,38.050901214317,2840,Θολότητα,"Τελικό Αποτέλεσμα",NTU,0.204
15/05/2025,23.54270395521,38.043361544184,2850,Θολότητα,"Τελικό Αποτέλεσμα",NTU,0.103
15/05/2025,23.539394866218,38.03610510066,2860,Θολότητα,"Τελικό Αποτέλεσμα",NTU,0.127
15/05/2025,23.548852791485,38.037621391965,2870,Θολότητα,"Τελικό Αποτέλεσμα",NTU,0.162
15/05/2025,23.739225980018,38.062561123056,2880,Θολότητα,"Τελικό Αποτέλεσμα",NTU,0.221
15/05/2025,23.737468716577,38.085090720814,2890,Θολότητα,"Τελικό Αποτέλεσμα",NTU,0.183
15/05/2025,23.73847585117,38.074454453786,2900,Θολότητα,"Τελικό Αποτέλεσμα",NTU,0.214
15/05/2025,23.730359234314,38.115528098668,2920,Θολότητα,"Τελικό Αποτέλεσμα",NTU,0.166
15/05/2025,23.524639732983,38.075938446879,2801,Θολότητα,"Τελικό Αποτέλεσμα",NTU,0.118
15/05/2025,23.590856660965,38.05767840712,2801,Θολότητα,"Τελικό Αποτέλεσμα",NTU,0.118
15/05/2025,23.783006772263,38.091595618101,1940,Θολότητα,"Τελικό Αποτέλεσμα",NTU,0.194
15/06/2023,23.85025321,37.98994386,6600,Θολότητα,"Τελικό Αποτέλεσμα",NTU,0.467
15/06/2023,23.95034322,37.8943453,6622,Θολότητα,"Τελικό Αποτέλεσμα",NTU,0.464
15/06/2023,24.02347685,37.89610538,6635,Θολότητα,"Τελικό Αποτέλεσμα",NTU,0.282
15/06/2023,23.9711191,37.81103106,6640,Θολότητα,"Τελικό Αποτέλεσμα",NTU,0.22
15/06/2023,24.05094448,37.70399221,6651,Θολότητα,"Τελικό Αποτέλεσμα",NTU,0.278
15/06/2023,23.93846122,37.69492932,6670,Θολότητα,"Τελικό Αποτέλεσμα",NTU,0.278
15/06/2023,23.95494234,37.75171359,6690,Θολότητα,"Τελικό Αποτέλεσμα",NTU,0.229
15/06/2023,23.92361047,37.73101879,6700,Θολότητα,"Τελικό Αποτέλεσμα",NTU,0.225
15/06/2023,23.90348973,37.82055314,6705,Θολότητα,"Τελικό Αποτέλεσμα",NTU,0.513
15/06/2023,23.89013644,37.78136061,6706,Θολότητα,"Τελικό Αποτέλεσμα",NTU,0.292
15/06/2023,23.78300677,38.09159562,1940,Θολότητα,"Τελικό Αποτέλεσμα",NTU,0.341
15/06/2024,23.783006772263,38.091595618101,1940,Θολότητα,"Τελικό Αποτέλεσμα",NTU,0.18
15/07/2023,23.78300677,38.09159562,1940,Θολότητα,"Τελικό Αποτέλεσμα",NTU,0.286
15/07/2024,23.33981263989,38.004108484322,225,Θολότητα,"Τελικό Αποτέλεσμα",NTU,0.149
15/07/2024,23.848751638879,38.124166714577,4710,Θολότητα,"Τελικό Αποτέλεσμα",NTU,0.196
15/07/2024,23.908700098241,38.168241126955,4720,Θολότητα,"Τελικό Αποτέλεσμα",NTU,0.065
15/07/2024,24.034572330748,38.190401550712,4750,Θολότητα,"Τελικό Αποτέλεσμα",NTU,0.115
15/07/2024,23.977138138398,38.085743034532,4770,Θολότητα,"Τελικό Αποτέλεσμα",NTU,0.115
15/07/2024,23.989441223817,38.037783380352,4771,Θολότητα,"Τελικό Αποτέλεσμα",NTU,0.142
15/07/2024,24.007320013182,37.984167240863,4890,Θολότητα,"Τελικό Αποτέλεσμα",NTU,0.105
15/07/2024,23.90698069658,37.964512417317,4902,Θολότητα,"Τελικό Αποτέλεσμα",NTU,0.19
15/07/2024,23.973051962748,37.958463647889,4910,Θολότητα,"Τελικό Αποτέλεσμα",NTU,0.366
15/07/2024,24.012050710459,38.014370105797,4852,Θολότητα,"Τελικό Αποτέλεσμα",NTU,0.175
15/07/2024,23.783006772263,38.091595618101,1940,Θολότητα,"Τελικό Αποτέλεσμα",NTU,0.196
15/07/2025,22.898432401038,38.254054888272,7011,Θολότητα,"Τελικό Αποτέλεσμα",NTU,0.278
15/07/2025,23.707472628441,38.062507031886,2030,Θολότητα,"Τελικό Αποτέλεσμα",NTU,0.212
15/07/2025,23.684521996488,38.043278569813,2050,Θολότητα,"Τελικό Αποτέλεσμα",NTU,0.184
15/07/2025,23.676225070778,38.038867972537,2060,Θολότητα,"Τελικό Αποτέλεσμα",NTU,0.117
15/07/2025,23.690708971278,38.03873977939,2070,Θολότητα,"Τελικό Αποτέλεσμα",NTU,0.206
15/07/2025,23.711092519709,38.030604970232,2080,Θολότητα,"Τελικό Αποτέλεσμα",NTU,0.951
15/07/2025,23.703939528461,38.019611224386,2090,Θολότητα,"Τελικό Αποτέλεσμα",NTU,0.134
15/07/2025,23.690026001721,38.014594179034,2100,Θολότητα,"Τελικό Αποτέλεσμα",NTU,0.175
15/07/2025,23.685635325645,38.011704015052,2110,Θολότητα,"Τελικό Αποτέλεσμα",NTU,0.335
15/07/2025,23.690688548717,38.006599310386,2130,Θολότητα,"Τελικό Αποτέλεσμα",NTU,0.179
15/07/2025,23.633719884257,38.014461935654,2140,Θολότητα,"Τελικό Αποτέλεσμα",NTU,0.353
15/07/2025,23.604369787474,38.011728905427,2150,Θολότητα,"Τελικό Αποτέλεσμα",NTU,0.328
15/07/2025,23.660482152024,38.003256233801,2160,Θολότητα,"Τελικό Αποτέλεσμα",NTU,0.327
15/07/2025,23.657213383477,37.990357336342,2170,Θολότητα,"Τελικό Αποτέλεσμα",NTU,0.139
15/07/2025,23.669685637381,37.991033114281,2180,Θολότητα,"Τελικό Αποτέλεσμα",NTU,0.102
15/07/2025,23.709037749626,37.994059545664,2210,Θολότητα,"Τελικό Αποτέλεσμα",NTU,0.134
15/07/2025,23.711670124237,37.998900962404,2220,Θολότητα,"Τελικό Αποτέλεσμα",NTU,0.31
15/07/2025,23.723966332053,38.00996468276,2240,Θολότητα,"Τελικό Αποτέλεσμα",NTU,0.171
15/07/2025,23.609081866002,38.010063327816,2250,Θολότητα,"Τελικό Αποτέλεσμα",NTU,0.171
15/07/2025,23.818436102886,38.030152774666,191,Θολότητα,"Τελικό Αποτέλεσμα",NTU,0.191
15/07/2025,23.828980364763,38.043901820297,193,Θολότητα,"Τελικό Αποτέλεσμα",NTU,0.237
15/08/2023,23.78300677,38.09159562,1940,Θολότητα,"Τελικό Αποτέλεσμα",NTU,0.199
15/08/2023,23.71170376,37.97057149,7320,Θολότητα,"Τελικό Αποτέλεσμα",NTU,0.21
15/08/2023,23.95494234,37.75171359,6690,Θολότητα,"Τελικό Αποτέλεσμα",NTU,0.13
15/08/2023,23.75187919,38.03442418,3010,Θολότητα,"Τελικό Αποτέλεσμα",NTU,0.119
15/08/2023,23.78028136,38.04717905,3250,Θολότητα,"Τελικό Αποτέλεσμα",NTU,0.156
15/08/2024,23.783006772263,38.091595618101,1940,Θολότητα,"Τελικό Αποτέλεσμα",NTU,0.125
15/08/2024,23.765100402535,38.018891552708,1952,Θολότητα,"Τελικό Αποτέλεσμα",NTU,0.25
15/09/2023,23.50231957,37.96481152,170,Θολότητα,"Τελικό Αποτέλεσμα",NTU,0.415
15/09/2023,23.5289617,37.96581528,2540,Θολότητα,"Τελικό Αποτέλεσμα",NTU,0.174
15/09/2023,23.53503262,37.95677855,2550,Θολότητα,"Τελικό Αποτέλεσμα",NTU,0.102
15/09/2023,23.46773064,37.92181628,2600,Θολότητα,"Τελικό Αποτέλεσμα",NTU,0.337
15/09/2023,23.49475198,37.96793762,2630,Θολότητα,"Τελικό Αποτέλεσμα",NTU,0.123
15/09/2023,23.48803323,37.96254865,2660,Θολότητα,"Τελικό Αποτέλεσμα",NTU,0.139
15/09/2023,23.52415052,37.96223485,2690,Θολότητα,"Τελικό Αποτέλεσμα",NTU,0.156
15/09/2023,23.41656871,37.91177786,1967,Θολότητα,"Τελικό Αποτέλεσμα",NTU,0.604
15/09/2023,23.4174242,37.90741906,2601,Θολότητα,"Τελικό Αποτέλεσμα",NTU,0.575
15/09/2023,23.78300677,38.09159562,1940,Θολότητα,"Τελικό Αποτέλεσμα",NTU,0.278
15/09/2024,23.783006772263,38.091595618101,1940,Θολότητα,"Τελικό Αποτέλεσμα",NTU,0.16
15/10/2023,23.78300677,38.09159562,1940,Θολότητα,"Τελικό Αποτέλεσμα",NTU,0.231
15/10/2024,23.640200994864,37.973616459939,6060,Θολότητα,"Τελικό Αποτέλεσμα",NTU,0.254
15/10/2024,23.783006772263,38.091595618101,1940,Θολότητα,"Τελικό Αποτέλεσμα",NTU,0.16
15/10/2024,23.416568705309,37.911777864914,1967,Θολότητα,"Τελικό Αποτέλεσμα",NTU,0.37
15/10/2024,23.417424198698,37.907419057485,2601,Θολότητα,"Τελικό Αποτέλεσμα",NTU,0.482
15/10/2024,23.850253213448,37.989943855969,6600,Θολότητα,"Τελικό Αποτέλεσμα",NTU,0.371
15/10/2024,23.882150670691,37.905502833197,6610,Θολότητα,"Τελικό Αποτέλεσμα",NTU,0.256
15/10/2024,23.950343222474,37.894345298849,6622,Θολότητα,"Τελικό Αποτέλεσμα",NTU,0.22
15/10/2024,24.02347684584,37.896105381073,6635,Θολότητα,"Τελικό Αποτέλεσμα",NTU,0.477
15/10/2024,23.971119096034,37.811031057644,6640,Θολότητα,"Τελικό Αποτέλεσμα",NTU,0.395
15/10/2024,24.050944478239,37.703992213554,6651,Θολότητα,"Τελικό Αποτέλεσμα",NTU,0.2
15/10/2024,23.954942341285,37.751713589169,6690,Θολότητα,"Τελικό Αποτέλεσμα",NTU,0.209
15/10/2024,23.923610473266,37.731018793535,6700,Θολότητα,"Τελικό Αποτέλεσμα",NTU,0.257
15/10/2024,23.903489728858,37.82055313721,6705,Θολότητα,"Τελικό Αποτέλεσμα",NTU,0.18
15/10/2024,22.898432401038,38.254054888272,7011,Θολότητα,"Τελικό Αποτέλεσμα",NTU,0.296
15/11/2023,23.78300677,38.09159562,1940,Θολότητα,"Τελικό Αποτέλεσμα",NTU,0.295
15/11/2023,23.78781925,38.0878097,195,Θολότητα,"Τελικό Αποτέλεσμα",NTU,0.169
15/11/2023,23.84875164,38.12416671,4710,Θολότητα,"Τελικό Αποτέλεσμα",NTU,0.275
15/11/2023,23.9087001,38.16824113,4720,Θολότητα,"Τελικό Αποτέλεσμα",NTU,0.142
15/11/2023,24.03457233,38.19040155,4750,Θολότητα,"Τελικό Αποτέλεσμα",NTU,0.119
15/11/2023,23.97713814,38.08574303,4770,Θολότητα,"Τελικό Αποτέλεσμα",NTU,0.225
15/11/2023,23.98944122,38.03778338,4771,Θολότητα,"Τελικό Αποτέλεσμα",NTU,0.419
15/11/2023,23.9814898,38.06170646,4800,Θολότητα,"Τελικό Αποτέλεσμα",NTU,0.129
15/11/2023,24.01205071,38.01437011,4852,Θολότητα,"Τελικό Αποτέλεσμα",NTU,0.109
15/11/2023,24.00732001,37.98416724,4890,Θολότητα,"Τελικό Αποτέλεσμα",NTU,0.101
15/11/2023,23.9069807,37.96451242,4902,Θολότητα,"Τελικό Αποτέλεσμα",NTU,0.156
15/11/2023,23.97305196,37.95846365,4910,Θολότητα,"Τελικό Αποτέλεσμα",NTU,0.123
15/11/2024,23.531536570322,38.071725317014,2260,Θολότητα,"Τελικό Αποτέλεσμα",NTU,0.312
15/11/2024,23.751213344423,38.120529261783,2270,Θολότητα,"Τελικό Αποτέλεσμα",NTU,0.19
15/11/2024,23.595210337605,38.064681391243,2810,Θολότητα,"Τελικό Αποτέλεσμα",NTU,0.245
15/11/2024,23.58213758742,38.060525133935,2820,Θολότητα,"Τελικό Αποτέλεσμα",NTU,0.266
15/11/2024,23.587548232298,38.066465497153,2830,Θολότητα,"Τελικό Αποτέλεσμα",NTU,0.204
15/11/2024,23.531803801228,38.050901214317,2840,Θολότητα,"Τελικό Αποτέλεσμα",NTU,0.124
15/11/2024,23.54270395521,38.043361544184,2850,Θολότητα,"Τελικό Αποτέλεσμα",NTU,0.182
15/11/2024,23.539394866218,38.03610510066,2860,Θολότητα,"Τελικό Αποτέλεσμα",NTU,0.177
15/11/2024,23.548852791485,38.037621391965,2870,Θολότητα,"Τελικό Αποτέλεσμα",NTU,0.206
15/11/2024,23.737468716577,38.085090720814,2890,Θολότητα,"Τελικό Αποτέλεσμα",NTU,0.341
15/11/2024,23.524639732983,38.075938446879,2801,Θολότητα,"Τελικό Αποτέλεσμα",NTU,0.224
15/11/2024,23.590856660965,38.05767840712,2801,Θολότητα,"Τελικό Αποτέλεσμα",NTU,0.224
15/11/2024,23.783006772263,38.091595618101,1940,Θολότητα,"Τελικό Αποτέλεσμα",NTU,0.183
15/12/2023,23.78300677,38.09159562,1940,Θολότητα,"Τελικό Αποτέλεσμα",NTU,0.54
15/12/2023,23.72850158,38.02107731,2010,Θολότητα,"Τελικό Αποτέλεσμα",NTU,0.207
15/12/2023,23.71516747,38.06439445,2020,Θολότητα,"Τελικό Αποτέλεσμα",NTU,0.185
15/12/2023,23.70747263,38.06250703,2030,Θολότητα,"Τελικό Αποτέλεσμα",NTU,0.145
15/12/2023,23.684522,38.04327857,2050,Θολότητα,"Τελικό Αποτέλεσμα",NTU,0.335
15/12/2023,23.67622507,38.03886797,2060,Θολότητα,"Τελικό Αποτέλεσμα",NTU,0.13
15/12/2023,23.69070897,38.03873978,2070,Θολότητα,"Τελικό Αποτέλεσμα",NTU,0.172
15/12/2023,23.71109252,38.03060497,2080,Θολότητα,"Τελικό Αποτέλεσμα",NTU,0.457
15/12/2023,23.70393953,38.01961122,2090,Θολότητα,"Τελικό Αποτέλεσμα",NTU,0.127
15/12/2023,23.690026,38.01459418,2100,Θολότητα,"Τελικό Αποτέλεσμα",NTU,0.166
15/12/2023,23.68563533,38.01170402,2110,Θολότητα,"Τελικό Αποτέλεσμα",NTU,0.141
15/12/2023,23.63371988,38.01446194,2140,Θολότητα,"Τελικό Αποτέλεσμα",NTU,0.134
15/12/2023,23.60436979,38.01172891,2150,Θολότητα,"Τελικό Αποτέλεσμα",NTU,0.096
15/12/2023,23.66048215,38.00325623,2160,Θολότητα,"Τελικό Αποτέλεσμα",NTU,0.136
15/12/2023,23.65721338,37.99035734,2170,Θολότητα,"Τελικό Αποτέλεσμα",NTU,0.081
15/12/2023,23.66968564,37.99103311,2180,Θολότητα,"Τελικό Αποτέλεσμα",NTU,0.12
15/12/2023,23.68827264,37.99218476,2190,Θολότητα,"Τελικό Αποτέλεσμα",NTU,0.108
15/12/2023,23.70903775,37.99405955,2210,Θολότητα,"Τελικό Αποτέλεσμα",NTU,0.2
15/12/2023,23.71167012,37.99890096,2220,Θολότητα,"Τελικό Αποτέλεσμα",NTU,0.105
15/12/2023,23.72396633,38.00996468,2240,Θολότητα,"Τελικό Αποτέλεσμα",NTU,0.113
15/12/2023,23.60908187,38.01006333,2250,Θολότητα,"Τελικό Αποτέλεσμα",NTU,0.298
15/12/2024,23.783006772263,38.091595618101,1940,Θολότητα,"Τελικό Αποτέλεσμα",NTU,0.112
16/01/2023,23.78300677,38.09159562,1940,Θολότητα,"Τελικό Αποτέλεσμα",NTU,0.181
16/01/2023,23.7419006,37.95316688,4140,Θολότητα,"Τελικό Αποτέλεσμα",NTU,0.09
16/01/2023,23.85025321,37.98994386,6600,Θολότητα,"Τελικό Αποτέλεσμα",NTU,0.126
16/01/2023,23.95034322,37.8943453,6622,Θολότητα,"Τελικό Αποτέλεσμα",NTU,0.161
16/01/2023,24.02347685,37.89610538,6635,Θολότητα,"Τελικό Αποτέλεσμα",NTU,0.234
16/01/2023,23.9711191,37.81103106,6640,Θολότητα,"Τελικό Αποτέλεσμα",NTU,0.888
16/01/2023,24.05094448,37.70399221,6651,Θολότητα,"Τελικό Αποτέλεσμα",NTU,0.13
16/01/2023,24.00045431,37.66293707,6660,Θολότητα,"Τελικό Αποτέλεσμα",NTU,0.239
16/01/2023,23.93846122,37.69492932,6670,Θολότητα,"Τελικό Αποτέλεσμα",NTU,0.38
16/01/2023,23.95494234,37.75171359,6690,Θολότητα,"Τελικό Αποτέλεσμα",NTU,0.18
16/01/2023,23.92361047,37.73101879,6700,Θολότητα,"Τελικό Αποτέλεσμα",NTU,0.166
16/01/2023,23.90348973,37.82055314,6705,Θολότητα,"Τελικό Αποτέλεσμα",NTU,0.208
16/01/2023,23.89013644,37.78136061,6706,Θολότητα,"Τελικό Αποτέλεσμα",NTU,0.274
16/01/2025,23.531536570322,38.071725317014,2260,Θολότητα,"Τελικό Αποτέλεσμα",NTU,0.244
16/01/2025,23.751213344423,38.120529261783,2270,Θολότητα,"Τελικό Αποτέλεσμα",NTU,0.264
16/01/2025,23.783006772263,38.091595618101,1940,Θολότητα,"Τελικό Αποτέλεσμα",NTU,0.201
16/01/2025,23.502319573731,37.96481151634,170,Θολότητα,"Τελικό Αποτέλεσμα",NTU,0.221
16/01/2025,23.52896170005,37.965815276592,2540,Θολότητα,"Τελικό Αποτέλεσμα",NTU,0.121
16/01/2025,23.535032621057,37.956778546223,2550,Θολότητα,"Τελικό Αποτέλεσμα",NTU,0.443
16/01/2025,23.4677306424,37.921816278707,2600,Θολότητα,"Τελικό Αποτέλεσμα",NTU,0.188
16/01/2025,23.494751977414,37.967937622846,2630,Θολότητα,"Τελικό Αποτέλεσμα",NTU,0.201
16/01/2025,23.488033230766,37.962548651207,2660,Θολότητα,"Τελικό Αποτέλεσμα",NTU,0.412
16/01/2025,23.440621950822,37.925877301176,2680,Θολότητα,"Τελικό Αποτέλεσμα",NTU,0.221
16/01/2025,23.524150518993,37.96223485381,2690,Θολότητα,"Τελικό Αποτέλεσμα",NTU,0.119
16/02/2023,23.78300677,38.09159562,1940,Θολότητα,"Τελικό Αποτέλεσμα",NTU,0.189
16/02/2023,23.33981264,38.00410848,225,Θολότητα,"Τελικό Αποτέλεσμα",NTU,0.107
16/02/2023,23.41003382,38.01212883,1960,Θολότητα,"Τελικό Αποτέλεσμα",NTU,0.575
16/02/2023,23.85447866,38.05288412,105,Θολότητα,"Τελικό Αποτέλεσμα",NTU,0.54
16/02/2023,23.77682568,38.06522626,180,Θολότητα,"Τελικό Αποτέλεσμα",NTU,0.286
16/02/2023,23.83927879,38.06057978,185,Θολότητα,"Τελικό Αποτέλεσμα",NTU,0.196
16/02/2023,23.79478287,38.039643,230,Θολότητα,"Τελικό Αποτέλεσμα",NTU,0.321
16/02/2023,23.79465296,38.03514891,235,Θολότητα,"Τελικό Αποτέλεσμα",NTU,0.27
16/02/2023,23.75187919,38.03442418,3010,Θολότητα,"Τελικό Αποτέλεσμα",NTU,0.316
16/02/2023,23.75279316,38.04341932,3020,Θολότητα,"Τελικό Αποτέλεσμα",NTU,0.128
16/02/2023,23.75797185,38.05889094,3030,Θολότητα,"Τελικό Αποτέλεσμα",NTU,0.592
16/02/2023,23.80475064,38.09155778,3050,Θολότητα,"Τελικό Αποτέλεσμα",NTU,0.156
16/02/2023,23.8076845,38.07968756,3060,Θολότητα,"Τελικό Αποτέλεσμα",NTU,0.406
16/02/2023,23.82658845,38.06873396,3080,Θολότητα,"Τελικό Αποτέλεσμα",NTU,0.096
16/02/2023,23.85772963,38.05887086,3090,Θολότητα,"Τελικό Αποτέλεσμα",NTU,0.234
16/02/2023,23.85885083,38.00940503,3110,Θολότητα,"Τελικό Αποτέλεσμα",NTU,0.24
16/02/2023,23.88593611,38.00348657,3120,Θολότητα,"Τελικό Αποτέλεσμα",NTU,0.272
16/02/2023,23.88358142,38.00166538,3130,Θολότητα,"Τελικό Αποτέλεσμα",NTU,0.37
16/02/2023,23.83289436,38.00690221,3150,Θολότητα,"Τελικό Αποτέλεσμα",NTU,0.397
16/02/2023,23.8176997,37.99941782,3160,Θολότητα,"Τελικό Αποτέλεσμα",NTU,0.428
16/02/2023,23.79552655,37.98210489,3190,Θολότητα,"Τελικό Αποτέλεσμα",NTU,0.336
16/02/2023,23.78026269,38.00051154,3200,Θολότητα,"Τελικό Αποτέλεσμα",NTU,0.216
16/02/2023,23.78796777,38.0084814,3220,Θολότητα,"Τελικό Αποτέλεσμα",NTU,0.461
16/02/2023,23.78013336,38.01994403,3240,Θολότητα,"Τελικό Αποτέλεσμα",NTU,0.365
16/02/2023,23.78028136,38.04717905,3250,Θολότητα,"Τελικό Αποτέλεσμα",NTU,0.168
16/02/2023,23.81127403,38.04572875,3260,Θολότητα,"Τελικό Αποτέλεσμα",NTU,0.21
16/02/2025,23.783006772263,38.091595618101,1940,Θολότητα,"Τελικό Αποτέλεσμα",NTU,0.166
16/03/2023,23.78300677,38.09159562,1940,Θολότητα,"Τελικό Αποτέλεσμα",NTU,0.209
16/03/2023,23.85447866,38.05288412,105,Θολότητα,"Τελικό Αποτέλεσμα",NTU,0.258
16/03/2023,23.77682568,38.06522626,180,Θολότητα,"Τελικό Αποτέλεσμα",NTU,0.196
16/03/2023,23.83927879,38.06057978,185,Θολότητα,"Τελικό Αποτέλεσμα",NTU,0.24
16/03/2023,23.79478287,38.039643,230,Θολότητα,"Τελικό Αποτέλεσμα",NTU,0.185
16/03/2023,23.79465296,38.03514891,235,Θολότητα,"Τελικό Αποτέλεσμα",NTU,0.242
16/03/2023,23.75187919,38.03442418,3010,Θολότητα,"Τελικό Αποτέλεσμα",NTU,0.224
16/03/2023,23.75279316,38.04341932,3020,Θολότητα,"Τελικό Αποτέλεσμα",NTU,0.565
16/03/2023,23.80475064,38.09155778,3050,Θολότητα,"Τελικό Αποτέλεσμα",NTU,0.086
16/03/2023,23.8076845,38.07968756,3060,Θολότητα,"Τελικό Αποτέλεσμα",NTU,0.189
16/03/2023,23.82658845,38.06873396,3080,Θολότητα,"Τελικό Αποτέλεσμα",NTU,0.102
16/03/2023,23.85772963,38.05887086,3090,Θολότητα,"Τελικό Αποτέλεσμα",NTU,0.09
16/03/2023,23.85885083,38.00940503,3110,Θολότητα,"Τελικό Αποτέλεσμα",NTU,0.222
16/03/2023,23.88593611,38.00348657,3120,Θολότητα,"Τελικό Αποτέλεσμα",NTU,0.479
16/03/2023,23.88358142,38.00166538,3130,Θολότητα,"Τελικό Αποτέλεσμα",NTU,0.331
16/03/2023,23.83289436,38.00690221,3150,Θολότητα,"Τελικό Αποτέλεσμα",NTU,0.301
16/03/2023,23.8176997,37.99941782,3160,Θολότητα,"Τελικό Αποτέλεσμα",NTU,0.236
16/03/2023,23.79552655,37.98210489,3190,Θολότητα,"Τελικό Αποτέλεσμα",NTU,0.352
16/03/2023,23.78026269,38.00051154,3200,Θολότητα,"Τελικό Αποτέλεσμα",NTU,0.23
16/03/2023,23.78796777,38.0084814,3220,Θολότητα,"Τελικό Αποτέλεσμα",NTU,0.276
16/03/2023,23.78013336,38.01994403,3240,Θολότητα,"Τελικό Αποτέλεσμα",NTU,0.226
16/03/2023,23.81127403,38.04572875,3260,Θολότητα,"Τελικό Αποτέλεσμα",NTU,0.26
16/03/2025,23.783006772263,38.091595618101,1940,Θολότητα,"Τελικό Αποτέλεσμα",NTU,0.157
16/04/2023,23.78300677,38.09159562,1940,Θολότητα,"Τελικό Αποτέλεσμα",NTU,0.127
16/04/2025,23.783006772263,38.091595618101,1940,Θολότητα,"Τελικό Αποτέλεσμα",NTU,0.152
16/04/2025,23.854478659062,38.052884117638,105,Θολότητα,"Τελικό Αποτέλεσμα",NTU,0.156
16/04/2025,23.776825675098,38.065226258806,180,Θολότητα,"Τελικό Αποτέλεσμα",NTU,0.176
16/04/2025,23.794782865204,38.039643002291,230,Θολότητα,"Τελικό Αποτέλεσμα",NTU,0.252
16/04/2025,23.794652964206,38.035148911359,235,Θολότητα,"Τελικό Αποτέλεσμα",NTU,0.179
16/04/2025,23.751879192533,38.034424177094,3010,Θολότητα,"Τελικό Αποτέλεσμα",NTU,0.201
16/04/2025,23.752793157246,38.043419319626,3020,Θολότητα,"Τελικό Αποτέλεσμα",NTU,0.48
16/04/2025,23.757971853364,38.058890938524,3030,Θολότητα,"Τελικό Αποτέλεσμα",NTU,0.572
16/04/2025,23.807684504112,38.079687557148,3060,Θολότητα,"Τελικό Αποτέλεσμα",NTU,0.278
16/04/2025,23.826588445352,38.068733964465,3080,Θολότητα,"Τελικό Αποτέλεσμα",NTU,0.308
16/04/2025,23.857729632516,38.058870858803,3090,Θολότητα,"Τελικό Αποτέλεσμα",NTU,0.434
16/04/2025,23.858850831498,38.009405027534,3110,Θολότητα,"Τελικό Αποτέλεσμα",NTU,0.173
16/04/2025,23.885936114707,38.003486571993,3120,Θολότητα,"Τελικό Αποτέλεσμα",NTU,0.218
16/04/2025,23.883581420117,38.001665382065,3130,Θολότητα,"Τελικό Αποτέλεσμα",NTU,0.227
16/04/2025,23.832894356592,38.006902214705,3150,Θολότητα,"Τελικό Αποτέλεσμα",NTU,0.155
16/04/2025,23.796809568113,37.998195065074,3170,Θολότητα,"Τελικό Αποτέλεσμα",NTU,0.325
16/04/2025,23.794948631404,37.99586453832,3180,Θολότητα,"Τελικό Αποτέλεσμα",NTU,0.148
16/04/2025,23.795526554539,37.982104892246,3190,Θολότητα,"Τελικό Αποτέλεσμα",NTU,0.268
16/04/2025,23.780262690434,38.00051153767,3200,Θολότητα,"Τελικό Αποτέλεσμα",NTU,0.239
16/04/2025,23.787967770047,38.008481399044,3220,Θολότητα,"Τελικό Αποτέλεσμα",NTU,0.318
16/04/2025,23.780133361397,38.019944025229,3240,Θολότητα,"Τελικό Αποτέλεσμα",NTU,0.145
16/04/2025,23.811274027343,38.045728748791,3260,Θολότητα,"Τελικό Αποτέλεσμα",NTU,0.232
16/04/2025,23.817699699893,37.999417823294,3160,Θολότητα,"Τελικό Αποτέλεσμα",NTU,0.184
16/05/2023,23.7766247,37.88434896,1918,Θολότητα,"Τελικό Αποτέλεσμα",NTU,0.29
16/05/2023,23.76382857,37.88903355,1920,Θολότητα,"Τελικό Αποτέλεσμα",NTU,0.679
16/05/2023,23.75556042,37.91943081,1924,Θολότητα,"Τελικό Αποτέλεσμα",NTU,0.321
16/05/2023,23.74951242,37.9996463,1942,Θολότητα,"Τελικό Αποτέλεσμα",NTU,0.448
16/05/2023,23.73288702,37.955672,1944,Θολότητα,"Τελικό Αποτέλεσμα",NTU,0.243
16/05/2023,23.77756947,37.88994684,1963,Θολότητα,"Τελικό Αποτέλεσμα",NTU,0.552
16/05/2023,23.85447866,38.05288412,105,Θολότητα,"Τελικό Αποτέλεσμα",NTU,0.133
16/05/2023,23.77682568,38.06522626,180,Θολότητα,"Τελικό Αποτέλεσμα",NTU,0.43
16/05/2023,23.83927879,38.06057978,185,Θολότητα,"Τελικό Αποτέλεσμα",NTU,0.195
16/05/2023,23.79478287,38.039643,230,Θολότητα,"Τελικό Αποτέλεσμα",NTU,0.177
16/05/2023,23.79465296,38.03514891,235,Θολότητα,"Τελικό Αποτέλεσμα",NTU,0.186
16/05/2023,23.75187919,38.03442418,3010,Θολότητα,"Τελικό Αποτέλεσμα",NTU,0.293
16/05/2023,23.75279316,38.04341932,3020,Θολότητα,"Τελικό Αποτέλεσμα",NTU,0.193
16/05/2023,23.75797185,38.05889094,3030,Θολότητα,"Τελικό Αποτέλεσμα",NTU,0.278
16/05/2023,23.80475064,38.09155778,3050,Θολότητα,"Τελικό Αποτέλεσμα",NTU,0.798
16/05/2023,23.8076845,38.07968756,3060,Θολότητα,"Τελικό Αποτέλεσμα",NTU,0.106
16/05/2023,23.85885083,38.00940503,3110,Θολότητα,"Τελικό Αποτέλεσμα",NTU,0.316
16/05/2023,23.83289436,38.00690221,3150,Θολότητα,"Τελικό Αποτέλεσμα",NTU,0.345
16/05/2023,23.8176997,37.99941782,3160,Θολότητα,"Τελικό Αποτέλεσμα",NTU,0.31
16/05/2023,23.79680957,37.99819507,3170,Θολότητα,"Τελικό Αποτέλεσμα",NTU,0.211
16/05/2023,23.79494863,37.99586454,3180,Θολότητα,"Τελικό Αποτέλεσμα",NTU,0.181
16/05/2023,23.79552655,37.98210489,3190,Θολότητα,"Τελικό Αποτέλεσμα",NTU,0.2
16/05/2023,23.78026269,38.00051154,3200,Θολότητα,"Τελικό Αποτέλεσμα",NTU,0.478
16/05/2023,23.78796777,38.0084814,3220,Θολότητα,"Τελικό Αποτέλεσμα",NTU,0.412
16/05/2023,23.78013336,38.01994403,3240,Θολότητα,"Τελικό Αποτέλεσμα",NTU,0.12
16/05/2023,23.81127403,38.04572875,3260,Θολότητα,"Τελικό Αποτέλεσμα",NTU,0.228
16/05/2023,23.78300677,38.09159562,1940,Θολότητα,"Τελικό Αποτέλεσμα",NTU,0.36
16/05/2024,23.783006772263,38.091595618101,1940,Θολότητα,"Τελικό Αποτέλεσμα",NTU,0.25
16/05/2024,23.850253213448,37.989943855969,6600,Θολότητα,"Τελικό Αποτέλεσμα",NTU,0.372
16/05/2024,23.882150670691,37.905502833197,6610,Θολότητα,"Τελικό Αποτέλεσμα",NTU,0.11
16/05/2024,23.950343222474,37.894345298849,6622,Θολότητα,"Τελικό Αποτέλεσμα",NTU,0.168
16/05/2024,24.02347684584,37.896105381073,6635,Θολότητα,"Τελικό Αποτέλεσμα",NTU,0.316
16/05/2024,23.971119096034,37.811031057644,6640,Θολότητα,"Τελικό Αποτέλεσμα",NTU,0.294
16/05/2024,24.050944478239,37.703992213554,6651,Θολότητα,"Τελικό Αποτέλεσμα",NTU,0.388
16/05/2024,23.938461223051,37.694929317329,6670,Θολότητα,"Τελικό Αποτέλεσμα",NTU,0.218
16/05/2024,23.954942341285,37.751713589169,6690,Θολότητα,"Τελικό Αποτέλεσμα",NTU,0.138
16/05/2024,23.923610473266,37.731018793535,6700,Θολότητα,"Τελικό Αποτέλεσμα",NTU,0.211
16/05/2024,23.903489728858,37.82055313721,6705,Θολότητα,"Τελικό Αποτέλεσμα",NTU,0.265
16/05/2024,23.890136444211,37.781360609525,6706,Θολότητα,"Τελικό Αποτέλεσμα",NTU,0.143
16/05/2024,23.64440874197,37.959511773378,1928,Θολότητα,"Τελικό Αποτέλεσμα",NTU,0.258
16/05/2024,23.577422634042,37.968422519545,1943,Θολότητα,"Τελικό Αποτέλεσμα",NTU,0.261
16/05/2024,23.576866413715,37.966827860412,1945,Θολότητα,"Τελικό Αποτέλεσμα",NTU,0.208
16/05/2025,23.783006772263,38.091595618101,1940,Θολότητα,"Τελικό Αποτέλεσμα",NTU,0.202
16/05/2025,23.697528385889,37.971702343756,7270,Θολότητα,"Τελικό Αποτέλεσμα",NTU,0.244
16/05/2025,23.728501580857,38.021077305988,2010,Θολότητα,"Τελικό Αποτέλεσμα",NTU,0.211
16/05/2025,23.715167470658,38.064394448168,2020,Θολότητα,"Τελικό Αποτέλεσμα",NTU,0.127
16/05/2025,23.707472628441,38.062507031886,2030,Θολότητα,"Τελικό Αποτέλεσμα",NTU,0.172
16/05/2025,23.684521996488,38.043278569813,2050,Θολότητα,"Τελικό Αποτέλεσμα",NTU,0.278
16/05/2025,23.676225070778,38.038867972537,2060,Θολότητα,"Τελικό Αποτέλεσμα",NTU,0.217
16/05/2025,23.690708971278,38.03873977939,2070,Θολότητα,"Τελικό Αποτέλεσμα",NTU,0.32
16/05/2025,23.711092519709,38.030604970232,2080,Θολότητα,"Τελικό Αποτέλεσμα",NTU,0.269
16/05/2025,23.703939528461,38.019611224386,2090,Θολότητα,"Τελικό Αποτέλεσμα",NTU,0.276
16/05/2025,23.685635325645,38.011704015052,2110,Θολότητα,"Τελικό Αποτέλεσμα",NTU,0.225
16/05/2025,23.690688548717,38.006599310386,2130,Θολότητα,"Τελικό Αποτέλεσμα",NTU,0.184
16/05/2025,23.633719884257,38.014461935654,2140,Θολότητα,"Τελικό Αποτέλεσμα",NTU,0.14
16/05/2025,23.604369787474,38.011728905427,2150,Θολότητα,"Τελικό Αποτέλεσμα",NTU,0.355
16/05/2025,23.660482152024,38.003256233801,2160,Θολότητα,"Τελικό Αποτέλεσμα",NTU,0.306
16/05/2025,23.657213383477,37.990357336342,2170,Θολότητα,"Τελικό Αποτέλεσμα",NTU,0.191
16/05/2025,23.669685637381,37.991033114281,2180,Θολότητα,"Τελικό Αποτέλεσμα",NTU,0.26
16/05/2025,23.688272639454,37.992184760882,2190,Θολότητα,"Τελικό Αποτέλεσμα",NTU,0.194
16/05/2025,23.709037749626,37.994059545664,2210,Θολότητα,"Τελικό Αποτέλεσμα",NTU,0.258
16/05/2025,23.711670124237,37.998900962404,2220,Θολότητα,"Τελικό Αποτέλεσμα",NTU,0.18
16/05/2025,23.723966332053,38.00996468276,2240,Θολότητα,"Τελικό Αποτέλεσμα",NTU,0.21
16/05/2025,23.609081866002,38.010063327816,2250,Θολότητα,"Τελικό Αποτέλεσμα",NTU,0.217
16/05/2025,23.782568605776,38.133625196225,1932,Θολότητα,"Τελικό Αποτέλεσμα",NTU,0.117
16/05/2025,23.749963626012,38.12819997308,1933,Θολότητα,"Τελικό Αποτέλεσμα",NTU,0.384
16/05/2025,23.852750702101,38.123335690418,1946,Θολότητα,"Τελικό Αποτέλεσμα",NTU,0.168
16/05/2025,23.812910673641,38.068454234426,1954,Θολότητα,"Τελικό Αποτέλεσμα",NTU,0.219
16/05/2025,23.864708334331,38.100617213765,1956,Θολότητα,"Τελικό Αποτέλεσμα",NTU,0.244
16/05/2025,23.77628215803,38.121900924356,210,Θολότητα,"Τελικό Αποτέλεσμα",NTU,0.255
16/05/2025,23.82140342159,38.077356072108,3070,Θολότητα,"Τελικό Αποτέλεσμα",NTU,0.241
16/06/2023,23.9069807,37.96451242,4902,Θολότητα,"Τελικό Αποτέλεσμα",NTU,0.364
16/06/2023,23.97305196,37.95846365,4910,Θολότητα,"Τελικό Αποτέλεσμα",NTU,0.923
16/06/2023,23.72850158,38.02107731,2010,Θολότητα,"Τελικό Αποτέλεσμα",NTU,0.197
16/06/2023,23.70747263,38.06250703,2030,Θολότητα,"Τελικό Αποτέλεσμα",NTU,0.442
16/06/2023,23.684522,38.04327857,2050,Θολότητα,"Τελικό Αποτέλεσμα",NTU,0.307
16/06/2023,23.67622507,38.03886797,2060,Θολότητα,"Τελικό Αποτέλεσμα",NTU,0.271
16/06/2023,23.69070897,38.03873978,2070,Θολότητα,"Τελικό Αποτέλεσμα",NTU,0.134
16/06/2023,23.71109252,38.03060497,2080,Θολότητα,"Τελικό Αποτέλεσμα",NTU,0.294
16/06/2023,23.70393953,38.01961122,2090,Θολότητα,"Τελικό Αποτέλεσμα",NTU,0.262
16/06/2023,23.690026,38.01459418,2100,Θολότητα,"Τελικό Αποτέλεσμα",NTU,0.222
16/06/2023,23.68563533,38.01170402,2110,Θολότητα,"Τελικό Αποτέλεσμα",NTU,0.181
16/06/2023,23.63371988,38.01446194,2140,Θολότητα,"Τελικό Αποτέλεσμα",NTU,0.186
16/06/2023,23.60436979,38.01172891,2150,Θολότητα,"Τελικό Αποτέλεσμα",NTU,0.118
16/06/2023,23.66048215,38.00325623,2160,Θολότητα,"Τελικό Αποτέλεσμα",NTU,0.235
16/06/2023,23.65721338,37.99035734,2170,Θολότητα,"Τελικό Αποτέλεσμα",NTU,0.277
16/06/2023,23.66968564,37.99103311,2180,Θολότητα,"Τελικό Αποτέλεσμα",NTU,0.298
16/06/2023,23.68827264,37.99218476,2190,Θολότητα,"Τελικό Αποτέλεσμα",NTU,0.19
16/06/2023,23.70903775,37.99405955,2210,Θολότητα,"Τελικό Αποτέλεσμα",NTU,0.33
16/06/2023,23.71167012,37.99890096,2220,Θολότητα,"Τελικό Αποτέλεσμα",NTU,0.436
16/06/2023,23.72396633,38.00996468,2240,Θολότητα,"Τελικό Αποτέλεσμα",NTU,0.088
16/06/2023,23.60908187,38.01006333,2250,Θολότητα,"Τελικό Αποτέλεσμα",NTU,0.28
16/06/2023,23.78300677,38.09159562,1940,Θολότητα,"Τελικό Αποτέλεσμα",NTU,0.375
16/06/2024,23.783006772263,38.091595618101,1940,Θολότητα,"Τελικό Αποτέλεσμα",NTU,0.228
16/06/2025,23.826588445352,38.068733964465,3080,Θολότητα,"Τελικό Αποτέλεσμα",NTU,0.198
16/06/2025,23.807684504112,38.079687557148,3060,Θολότητα,"Τελικό Αποτέλεσμα",NTU,0.336
16/06/2025,23.857729632516,38.058870858803,3090,Θολότητα,"Τελικό Αποτέλεσμα",NTU,0.402
16/06/2025,23.858850831498,38.009405027534,3110,Θολότητα,"Τελικό Αποτέλεσμα",NTU,0.216
16/06/2025,23.885936114707,38.003486571993,3120,Θολότητα,"Τελικό Αποτέλεσμα",NTU,0.124
16/06/2025,23.883581420117,38.001665382065,3130,Θολότητα,"Τελικό Αποτέλεσμα",NTU,0.179
16/06/2025,23.832894356592,38.006902214705,3150,Θολότητα,"Τελικό Αποτέλεσμα",NTU,0.116
16/06/2025,23.817699699893,37.999417823294,3160,Θολότητα,"Τελικό Αποτέλεσμα",NTU,0.1
16/06/2025,23.796809568113,37.998195065074,3170,Θολότητα,"Τελικό Αποτέλεσμα",NTU,0.119
16/06/2025,23.794948631404,37.99586453832,3180,Θολότητα,"Τελικό Αποτέλεσμα",NTU,0.189
16/06/2025,23.795526554539,37.982104892246,3190,Θολότητα,"Τελικό Αποτέλεσμα",NTU,0.188
16/06/2025,23.780262690434,38.00051153767,3200,Θολότητα,"Τελικό Αποτέλεσμα",NTU,0.147
16/06/2025,23.787967770047,38.008481399044,3220,Θολότητα,"Τελικό Αποτέλεσμα",NTU,0.191
16/06/2025,23.780133361397,38.019944025229,3240,Θολότητα,"Τελικό Αποτέλεσμα",NTU,0.112
16/06/2025,23.811274027343,38.045728748791,3260,Θολότητα,"Τελικό Αποτέλεσμα",NTU,0.164
16/06/2025,23.762911148418,38.063332209074,3040,Θολότητα,"Τελικό Αποτέλεσμα",NTU,0.285
16/06/2025,23.757971853364,38.058890938524,3030,Θολότητα,"Τελικό Αποτέλεσμα",NTU,0.189
16/06/2025,23.752793157246,38.043419319626,3020,Θολότητα,"Τελικό Αποτέλεσμα",NTU,0.23
16/06/2025,23.751879192533,38.034424177094,3010,Θολότητα,"Τελικό Αποτέλεσμα",NTU,0.143
16/06/2025,23.794652964206,38.035148911359,235,Θολότητα,"Τελικό Αποτέλεσμα",NTU,0.213
16/06/2025,23.794782865204,38.039643002291,230,Θολότητα,"Τελικό Αποτέλεσμα",NTU,0.29
16/06/2025,23.776825675098,38.065226258806,180,Θολότητα,"Τελικό Αποτέλεσμα",NTU,0.241
16/06/2025,23.854478659062,38.052884117638,105,Θολότητα,"Τελικό Αποτέλεσμα",NTU,0.318
16/07/2023,23.78300677,38.09159562,1940,Θολότητα,"Τελικό Αποτέλεσμα",NTU,0.293
16/07/2024,23.416568705309,37.911777864914,1967,Θολότητα,"Τελικό Αποτέλεσμα",NTU,0.148
16/07/2024,23.417424198698,37.907419057485,2601,Θολότητα,"Τελικό Αποτέλεσμα",NTU,0.182
16/07/2024,23.783006772263,38.091595618101,1940,Θολότητα,"Τελικό Αποτέλεσμα",NTU,0.296
16/07/2024,23.728501580857,38.021077305988,2010,Θολότητα,"Τελικό Αποτέλεσμα",NTU,0.107
16/07/2024,23.707472628441,38.062507031886,2030,Θολότητα,"Τελικό Αποτέλεσμα",NTU,0.144
16/07/2024,23.684521996488,38.043278569813,2050,Θολότητα,"Τελικό Αποτέλεσμα",NTU,0.126
16/07/2024,23.676225070778,38.038867972537,2060,Θολότητα,"Τελικό Αποτέλεσμα",NTU,0.193
16/07/2024,23.690708971278,38.03873977939,2070,Θολότητα,"Τελικό Αποτέλεσμα",NTU,0.142
16/07/2024,23.711092519709,38.030604970232,2080,Θολότητα,"Τελικό Αποτέλεσμα",NTU,0.192
16/07/2024,23.703939528461,38.019611224386,2090,Θολότητα,"Τελικό Αποτέλεσμα",NTU,0.244
16/07/2024,23.690026001721,38.014594179034,2100,Θολότητα,"Τελικό Αποτέλεσμα",NTU,0.146
16/07/2024,23.685635325645,38.011704015052,2110,Θολότητα,"Τελικό Αποτέλεσμα",NTU,0.089
16/07/2024,23.690688548717,38.006599310386,2130,Θολότητα,"Τελικό Αποτέλεσμα",NTU,0.097
16/07/2024,23.633719884257,38.014461935654,2140,Θολότητα,"Τελικό Αποτέλεσμα",NTU,0.092
16/07/2024,23.604369787474,38.011728905427,2150,Θολότητα,"Τελικό Αποτέλεσμα",NTU,0.125
16/07/2024,23.660482152024,38.003256233801,2160,Θολότητα,"Τελικό Αποτέλεσμα",NTU,0.228
16/07/2024,23.657213383477,37.990357336342,2170,Θολότητα,"Τελικό Αποτέλεσμα",NTU,0.091
16/07/2024,23.669685637381,37.991033114281,2180,Θολότητα,"Τελικό Αποτέλεσμα",NTU,0.21
16/07/2024,23.688272639454,37.992184760882,2190,Θολότητα,"Τελικό Αποτέλεσμα",NTU,0.173
16/07/2024,23.709037749626,37.994059545664,2210,Θολότητα,"Τελικό Αποτέλεσμα",NTU,0.102
16/07/2024,23.723966332053,38.00996468276,2240,Θολότητα,"Τελικό Αποτέλεσμα",NTU,0.102
16/07/2024,23.609081866002,38.010063327816,2250,Θολότητα,"Τελικό Αποτέλεσμα",NTU,0.085
16/07/2024,22.898432401038,38.254054888272,7011,Θολότητα,"Τελικό Αποτέλεσμα",NTU,0.27
16/07/2025,23.848751638879,38.124166714577,4710,Θολότητα,"Τελικό Αποτέλεσμα",NTU,0.368
16/07/2025,23.908700098241,38.168241126955,4720,Θολότητα,"Τελικό Αποτέλεσμα",NTU,0.371
16/07/2025,24.034572330748,38.190401550712,4750,Θολότητα,"Τελικό Αποτέλεσμα",NTU,0.25
16/07/2025,23.977138138398,38.085743034532,4770,Θολότητα,"Τελικό Αποτέλεσμα",NTU,0.241
16/07/2025,23.989441223817,38.037783380352,4771,Θολότητα,"Τελικό Αποτέλεσμα",NTU,0.372
16/07/2025,24.012050710459,38.014370105797,4852,Θολότητα,"Τελικό Αποτέλεσμα",NTU,0.401
16/07/2025,24.007320013182,37.984167240863,4890,Θολότητα,"Τελικό Αποτέλεσμα",NTU,0.24
16/07/2025,23.90698069658,37.964512417317,4902,Θολότητα,"Τελικό Αποτέλεσμα",NTU,0.223
16/07/2025,23.973051962748,37.958463647889,4910,Θολότητα,"Τελικό Αποτέλεσμα",NTU,0.339
16/08/2023,23.84875164,38.12416671,4710,Θολότητα,"Τελικό Αποτέλεσμα",NTU,0.078
16/08/2023,24.00732001,37.98416724,4890,Θολότητα,"Τελικό Αποτέλεσμα",NTU,0.219
16/08/2023,23.78300677,38.09159562,1940,Θολότητα,"Τελικό Αποτέλεσμα",NTU,0.202
16/08/2024,23.783006772263,38.091595618101,1940,Θολότητα,"Τελικό Αποτέλεσμα",NTU,0.08
16/09/2023,23.78300677,38.09159562,1940,Θολότητα,"Τελικό Αποτέλεσμα",NTU,0.225
16/09/2024,24.052649352415,37.722493870117,170200,Θολότητα,"Τελικό Αποτέλεσμα",NTU,0.2
16/09/2024,23.783006772263,38.091595618101,1940,Θολότητα,"Τελικό Αποτέλεσμα",NTU,0.167
16/09/2024,23.531803801228,38.050901214317,2840,Θολότητα,"Τελικό Αποτέλεσμα",NTU,0.161
16/10/2023,23.53153657,38.07172532,2260,Θολότητα,"Τελικό Αποτέλεσμα",NTU,0.316
16/10/2023,23.75121334,38.12052926,2270,Θολότητα,"Τελικό Αποτέλεσμα",NTU,0.434
16/10/2023,23.72850158,38.02107731,2010,Θολότητα,"Τελικό Αποτέλεσμα",NTU,0.312
16/10/2023,23.71516747,38.06439445,2020,Θολότητα,"Τελικό Αποτέλεσμα",NTU,0.207
16/10/2023,23.70747263,38.06250703,2030,Θολότητα,"Τελικό Αποτέλεσμα",NTU,0.321
16/10/2023,23.684522,38.04327857,2050,Θολότητα,"Τελικό Αποτέλεσμα",NTU,0.331
16/10/2023,23.67622507,38.03886797,2060,Θολότητα,"Τελικό Αποτέλεσμα",NTU,0.285
16/10/2023,23.69070897,38.03873978,2070,Θολότητα,"Τελικό Αποτέλεσμα",NTU,0.195
16/10/2023,23.71109252,38.03060497,2080,Θολότητα,"Τελικό Αποτέλεσμα",NTU,0.161
16/10/2023,23.70393953,38.01961122,2090,Θολότητα,"Τελικό Αποτέλεσμα",NTU,0.229
16/10/2023,23.690026,38.01459418,2100,Θολότητα,"Τελικό Αποτέλεσμα",NTU,0.249
16/10/2023,23.68563533,38.01170402,2110,Θολότητα,"Τελικό Αποτέλεσμα",NTU,0.242
16/10/2023,23.69068855,38.00659931,2130,Θολότητα,"Τελικό Αποτέλεσμα",NTU,0.238
16/10/2023,23.63371988,38.01446194,2140,Θολότητα,"Τελικό Αποτέλεσμα",NTU,0.17
16/10/2023,23.60436979,38.01172891,2150,Θολότητα,"Τελικό Αποτέλεσμα",NTU,0.133
16/10/2023,23.66048215,38.00325623,2160,Θολότητα,"Τελικό Αποτέλεσμα",NTU,0.35
16/10/2023,23.65721338,37.99035734,2170,Θολότητα,"Τελικό Αποτέλεσμα",NTU,0.17
16/10/2023,23.66968564,37.99103311,2180,Θολότητα,"Τελικό Αποτέλεσμα",NTU,0.205
16/10/2023,23.68827264,37.99218476,2190,Θολότητα,"Τελικό Αποτέλεσμα",NTU,0.285
16/10/2023,23.70903775,37.99405955,2210,Θολότητα,"Τελικό Αποτέλεσμα",NTU,0.393
16/10/2023,23.71167012,37.99890096,2220,Θολότητα,"Τελικό Αποτέλεσμα",NTU,0.491
16/10/2023,23.72396633,38.00996468,2240,Θολότητα,"Τελικό Αποτέλεσμα",NTU,0.313
16/10/2023,23.60908187,38.01006333,2250,Θολότητα,"Τελικό Αποτέλεσμα",NTU,0.127
16/10/2023,23.84875164,38.12416671,4710,Θολότητα,"Τελικό Αποτέλεσμα",NTU,0.213
16/10/2023,23.97713814,38.08574303,4770,Θολότητα,"Τελικό Αποτέλεσμα",NTU,0.154
16/10/2023,23.85025321,37.98994386,6600,Θολότητα,"Τελικό Αποτέλεσμα",NTU,0.444
16/10/2023,24.02347685,37.89610538,6635,Θολότητα,"Τελικό Αποτέλεσμα",NTU,0.171
16/10/2023,23.90348973,37.82055314,6705,Θολότητα,"Τελικό Αποτέλεσμα",NTU,0.26
16/10/2023,23.78300677,38.09159562,1940,Θολότητα,"Τελικό Αποτέλεσμα",NTU,0.312
16/10/2024,23.502319573731,37.96481151634,170,Θολότητα,"Τελικό Αποτέλεσμα",NTU,0.289
16/10/2024,23.52896170005,37.965815276592,2540,Θολότητα,"Τελικό Αποτέλεσμα",NTU,0.266
16/10/2024,23.535032621057,37.956778546223,2550,Θολότητα,"Τελικό Αποτέλεσμα",NTU,0.2
16/10/2024,23.4677306424,37.921816278707,2600,Θολότητα,"Τελικό Αποτέλεσμα",NTU,0.119
16/10/2024,23.496539981684,37.953992886194,2620,Θολότητα,"Τελικό Αποτέλεσμα",NTU,0.139
16/10/2024,23.494751977414,37.967937622846,2630,Θολότητα,"Τελικό Αποτέλεσμα",NTU,0.112
16/10/2024,23.488033230766,37.962548651207,2660,Θολότητα,"Τελικό Αποτέλεσμα",NTU,0.148
16/10/2024,23.440621950822,37.925877301176,2680,Θολότητα,"Τελικό Αποτέλεσμα",NTU,0.304
16/10/2024,23.524150518993,37.96223485381,2690,Θολότητα,"Τελικό Αποτέλεσμα",NTU,0.11
16/10/2024,23.783006772263,38.091595618101,1940,Θολότητα,"Τελικό Αποτέλεσμα",NTU,0.202
16/11/2023,23.78300677,38.09159562,1940,Θολότητα,"Τελικό Αποτέλεσμα",NTU,0.169
16/11/2023,23.53153657,38.07172532,2260,Θολότητα,"Τελικό Αποτέλεσμα",NTU,0.27
16/11/2023,23.75121334,38.12052926,2270,Θολότητα,"Τελικό Αποτέλεσμα",NTU,0.244
16/11/2023,23.72850158,38.02107731,2010,Θολότητα,"Τελικό Αποτέλεσμα",NTU,0.15
16/11/2023,23.71516747,38.06439445,2020,Θολότητα,"Τελικό Αποτέλεσμα",NTU,0.124
16/11/2023,23.70747263,38.06250703,2030,Θολότητα,"Τελικό Αποτέλεσμα",NTU,0.12
16/11/2023,23.684522,38.04327857,2050,Θολότητα,"Τελικό Αποτέλεσμα",NTU,0.148
16/11/2023,23.67622507,38.03886797,2060,Θολότητα,"Τελικό Αποτέλεσμα",NTU,0.109
16/11/2023,23.69070897,38.03873978,2070,Θολότητα,"Τελικό Αποτέλεσμα",NTU,0.12
16/11/2023,23.71109252,38.03060497,2080,Θολότητα,"Τελικό Αποτέλεσμα",NTU,0.145
16/11/2023,23.70393953,38.01961122,2090,Θολότητα,"Τελικό Αποτέλεσμα",NTU,0.128
16/11/2023,23.68563533,38.01170402,2110,Θολότητα,"Τελικό Αποτέλεσμα",NTU,0.209
16/11/2023,23.69068855,38.00659931,2130,Θολότητα,"Τελικό Αποτέλεσμα",NTU,0.106
16/11/2023,23.63371988,38.01446194,2140,Θολότητα,"Τελικό Αποτέλεσμα",NTU,0.201
16/11/2023,23.60436979,38.01172891,2150,Θολότητα,"Τελικό Αποτέλεσμα",NTU,0.313
16/11/2023,23.66048215,38.00325623,2160,Θολότητα,"Τελικό Αποτέλεσμα",NTU,0.141
16/11/2023,23.65721338,37.99035734,2170,Θολότητα,"Τελικό Αποτέλεσμα",NTU,0.107
16/11/2023,23.66968564,37.99103311,2180,Θολότητα,"Τελικό Αποτέλεσμα",NTU,0.094
16/11/2023,23.68827264,37.99218476,2190,Θολότητα,"Τελικό Αποτέλεσμα",NTU,0.113
16/11/2023,23.70903775,37.99405955,2210,Θολότητα,"Τελικό Αποτέλεσμα",NTU,0.373
16/11/2023,23.71167012,37.99890096,2220,Θολότητα,"Τελικό Αποτέλεσμα",NTU,0.135
16/11/2023,23.72396633,38.00996468,2240,Θολότητα,"Τελικό Αποτέλεσμα",NTU,0.2
16/11/2023,23.60908187,38.01006333,2250,Θολότητα,"Τελικό Αποτέλεσμα",NTU,0.076
16/11/2024,23.783006772263,38.091595618101,1940,Θολότητα,"Τελικό Αποτέλεσμα",NTU,0.237
16/12/2023,23.78300677,38.09159562,1940,Θολότητα,"Τελικό Αποτέλεσμα",NTU,0.219
16/12/2024,23.783006772263,38.091595618101,1940,Θολότητα,"Τελικό Αποτέλεσμα",NTU,0.142
16/12/2024,23.728501580857,38.021077305988,2010,Θολότητα,"Τελικό Αποτέλεσμα",NTU,0.13
16/12/2024,23.715167470658,38.064394448168,2020,Θολότητα,"Τελικό Αποτέλεσμα",NTU,0.148
16/12/2024,23.707472628441,38.062507031886,2030,Θολότητα,"Τελικό Αποτέλεσμα",NTU,0.18
16/12/2024,23.684521996488,38.043278569813,2050,Θολότητα,"Τελικό Αποτέλεσμα",NTU,0.089
16/12/2024,23.676225070778,38.038867972537,2060,Θολότητα,"Τελικό Αποτέλεσμα",NTU,0.136
16/12/2024,23.690708971278,38.03873977939,2070,Θολότητα,"Τελικό Αποτέλεσμα",NTU,0.192
16/12/2024,23.711092519709,38.030604970232,2080,Θολότητα,"Τελικό Αποτέλεσμα",NTU,0.42
16/12/2024,23.703939528461,38.019611224386,2090,Θολότητα,"Τελικό Αποτέλεσμα",NTU,0.099
16/12/2024,23.690026001721,38.014594179034,2100,Θολότητα,"Τελικό Αποτέλεσμα",NTU,0.219
16/12/2024,23.685635325645,38.011704015052,2110,Θολότητα,"Τελικό Αποτέλεσμα",NTU,0.28
16/12/2024,23.690688548717,38.006599310386,2130,Θολότητα,"Τελικό Αποτέλεσμα",NTU,0.131
16/12/2024,23.633719884257,38.014461935654,2140,Θολότητα,"Τελικό Αποτέλεσμα",NTU,0.091
16/12/2024,23.604369787474,38.011728905427,2150,Θολότητα,"Τελικό Αποτέλεσμα",NTU,0.112
16/12/2024,23.660482152024,38.003256233801,2160,Θολότητα,"Τελικό Αποτέλεσμα",NTU,0.219
16/12/2024,23.657213383477,37.990357336342,2170,Θολότητα,"Τελικό Αποτέλεσμα",NTU,0.095
16/12/2024,23.669685637381,37.991033114281,2180,Θολότητα,"Τελικό Αποτέλεσμα",NTU,0.162
16/12/2024,23.688272639454,37.992184760882,2190,Θολότητα,"Τελικό Αποτέλεσμα",NTU,0.271
16/12/2024,23.709037749626,37.994059545664,2210,Θολότητα,"Τελικό Αποτέλεσμα",NTU,0.312
16/12/2024,23.711670124237,37.998900962404,2220,Θολότητα,"Τελικό Αποτέλεσμα",NTU,0.202
16/12/2024,23.723966332053,38.00996468276,2240,Θολότητα,"Τελικό Αποτέλεσμα",NTU,0.157
16/12/2024,23.609081866002,38.010063327816,2250,Θολότητα,"Τελικό Αποτέλεσμα",NTU,0.127
16/12/2024,23.763828567739,37.889033553169,1920,Θολότητα,"Τελικό Αποτέλεσμα",NTU,0.204
16/12/2024,23.531536570322,38.071725317014,2260,Θολότητα,"Τελικό Αποτέλεσμα",NTU,0.14
16/12/2024,23.751213344423,38.120529261783,2270,Θολότητα,"Τελικό Αποτέλεσμα",NTU,0.109
17/01/2023,23.78300677,38.09159562,1940,Θολότητα,"Τελικό Αποτέλεσμα",NTU,0.231
17/01/2023,23.6352338,37.97282615,1926,Θολότητα,"Τελικό Αποτέλεσμα",NTU,0.198
17/01/2023,23.65049179,38.02069052,1936,Θολότητα,"Τελικό Αποτέλεσμα",NTU,0.227
17/01/2023,23.6605722,37.99659467,1950,Θολότητα,"Τελικό Αποτέλεσμα",NTU,0.188
17/01/2023,23.6374825,37.98494645,1941,Θολότητα,"Τελικό Αποτέλεσμα",NTU,0.124
17/01/2023,23.63673627,37.98591907,1935,Θολότητα,"Τελικό Αποτέλεσμα",NTU,0.256
17/01/2023,23.72850158,38.02107731,2010,Θολότητα,"Τελικό Αποτέλεσμα",NTU,0.161
17/01/2023,23.71516747,38.06439445,2020,Θολότητα,"Τελικό Αποτέλεσμα",NTU,0.302
17/01/2023,23.70747263,38.06250703,2030,Θολότητα,"Τελικό Αποτέλεσμα",NTU,0.174
17/01/2023,23.684522,38.04327857,2050,Θολότητα,"Τελικό Αποτέλεσμα",NTU,0.148
17/01/2023,23.67622507,38.03886797,2060,Θολότητα,"Τελικό Αποτέλεσμα",NTU,0.168
17/01/2023,23.69070897,38.03873978,2070,Θολότητα,"Τελικό Αποτέλεσμα",NTU,0.19
17/01/2023,23.71109252,38.03060497,2080,Θολότητα,"Τελικό Αποτέλεσμα",NTU,0.226
17/01/2023,23.70393953,38.01961122,2090,Θολότητα,"Τελικό Αποτέλεσμα",NTU,0.22
17/01/2023,23.690026,38.01459418,2100,Θολότητα,"Τελικό Αποτέλεσμα",NTU,0.186
17/01/2023,23.68563533,38.01170402,2110,Θολότητα,"Τελικό Αποτέλεσμα",NTU,0.116
17/01/2023,23.69068855,38.00659931,2130,Θολότητα,"Τελικό Αποτέλεσμα",NTU,0.23
17/01/2023,23.63371988,38.01446194,2140,Θολότητα,"Τελικό Αποτέλεσμα",NTU,0.445
17/01/2023,23.60436979,38.01172891,2150,Θολότητα,"Τελικό Αποτέλεσμα",NTU,0.205
17/01/2023,23.66048215,38.00325623,2160,Θολότητα,"Τελικό Αποτέλεσμα",NTU,0.33
17/01/2023,23.65721338,37.99035734,2170,Θολότητα,"Τελικό Αποτέλεσμα",NTU,0.213
17/01/2023,23.66968564,37.99103311,2180,Θολότητα,"Τελικό Αποτέλεσμα",NTU,0.264
17/01/2023,23.68827264,37.99218476,2190,Θολότητα,"Τελικό Αποτέλεσμα",NTU,0.29
17/01/2023,23.70903775,37.99405955,2210,Θολότητα,"Τελικό Αποτέλεσμα",NTU,0.215
17/01/2023,23.71167012,37.99890096,2220,Θολότητα,"Τελικό Αποτέλεσμα",NTU,0.369
17/01/2023,23.72396633,38.00996468,2240,Θολότητα,"Τελικό Αποτέλεσμα",NTU,0.538
17/01/2023,23.60908187,38.01006333,2250,Θολότητα,"Τελικό Αποτέλεσμα",NTU,0.25
17/01/2025,23.417424198698,37.907419057485,2601,Θολότητα,"Τελικό Αποτέλεσμα",NTU,0.335
17/01/2025,23.783006772263,38.091595618101,1940,Θολότητα,"Τελικό Αποτέλεσμα",NTU,0.172
17/01/2025,23.62796265038,37.932334455589,6160,Θολότητα,"Τελικό Αποτέλεσμα",NTU,0.348
17/01/2025,23.850253213448,37.989943855969,6600,Θολότητα,"Τελικό Αποτέλεσμα",NTU,0.45
17/01/2025,23.882150670691,37.905502833197,6610,Θολότητα,"Τελικό Αποτέλεσμα",NTU,0.25
17/01/2025,23.950343222474,37.894345298849,6622,Θολότητα,"Τελικό Αποτέλεσμα",NTU,0.24
17/01/2025,24.02347684584,37.896105381073,6635,Θολότητα,"Τελικό Αποτέλεσμα",NTU,0.228
17/01/2025,23.971119096034,37.811031057644,6640,Θολότητα,"Τελικό Αποτέλεσμα",NTU,0.213
17/01/2025,24.050944478239,37.703992213554,6651,Θολότητα,"Τελικό Αποτέλεσμα",NTU,0.249
17/01/2025,23.954942341285,37.751713589169,6690,Θολότητα,"Τελικό Αποτέλεσμα",NTU,0.231
17/01/2025,23.923610473266,37.731018793535,6700,Θολότητα,"Τελικό Αποτέλεσμα",NTU,0.116
17/01/2025,23.903489728858,37.82055313721,6705,Θολότητα,"Τελικό Αποτέλεσμα",NTU,0.276
17/01/2025,23.890136444211,37.781360609525,6706,Θολότητα,"Τελικό Αποτέλεσμα",NTU,0.283
17/02/2023,23.76331913,37.9671107,120,Θολότητα,"Τελικό Αποτέλεσμα",NTU,0.328
17/02/2023,23.76373822,37.96231002,125,Θολότητα,"Τελικό Αποτέλεσμα",NTU,0.163
17/02/2023,23.74628153,37.95494925,130,Θολότητα,"Τελικό Αποτέλεσμα",NTU,0.262
17/02/2023,23.76902716,37.99339131,4010,Θολότητα,"Τελικό Αποτέλεσμα",NTU,0.131
17/02/2023,23.77648607,37.99622098,4020,Θολότητα,"Τελικό Αποτέλεσμα",NTU,0.301
17/02/2023,23.77644626,37.99275168,4030,Θολότητα,"Τελικό Αποτέλεσμα",NTU,0.21
17/02/2023,23.768783,37.9828978,4040,Θολότητα,"Τελικό Αποτέλεσμα",NTU,0.178
17/02/2023,23.77656931,37.97125316,4060,Θολότητα,"Τελικό Αποτέλεσμα",NTU,0.256
17/02/2023,23.77323663,37.96994397,4070,Θολότητα,"Τελικό Αποτέλεσμα",NTU,0.235
17/02/2023,23.76210863,37.97447332,4080,Θολότητα,"Τελικό Αποτέλεσμα",NTU,0.152
17/02/2023,23.77359043,37.94663449,4100,Θολότητα,"Τελικό Αποτέλεσμα",NTU,0.494
17/02/2023,23.75841416,37.95734094,4110,Θολότητα,"Τελικό Αποτέλεσμα",NTU,0.366
17/02/2023,23.7483243,37.95728104,4120,Θολότητα,"Τελικό Αποτέλεσμα",NTU,0.2
17/02/2023,23.7419006,37.95316688,4140,Θολότητα,"Τελικό Αποτέλεσμα",NTU,0.191
17/02/2023,23.75099403,37.93022254,4160,Θολότητα,"Τελικό Αποτέλεσμα",NTU,0.35
17/02/2023,23.73717945,37.92398915,4170,Θολότητα,"Τελικό Αποτέλεσμα",NTU,0.251
17/02/2023,23.73449966,37.92178254,4180,Θολότητα,"Τελικό Αποτέλεσμα",NTU,0.372
17/02/2023,23.72863096,37.93616832,4190,Θολότητα,"Τελικό Αποτέλεσμα",NTU,0.272
17/02/2023,23.7276664,37.95106354,4220,Θολότητα,"Τελικό Αποτέλεσμα",NTU,0.203
17/02/2023,23.72659763,37.95526612,4230,Θολότητα,"Τελικό Αποτέλεσμα",NTU,0.522
17/02/2023,23.6352338,37.97282615,1926,Θολότητα,"Τελικό Αποτέλεσμα",NTU,0.197
17/02/2023,23.65049179,38.02069052,1936,Θολότητα,"Τελικό Αποτέλεσμα",NTU,0.317
17/02/2023,23.6605722,37.99659467,1950,Θολότητα,"Τελικό Αποτέλεσμα",NTU,0.272
17/02/2023,23.6374825,37.98494645,1941,Θολότητα,"Τελικό Αποτέλεσμα",NTU,0.134
17/02/2023,23.63673627,37.98591907,1935,Θολότητα,"Τελικό Αποτέλεσμα",NTU,0.282
17/02/2023,23.78300677,38.09159562,1940,Θολότητα,"Τελικό Αποτέλεσμα",NTU,0.222
17/02/2025,23.783006772263,38.091595618101,1940,Θολότητα,"Τελικό Αποτέλεσμα",NTU,0.194
17/02/2025,23.715167470658,38.064394448168,2020,Θολότητα,"Τελικό Αποτέλεσμα",NTU,0.105
17/02/2025,23.707472628441,38.062507031886,2030,Θολότητα,"Τελικό Αποτέλεσμα",NTU,0.197
17/02/2025,23.676225070778,38.038867972537,2060,Θολότητα,"Τελικό Αποτέλεσμα",NTU,0.251
17/02/2025,23.690708971278,38.03873977939,2070,Θολότητα,"Τελικό Αποτέλεσμα",NTU,0.13
17/02/2025,23.711092519709,38.030604970232,2080,Θολότητα,"Τελικό Αποτέλεσμα",NTU,0.16
17/02/2025,23.703939528461,38.019611224386,2090,Θολότητα,"Τελικό Αποτέλεσμα",NTU,0.184
17/02/2025,23.690026001721,38.014594179034,2100,Θολότητα,"Τελικό Αποτέλεσμα",NTU,0.172
17/02/2025,23.685635325645,38.011704015052,2110,Θολότητα,"Τελικό Αποτέλεσμα",NTU,0.207
17/02/2025,23.690688548717,38.006599310386,2130,Θολότητα,"Τελικό Αποτέλεσμα",NTU,0.175
17/02/2025,23.633719884257,38.014461935654,2140,Θολότητα,"Τελικό Αποτέλεσμα",NTU,0.172
17/02/2025,23.604369787474,38.011728905427,2150,Θολότητα,"Τελικό Αποτέλεσμα",NTU,0.284
17/02/2025,23.660482152024,38.003256233801,2160,Θολότητα,"Τελικό Αποτέλεσμα",NTU,0.192
17/02/2025,23.657213383477,37.990357336342,2170,Θολότητα,"Τελικό Αποτέλεσμα",NTU,0.147
17/02/2025,23.669685637381,37.991033114281,2180,Θολότητα,"Τελικό Αποτέλεσμα",NTU,0.103
17/02/2025,23.688272639454,37.992184760882,2190,Θολότητα,"Τελικό Αποτέλεσμα",NTU,0.225
17/02/2025,23.709037749626,37.994059545664,2210,Θολότητα,"Τελικό Αποτέλεσμα",NTU,0.105
17/02/2025,23.711670124237,37.998900962404,2220,Θολότητα,"Τελικό Αποτέλεσμα",NTU,0.099
17/02/2025,23.723966332053,38.00996468276,2240,Θολότητα,"Τελικό Αποτέλεσμα",NTU,0.133
17/02/2025,23.609081866002,38.010063327816,2250,Θολότητα,"Τελικό Αποτέλεσμα",NTU,0.154
17/03/2023,23.78300677,38.09159562,1940,Θολότητα,"Τελικό Αποτέλεσμα",NTU,0.292
17/03/2023,23.76331913,37.9671107,120,Θολότητα,"Τελικό Αποτέλεσμα",NTU,0.14
17/03/2023,23.76373822,37.96231002,125,Θολότητα,"Τελικό Αποτέλεσμα",NTU,0.153
17/03/2023,23.74628153,37.95494925,130,Θολότητα,"Τελικό Αποτέλεσμα",NTU,0.225
17/03/2023,23.76902716,37.99339131,4010,Θολότητα,"Τελικό Αποτέλεσμα",NTU,0.274
17/03/2023,23.77648607,37.99622098,4020,Θολότητα,"Τελικό Αποτέλεσμα",NTU,0.258
17/03/2023,23.77644626,37.99275168,4030,Θολότητα,"Τελικό Αποτέλεσμα",NTU,0.176
17/03/2023,23.768783,37.9828978,4040,Θολότητα,"Τελικό Αποτέλεσμα",NTU,0.27
17/03/2023,23.77656931,37.97125316,4060,Θολότητα,"Τελικό Αποτέλεσμα",NTU,0.206
17/03/2023,23.77323663,37.96994397,4070,Θολότητα,"Τελικό Αποτέλεσμα",NTU,0.229
17/03/2023,23.76210863,37.97447332,4080,Θολότητα,"Τελικό Αποτέλεσμα",NTU,0.125
17/03/2023,23.75945557,37.97068504,4090,Θολότητα,"Τελικό Αποτέλεσμα",NTU,0.468
17/03/2023,23.75841416,37.95734094,4110,Θολότητα,"Τελικό Αποτέλεσμα",NTU,0.276
17/03/2023,23.7483243,37.95728104,4120,Θολότητα,"Τελικό Αποτέλεσμα",NTU,0.19
17/03/2023,23.7419006,37.95316688,4140,Θολότητα,"Τελικό Αποτέλεσμα",NTU,0.261
17/03/2023,23.75099403,37.93022254,4160,Θολότητα,"Τελικό Αποτέλεσμα",NTU,0.258
17/03/2023,23.73717945,37.92398915,4170,Θολότητα,"Τελικό Αποτέλεσμα",NTU,0.22
17/03/2023,23.73449966,37.92178254,4180,Θολότητα,"Τελικό Αποτέλεσμα",NTU,0.281
17/03/2023,23.72863096,37.93616832,4190,Θολότητα,"Τελικό Αποτέλεσμα",NTU,0.184
17/03/2023,23.7276664,37.95106354,4220,Θολότητα,"Τελικό Αποτέλεσμα",NTU,0.16
17/03/2023,23.72659763,37.95526612,4230,Θολότητα,"Τελικό Αποτέλεσμα",NTU,0.34
17/03/2023,23.72688782,37.95811379,4240,Θολότητα,"Τελικό Αποτέλεσμα",NTU,0.24
17/03/2025,23.850253213448,37.989943855969,6600,Θολότητα,"Τελικό Αποτέλεσμα",NTU,0.344
17/03/2025,23.882150670691,37.905502833197,6610,Θολότητα,"Τελικό Αποτέλεσμα",NTU,0.164
17/03/2025,23.950343222474,37.894345298849,6622,Θολότητα,"Τελικό Αποτέλεσμα",NTU,0.182
17/03/2025,24.02347684584,37.896105381073,6635,Θολότητα,"Τελικό Αποτέλεσμα",NTU,0.169
17/03/2025,23.971119096034,37.811031057644,6640,Θολότητα,"Τελικό Αποτέλεσμα",NTU,0.133
17/03/2025,24.050944478239,37.703992213554,6651,Θολότητα,"Τελικό Αποτέλεσμα",NTU,0.189
17/03/2025,23.954942341285,37.751713589169,6690,Θολότητα,"Τελικό Αποτέλεσμα",NTU,0.298
17/03/2025,23.923610473266,37.731018793535,6700,Θολότητα,"Τελικό Αποτέλεσμα",NTU,0.279
17/03/2025,23.903489728858,37.82055313721,6705,Θολότητα,"Τελικό Αποτέλεσμα",NTU,0.277
17/03/2025,23.890136444211,37.781360609525,6706,Θολότητα,"Τελικό Αποτέλεσμα",NTU,0.21
17/03/2025,23.783006772263,38.091595618101,1940,Θολότητα,"Τελικό Αποτέλεσμα",NTU,0.19
17/04/2025,23.783006772263,38.091595618101,1940,Θολότητα,"Τελικό Αποτέλεσμα",NTU,0.206
17/04/2025,23.839340877075,38.008846343525,1910,Θολότητα,"Τελικό Αποτέλεσμα",NTU,0.255
17/04/2025,23.871650152448,38.05010024616,1911,Θολότητα,"Τελικό Αποτέλεσμα",NTU,0.215
17/04/2025,23.877462910757,38.060150004,1957,Θολότητα,"Τελικό Αποτέλεσμα",NTU,0.15
17/04/2025,23.763319132339,37.967110703832,120,Θολότητα,"Τελικό Αποτέλεσμα",NTU,0.198
17/04/2025,23.763738215853,37.962310018511,125,Θολότητα,"Τελικό Αποτέλεσμα",NTU,0.179
17/04/2025,23.746281527272,37.954949246394,130,Θολότητα,"Τελικό Αποτέλεσμα",NTU,0.241
17/04/2025,23.776486074062,37.996220978178,4020,Θολότητα,"Τελικό Αποτέλεσμα",NTU,0.535
17/04/2025,23.776446263032,37.992751677322,4030,Θολότητα,"Τελικό Αποτέλεσμα",NTU,0.347
17/04/2025,23.768783003349,37.982897797692,4040,Θολότητα,"Τελικό Αποτέλεσμα",NTU,0.336
17/04/2025,23.776569307759,37.971253159928,4060,Θολότητα,"Τελικό Αποτέλεσμα",NTU,0.179
17/04/2025,23.75945556984,37.970685038508,4090,Θολότητα,"Τελικό Αποτέλεσμα",NTU,0.389
17/04/2025,23.773590432102,37.94663449198,4100,Θολότητα,"Τελικό Αποτέλεσμα",NTU,0.286
17/04/2025,23.758414161627,37.957340941046,4110,Θολότητα,"Τελικό Αποτέλεσμα",NTU,0.367
17/04/2025,23.748324301254,37.957281035336,4120,Θολότητα,"Τελικό Αποτέλεσμα",NTU,0.107
17/04/2025,23.74190059516,37.95316687964,4140,Θολότητα,"Τελικό Αποτέλεσμα",NTU,0.476
17/04/2025,23.75099402587,37.930222535019,4160,Θολότητα,"Τελικό Αποτέλεσμα",NTU,0.208
17/04/2025,23.737179449332,37.923989154778,4170,Θολότητα,"Τελικό Αποτέλεσμα",NTU,0.472
17/04/2025,23.734499659649,37.921782537866,4180,Θολότητα,"Τελικό Αποτέλεσμα",NTU,0.488
17/04/2025,23.728630962837,37.936168316,4190,Θολότητα,"Τελικό Αποτέλεσμα",NTU,0.192
17/04/2025,23.727666402305,37.95106353914,4220,Θολότητα,"Τελικό Αποτέλεσμα",NTU,0.25
17/04/2025,23.726597630536,37.955266120446,4230,Θολότητα,"Τελικό Αποτέλεσμα",NTU,0.306
17/05/2023,23.84875164,38.12416671,4710,Θολότητα,"Τελικό Αποτέλεσμα",NTU,0.133
17/05/2023,23.9087001,38.16824113,4720,Θολότητα,"Τελικό Αποτέλεσμα",NTU,0.104
17/05/2023,24.03457233,38.19040155,4750,Θολότητα,"Τελικό Αποτέλεσμα",NTU,0.186
17/05/2023,23.97713814,38.08574303,4770,Θολότητα,"Τελικό Αποτέλεσμα",NTU,0.074
17/05/2023,23.98944122,38.03778338,4771,Θολότητα,"Τελικό Αποτέλεσμα",NTU,0.126
17/05/2023,23.9814898,38.06170646,4800,Θολότητα,"Τελικό Αποτέλεσμα",NTU,0.277
17/05/2023,24.01205071,38.01437011,4852,Θολότητα,"Τελικό Αποτέλεσμα",NTU,0.147
17/05/2023,24.00732001,37.98416724,4890,Θολότητα,"Τελικό Αποτέλεσμα",NTU,0.184
17/05/2023,23.9069807,37.96451242,4902,Θολότητα,"Τελικό Αποτέλεσμα",NTU,0.245
17/05/2023,23.97305196,37.95846365,4910,Θολότητα,"Τελικό Αποτέλεσμα",NTU,0.314
17/05/2023,23.78300677,38.09159562,1940,Θολότητα,"Τελικό Αποτέλεσμα",NTU,0.192
17/05/2024,23.783006772263,38.091595618101,1940,Θολότητα,"Τελικό Αποτέλεσμα",NTU,0.133
17/05/2024,23.502319573731,37.96481151634,170,Θολότητα,"Τελικό Αποτέλεσμα",NTU,0.215
17/05/2024,23.52896170005,37.965815276592,2540,Θολότητα,"Τελικό Αποτέλεσμα",NTU,0.091
17/05/2024,23.535032621057,37.956778546223,2550,Θολότητα,"Τελικό Αποτέλεσμα",NTU,0.079
17/05/2024,23.4677306424,37.921816278707,2600,Θολότητα,"Τελικό Αποτέλεσμα",NTU,0.131
17/05/2024,23.494751977414,37.967937622846,2630,Θολότητα,"Τελικό Αποτέλεσμα",NTU,0.384
17/05/2024,23.488033230766,37.962548651207,2660,Θολότητα,"Τελικό Αποτέλεσμα",NTU,0.158
17/05/2024,23.440621950822,37.925877301176,2680,Θολότητα,"Τελικό Αποτέλεσμα",NTU,0.095
17/05/2024,23.524150518993,37.96223485381,2690,Θολότητα,"Τελικό Αποτέλεσμα",NTU,0.089
17/05/2025,23.783006772263,38.091595618101,1940,Θολότητα,"Τελικό Αποτέλεσμα",NTU,0.2
17/06/2023,23.78300677,38.09159562,1940,Θολότητα,"Τελικό Αποτέλεσμα",NTU,0.206
17/06/2024,23.728501580857,38.021077305988,2010,Θολότητα,"Τελικό Αποτέλεσμα",NTU,0.206
17/06/2024,23.707472628441,38.062507031886,2030,Θολότητα,"Τελικό Αποτέλεσμα",NTU,0.124
17/06/2024,23.684521996488,38.043278569813,2050,Θολότητα,"Τελικό Αποτέλεσμα",NTU,0.202
17/06/2024,23.676225070778,38.038867972537,2060,Θολότητα,"Τελικό Αποτέλεσμα",NTU,0.118
17/06/2024,23.690708971278,38.03873977939,2070,Θολότητα,"Τελικό Αποτέλεσμα",NTU,0.255
17/06/2024,23.711092519709,38.030604970232,2080,Θολότητα,"Τελικό Αποτέλεσμα",NTU,0.555
17/06/2024,23.703939528461,38.019611224386,2090,Θολότητα,"Τελικό Αποτέλεσμα",NTU,0.384
17/06/2024,23.690026001721,38.014594179034,2100,Θολότητα,"Τελικό Αποτέλεσμα",NTU,0.15
17/06/2024,23.690688548717,38.006599310386,2130,Θολότητα,"Τελικό Αποτέλεσμα",NTU,0.112
17/06/2024,23.633719884257,38.014461935654,2140,Θολότητα,"Τελικό Αποτέλεσμα",NTU,0.093
17/06/2024,23.604369787474,38.011728905427,2150,Θολότητα,"Τελικό Αποτέλεσμα",NTU,0.135
17/06/2024,23.660482152024,38.003256233801,2160,Θολότητα,"Τελικό Αποτέλεσμα",NTU,0.127
17/06/2024,23.657213383477,37.990357336342,2170,Θολότητα,"Τελικό Αποτέλεσμα",NTU,0.353
17/06/2024,23.669685637381,37.991033114281,2180,Θολότητα,"Τελικό Αποτέλεσμα",NTU,0.147
17/06/2024,23.688272639454,37.992184760882,2190,Θολότητα,"Τελικό Αποτέλεσμα",NTU,0.109
17/06/2024,23.709037749626,37.994059545664,2210,Θολότητα,"Τελικό Αποτέλεσμα",NTU,0.174
17/06/2024,23.711670124237,37.998900962404,2220,Θολότητα,"Τελικό Αποτέλεσμα",NTU,0.154
17/06/2024,23.723966332053,38.00996468276,2240,Θολότητα,"Τελικό Αποτέλεσμα",NTU,0.272
17/06/2024,23.609081866002,38.010063327816,2250,Θολότητα,"Τελικό Αποτέλεσμα",NTU,0.249
17/06/2024,23.783006772263,38.091595618101,1940,Θολότητα,"Τελικό Αποτέλεσμα",NTU,0.304
17/06/2024,23.489051854672,37.970435691217,2580,Θολότητα,"Τελικό Αποτέλεσμα",NTU,0.195
17/06/2024,23.520459758419,37.943585439066,1927,Θολότητα,"Τελικό Αποτέλεσμα",NTU,0.359
17/06/2024,23.46565744835,37.918493117875,1929,Θολότητα,"Τελικό Αποτέλεσμα",NTU,0.391
17/06/2024,23.490300544782,37.995447286627,1931,Θολότητα,"Τελικό Αποτέλεσμα",NTU,0.108
17/06/2024,23.488033230766,37.962548651207,2660,Θολότητα,"Τελικό Αποτέλεσμα",NTU,0.105
17/06/2025,23.728501580857,38.021077305988,2010,Θολότητα,"Τελικό Αποτέλεσμα",NTU,0.09
17/06/2025,23.707472628441,38.062507031886,2030,Θολότητα,"Τελικό Αποτέλεσμα",NTU,0.221
17/06/2025,23.684521996488,38.043278569813,2050,Θολότητα,"Τελικό Αποτέλεσμα",NTU,0.782
17/06/2025,23.676225070778,38.038867972537,2060,Θολότητα,"Τελικό Αποτέλεσμα",NTU,0.375
17/06/2025,23.690708971278,38.03873977939,2070,Θολότητα,"Τελικό Αποτέλεσμα",NTU,0.283
17/06/2025,23.711092519709,38.030604970232,2080,Θολότητα,"Τελικό Αποτέλεσμα",NTU,0.473
17/06/2025,23.703939528461,38.019611224386,2090,Θολότητα,"Τελικό Αποτέλεσμα",NTU,0.176
17/06/2025,23.690026001721,38.014594179034,2100,Θολότητα,"Τελικό Αποτέλεσμα",NTU,0.173
17/06/2025,23.685635325645,38.011704015052,2110,Θολότητα,"Τελικό Αποτέλεσμα",NTU,0.228
17/06/2025,23.690688548717,38.006599310386,2130,Θολότητα,"Τελικό Αποτέλεσμα",NTU,0.24
17/06/2025,23.633719884257,38.014461935654,2140,Θολότητα,"Τελικό Αποτέλεσμα",NTU,0.227
17/06/2025,23.604369787474,38.011728905427,2150,Θολότητα,"Τελικό Αποτέλεσμα",NTU,0.201
17/06/2025,23.660482152024,38.003256233801,2160,Θολότητα,"Τελικό Αποτέλεσμα",NTU,0.216
17/06/2025,23.657213383477,37.990357336342,2170,Θολότητα,"Τελικό Αποτέλεσμα",NTU,0.196
17/06/2025,23.669685637381,37.991033114281,2180,Θολότητα,"Τελικό Αποτέλεσμα",NTU,0.218
17/06/2025,23.709037749626,37.994059545664,2210,Θολότητα,"Τελικό Αποτέλεσμα",NTU,0.102
17/06/2025,23.711670124237,37.998900962404,2220,Θολότητα,"Τελικό Αποτέλεσμα",NTU,0.2
17/06/2025,23.723966332053,38.00996468276,2240,Θολότητα,"Τελικό Αποτέλεσμα",NTU,0.142
17/06/2025,23.609081866002,38.010063327816,2250,Θολότητα,"Τελικό Αποτέλεσμα",NTU,0.242
17/06/2025,23.794882287985,37.837449849635,1912,Θολότητα,"Τελικό Αποτέλεσμα",NTU,0.455
17/06/2025,23.772903712691,37.94499326751,1961,Θολότητα,"Τελικό Αποτέλεσμα",NTU,0.8
17/06/2025,23.775659857879,37.946436566217,1962,Θολότητα,"Τελικό Αποτέλεσμα",NTU,0.772
17/06/2025,23.781989618407,37.85753891633,1964,Θολότητα,"Τελικό Αποτέλεσμα",NTU,0.86
17/06/2025,23.790508845956,37.815722995168,1965,Θολότητα,"Τελικό Αποτέλεσμα",NTU,0.304
17/06/2025,23.685196529333,37.975965791401,7250,Θολότητα,"Τελικό Αποτέλεσμα",NTU,0.215
17/06/2025,22.898432401038,38.254054888272,7011,Θολότητα,"Τελικό Αποτέλεσμα",NTU,0.321
17/07/2023,23.72850158,38.02107731,2010,Θολότητα,"Τελικό Αποτέλεσμα",NTU,0.226
17/07/2023,23.71516747,38.06439445,2020,Θολότητα,"Τελικό Αποτέλεσμα",NTU,0.164
17/07/2023,23.70747263,38.06250703,2030,Θολότητα,"Τελικό Αποτέλεσμα",NTU,0.203
17/07/2023,23.684522,38.04327857,2050,Θολότητα,"Τελικό Αποτέλεσμα",NTU,0.248
17/07/2023,23.67622507,38.03886797,2060,Θολότητα,"Τελικό Αποτέλεσμα",NTU,0.161
17/07/2023,23.69070897,38.03873978,2070,Θολότητα,"Τελικό Αποτέλεσμα",NTU,0.227
17/07/2023,23.71109252,38.03060497,2080,Θολότητα,"Τελικό Αποτέλεσμα",NTU,0.211
17/07/2023,23.70393953,38.01961122,2090,Θολότητα,"Τελικό Αποτέλεσμα",NTU,0.397
17/07/2023,23.690026,38.01459418,2100,Θολότητα,"Τελικό Αποτέλεσμα",NTU,0.296
17/07/2023,23.68563533,38.01170402,2110,Θολότητα,"Τελικό Αποτέλεσμα",NTU,0.257
17/07/2023,23.69068855,38.00659931,2130,Θολότητα,"Τελικό Αποτέλεσμα",NTU,0.196
17/07/2023,23.63371988,38.01446194,2140,Θολότητα,"Τελικό Αποτέλεσμα",NTU,0.275
17/07/2023,23.60436979,38.01172891,2150,Θολότητα,"Τελικό Αποτέλεσμα",NTU,0.872
17/07/2023,23.65721338,37.99035734,2170,Θολότητα,"Τελικό Αποτέλεσμα",NTU,0.109
17/07/2023,23.66968564,37.99103311,2180,Θολότητα,"Τελικό Αποτέλεσμα",NTU,0.116
17/07/2023,23.68827264,37.99218476,2190,Θολότητα,"Τελικό Αποτέλεσμα",NTU,0.186
17/07/2023,23.70903775,37.99405955,2210,Θολότητα,"Τελικό Αποτέλεσμα",NTU,0.189
17/07/2023,23.71167012,37.99890096,2220,Θολότητα,"Τελικό Αποτέλεσμα",NTU,0.156
17/07/2023,23.72396633,38.00996468,2240,Θολότητα,"Τελικό Αποτέλεσμα",NTU,0.202
17/07/2023,23.60908187,38.01006333,2250,Θολότητα,"Τελικό Αποτέλεσμα",NTU,0.093
17/07/2023,23.78300677,38.09159562,1940,Θολότητα,"Τελικό Αποτέλεσμα",NTU,0.365
17/07/2024,23.783006772263,38.091595618101,1940,Θολότητα,"Τελικό Αποτέλεσμα",NTU,0.295
17/07/2024,23.688272639454,37.992184760882,2190,Θολότητα,"Τελικό Αποτέλεσμα",NTU,0.414
17/07/2024,23.777569470988,37.889946836445,1963,Θολότητα,"Τελικό Αποτέλεσμα",NTU,0.326
17/07/2025,23.751213344423,38.120529261783,2270,Θολότητα,"Τελικό Αποτέλεσμα",NTU,0.218
17/07/2025,23.776825675098,38.065226258806,180,Θολότητα,"Τελικό Αποτέλεσμα",NTU,0.322
17/07/2025,23.794782865204,38.039643002291,230,Θολότητα,"Τελικό Αποτέλεσμα",NTU,0.18
17/07/2025,23.794652964206,38.035148911359,235,Θολότητα,"Τελικό Αποτέλεσμα",NTU,0.207
17/07/2025,23.751879192533,38.034424177094,3010,Θολότητα,"Τελικό Αποτέλεσμα",NTU,0.175
17/07/2025,23.752793157246,38.043419319626,3020,Θολότητα,"Τελικό Αποτέλεσμα",NTU,0.241
17/07/2025,23.757971853364,38.058890938524,3030,Θολότητα,"Τελικό Αποτέλεσμα",NTU,0.407
17/07/2025,23.807684504112,38.079687557148,3060,Θολότητα,"Τελικό Αποτέλεσμα",NTU,0.256
17/07/2025,23.826588445352,38.068733964465,3080,Θολότητα,"Τελικό Αποτέλεσμα",NTU,0.258
17/07/2025,23.857729632516,38.058870858803,3090,Θολότητα,"Τελικό Αποτέλεσμα",NTU,0.242
17/07/2025,23.858850831498,38.009405027534,3110,Θολότητα,"Τελικό Αποτέλεσμα",NTU,0.221
17/07/2025,23.885936114707,38.003486571993,3120,Θολότητα,"Τελικό Αποτέλεσμα",NTU,0.162
17/07/2025,23.883581420117,38.001665382065,3130,Θολότητα,"Τελικό Αποτέλεσμα",NTU,0.172
17/07/2025,23.832894356592,38.006902214705,3150,Θολότητα,"Τελικό Αποτέλεσμα",NTU,0.224
17/07/2025,23.817699699893,37.999417823294,3160,Θολότητα,"Τελικό Αποτέλεσμα",NTU,0.255
17/07/2025,23.796809568113,37.998195065074,3170,Θολότητα,"Τελικό Αποτέλεσμα",NTU,0.329
17/07/2025,23.794948631404,37.99586453832,3180,Θολότητα,"Τελικό Αποτέλεσμα",NTU,0.249
17/07/2025,23.795526554539,37.982104892246,3190,Θολότητα,"Τελικό Αποτέλεσμα",NTU,0.334
17/07/2025,23.780262690434,38.00051153767,3200,Θολότητα,"Τελικό Αποτέλεσμα",NTU,0.284
17/07/2025,23.780133361397,38.019944025229,3240,Θολότητα,"Τελικό Αποτέλεσμα",NTU,0.238
17/07/2025,23.811274027343,38.045728748791,3260,Θολότητα,"Τελικό Αποτέλεσμα",NTU,0.28
17/08/2023,23.79488229,37.83744985,1912,Θολότητα,"Τελικό Αποτέλεσμα",NTU,0.237
17/08/2023,23.77290371,37.94499327,1961,Θολότητα,"Τελικό Αποτέλεσμα",NTU,0.201
17/08/2023,23.78198962,37.85753892,1964,Θολότητα,"Τελικό Αποτέλεσμα",NTU,0.323
17/08/2023,23.77565986,37.94643657,1962,Θολότητα,"Τελικό Αποτέλεσμα",NTU,0.209
17/08/2023,23.79050885,37.815723,1965,Θολότητα,"Τελικό Αποτέλεσμα",NTU,0.644
17/08/2023,23.78300677,38.09159562,1940,Θολότητα,"Τελικό Αποτέλεσμα",NTU,0.291
17/08/2023,23.72850158,38.02107731,2010,Θολότητα,"Τελικό Αποτέλεσμα",NTU,0.204
17/08/2023,23.71516747,38.06439445,2020,Θολότητα,"Τελικό Αποτέλεσμα",NTU,0.116
17/08/2023,23.70747263,38.06250703,2030,Θολότητα,"Τελικό Αποτέλεσμα",NTU,0.101
17/08/2023,23.684522,38.04327857,2050,Θολότητα,"Τελικό Αποτέλεσμα",NTU,0.49
17/08/2023,23.67622507,38.03886797,2060,Θολότητα,"Τελικό Αποτέλεσμα",NTU,0.098
17/08/2023,23.69070897,38.03873978,2070,Θολότητα,"Τελικό Αποτέλεσμα",NTU,0.144
17/08/2023,23.71109252,38.03060497,2080,Θολότητα,"Τελικό Αποτέλεσμα",NTU,0.856
17/08/2023,23.70393953,38.01961122,2090,Θολότητα,"Τελικό Αποτέλεσμα",NTU,0.192
17/08/2023,23.690026,38.01459418,2100,Θολότητα,"Τελικό Αποτέλεσμα",NTU,0.133
17/08/2023,23.68563533,38.01170402,2110,Θολότητα,"Τελικό Αποτέλεσμα",NTU,0.164
17/08/2023,23.63371988,38.01446194,2140,Θολότητα,"Τελικό Αποτέλεσμα",NTU,0.32
17/08/2023,23.60436979,38.01172891,2150,Θολότητα,"Τελικό Αποτέλεσμα",NTU,0.1
17/08/2023,23.66048215,38.00325623,2160,Θολότητα,"Τελικό Αποτέλεσμα",NTU,0.152
17/08/2023,23.65721338,37.99035734,2170,Θολότητα,"Τελικό Αποτέλεσμα",NTU,0.239
17/08/2023,23.66968564,37.99103311,2180,Θολότητα,"Τελικό Αποτέλεσμα",NTU,0.168
17/08/2023,23.68827264,37.99218476,2190,Θολότητα,"Τελικό Αποτέλεσμα",NTU,0.143
17/08/2023,23.70903775,37.99405955,2210,Θολότητα,"Τελικό Αποτέλεσμα",NTU,0.237
17/08/2023,23.60908187,38.01006333,2250,Θολότητα,"Τελικό Αποτέλεσμα",NTU,0.087
17/08/2024,23.783006772263,38.091595618101,1940,Θολότητα,"Τελικό Αποτέλεσμα",NTU,0.089
17/09/2023,23.78300677,38.09159562,1940,Θολότητα,"Τελικό Αποτέλεσμα",NTU,0.214
17/09/2024,23.776624696051,37.884348958134,1918,Θολότητα,"Τελικό Αποτέλεσμα",NTU,0.221
17/09/2024,23.763828567739,37.889033553169,1920,Θολότητα,"Τελικό Αποτέλεσμα",NTU,0.475
17/09/2024,23.755560418361,37.919430807212,1924,Θολότητα,"Τελικό Αποτέλεσμα",NTU,0.188
17/09/2024,23.749512420594,37.999646302315,1942,Θολότητα,"Τελικό Αποτέλεσμα",NTU,0.301
17/09/2024,23.732887017961,37.955671997184,1944,Θολότητα,"Τελικό Αποτέλεσμα",NTU,0.459
17/09/2024,23.777569470988,37.889946836445,1963,Θολότητα,"Τελικό Αποτέλεσμα",NTU,0.264
17/09/2024,23.33981263989,38.004108484322,225,Θολότητα,"Τελικό Αποτέλεσμα",NTU,0.138
17/09/2024,23.783006772263,38.091595618101,1940,Θολότητα,"Τελικό Αποτέλεσμα",NTU,0.23
17/09/2024,23.728501580857,38.021077305988,2010,Θολότητα,"Τελικό Αποτέλεσμα",NTU,0.32
17/09/2024,23.715167470658,38.064394448168,2020,Θολότητα,"Τελικό Αποτέλεσμα",NTU,0.139
17/09/2024,23.707472628441,38.062507031886,2030,Θολότητα,"Τελικό Αποτέλεσμα",NTU,0.18
17/09/2024,23.684521996488,38.043278569813,2050,Θολότητα,"Τελικό Αποτέλεσμα",NTU,0.13
17/09/2024,23.676225070778,38.038867972537,2060,Θολότητα,"Τελικό Αποτέλεσμα",NTU,0.275
17/09/2024,23.690708971278,38.03873977939,2070,Θολότητα,"Τελικό Αποτέλεσμα",NTU,0.257
17/09/2024,23.711092519709,38.030604970232,2080,Θολότητα,"Τελικό Αποτέλεσμα",NTU,0.168
17/09/2024,23.703939528461,38.019611224386,2090,Θολότητα,"Τελικό Αποτέλεσμα",NTU,0.251
17/09/2024,23.690026001721,38.014594179034,2100,Θολότητα,"Τελικό Αποτέλεσμα",NTU,0.185
17/09/2024,23.685635325645,38.011704015052,2110,Θολότητα,"Τελικό Αποτέλεσμα",NTU,0.177
17/09/2024,23.690688548717,38.006599310386,2130,Θολότητα,"Τελικό Αποτέλεσμα",NTU,0.237
17/09/2024,23.633719884257,38.014461935654,2140,Θολότητα,"Τελικό Αποτέλεσμα",NTU,0.091
17/09/2024,23.604369787474,38.011728905427,2150,Θολότητα,"Τελικό Αποτέλεσμα",NTU,0.095
17/09/2024,23.660482152024,38.003256233801,2160,Θολότητα,"Τελικό Αποτέλεσμα",NTU,0.184
17/09/2024,23.657213383477,37.990357336342,2170,Θολότητα,"Τελικό Αποτέλεσμα",NTU,0.104
17/09/2024,23.669685637381,37.991033114281,2180,Θολότητα,"Τελικό Αποτέλεσμα",NTU,0.11
17/09/2024,23.688272639454,37.992184760882,2190,Θολότητα,"Τελικό Αποτέλεσμα",NTU,0.167
17/09/2024,23.709037749626,37.994059545664,2210,Θολότητα,"Τελικό Αποτέλεσμα",NTU,0.083
17/09/2024,23.711670124237,37.998900962404,2220,Θολότητα,"Τελικό Αποτέλεσμα",NTU,0.068
17/09/2024,23.723966332053,38.00996468276,2240,Θολότητα,"Τελικό Αποτέλεσμα",NTU,0.073
17/09/2024,23.609081866002,38.010063327816,2250,Θολότητα,"Τελικό Αποτέλεσμα",NTU,0.155
17/09/2024,22.898432401038,38.254054888272,7011,Θολότητα,"Τελικό Αποτέλεσμα",NTU,0.24
17/10/2023,23.6352338,37.97282615,1926,Θολότητα,"Τελικό Αποτέλεσμα",NTU,0.267
17/10/2023,23.65049179,38.02069052,1936,Θολότητα,"Τελικό Αποτέλεσμα",NTU,0.571
17/10/2023,23.6605722,37.99659467,1950,Θολότητα,"Τελικό Αποτέλεσμα",NTU,0.327
17/10/2023,23.6374825,37.98494645,1941,Θολότητα,"Τελικό Αποτέλεσμα",NTU,0.329
17/10/2023,23.63673627,37.98591907,1935,Θολότητα,"Τελικό Αποτέλεσμα",NTU,0.271
17/10/2023,23.64405229,38.00426495,1947,Θολότητα,"Τελικό Αποτέλεσμα",NTU,0.337
17/10/2023,23.78300677,38.09159562,1940,Θολότητα,"Τελικό Αποτέλεσμα",NTU,0.293
17/10/2023,23.33981264,38.00410848,225,Θολότητα,"Τελικό Αποτέλεσμα",NTU,0.411
17/10/2023,23.85447866,38.05288412,105,Θολότητα,"Τελικό Αποτέλεσμα",NTU,0.414
17/10/2023,23.77682568,38.06522626,180,Θολότητα,"Τελικό Αποτέλεσμα",NTU,0.337
17/10/2023,23.83927879,38.06057978,185,Θολότητα,"Τελικό Αποτέλεσμα",NTU,0.231
17/10/2023,23.79478287,38.039643,230,Θολότητα,"Τελικό Αποτέλεσμα",NTU,0.208
17/10/2023,23.79465296,38.03514891,235,Θολότητα,"Τελικό Αποτέλεσμα",NTU,0.184
17/10/2023,23.75187919,38.03442418,3010,Θολότητα,"Τελικό Αποτέλεσμα",NTU,0.18
17/10/2023,23.75279316,38.04341932,3020,Θολότητα,"Τελικό Αποτέλεσμα",NTU,0.35
17/10/2023,23.75797185,38.05889094,3030,Θολότητα,"Τελικό Αποτέλεσμα",NTU,0.317
17/10/2023,23.80475064,38.09155778,3050,Θολότητα,"Τελικό Αποτέλεσμα",NTU,0.257
17/10/2023,23.8076845,38.07968756,3060,Θολότητα,"Τελικό Αποτέλεσμα",NTU,0.317
17/10/2023,23.82658845,38.06873396,3080,Θολότητα,"Τελικό Αποτέλεσμα",NTU,0.169
17/10/2023,23.85772963,38.05887086,3090,Θολότητα,"Τελικό Αποτέλεσμα",NTU,0.311
17/10/2023,23.85885083,38.00940503,3110,Θολότητα,"Τελικό Αποτέλεσμα",NTU,0.221
17/10/2023,23.88593611,38.00348657,3120,Θολότητα,"Τελικό Αποτέλεσμα",NTU,0.256
17/10/2023,23.88358142,38.00166538,3130,Θολότητα,"Τελικό Αποτέλεσμα",NTU,0.242
17/10/2023,23.83289436,38.00690221,3150,Θολότητα,"Τελικό Αποτέλεσμα",NTU,0.219
17/10/2023,23.8176997,37.99941782,3160,Θολότητα,"Τελικό Αποτέλεσμα",NTU,0.226
17/10/2023,23.79680957,37.99819507,3170,Θολότητα,"Τελικό Αποτέλεσμα",NTU,0.162
17/10/2023,23.79494863,37.99586454,3180,Θολότητα,"Τελικό Αποτέλεσμα",NTU,0.29
17/10/2023,23.79552655,37.98210489,3190,Θολότητα,"Τελικό Αποτέλεσμα",NTU,0.237
17/10/2023,23.78026269,38.00051154,3200,Θολότητα,"Τελικό Αποτέλεσμα",NTU,0.747
17/10/2023,23.78796777,38.0084814,3220,Θολότητα,"Τελικό Αποτέλεσμα",NTU,0.525
17/10/2023,23.78013336,38.01994403,3240,Θολότητα,"Τελικό Αποτέλεσμα",NTU,0.204
17/10/2023,23.78028136,38.04717905,3250,Θολότητα,"Τελικό Αποτέλεσμα",NTU,0.188
17/10/2023,23.81127403,38.04572875,3260,Θολότητα,"Τελικό Αποτέλεσμα",NTU,0.237
17/10/2024,23.783006772263,38.091595618101,1940,Θολότητα,"Τελικό Αποτέλεσμα",NTU,0.29
17/10/2024,23.728501580857,38.021077305988,2010,Θολότητα,"Τελικό Αποτέλεσμα",NTU,0.206
17/10/2024,23.715167470658,38.064394448168,2020,Θολότητα,"Τελικό Αποτέλεσμα",NTU,0.21
17/10/2024,23.707472628441,38.062507031886,2030,Θολότητα,"Τελικό Αποτέλεσμα",NTU,0.411
17/10/2024,23.684521996488,38.043278569813,2050,Θολότητα,"Τελικό Αποτέλεσμα",NTU,0.351
17/10/2024,23.676225070778,38.038867972537,2060,Θολότητα,"Τελικό Αποτέλεσμα",NTU,0.185
17/10/2024,23.690708971278,38.03873977939,2070,Θολότητα,"Τελικό Αποτέλεσμα",NTU,0.147
17/10/2024,23.711092519709,38.030604970232,2080,Θολότητα,"Τελικό Αποτέλεσμα",NTU,0.175
17/10/2024,23.703939528461,38.019611224386,2090,Θολότητα,"Τελικό Αποτέλεσμα",NTU,0.28
17/10/2024,23.690026001721,38.014594179034,2100,Θολότητα,"Τελικό Αποτέλεσμα",NTU,0.16
17/10/2024,23.685635325645,38.011704015052,2110,Θολότητα,"Τελικό Αποτέλεσμα",NTU,0.134
17/10/2024,23.690688548717,38.006599310386,2130,Θολότητα,"Τελικό Αποτέλεσμα",NTU,0.221
17/10/2024,23.633719884257,38.014461935654,2140,Θολότητα,"Τελικό Αποτέλεσμα",NTU,0.104
17/10/2024,23.604369787474,38.011728905427,2150,Θολότητα,"Τελικό Αποτέλεσμα",NTU,0.1
17/10/2024,23.660482152024,38.003256233801,2160,Θολότητα,"Τελικό Αποτέλεσμα",NTU,0.177
17/10/2024,23.657213383477,37.990357336342,2170,Θολότητα,"Τελικό Αποτέλεσμα",NTU,0.148
17/10/2024,23.669685637381,37.991033114281,2180,Θολότητα,"Τελικό Αποτέλεσμα",NTU,0.178
17/10/2024,23.688272639454,37.992184760882,2190,Θολότητα,"Τελικό Αποτέλεσμα",NTU,0.14
17/10/2024,23.709037749626,37.994059545664,2210,Θολότητα,"Τελικό Αποτέλεσμα",NTU,0.16
17/10/2024,23.711670124237,37.998900962404,2220,Θολότητα,"Τελικό Αποτέλεσμα",NTU,0.292
17/10/2024,23.723966332053,38.00996468276,2240,Θολότητα,"Τελικό Αποτέλεσμα",NTU,0.109
17/10/2024,23.609081866002,38.010063327816,2250,Θολότητα,"Τελικό Αποτέλεσμα",NTU,0.304
17/11/2023,23.78300677,38.09159562,1940,Θολότητα,"Τελικό Αποτέλεσμα",NTU,0.259
17/11/2023,23.85447866,38.05288412,105,Θολότητα,"Τελικό Αποτέλεσμα",NTU,0.324
17/11/2023,23.77682568,38.06522626,180,Θολότητα,"Τελικό Αποτέλεσμα",NTU,0.137
17/11/2023,23.79478287,38.039643,230,Θολότητα,"Τελικό Αποτέλεσμα",NTU,0.13
17/11/2023,23.79465296,38.03514891,235,Θολότητα,"Τελικό Αποτέλεσμα",NTU,0.26
17/11/2023,23.75187919,38.03442418,3010,Θολότητα,"Τελικό Αποτέλεσμα",NTU,0.266
17/11/2023,23.75279316,38.04341932,3020,Θολότητα,"Τελικό Αποτέλεσμα",NTU,0.245
17/11/2023,23.75797185,38.05889094,3030,Θολότητα,"Τελικό Αποτέλεσμα",NTU,0.284
17/11/2023,23.80475064,38.09155778,3050,Θολότητα,"Τελικό Αποτέλεσμα",NTU,0.257
17/11/2023,23.8076845,38.07968756,3060,Θολότητα,"Τελικό Αποτέλεσμα",NTU,0.133
17/11/2023,23.82658845,38.06873396,3080,Θολότητα,"Τελικό Αποτέλεσμα",NTU,0.129
17/11/2023,23.85772963,38.05887086,3090,Θολότητα,"Τελικό Αποτέλεσμα",NTU,0.097
17/11/2023,23.85885083,38.00940503,3110,Θολότητα,"Τελικό Αποτέλεσμα",NTU,0.106
17/11/2023,23.88593611,38.00348657,3120,Θολότητα,"Τελικό Αποτέλεσμα",NTU,0.203
17/11/2023,23.88358142,38.00166538,3130,Θολότητα,"Τελικό Αποτέλεσμα",NTU,0.143
17/11/2023,23.83289436,38.00690221,3150,Θολότητα,"Τελικό Αποτέλεσμα",NTU,0.121
17/11/2023,23.8176997,37.99941782,3160,Θολότητα,"Τελικό Αποτέλεσμα",NTU,0.193
17/11/2023,23.79680957,37.99819507,3170,Θολότητα,"Τελικό Αποτέλεσμα",NTU,0.176
17/11/2023,23.79494863,37.99586454,3180,Θολότητα,"Τελικό Αποτέλεσμα",NTU,0.173
17/11/2023,23.79552655,37.98210489,3190,Θολότητα,"Τελικό Αποτέλεσμα",NTU,0.178
17/11/2023,23.78026269,38.00051154,3200,Θολότητα,"Τελικό Αποτέλεσμα",NTU,0.155
17/11/2023,23.78796777,38.0084814,3220,Θολότητα,"Τελικό Αποτέλεσμα",NTU,0.248
17/11/2023,23.78013336,38.01994403,3240,Θολότητα,"Τελικό Αποτέλεσμα",NTU,0.128
17/11/2023,23.78028136,38.04717905,3250,Θολότητα,"Τελικό Αποτέλεσμα",NTU,0.089
17/11/2023,23.81127403,38.04572875,3260,Θολότητα,"Τελικό Αποτέλεσμα",NTU,0.168
17/11/2024,23.783006772263,38.091595618101,1940,Θολότητα,"Τελικό Αποτέλεσμα",NTU,0.246
17/12/2023,23.78300677,38.09159562,1940,Θολότητα,"Τελικό Αποτέλεσμα",NTU,0.224
17/12/2024,23.642117121438,37.933371936061,146,Θολότητα,"Τελικό Αποτέλεσμα",NTU,0.176
17/12/2024,23.685426227465,37.977076609772,6010,Θολότητα,"Τελικό Αποτέλεσμα",NTU,0.257
17/12/2024,23.660147196721,37.980291207729,6020,Θολότητα,"Τελικό Αποτέλεσμα",NTU,0.221
17/12/2024,23.656184913017,37.980594422153,6030,Θολότητα,"Τελικό Αποτέλεσμα",NTU,0.168
17/12/2024,23.653420670725,37.976887978332,6040,Θολότητα,"Τελικό Αποτέλεσμα",NTU,0.242
17/12/2024,23.639896339554,37.977549997131,6050,Θολότητα,"Τελικό Αποτέλεσμα",NTU,0.18
17/12/2024,23.640200994864,37.973616459939,6060,Θολότητα,"Τελικό Αποτέλεσμα",NTU,0.153
17/12/2024,23.633210429054,37.967000345107,6080,Θολότητα,"Τελικό Αποτέλεσμα",NTU,0.194
17/12/2024,23.623370187872,37.950398549294,6110,Θολότητα,"Τελικό Αποτέλεσμα",NTU,0.222
17/12/2024,23.634009487857,37.953472259917,6120,Θολότητα,"Τελικό Αποτέλεσμα",NTU,0.155
17/12/2024,23.633733840369,37.950873888977,6130,Θολότητα,"Τελικό Αποτέλεσμα",NTU,0.185
17/12/2024,23.642068896508,37.928344112851,6150,Θολότητα,"Τελικό Αποτέλεσμα",NTU,0.26
17/12/2024,23.62796265038,37.932334455589,6160,Θολότητα,"Τελικό Αποτέλεσμα",NTU,0.163
17/12/2024,23.65217192804,37.939622706754,6170,Θολότητα,"Τελικό Αποτέλεσμα",NTU,0.222
17/12/2024,23.673234118927,37.946109912673,6190,Θολότητα,"Τελικό Αποτέλεσμα",NTU,0.24
17/12/2024,23.691643963145,37.948013010856,6210,Θολότητα,"Τελικό Αποτέλεσμα",NTU,0.381
17/12/2024,23.694323188433,37.952417395875,6220,Θολότητα,"Τελικό Αποτέλεσμα",NTU,0.146
17/12/2024,23.640262686028,37.939614121045,6240,Θολότητα,"Τελικό Αποτέλεσμα",NTU,0.162
17/12/2024,23.416568705309,37.911777864914,1967,Θολότητα,"Τελικό Αποτέλεσμα",NTU,0.599
17/12/2024,23.417424198698,37.907419057485,2601,Θολότητα,"Τελικό Αποτέλεσμα",NTU,0.442
17/12/2024,23.783006772263,38.091595618101,1940,Θολότητα,"Τελικό Αποτέλεσμα",NTU,0.261
17/12/2024,23.715412919273,38.003749605504,8010,Θολότητα,"Τελικό Αποτέλεσμα",NTU,0.305
17/12/2024,22.898432401038,38.254054888272,7011,Θολότητα,"Τελικό Αποτέλεσμα",NTU,0.218
18/01/2023,23.78300677,38.09159562,1940,Θολότητα,"Τελικό Αποτέλεσμα",NTU,0.266
18/01/2025,23.783006772263,38.091595618101,1940,Θολότητα,"Τελικό Αποτέλεσμα",NTU,0.116
18/02/2023,23.78300677,38.09159562,1940,Θολότητα,"Τελικό Αποτέλεσμα",NTU,0.177
18/02/2025,23.783006772263,38.091595618101,1940,Θολότητα,"Τελικό Αποτέλεσμα",NTU,0.209
18/02/2025,23.854478659062,38.052884117638,105,Θολότητα,"Τελικό Αποτέλεσμα",NTU,0.235
18/02/2025,23.776825675098,38.065226258806,180,Θολότητα,"Τελικό Αποτέλεσμα",NTU,0.147
18/02/2025,23.794782865204,38.039643002291,230,Θολότητα,"Τελικό Αποτέλεσμα",NTU,0.154
18/02/2025,23.794652964206,38.035148911359,235,Θολότητα,"Τελικό Αποτέλεσμα",NTU,0.249
18/02/2025,23.751879192533,38.034424177094,3010,Θολότητα,"Τελικό Αποτέλεσμα",NTU,0.328
18/02/2025,23.752793157246,38.043419319626,3020,Θολότητα,"Τελικό Αποτέλεσμα",NTU,0.538
18/02/2025,23.807684504112,38.079687557148,3060,Θολότητα,"Τελικό Αποτέλεσμα",NTU,0.276
18/02/2025,23.826588445352,38.068733964465,3080,Θολότητα,"Τελικό Αποτέλεσμα",NTU,0.311
18/02/2025,23.857729632516,38.058870858803,3090,Θολότητα,"Τελικό Αποτέλεσμα",NTU,0.189
18/02/2025,23.858850831498,38.009405027534,3110,Θολότητα,"Τελικό Αποτέλεσμα",NTU,0.361
18/02/2025,23.885936114707,38.003486571993,3120,Θολότητα,"Τελικό Αποτέλεσμα",NTU,0.303
18/02/2025,23.883581420117,38.001665382065,3130,Θολότητα,"Τελικό Αποτέλεσμα",NTU,0.299
18/02/2025,23.817699699893,37.999417823294,3160,Θολότητα,"Τελικό Αποτέλεσμα",NTU,0.265
18/02/2025,23.796809568113,37.998195065074,3170,Θολότητα,"Τελικό Αποτέλεσμα",NTU,0.276
18/02/2025,23.794948631404,37.99586453832,3180,Θολότητα,"Τελικό Αποτέλεσμα",NTU,0.886
18/02/2025,23.795526554539,37.982104892246,3190,Θολότητα,"Τελικό Αποτέλεσμα",NTU,0.436
18/02/2025,23.780262690434,38.00051153767,3200,Θολότητα,"Τελικό Αποτέλεσμα",NTU,0.207
18/02/2025,23.787967770047,38.008481399044,3220,Θολότητα,"Τελικό Αποτέλεσμα",NTU,0.213
18/02/2025,23.780133361397,38.019944025229,3240,Θολότητα,"Τελικό Αποτέλεσμα",NTU,0.292
18/02/2025,23.811274027343,38.045728748791,3260,Θολότητα,"Τελικό Αποτέλεσμα",NTU,0.201
18/02/2025,23.848751638879,38.124166714577,4710,Θολότητα,"Τελικό Αποτέλεσμα",NTU,0.148
18/02/2025,23.772903712691,37.94499326751,1961,Θολότητα,"Τελικό Αποτέλεσμα",NTU,0.55
18/02/2025,23.775659857879,37.946436566217,1962,Θολότητα,"Τελικό Αποτέλεσμα",NTU,0.263
18/02/2025,23.790508845956,37.815722995168,1965,Θολότητα,"Τελικό Αποτέλεσμα",NTU,0.6
18/02/2025,23.776624696051,37.884348958134,1918,Θολότητα,"Τελικό Αποτέλεσμα",NTU,0.192
18/02/2025,23.763828567739,37.889033553169,1920,Θολότητα,"Τελικό Αποτέλεσμα",NTU,0.452
18/02/2025,23.755560418361,37.919430807212,1924,Θολότητα,"Τελικό Αποτέλεσμα",NTU,0.249
18/02/2025,23.777569470988,37.889946836445,1963,Θολότητα,"Τελικό Αποτέλεσμα",NTU,0.13
18/02/2025,22.898432401038,38.254054888272,7011,Θολότητα,"Τελικό Αποτέλεσμα",NTU,0.282
18/03/2023,23.78300677,38.09159562,1940,Θολότητα,"Τελικό Αποτέλεσμα",NTU,0.181
18/03/2025,23.848751638879,38.124166714577,4710,Θολότητα,"Τελικό Αποτέλεσμα",NTU,0.131
18/03/2025,23.908700098241,38.168241126955,4720,Θολότητα,"Τελικό Αποτέλεσμα",NTU,0.11
18/03/2025,24.034572330748,38.190401550712,4750,Θολότητα,"Τελικό Αποτέλεσμα",NTU,0.153
18/03/2025,23.977138138398,38.085743034532,4770,Θολότητα,"Τελικό Αποτέλεσμα",NTU,0.228
18/03/2025,23.989441223817,38.037783380352,4771,Θολότητα,"Τελικό Αποτέλεσμα",NTU,0.137
18/03/2025,24.012050710459,38.014370105797,4852,Θολότητα,"Τελικό Αποτέλεσμα",NTU,0.159
18/03/2025,24.007320013182,37.984167240863,4890,Θολότητα,"Τελικό Αποτέλεσμα",NTU,0.145
18/03/2025,23.90698069658,37.964512417317,4902,Θολότητα,"Τελικό Αποτέλεσμα",NTU,0.378
18/03/2025,23.973051962748,37.958463647889,4910,Θολότητα,"Τελικό Αποτέλεσμα",NTU,0.262
18/03/2025,23.783006772263,38.091595618101,1940,Θολότητα,"Τελικό Αποτέλεσμα",NTU,0.242
18/03/2025,23.794882287985,37.837449849635,1912,Θολότητα,"Τελικό Αποτέλεσμα",NTU,0.652
18/03/2025,23.772903712691,37.94499326751,1961,Θολότητα,"Τελικό Αποτέλεσμα",NTU,0.946
18/03/2025,23.775659857879,37.946436566217,1962,Θολότητα,"Τελικό Αποτέλεσμα",NTU,0.474
18/03/2025,23.781989618407,37.85753891633,1964,Θολότητα,"Τελικό Αποτέλεσμα",NTU,0.287
18/03/2025,23.790508845956,37.815722995168,1965,Θολότητα,"Τελικό Αποτέλεσμα",NTU,0.84
18/03/2025,23.755560418361,37.919430807212,1924,Θολότητα,"Τελικό Αποτέλεσμα",NTU,0.488
18/03/2025,22.898432401038,38.254054888272,7011,Θολότητα,"Τελικό Αποτέλεσμα",NTU,0.242
18/04/2023,23.72850158,38.02107731,2010,Θολότητα,"Τελικό Αποτέλεσμα",NTU,0.161
18/04/2023,23.70747263,38.06250703,2030,Θολότητα,"Τελικό Αποτέλεσμα",NTU,0.133
18/04/2023,23.684522,38.04327857,2050,Θολότητα,"Τελικό Αποτέλεσμα",NTU,0.162
18/04/2023,23.67622507,38.03886797,2060,Θολότητα,"Τελικό Αποτέλεσμα",NTU,0.192
18/04/2023,23.69070897,38.03873978,2070,Θολότητα,"Τελικό Αποτέλεσμα",NTU,0.299
18/04/2023,23.71109252,38.03060497,2080,Θολότητα,"Τελικό Αποτέλεσμα",NTU,0.134
18/04/2023,23.70393953,38.01961122,2090,Θολότητα,"Τελικό Αποτέλεσμα",NTU,0.165
18/04/2023,23.690026,38.01459418,2100,Θολότητα,"Τελικό Αποτέλεσμα",NTU,0.183
18/04/2023,23.68563533,38.01170402,2110,Θολότητα,"Τελικό Αποτέλεσμα",NTU,0.236
18/04/2023,23.63371988,38.01446194,2140,Θολότητα,"Τελικό Αποτέλεσμα",NTU,0.143
18/04/2023,23.60436979,38.01172891,2150,Θολότητα,"Τελικό Αποτέλεσμα",NTU,0.08
18/04/2023,23.66048215,38.00325623,2160,Θολότητα,"Τελικό Αποτέλεσμα",NTU,0.141
18/04/2023,23.65721338,37.99035734,2170,Θολότητα,"Τελικό Αποτέλεσμα",NTU,0.081
18/04/2023,23.66968564,37.99103311,2180,Θολότητα,"Τελικό Αποτέλεσμα",NTU,0.263
18/04/2023,23.68827264,37.99218476,2190,Θολότητα,"Τελικό Αποτέλεσμα",NTU,0.193
18/04/2023,23.70903775,37.99405955,2210,Θολότητα,"Τελικό Αποτέλεσμα",NTU,0.289
18/04/2023,23.72396633,38.00996468,2240,Θολότητα,"Τελικό Αποτέλεσμα",NTU,0.351
18/04/2023,23.60908187,38.01006333,2250,Θολότητα,"Τελικό Αποτέλεσμα",NTU,0.178
18/04/2023,23.78300677,38.09159562,1940,Θολότητα,"Τελικό Αποτέλεσμα",NTU,0.324
18/04/2023,23.7766247,37.88434896,1918,Θολότητα,"Τελικό Αποτέλεσμα",NTU,0.251
18/04/2023,23.76382857,37.88903355,1920,Θολότητα,"Τελικό Αποτέλεσμα",NTU,0.445
18/04/2023,23.75556042,37.91943081,1924,Θολότητα,"Τελικό Αποτέλεσμα",NTU,0.217
18/04/2023,23.74951242,37.9996463,1942,Θολότητα,"Τελικό Αποτέλεσμα",NTU,0.348
18/04/2023,23.73288702,37.955672,1944,Θολότητα,"Τελικό Αποτέλεσμα",NTU,0.132
18/04/2023,23.77756947,37.88994684,1963,Θολότητα,"Τελικό Αποτέλεσμα",NTU,0.165
18/04/2025,23.757971853364,38.058890938524,3030,Θολότητα,"Τελικό Αποτέλεσμα",NTU,0.196
18/04/2025,23.783006772263,38.091595618101,1940,Θολότητα,"Τελικό Αποτέλεσμα",NTU,0.161
18/05/2023,23.76331913,37.9671107,120,Θολότητα,"Τελικό Αποτέλεσμα",NTU,0.191
18/05/2023,23.76373822,37.96231002,125,Θολότητα,"Τελικό Αποτέλεσμα",NTU,0.252
18/05/2023,23.74628153,37.95494925,130,Θολότητα,"Τελικό Αποτέλεσμα",NTU,0.255
18/05/2023,23.76902716,37.99339131,4010,Θολότητα,"Τελικό Αποτέλεσμα",NTU,0.241
18/05/2023,23.77648607,37.99622098,4020,Θολότητα,"Τελικό Αποτέλεσμα",NTU,0.213
18/05/2023,23.77644626,37.99275168,4030,Θολότητα,"Τελικό Αποτέλεσμα",NTU,0.126
18/05/2023,23.77656931,37.97125316,4060,Θολότητα,"Τελικό Αποτέλεσμα",NTU,0.211
18/05/2023,23.77323663,37.96994397,4070,Θολότητα,"Τελικό Αποτέλεσμα",NTU,0.194
18/05/2023,23.75945557,37.97068504,4090,Θολότητα,"Τελικό Αποτέλεσμα",NTU,0.174
18/05/2023,23.77359043,37.94663449,4100,Θολότητα,"Τελικό Αποτέλεσμα",NTU,0.195
18/05/2023,23.75841416,37.95734094,4110,Θολότητα,"Τελικό Αποτέλεσμα",NTU,0.421
18/05/2023,23.7483243,37.95728104,4120,Θολότητα,"Τελικό Αποτέλεσμα",NTU,0.297
18/05/2023,23.7419006,37.95316688,4140,Θολότητα,"Τελικό Αποτέλεσμα",NTU,0.451
18/05/2023,23.73449966,37.92178254,4180,Θολότητα,"Τελικό Αποτέλεσμα",NTU,0.155
18/05/2023,23.72863096,37.93616832,4190,Θολότητα,"Τελικό Αποτέλεσμα",NTU,0.147
18/05/2023,23.7276664,37.95106354,4220,Θολότητα,"Τελικό Αποτέλεσμα",NTU,0.189
18/05/2023,23.72659763,37.95526612,4230,Θολότητα,"Τελικό Αποτέλεσμα",NTU,0.118
18/05/2023,23.78300677,38.09159562,1940,Θολότητα,"Τελικό Αποτέλεσμα",NTU,0.306
18/05/2024,23.783006772263,38.091595618101,1940,Θολότητα,"Τελικό Αποτέλεσμα",NTU,0.103
18/05/2025,23.783006772263,38.091595618101,1940,Θολότητα,"Τελικό Αποτέλεσμα",NTU,0.199
18/06/2023,23.78300677,38.09159562,1940,Θολότητα,"Τελικό Αποτέλεσμα",NTU,0.254
18/06/2024,23.854478659062,38.052884117638,105,Θολότητα,"Τελικό Αποτέλεσμα",NTU,0.172
18/06/2024,23.776825675098,38.065226258806,180,Θολότητα,"Τελικό Αποτέλεσμα",NTU,0.244
18/06/2024,23.794782865204,38.039643002291,230,Θολότητα,"Τελικό Αποτέλεσμα",NTU,0.229
18/06/2024,23.794652964206,38.035148911359,235,Θολότητα,"Τελικό Αποτέλεσμα",NTU,0.197
18/06/2024,23.751879192533,38.034424177094,3010,Θολότητα,"Τελικό Αποτέλεσμα",NTU,0.216
18/06/2024,23.752793157246,38.043419319626,3020,Θολότητα,"Τελικό Αποτέλεσμα",NTU,0.887
18/06/2024,23.757971853364,38.058890938524,3030,Θολότητα,"Τελικό Αποτέλεσμα",NTU,0.353
18/06/2024,23.804750637211,38.091557777528,3050,Θολότητα,"Τελικό Αποτέλεσμα",NTU,0.177
18/06/2024,23.807684504112,38.079687557148,3060,Θολότητα,"Τελικό Αποτέλεσμα",NTU,0.177
18/06/2024,23.857729632516,38.058870858803,3090,Θολότητα,"Τελικό Αποτέλεσμα",NTU,0.176
18/06/2024,23.858850831498,38.009405027534,3110,Θολότητα,"Τελικό Αποτέλεσμα",NTU,0.145
18/06/2024,23.885936114707,38.003486571993,3120,Θολότητα,"Τελικό Αποτέλεσμα",NTU,0.182
18/06/2024,23.883581420117,38.001665382065,3130,Θολότητα,"Τελικό Αποτέλεσμα",NTU,0.169
18/06/2024,23.832894356592,38.006902214705,3150,Θολότητα,"Τελικό Αποτέλεσμα",NTU,0.24
18/06/2024,23.817699699893,37.999417823294,3160,Θολότητα,"Τελικό Αποτέλεσμα",NTU,0.119
18/06/2024,23.796809568113,37.998195065074,3170,Θολότητα,"Τελικό Αποτέλεσμα",NTU,0.201
18/06/2024,23.794948631404,37.99586453832,3180,Θολότητα,"Τελικό Αποτέλεσμα",NTU,0.219
18/06/2024,23.795526554539,37.982104892246,3190,Θολότητα,"Τελικό Αποτέλεσμα",NTU,0.126
18/06/2024,23.780262690434,38.00051153767,3200,Θολότητα,"Τελικό Αποτέλεσμα",NTU,0.277
18/06/2024,23.787967770047,38.008481399044,3220,Θολότητα,"Τελικό Αποτέλεσμα",NTU,0.249
18/06/2024,23.780133361397,38.019944025229,3240,Θολότητα,"Τελικό Αποτέλεσμα",NTU,0.13
18/06/2024,23.811274027343,38.045728748791,3260,Θολότητα,"Τελικό Αποτέλεσμα",NTU,0.271
18/06/2024,23.82140342159,38.077356072108,3070,Θολότητα,"Τελικό Αποτέλεσμα",NTU,0.151
18/06/2024,23.782568605776,38.133625196225,1932,Θολότητα,"Τελικό Αποτέλεσμα",NTU,0.387
18/06/2024,23.749963626012,38.12819997308,1933,Θολότητα,"Τελικό Αποτέλεσμα",NTU,0.412
18/06/2024,23.852750702101,38.123335690418,1946,Θολότητα,"Τελικό Αποτέλεσμα",NTU,0.173
18/06/2024,23.83967824129,38.078175269616,1948,Θολότητα,"Τελικό Αποτέλεσμα",NTU,0.107
18/06/2024,23.812910673641,38.068454234426,1954,Θολότητα,"Τελικό Αποτέλεσμα",NTU,0.185
18/06/2024,23.829593872837,38.079036127069,1949,Θολότητα,"Τελικό Αποτέλεσμα",NTU,0.203
18/06/2024,23.864708334331,38.100617213765,1956,Θολότητα,"Τελικό Αποτέλεσμα",NTU,0.105
18/06/2024,23.783006772263,38.091595618101,1940,Θολότητα,"Τελικό Αποτέλεσμα",NTU,0.123
18/06/2024,22.898432401038,38.254054888272,7011,Θολότητα,"Τελικό Αποτέλεσμα",NTU,0.162
18/06/2025,23.848751638879,38.124166714577,4710,Θολότητα,"Τελικό Αποτέλεσμα",NTU,0.214
18/06/2025,23.908700098241,38.168241126955,4720,Θολότητα,"Τελικό Αποτέλεσμα",NTU,0.164
18/06/2025,24.034572330748,38.190401550712,4750,Θολότητα,"Τελικό Αποτέλεσμα",NTU,0.238
18/06/2025,23.977138138398,38.085743034532,4770,Θολότητα,"Τελικό Αποτέλεσμα",NTU,0.568
18/06/2025,23.989441223817,38.037783380352,4771,Θολότητα,"Τελικό Αποτέλεσμα",NTU,0.177
18/06/2025,24.012050710459,38.014370105797,4852,Θολότητα,"Τελικό Αποτέλεσμα",NTU,0.151
18/06/2025,24.007320013182,37.984167240863,4890,Θολότητα,"Τελικό Αποτέλεσμα",NTU,0.222
18/06/2025,23.90698069658,37.964512417317,4902,Θολότητα,"Τελικό Αποτέλεσμα",NTU,0.452
18/06/2025,23.973051962748,37.958463647889,4910,Θολότητα,"Τελικό Αποτέλεσμα",NTU,0.272
18/07/2023,23.67622507,38.03886797,2060,Θολότητα,"Τελικό Αποτέλεσμα",NTU,0.133
18/07/2023,23.48905185,37.97043569,2580,Θολότητα,"Τελικό Αποτέλεσμα",NTU,0.333
18/07/2023,23.52045976,37.94358544,1927,Θολότητα,"Τελικό Αποτέλεσμα",NTU,0.589
18/07/2023,23.46565745,37.91849312,1929,Θολότητα,"Τελικό Αποτέλεσμα",NTU,0.208
18/07/2023,23.49030054,37.99544729,1931,Θολότητα,"Τελικό Αποτέλεσμα",NTU,0.159
18/07/2023,23.78300677,38.09159562,1940,Θολότητα,"Τελικό Αποτέλεσμα",NTU,0.282
18/07/2023,23.85447866,38.05288412,105,Θολότητα,"Τελικό Αποτέλεσμα",NTU,0.205
18/07/2023,23.77682568,38.06522626,180,Θολότητα,"Τελικό Αποτέλεσμα",NTU,0.157
18/07/2023,23.83927879,38.06057978,185,Θολότητα,"Τελικό Αποτέλεσμα",NTU,0.166
18/07/2023,23.79478287,38.039643,230,Θολότητα,"Τελικό Αποτέλεσμα",NTU,0.108
18/07/2023,23.79465296,38.03514891,235,Θολότητα,"Τελικό Αποτέλεσμα",NTU,0.133
18/07/2023,23.75187919,38.03442418,3010,Θολότητα,"Τελικό Αποτέλεσμα",NTU,0.154
18/07/2023,23.75279316,38.04341932,3020,Θολότητα,"Τελικό Αποτέλεσμα",NTU,0.156
18/07/2023,23.75797185,38.05889094,3030,Θολότητα,"Τελικό Αποτέλεσμα",NTU,0.181
18/07/2023,23.80475064,38.09155778,3050,Θολότητα,"Τελικό Αποτέλεσμα",NTU,0.223
18/07/2023,23.8076845,38.07968756,3060,Θολότητα,"Τελικό Αποτέλεσμα",NTU,0.212
18/07/2023,23.82658845,38.06873396,3080,Θολότητα,"Τελικό Αποτέλεσμα",NTU,0.234
18/07/2023,23.85772963,38.05887086,3090,Θολότητα,"Τελικό Αποτέλεσμα",NTU,0.09
18/07/2023,23.85885083,38.00940503,3110,Θολότητα,"Τελικό Αποτέλεσμα",NTU,0.118
18/07/2023,23.88593611,38.00348657,3120,Θολότητα,"Τελικό Αποτέλεσμα",NTU,0.38
18/07/2023,23.88358142,38.00166538,3130,Θολότητα,"Τελικό Αποτέλεσμα",NTU,0.193
18/07/2023,23.83289436,38.00690221,3150,Θολότητα,"Τελικό Αποτέλεσμα",NTU,0.158
18/07/2023,23.8176997,37.99941782,3160,Θολότητα,"Τελικό Αποτέλεσμα",NTU,0.186
18/07/2023,23.79680957,37.99819507,3170,Θολότητα,"Τελικό Αποτέλεσμα",NTU,0.179
18/07/2023,23.79494863,37.99586454,3180,Θολότητα,"Τελικό Αποτέλεσμα",NTU,0.309
18/07/2023,23.79552655,37.98210489,3190,Θολότητα,"Τελικό Αποτέλεσμα",NTU,0.169
18/07/2023,23.78026269,38.00051154,3200,Θολότητα,"Τελικό Αποτέλεσμα",NTU,0.214
18/07/2023,23.78796777,38.0084814,3220,Θολότητα,"Τελικό Αποτέλεσμα",NTU,0.146
18/07/2023,23.78013336,38.01994403,3240,Θολότητα,"Τελικό Αποτέλεσμα",NTU,0.186
18/07/2023,23.78028136,38.04717905,3250,Θολότητα,"Τελικό Αποτέλεσμα",NTU,0.207
18/07/2023,23.81127403,38.04572875,3260,Θολότητα,"Τελικό Αποτέλεσμα",NTU,0.228
18/07/2024,23.64440874197,37.959511773378,1928,Θολότητα,"Τελικό Αποτέλεσμα",NTU,0.262
18/07/2024,23.655737542216,37.93998667845,1930,Θολότητα,"Τελικό Αποτέλεσμα",NTU,0.136
18/07/2024,23.686325223496,38.049805201469,1939,Θολότητα,"Τελικό Αποτέλεσμα",NTU,0.344
18/07/2024,23.577422634042,37.968422519545,1943,Θολότητα,"Τελικό Αποτέλεσμα",NTU,0.303
18/07/2024,23.576866413715,37.966827860412,1945,Θολότητα,"Τελικό Αποτέλεσμα",NTU,0.149
18/07/2024,23.783006772263,38.091595618101,1940,Θολότητα,"Τελικό Αποτέλεσμα",NTU,0.224
18/07/2024,23.854478659062,38.052884117638,105,Θολότητα,"Τελικό Αποτέλεσμα",NTU,0.271
18/07/2024,23.776825675098,38.065226258806,180,Θολότητα,"Τελικό Αποτέλεσμα",NTU,0.197
18/07/2024,23.794782865204,38.039643002291,230,Θολότητα,"Τελικό Αποτέλεσμα",NTU,0.202
18/07/2024,23.794652964206,38.035148911359,235,Θολότητα,"Τελικό Αποτέλεσμα",NTU,0.281
18/07/2024,23.751879192533,38.034424177094,3010,Θολότητα,"Τελικό Αποτέλεσμα",NTU,0.166
18/07/2024,23.752793157246,38.043419319626,3020,Θολότητα,"Τελικό Αποτέλεσμα",NTU,0.355
18/07/2024,23.757971853364,38.058890938524,3030,Θολότητα,"Τελικό Αποτέλεσμα",NTU,0.242
18/07/2024,23.804750637211,38.091557777528,3050,Θολότητα,"Τελικό Αποτέλεσμα",NTU,0.213
18/07/2024,23.807684504112,38.079687557148,3060,Θολότητα,"Τελικό Αποτέλεσμα",NTU,0.47
18/07/2024,23.826588445352,38.068733964465,3080,Θολότητα,"Τελικό Αποτέλεσμα",NTU,0.25
18/07/2024,23.857729632516,38.058870858803,3090,Θολότητα,"Τελικό Αποτέλεσμα",NTU,0.149
18/07/2024,23.858850831498,38.009405027534,3110,Θολότητα,"Τελικό Αποτέλεσμα",NTU,0.15
18/07/2024,23.883581420117,38.001665382065,3130,Θολότητα,"Τελικό Αποτέλεσμα",NTU,0.129
18/07/2024,23.832894356592,38.006902214705,3150,Θολότητα,"Τελικό Αποτέλεσμα",NTU,0.429
18/07/2024,23.817699699893,37.999417823294,3160,Θολότητα,"Τελικό Αποτέλεσμα",NTU,0.21
18/07/2024,23.796809568113,37.998195065074,3170,Θολότητα,"Τελικό Αποτέλεσμα",NTU,0.215
18/07/2024,23.794948631404,37.99586453832,3180,Θολότητα,"Τελικό Αποτέλεσμα",NTU,0.18
18/07/2024,23.795526554539,37.982104892246,3190,Θολότητα,"Τελικό Αποτέλεσμα",NTU,0.106
18/07/2024,23.780262690434,38.00051153767,3200,Θολότητα,"Τελικό Αποτέλεσμα",NTU,0.234
18/07/2024,23.780133361397,38.019944025229,3240,Θολότητα,"Τελικό Αποτέλεσμα",NTU,0.14
18/07/2024,23.811274027343,38.045728748791,3260,Θολότητα,"Τελικό Αποτέλεσμα",NTU,0.288
18/07/2025,23.709037749626,37.994059545664,2210,Θολότητα,"Τελικό Αποτέλεσμα",NTU,0.234
18/07/2025,23.763319132339,37.967110703832,120,Θολότητα,"Τελικό Αποτέλεσμα",NTU,0.24
18/07/2025,23.763738215853,37.962310018511,125,Θολότητα,"Τελικό Αποτέλεσμα",NTU,0.217
18/07/2025,23.746281527272,37.954949246394,130,Θολότητα,"Τελικό Αποτέλεσμα",NTU,0.214
18/07/2025,23.776486074062,37.996220978178,4020,Θολότητα,"Τελικό Αποτέλεσμα",NTU,0.243
18/07/2025,23.776446263032,37.992751677322,4030,Θολότητα,"Τελικό Αποτέλεσμα",NTU,0.349
18/07/2025,23.768783003349,37.982897797692,4040,Θολότητα,"Τελικό Αποτέλεσμα",NTU,0.351
18/07/2025,23.776569307759,37.971253159928,4060,Θολότητα,"Τελικό Αποτέλεσμα",NTU,0.185
18/07/2025,23.773236630704,37.96994397087,4070,Θολότητα,"Τελικό Αποτέλεσμα",NTU,0.225
18/07/2025,23.762108634131,37.974473318809,4080,Θολότητα,"Τελικό Αποτέλεσμα",NTU,0.429
18/07/2025,23.75945556984,37.970685038508,4090,Θολότητα,"Τελικό Αποτέλεσμα",NTU,0.379
18/07/2025,23.773590432102,37.94663449198,4100,Θολότητα,"Τελικό Αποτέλεσμα",NTU,0.156
18/07/2025,23.758414161627,37.957340941046,4110,Θολότητα,"Τελικό Αποτέλεσμα",NTU,0.467
18/07/2025,23.748324301254,37.957281035336,4120,Θολότητα,"Τελικό Αποτέλεσμα",NTU,0.249
18/07/2025,23.74190059516,37.95316687964,4140,Θολότητα,"Τελικό Αποτέλεσμα",NTU,0.441
18/07/2025,23.75099402587,37.930222535019,4160,Θολότητα,"Τελικό Αποτέλεσμα",NTU,0.128
18/07/2025,23.727666402305,37.95106353914,4220,Θολότητα,"Τελικό Αποτέλεσμα",NTU,0.279
18/07/2025,23.726597630536,37.955266120446,4230,Θολότητα,"Τελικό Αποτέλεσμα",NTU,0.356
18/07/2025,23.728630962837,37.936168316,4190,Θολότητα,"Τελικό Αποτέλεσμα",NTU,0.148
18/07/2025,23.818436102886,38.030152774666,191,Θολότητα,"Τελικό Αποτέλεσμα",NTU,0.214
18/08/2023,23.78300677,38.09159562,1940,Θολότητα,"Τελικό Αποτέλεσμα",NTU,0.245
18/08/2023,23.85447866,38.05288412,105,Θολότητα,"Τελικό Αποτέλεσμα",NTU,0.279
18/08/2023,23.77682568,38.06522626,180,Θολότητα,"Τελικό Αποτέλεσμα",NTU,0.274
18/08/2023,23.83927879,38.06057978,185,Θολότητα,"Τελικό Αποτέλεσμα",NTU,0.107
18/08/2023,23.79478287,38.039643,230,Θολότητα,"Τελικό Αποτέλεσμα",NTU,0.215
18/08/2023,23.79465296,38.03514891,235,Θολότητα,"Τελικό Αποτέλεσμα",NTU,0.104
18/08/2023,23.75187919,38.03442418,3010,Θολότητα,"Τελικό Αποτέλεσμα",NTU,0.173
18/08/2023,23.75279316,38.04341932,3020,Θολότητα,"Τελικό Αποτέλεσμα",NTU,0.081
18/08/2023,23.75797185,38.05889094,3030,Θολότητα,"Τελικό Αποτέλεσμα",NTU,0.235
18/08/2023,23.76291115,38.06333221,3040,Θολότητα,"Τελικό Αποτέλεσμα",NTU,0.131
18/08/2023,23.80475064,38.09155778,3050,Θολότητα,"Τελικό Αποτέλεσμα",NTU,0.25
18/08/2023,23.8076845,38.07968756,3060,Θολότητα,"Τελικό Αποτέλεσμα",NTU,0.163
18/08/2023,23.85772963,38.05887086,3090,Θολότητα,"Τελικό Αποτέλεσμα",NTU,0.331
18/08/2023,23.85885083,38.00940503,3110,Θολότητα,"Τελικό Αποτέλεσμα",NTU,0.264
18/08/2023,23.88593611,38.00348657,3120,Θολότητα,"Τελικό Αποτέλεσμα",NTU,0.542
18/08/2023,23.88358142,38.00166538,3130,Θολότητα,"Τελικό Αποτέλεσμα",NTU,0.13
18/08/2023,23.83289436,38.00690221,3150,Θολότητα,"Τελικό Αποτέλεσμα",NTU,0.332
18/08/2023,23.8176997,37.99941782,3160,Θολότητα,"Τελικό Αποτέλεσμα",NTU,0.072
18/08/2023,23.79680957,37.99819507,3170,Θολότητα,"Τελικό Αποτέλεσμα",NTU,0.129
18/08/2023,23.79494863,37.99586454,3180,Θολότητα,"Τελικό Αποτέλεσμα",NTU,0.101
18/08/2023,23.79552655,37.98210489,3190,Θολότητα,"Τελικό Αποτέλεσμα",NTU,0.233
18/08/2023,23.78026269,38.00051154,3200,Θολότητα,"Τελικό Αποτέλεσμα",NTU,0.097
18/08/2023,23.78796777,38.0084814,3220,Θολότητα,"Τελικό Αποτέλεσμα",NTU,0.508
18/08/2023,23.78028136,38.04717905,3250,Θολότητα,"Τελικό Αποτέλεσμα",NTU,0.356
18/08/2023,23.81127403,38.04572875,3260,Θολότητα,"Τελικό Αποτέλεσμα",NTU,0.168
18/08/2024,23.783006772263,38.091595618101,1940,Θολότητα,"Τελικό Αποτέλεσμα",NTU,0.146
18/09/2023,23.78300677,38.09159562,1940,Θολότητα,"Τελικό Αποτέλεσμα",NTU,0.303
18/09/2023,23.72850158,38.02107731,2010,Θολότητα,"Τελικό Αποτέλεσμα",NTU,0.194
18/09/2023,23.71516747,38.06439445,2020,Θολότητα,"Τελικό Αποτέλεσμα",NTU,0.128
18/09/2023,23.70747263,38.06250703,2030,Θολότητα,"Τελικό Αποτέλεσμα",NTU,0.158
18/09/2023,23.684522,38.04327857,2050,Θολότητα,"Τελικό Αποτέλεσμα",NTU,0.118
18/09/2023,23.67622507,38.03886797,2060,Θολότητα,"Τελικό Αποτέλεσμα",NTU,0.159
18/09/2023,23.69070897,38.03873978,2070,Θολότητα,"Τελικό Αποτέλεσμα",NTU,0.162
18/09/2023,23.71109252,38.03060497,2080,Θολότητα,"Τελικό Αποτέλεσμα",NTU,0.214
18/09/2023,23.70393953,38.01961122,2090,Θολότητα,"Τελικό Αποτέλεσμα",NTU,0.28
18/09/2023,23.690026,38.01459418,2100,Θολότητα,"Τελικό Αποτέλεσμα",NTU,0.277
18/09/2023,23.68563533,38.01170402,2110,Θολότητα,"Τελικό Αποτέλεσμα",NTU,0.273
18/09/2023,23.69068855,38.00659931,2130,Θολότητα,"Τελικό Αποτέλεσμα",NTU,0.168
18/09/2023,23.63371988,38.01446194,2140,Θολότητα,"Τελικό Αποτέλεσμα",NTU,0.17
18/09/2023,23.60436979,38.01172891,2150,Θολότητα,"Τελικό Αποτέλεσμα",NTU,0.173
18/09/2023,23.66048215,38.00325623,2160,Θολότητα,"Τελικό Αποτέλεσμα",NTU,0.3
18/09/2023,23.65721338,37.99035734,2170,Θολότητα,"Τελικό Αποτέλεσμα",NTU,0.261
18/09/2023,23.66968564,37.99103311,2180,Θολότητα,"Τελικό Αποτέλεσμα",NTU,0.128
18/09/2023,23.68827264,37.99218476,2190,Θολότητα,"Τελικό Αποτέλεσμα",NTU,0.435
18/09/2023,23.70903775,37.99405955,2210,Θολότητα,"Τελικό Αποτέλεσμα",NTU,0.175
18/09/2023,23.71167012,37.99890096,2220,Θολότητα,"Τελικό Αποτέλεσμα",NTU,0.127
18/09/2023,23.72396633,38.00996468,2240,Θολότητα,"Τελικό Αποτέλεσμα",NTU,0.108
18/09/2023,23.60908187,38.01006333,2250,Θολότητα,"Τελικό Αποτέλεσμα",NTU,0.125
18/09/2023,23.90348973,37.82055314,6705,Θολότητα,"Τελικό Αποτέλεσμα",NTU,0.336
18/09/2024,23.848751638879,38.124166714577,4710,Θολότητα,"Τελικό Αποτέλεσμα",NTU,0.222
18/09/2024,23.908700098241,38.168241126955,4720,Θολότητα,"Τελικό Αποτέλεσμα",NTU,0.192
18/09/2024,24.034572330748,38.190401550712,4750,Θολότητα,"Τελικό Αποτέλεσμα",NTU,0.162
18/09/2024,23.989441223817,38.037783380352,4771,Θολότητα,"Τελικό Αποτέλεσμα",NTU,0.167
18/09/2024,24.012050710459,38.014370105797,4852,Θολότητα,"Τελικό Αποτέλεσμα",NTU,0.169
18/09/2024,24.007320013182,37.984167240863,4890,Θολότητα,"Τελικό Αποτέλεσμα",NTU,0.156
18/09/2024,23.90698069658,37.964512417317,4902,Θολότητα,"Τελικό Αποτέλεσμα",NTU,0.218
18/09/2024,23.973051962748,37.958463647889,4910,Θολότητα,"Τελικό Αποτέλεσμα",NTU,0.077
18/09/2024,23.783006772263,38.091595618101,1940,Θολότητα,"Τελικό Αποτέλεσμα",NTU,0.15
18/10/2023,23.78300677,38.09159562,1940,Θολότητα,"Τελικό Αποτέλεσμα",NTU,0.268
18/10/2023,23.72850158,38.02107731,2010,Θολότητα,"Τελικό Αποτέλεσμα",NTU,0.209
18/10/2023,23.71516747,38.06439445,2020,Θολότητα,"Τελικό Αποτέλεσμα",NTU,0.256
18/10/2023,23.684522,38.04327857,2050,Θολότητα,"Τελικό Αποτέλεσμα",NTU,0.142
18/10/2023,23.63371988,38.01446194,2140,Θολότητα,"Τελικό Αποτέλεσμα",NTU,0.148
18/10/2024,23.783006772263,38.091595618101,1940,Θολότητα,"Τελικό Αποτέλεσμα",NTU,0.12
18/10/2024,23.854478659062,38.052884117638,105,Θολότητα,"Τελικό Αποτέλεσμα",NTU,0.523
18/10/2024,23.776825675098,38.065226258806,180,Θολότητα,"Τελικό Αποτέλεσμα",NTU,0.247
18/10/2024,23.794782865204,38.039643002291,230,Θολότητα,"Τελικό Αποτέλεσμα",NTU,0.185
18/10/2024,23.794652964206,38.035148911359,235,Θολότητα,"Τελικό Αποτέλεσμα",NTU,0.162
18/10/2024,23.751879192533,38.034424177094,3010,Θολότητα,"Τελικό Αποτέλεσμα",NTU,0.251
18/10/2024,23.752793157246,38.043419319626,3020,Θολότητα,"Τελικό Αποτέλεσμα",NTU,0.133
18/10/2024,23.757971853364,38.058890938524,3030,Θολότητα,"Τελικό Αποτέλεσμα",NTU,0.288
18/10/2024,23.804750637211,38.091557777528,3050,Θολότητα,"Τελικό Αποτέλεσμα",NTU,0.205
18/10/2024,23.807684504112,38.079687557148,3060,Θολότητα,"Τελικό Αποτέλεσμα",NTU,0.421
18/10/2024,23.826588445352,38.068733964465,3080,Θολότητα,"Τελικό Αποτέλεσμα",NTU,0.25
18/10/2024,23.857729632516,38.058870858803,3090,Θολότητα,"Τελικό Αποτέλεσμα",NTU,0.2
18/10/2024,23.858850831498,38.009405027534,3110,Θολότητα,"Τελικό Αποτέλεσμα",NTU,0.345
18/10/2024,23.885936114707,38.003486571993,3120,Θολότητα,"Τελικό Αποτέλεσμα",NTU,0.248
18/10/2024,23.883581420117,38.001665382065,3130,Θολότητα,"Τελικό Αποτέλεσμα",NTU,0.255
18/10/2024,23.832894356592,38.006902214705,3150,Θολότητα,"Τελικό Αποτέλεσμα",NTU,0.369
18/10/2024,23.817699699893,37.999417823294,3160,Θολότητα,"Τελικό Αποτέλεσμα",NTU,0.311
18/10/2024,23.796809568113,37.998195065074,3170,Θολότητα,"Τελικό Αποτέλεσμα",NTU,0.31
18/10/2024,23.794948631404,37.99586453832,3180,Θολότητα,"Τελικό Αποτέλεσμα",NTU,0.292
18/10/2024,23.795526554539,37.982104892246,3190,Θολότητα,"Τελικό Αποτέλεσμα",NTU,0.301
18/10/2024,23.780262690434,38.00051153767,3200,Θολότητα,"Τελικό Αποτέλεσμα",NTU,0.188
18/10/2024,23.787967770047,38.008481399044,3220,Θολότητα,"Τελικό Αποτέλεσμα",NTU,0.285
18/10/2024,23.780133361397,38.019944025229,3240,Θολότητα,"Τελικό Αποτέλεσμα",NTU,0.178
18/10/2024,23.811274027343,38.045728748791,3260,Θολότητα,"Τελικό Αποτέλεσμα",NTU,0.212
18/11/2023,23.78300677,38.09159562,1940,Θολότητα,"Τελικό Αποτέλεσμα",NTU,0.182
18/11/2024,23.728501580857,38.021077305988,2010,Θολότητα,"Τελικό Αποτέλεσμα",NTU,0.306
18/11/2024,23.715167470658,38.064394448168,2020,Θολότητα,"Τελικό Αποτέλεσμα",NTU,0.161
18/11/2024,23.707472628441,38.062507031886,2030,Θολότητα,"Τελικό Αποτέλεσμα",NTU,0.254
18/11/2024,23.684521996488,38.043278569813,2050,Θολότητα,"Τελικό Αποτέλεσμα",NTU,0.164
18/11/2024,23.676225070778,38.038867972537,2060,Θολότητα,"Τελικό Αποτέλεσμα",NTU,0.2
18/11/2024,23.690708971278,38.03873977939,2070,Θολότητα,"Τελικό Αποτέλεσμα",NTU,0.183
18/11/2024,23.703939528461,38.019611224386,2090,Θολότητα,"Τελικό Αποτέλεσμα",NTU,0.161
18/11/2024,23.690026001721,38.014594179034,2100,Θολότητα,"Τελικό Αποτέλεσμα",NTU,0.16
18/11/2024,23.685635325645,38.011704015052,2110,Θολότητα,"Τελικό Αποτέλεσμα",NTU,0.282
18/11/2024,23.690688548717,38.006599310386,2130,Θολότητα,"Τελικό Αποτέλεσμα",NTU,0.157
18/11/2024,23.604369787474,38.011728905427,2150,Θολότητα,"Τελικό Αποτέλεσμα",NTU,0.154
18/11/2024,23.660482152024,38.003256233801,2160,Θολότητα,"Τελικό Αποτέλεσμα",NTU,0.203
18/11/2024,23.657213383477,37.990357336342,2170,Θολότητα,"Τελικό Αποτέλεσμα",NTU,0.156
18/11/2024,23.669685637381,37.991033114281,2180,Θολότητα,"Τελικό Αποτέλεσμα",NTU,0.201
18/11/2024,23.688272639454,37.992184760882,2190,Θολότητα,"Τελικό Αποτέλεσμα",NTU,0.121
18/11/2024,23.709037749626,37.994059545664,2210,Θολότητα,"Τελικό Αποτέλεσμα",NTU,0.231
18/11/2024,23.711670124237,37.998900962404,2220,Θολότητα,"Τελικό Αποτέλεσμα",NTU,0.177
18/11/2024,23.723966332053,38.00996468276,2240,Θολότητα,"Τελικό Αποτέλεσμα",NTU,0.383
18/11/2024,23.609081866002,38.010063327816,2250,Θολότητα,"Τελικό Αποτέλεσμα",NTU,0.348
18/11/2024,23.635233804352,37.972826147816,1926,Θολότητα,"Τελικό Αποτέλεσμα",NTU,0.152
18/11/2024,23.650491791439,38.020690523541,1936,Θολότητα,"Τελικό Αποτέλεσμα",NTU,0.114
18/11/2024,23.660572199344,37.996594669998,1950,Θολότητα,"Τελικό Αποτέλεσμα",NTU,0.142
18/11/2024,23.637482500551,37.984946451231,1941,Θολότητα,"Τελικό Αποτέλεσμα",NTU,0.095
18/11/2024,23.636736270073,37.985919067278,1935,Θολότητα,"Τελικό Αποτέλεσμα",NTU,0.222
18/11/2024,23.644052286684,38.004264948522,1947,Θολότητα,"Τελικό Αποτέλεσμα",NTU,0.097
18/11/2024,23.783006772263,38.091595618101,1940,Θολότητα,"Τελικό Αποτέλεσμα",NTU,0.124
18/12/2023,23.53153657,38.07172532,2260,Θολότητα,"Τελικό Αποτέλεσμα",NTU,0.244
18/12/2023,23.75121334,38.12052926,2270,Θολότητα,"Τελικό Αποτέλεσμα",NTU,0.407
18/12/2023,23.78300677,38.09159562,1940,Θολότητα,"Τελικό Αποτέλεσμα",NTU,0.206
18/12/2023,23.85447866,38.05288412,105,Θολότητα,"Τελικό Αποτέλεσμα",NTU,0.417
18/12/2023,23.77682568,38.06522626,180,Θολότητα,"Τελικό Αποτέλεσμα",NTU,0.151
18/12/2023,23.79478287,38.039643,230,Θολότητα,"Τελικό Αποτέλεσμα",NTU,0.099
18/12/2023,23.79465296,38.03514891,235,Θολότητα,"Τελικό Αποτέλεσμα",NTU,0.228
18/12/2023,23.75187919,38.03442418,3010,Θολότητα,"Τελικό Αποτέλεσμα",NTU,0.166
18/12/2023,23.75279316,38.04341932,3020,Θολότητα,"Τελικό Αποτέλεσμα",NTU,0.312
18/12/2023,23.75797185,38.05889094,3030,Θολότητα,"Τελικό Αποτέλεσμα",NTU,0.146
18/12/2023,23.80475064,38.09155778,3050,Θολότητα,"Τελικό Αποτέλεσμα",NTU,0.312
18/12/2023,23.8076845,38.07968756,3060,Θολότητα,"Τελικό Αποτέλεσμα",NTU,0.092
18/12/2023,23.82658845,38.06873396,3080,Θολότητα,"Τελικό Αποτέλεσμα",NTU,0.342
18/12/2023,23.85772963,38.05887086,3090,Θολότητα,"Τελικό Αποτέλεσμα",NTU,0.258
18/12/2023,23.85885083,38.00940503,3110,Θολότητα,"Τελικό Αποτέλεσμα",NTU,0.107
18/12/2023,23.88593611,38.00348657,3120,Θολότητα,"Τελικό Αποτέλεσμα",NTU,0.196
18/12/2023,23.88358142,38.00166538,3130,Θολότητα,"Τελικό Αποτέλεσμα",NTU,0.171
18/12/2023,23.83289436,38.00690221,3150,Θολότητα,"Τελικό Αποτέλεσμα",NTU,0.205
18/12/2023,23.8176997,37.99941782,3160,Θολότητα,"Τελικό Αποτέλεσμα",NTU,0.147
18/12/2023,23.79680957,37.99819507,3170,Θολότητα,"Τελικό Αποτέλεσμα",NTU,0.091
18/12/2023,23.79494863,37.99586454,3180,Θολότητα,"Τελικό Αποτέλεσμα",NTU,0.198
18/12/2023,23.79552655,37.98210489,3190,Θολότητα,"Τελικό Αποτέλεσμα",NTU,0.218
18/12/2023,23.78026269,38.00051154,3200,Θολότητα,"Τελικό Αποτέλεσμα",NTU,0.13
18/12/2023,23.78796777,38.0084814,3220,Θολότητα,"Τελικό Αποτέλεσμα",NTU,0.284
18/12/2023,23.78013336,38.01994403,3240,Θολότητα,"Τελικό Αποτέλεσμα",NTU,0.203
18/12/2023,23.81127403,38.04572875,3260,Θολότητα,"Τελικό Αποτέλεσμα",NTU,0.177
18/12/2024,23.667489894288,37.958032027277,7170,Θολότητα,"Τελικό Αποτέλεσμα",NTU,0.211
18/12/2024,23.635233804352,37.972826147816,1926,Θολότητα,"Τελικό Αποτέλεσμα",NTU,0.414
18/12/2024,23.660572199344,37.996594669998,1950,Θολότητα,"Τελικό Αποτέλεσμα",NTU,0.185
18/12/2024,23.644052286684,38.004264948522,1947,Θολότητα,"Τελικό Αποτέλεσμα",NTU,0.199
18/12/2024,23.763319132339,37.967110703832,120,Θολότητα,"Τελικό Αποτέλεσμα",NTU,0.179
18/12/2024,23.763738215853,37.962310018511,125,Θολότητα,"Τελικό Αποτέλεσμα",NTU,0.169
18/12/2024,23.746281527272,37.954949246394,130,Θολότητα,"Τελικό Αποτέλεσμα",NTU,0.161
18/12/2024,23.769027158681,37.993391314662,4010,Θολότητα,"Τελικό Αποτέλεσμα",NTU,0.87
18/12/2024,23.776486074062,37.996220978178,4020,Θολότητα,"Τελικό Αποτέλεσμα",NTU,0.189
18/12/2024,23.776446263032,37.992751677322,4030,Θολότητα,"Τελικό Αποτέλεσμα",NTU,0.203
18/12/2024,23.768783003349,37.982897797692,4040,Θολότητα,"Τελικό Αποτέλεσμα",NTU,0.285
18/12/2024,23.776569307759,37.971253159928,4060,Θολότητα,"Τελικό Αποτέλεσμα",NTU,0.231
18/12/2024,23.773236630704,37.96994397087,4070,Θολότητα,"Τελικό Αποτέλεσμα",NTU,0.32
18/12/2024,23.762108634131,37.974473318809,4080,Θολότητα,"Τελικό Αποτέλεσμα",NTU,0.173
18/12/2024,23.773590432102,37.94663449198,4100,Θολότητα,"Τελικό Αποτέλεσμα",NTU,0.154
18/12/2024,23.758414161627,37.957340941046,4110,Θολότητα,"Τελικό Αποτέλεσμα",NTU,0.451
18/12/2024,23.748324301254,37.957281035336,4120,Θολότητα,"Τελικό Αποτέλεσμα",NTU,0.129
18/12/2024,23.74190059516,37.95316687964,4140,Θολότητα,"Τελικό Αποτέλεσμα",NTU,0.182
18/12/2024,23.75099402587,37.930222535019,4160,Θολότητα,"Τελικό Αποτέλεσμα",NTU,0.132
18/12/2024,23.734499659649,37.921782537866,4180,Θολότητα,"Τελικό Αποτέλεσμα",NTU,0.259
18/12/2024,23.728630962837,37.936168316,4190,Θολότητα,"Τελικό Αποτέλεσμα",NTU,0.354
18/12/2024,23.727666402305,37.95106353914,4220,Θολότητα,"Τελικό Αποτέλεσμα",NTU,0.457
18/12/2024,23.726597630536,37.955266120446,4230,Θολότητα,"Τελικό Αποτέλεσμα",NTU,0.414
18/12/2024,23.783006772263,38.091595618101,1940,Θολότητα,"Τελικό Αποτέλεσμα",NTU,0.144
19/01/2023,23.78300677,38.09159562,1940,Θολότητα,"Τελικό Αποτέλεσμα",NTU,0.252
19/01/2023,23.8176997,37.99941782,3160,Θολότητα,"Τελικό Αποτέλεσμα",NTU,0.276
19/01/2023,23.85447866,38.05288412,105,Θολότητα,"Τελικό Αποτέλεσμα",NTU,0.158
19/01/2023,23.77682568,38.06522626,180,Θολότητα,"Τελικό Αποτέλεσμα",NTU,0.194
19/01/2023,23.83927879,38.06057978,185,Θολότητα,"Τελικό Αποτέλεσμα",NTU,0.172
19/01/2023,23.79478287,38.039643,230,Θολότητα,"Τελικό Αποτέλεσμα",NTU,0.092
19/01/2023,23.79465296,38.03514891,235,Θολότητα,"Τελικό Αποτέλεσμα",NTU,0.56
19/01/2023,23.75187919,38.03442418,3010,Θολότητα,"Τελικό Αποτέλεσμα",NTU,0.338
19/01/2023,23.75797185,38.05889094,3030,Θολότητα,"Τελικό Αποτέλεσμα",NTU,0.288
19/01/2023,23.80475064,38.09155778,3050,Θολότητα,"Τελικό Αποτέλεσμα",NTU,0.082
19/01/2023,23.8076845,38.07968756,3060,Θολότητα,"Τελικό Αποτέλεσμα",NTU,0.16
19/01/2023,23.82658845,38.06873396,3080,Θολότητα,"Τελικό Αποτέλεσμα",NTU,0.112
19/01/2023,23.85772963,38.05887086,3090,Θολότητα,"Τελικό Αποτέλεσμα",NTU,0.151
19/01/2023,23.85885083,38.00940503,3110,Θολότητα,"Τελικό Αποτέλεσμα",NTU,0.224
19/01/2023,23.88593611,38.00348657,3120,Θολότητα,"Τελικό Αποτέλεσμα",NTU,0.308
19/01/2023,23.88358142,38.00166538,3130,Θολότητα,"Τελικό Αποτέλεσμα",NTU,0.35
19/01/2023,23.83289436,38.00690221,3150,Θολότητα,"Τελικό Αποτέλεσμα",NTU,0.6
19/01/2023,23.79494863,37.99586454,3180,Θολότητα,"Τελικό Αποτέλεσμα",NTU,0.528
19/01/2023,23.79552655,37.98210489,3190,Θολότητα,"Τελικό Αποτέλεσμα",NTU,0.268
19/01/2023,23.78026269,38.00051154,3200,Θολότητα,"Τελικό Αποτέλεσμα",NTU,0.27
19/01/2023,23.78796777,38.0084814,3220,Θολότητα,"Τελικό Αποτέλεσμα",NTU,0.27
19/01/2023,23.78013336,38.01994403,3240,Θολότητα,"Τελικό Αποτέλεσμα",NTU,0.253
19/01/2023,23.78028136,38.04717905,3250,Θολότητα,"Τελικό Αποτέλεσμα",NTU,0.144
19/01/2023,23.81127403,38.04572875,3260,Θολότητα,"Τελικό Αποτέλεσμα",NTU,0.22
19/01/2023,23.75279316,38.04341932,3020,Θολότητα,"Τελικό Αποτέλεσμα",NTU,0.208
19/01/2023,23.6374825,37.98494645,1941,Θολότητα,"Τελικό Αποτέλεσμα",NTU,0.138
19/01/2025,23.783006772263,38.091595618101,1940,Θολότητα,"Τελικό Αποτέλεσμα",NTU,0.096
19/02/2023,23.78300677,38.09159562,1940,Θολότητα,"Τελικό Αποτέλεσμα",NTU,0.182
19/02/2025,23.783006772263,38.091595618101,1940,Θολότητα,"Τελικό Αποτέλεσμα",NTU,0.202
19/02/2025,23.763319132339,37.967110703832,120,Θολότητα,"Τελικό Αποτέλεσμα",NTU,0.149
19/02/2025,23.763738215853,37.962310018511,125,Θολότητα,"Τελικό Αποτέλεσμα",NTU,0.147
19/02/2025,23.746281527272,37.954949246394,130,Θολότητα,"Τελικό Αποτέλεσμα",NTU,0.3
19/02/2025,23.776486074062,37.996220978178,4020,Θολότητα,"Τελικό Αποτέλεσμα",NTU,0.217
19/02/2025,23.776446263032,37.992751677322,4030,Θολότητα,"Τελικό Αποτέλεσμα",NTU,0.235
19/02/2025,23.768783003349,37.982897797692,4040,Θολότητα,"Τελικό Αποτέλεσμα",NTU,0.308
19/02/2025,23.776569307759,37.971253159928,4060,Θολότητα,"Τελικό Αποτέλεσμα",NTU,0.135
19/02/2025,23.773236630704,37.96994397087,4070,Θολότητα,"Τελικό Αποτέλεσμα",NTU,0.202
19/02/2025,23.762108634131,37.974473318809,4080,Θολότητα,"Τελικό Αποτέλεσμα",NTU,0.326
19/02/2025,23.75945556984,37.970685038508,4090,Θολότητα,"Τελικό Αποτέλεσμα",NTU,0.558
19/02/2025,23.773590432102,37.94663449198,4100,Θολότητα,"Τελικό Αποτέλεσμα",NTU,0.579
19/02/2025,23.758414161627,37.957340941046,4110,Θολότητα,"Τελικό Αποτέλεσμα",NTU,0.772
19/02/2025,23.748324301254,37.957281035336,4120,Θολότητα,"Τελικό Αποτέλεσμα",NTU,0.275
19/02/2025,23.74190059516,37.95316687964,4140,Θολότητα,"Τελικό Αποτέλεσμα",NTU,0.158
19/02/2025,23.75099402587,37.930222535019,4160,Θολότητα,"Τελικό Αποτέλεσμα",NTU,0.278
19/02/2025,23.734499659649,37.921782537866,4180,Θολότητα,"Τελικό Αποτέλεσμα",NTU,0.556
19/02/2025,23.728630962837,37.936168316,4190,Θολότητα,"Τελικό Αποτέλεσμα",NTU,0.157
19/02/2025,23.727666402305,37.95106353914,4220,Θολότητα,"Τελικό Αποτέλεσμα",NTU,0.605
19/03/2023,23.78300677,38.09159562,1940,Θολότητα,"Τελικό Αποτέλεσμα",NTU,0.235
19/03/2025,23.33981263989,38.004108484322,225,Θολότητα,"Τελικό Αποτέλεσμα",NTU,0.144
19/03/2025,23.728501580857,38.021077305988,2010,Θολότητα,"Τελικό Αποτέλεσμα",NTU,0.274
19/03/2025,23.715167470658,38.064394448168,2020,Θολότητα,"Τελικό Αποτέλεσμα",NTU,0.124
19/03/2025,23.707472628441,38.062507031886,2030,Θολότητα,"Τελικό Αποτέλεσμα",NTU,0.248
19/03/2025,23.684521996488,38.043278569813,2050,Θολότητα,"Τελικό Αποτέλεσμα",NTU,0.261
19/03/2025,23.676225070778,38.038867972537,2060,Θολότητα,"Τελικό Αποτέλεσμα",NTU,0.34
19/03/2025,23.690708971278,38.03873977939,2070,Θολότητα,"Τελικό Αποτέλεσμα",NTU,0.392
19/03/2025,23.711092519709,38.030604970232,2080,Θολότητα,"Τελικό Αποτέλεσμα",NTU,0.336
19/03/2025,23.703939528461,38.019611224386,2090,Θολότητα,"Τελικό Αποτέλεσμα",NTU,0.163
19/03/2025,23.690026001721,38.014594179034,2100,Θολότητα,"Τελικό Αποτέλεσμα",NTU,0.31
19/03/2025,23.685635325645,38.011704015052,2110,Θολότητα,"Τελικό Αποτέλεσμα",NTU,0.245
19/03/2025,23.690688548717,38.006599310386,2130,Θολότητα,"Τελικό Αποτέλεσμα",NTU,0.214
19/03/2025,23.633719884257,38.014461935654,2140,Θολότητα,"Τελικό Αποτέλεσμα",NTU,0.304
19/03/2025,23.604369787474,38.011728905427,2150,Θολότητα,"Τελικό Αποτέλεσμα",NTU,0.253
19/03/2025,23.660482152024,38.003256233801,2160,Θολότητα,"Τελικό Αποτέλεσμα",NTU,0.214
19/03/2025,23.657213383477,37.990357336342,2170,Θολότητα,"Τελικό Αποτέλεσμα",NTU,0.248
19/03/2025,23.669685637381,37.991033114281,2180,Θολότητα,"Τελικό Αποτέλεσμα",NTU,0.22
19/03/2025,23.688272639454,37.992184760882,2190,Θολότητα,"Τελικό Αποτέλεσμα",NTU,0.178
19/03/2025,23.709037749626,37.994059545664,2210,Θολότητα,"Τελικό Αποτέλεσμα",NTU,0.177
19/03/2025,23.711670124237,37.998900962404,2220,Θολότητα,"Τελικό Αποτέλεσμα",NTU,0.284
19/03/2025,23.723966332053,38.00996468276,2240,Θολότητα,"Τελικό Αποτέλεσμα",NTU,0.186
19/03/2025,23.609081866002,38.010063327816,2250,Θολότητα,"Τελικό Αποτέλεσμα",NTU,0.19
19/03/2025,23.783006772263,38.091595618101,1940,Θολότητα,"Τελικό Αποτέλεσμα",NTU,0.254
19/04/2023,23.84875164,38.12416671,4710,Θολότητα,"Τελικό Αποτέλεσμα",NTU,0.13
19/04/2023,23.9087001,38.16824113,4720,Θολότητα,"Τελικό Αποτέλεσμα",NTU,0.123
19/04/2023,24.03457233,38.19040155,4750,Θολότητα,"Τελικό Αποτέλεσμα",NTU,0.298
19/04/2023,23.97713814,38.08574303,4770,Θολότητα,"Τελικό Αποτέλεσμα",NTU,0.115
19/04/2023,23.98944122,38.03778338,4771,Θολότητα,"Τελικό Αποτέλεσμα",NTU,0.103
19/04/2023,23.9814898,38.06170646,4800,Θολότητα,"Τελικό Αποτέλεσμα",NTU,0.069
19/04/2023,24.01205071,38.01437011,4852,Θολότητα,"Τελικό Αποτέλεσμα",NTU,0.14
19/04/2023,24.00732001,37.98416724,4890,Θολότητα,"Τελικό Αποτέλεσμα",NTU,0.095
19/04/2023,23.9069807,37.96451242,4902,Θολότητα,"Τελικό Αποτέλεσμα",NTU,0.263
19/04/2023,23.97305196,37.95846365,4910,Θολότητα,"Τελικό Αποτέλεσμα",NTU,0.141
19/04/2023,23.78300677,38.09159562,1940,Θολότητα,"Τελικό Αποτέλεσμα",NTU,0.181
19/04/2025,23.783006772263,38.091595618101,1940,Θολότητα,"Τελικό Αποτέλεσμα",NTU,0.281
19/05/2023,23.78300677,38.09159562,1940,Θολότητα,"Τελικό Αποτέλεσμα",NTU,0.283
19/05/2023,23.76621884,37.94149317,135,Θολότητα,"Τελικό Αποτέλεσμα",NTU,0.344
19/05/2023,23.70168246,37.91807243,137,Θολότητα,"Τελικό Αποτέλεσμα",NTU,0.202
19/05/2023,23.78205391,37.85203476,139,Θολότητα,"Τελικό Αποτέλεσμα",NTU,0.262
19/05/2023,23.80223198,37.83311234,140,Θολότητα,"Τελικό Αποτέλεσμα",NTU,0.135
19/05/2023,23.74864808,37.91609723,5010,Θολότητα,"Τελικό Αποτέλεσμα",NTU,0.081
19/05/2023,23.75342223,37.90482065,5020,Θολότητα,"Τελικό Αποτέλεσμα",NTU,0.43
19/05/2023,23.74605589,37.88420804,5040,Θολότητα,"Τελικό Αποτέλεσμα",NTU,0.114
19/05/2023,23.75796495,37.86035435,5050,Θολότητα,"Τελικό Αποτέλεσμα",NTU,0.142
19/05/2023,23.76070017,37.8524034,5060,Θολότητα,"Τελικό Αποτέλεσμα",NTU,0.251
19/05/2023,23.75697704,37.84809852,5080,Θολότητα,"Τελικό Αποτέλεσμα",NTU,0.288
19/05/2023,23.76068543,37.81516677,5090,Θολότητα,"Τελικό Αποτέλεσμα",NTU,0.131
19/05/2023,23.77438684,37.81229933,5100,Θολότητα,"Τελικό Αποτέλεσμα",NTU,0.3
19/05/2023,23.78633796,37.82289436,5110,Θολότητα,"Τελικό Αποτέλεσμα",NTU,0.265
19/05/2023,23.79034019,37.83538362,5150,Θολότητα,"Τελικό Αποτέλεσμα",NTU,0.24
19/05/2023,23.73997328,37.86958627,5160,Θολότητα,"Τελικό Αποτέλεσμα",NTU,0.22
19/05/2023,23.72543914,37.88816507,5170,Θολότητα,"Τελικό Αποτέλεσμα",NTU,0.124
19/05/2023,23.72008222,37.90342424,5180,Θολότητα,"Τελικό Αποτέλεσμα",NTU,0.083
19/05/2023,23.7141366,37.91270737,5190,Θολότητα,"Τελικό Αποτέλεσμα",NTU,0.098
19/05/2023,23.71284044,37.91562054,5200,Θολότητα,"Τελικό Αποτέλεσμα",NTU,0.2
19/05/2023,23.70488133,37.93521995,5230,Θολότητα,"Τελικό Αποτέλεσμα",NTU,0.225
19/05/2023,23.70643521,37.91960099,5210,Θολότητα,"Τελικό Αποτέλεσμα",NTU,0.144
19/05/2024,23.783006772263,38.091595618101,1940,Θολότητα,"Τελικό Αποτέλεσμα",NTU,0.178
19/05/2025,23.783006772263,38.091595618101,1940,Θολότητα,"Τελικό Αποτέλεσμα",NTU,0.198
19/05/2025,23.635233804352,37.972826147816,1926,Θολότητα,"Τελικό Αποτέλεσμα",NTU,0.158
19/05/2025,23.650491791439,38.020690523541,1936,Θολότητα,"Τελικό Αποτέλεσμα",NTU,0.332
19/05/2025,23.660572199344,37.996594669998,1950,Θολότητα,"Τελικό Αποτέλεσμα",NTU,0.376
19/05/2025,23.637482500551,37.984946451231,1941,Θολότητα,"Τελικό Αποτέλεσμα",NTU,0.258
19/05/2025,23.636736270073,37.985919067278,1935,Θολότητα,"Τελικό Αποτέλεσμα",NTU,0.246
19/05/2025,23.854478659062,38.052884117638,105,Θολότητα,"Τελικό Αποτέλεσμα",NTU,0.413
19/05/2025,23.776825675098,38.065226258806,180,Θολότητα,"Τελικό Αποτέλεσμα",NTU,0.39
19/05/2025,23.794782865204,38.039643002291,230,Θολότητα,"Τελικό Αποτέλεσμα",NTU,0.218
19/05/2025,23.794652964206,38.035148911359,235,Θολότητα,"Τελικό Αποτέλεσμα",NTU,0.237
19/05/2025,23.751879192533,38.034424177094,3010,Θολότητα,"Τελικό Αποτέλεσμα",NTU,0.303
19/05/2025,23.757971853364,38.058890938524,3030,Θολότητα,"Τελικό Αποτέλεσμα",NTU,0.278
19/05/2025,23.752793157246,38.043419319626,3020,Θολότητα,"Τελικό Αποτέλεσμα",NTU,0.276
19/05/2025,23.762911148418,38.063332209074,3040,Θολότητα,"Τελικό Αποτέλεσμα",NTU,0.353
19/05/2025,23.804750637211,38.091557777528,3050,Θολότητα,"Τελικό Αποτέλεσμα",NTU,0.261
19/05/2025,23.807684504112,38.079687557148,3060,Θολότητα,"Τελικό Αποτέλεσμα",NTU,0.249
19/05/2025,23.826588445352,38.068733964465,3080,Θολότητα,"Τελικό Αποτέλεσμα",NTU,0.178
19/05/2025,23.857729632516,38.058870858803,3090,Θολότητα,"Τελικό Αποτέλεσμα",NTU,0.244
19/05/2025,23.885936114707,38.003486571993,3120,Θολότητα,"Τελικό Αποτέλεσμα",NTU,0.576
19/05/2025,23.883581420117,38.001665382065,3130,Θολότητα,"Τελικό Αποτέλεσμα",NTU,0.752
19/05/2025,23.832894356592,38.006902214705,3150,Θολότητα,"Τελικό Αποτέλεσμα",NTU,0.192
19/05/2025,23.817699699893,37.999417823294,3160,Θολότητα,"Τελικό Αποτέλεσμα",NTU,0.185
19/05/2025,23.796809568113,37.998195065074,3170,Θολότητα,"Τελικό Αποτέλεσμα",NTU,0.332
19/05/2025,23.794948631404,37.99586453832,3180,Θολότητα,"Τελικό Αποτέλεσμα",NTU,0.238
19/05/2025,23.795526554539,37.982104892246,3190,Θολότητα,"Τελικό Αποτέλεσμα",NTU,0.447
19/05/2025,23.780262690434,38.00051153767,3200,Θολότητα,"Τελικό Αποτέλεσμα",NTU,0.338
19/05/2025,23.787967770047,38.008481399044,3220,Θολότητα,"Τελικό Αποτέλεσμα",NTU,0.255
19/05/2025,23.780133361397,38.019944025229,3240,Θολότητα,"Τελικό Αποτέλεσμα",NTU,0.173
19/05/2025,23.780281362583,38.047179053493,3250,Θολότητα,"Τελικό Αποτέλεσμα",NTU,0.139
19/05/2025,23.811274027343,38.045728748791,3260,Θολότητα,"Τελικό Αποτέλεσμα",NTU,0.279
19/06/2023,23.78300677,38.09159562,1940,Θολότητα,"Τελικό Αποτέλεσμα",NTU,0.23
19/06/2023,23.85447866,38.05288412,105,Θολότητα,"Τελικό Αποτέλεσμα",NTU,0.214
19/06/2023,23.77682568,38.06522626,180,Θολότητα,"Τελικό Αποτέλεσμα",NTU,0.308
19/06/2023,23.83927879,38.06057978,185,Θολότητα,"Τελικό Αποτέλεσμα",NTU,0.292
19/06/2023,23.79478287,38.039643,230,Θολότητα,"Τελικό Αποτέλεσμα",NTU,0.222
19/06/2023,23.79465296,38.03514891,235,Θολότητα,"Τελικό Αποτέλεσμα",NTU,0.284
19/06/2023,23.75187919,38.03442418,3010,Θολότητα,"Τελικό Αποτέλεσμα",NTU,0.268
19/06/2023,23.75279316,38.04341932,3020,Θολότητα,"Τελικό Αποτέλεσμα",NTU,0.207
19/06/2023,23.75797185,38.05889094,3030,Θολότητα,"Τελικό Αποτέλεσμα",NTU,0.486
19/06/2023,23.80475064,38.09155778,3050,Θολότητα,"Τελικό Αποτέλεσμα",NTU,0.202
19/06/2023,23.8076845,38.07968756,3060,Θολότητα,"Τελικό Αποτέλεσμα",NTU,0.299
19/06/2023,23.85772963,38.05887086,3090,Θολότητα,"Τελικό Αποτέλεσμα",NTU,0.107
19/06/2023,23.88593611,38.00348657,3120,Θολότητα,"Τελικό Αποτέλεσμα",NTU,0.17
19/06/2023,23.88358142,38.00166538,3130,Θολότητα,"Τελικό Αποτέλεσμα",NTU,0.34
19/06/2023,23.83289436,38.00690221,3150,Θολότητα,"Τελικό Αποτέλεσμα",NTU,0.236
19/06/2023,23.8176997,37.99941782,3160,Θολότητα,"Τελικό Αποτέλεσμα",NTU,0.268
19/06/2023,23.79680957,37.99819507,3170,Θολότητα,"Τελικό Αποτέλεσμα",NTU,0.266
19/06/2023,23.79494863,37.99586454,3180,Θολότητα,"Τελικό Αποτέλεσμα",NTU,0.316
19/06/2023,23.79552655,37.98210489,3190,Θολότητα,"Τελικό Αποτέλεσμα",NTU,0.273
19/06/2023,23.78026269,38.00051154,3200,Θολότητα,"Τελικό Αποτέλεσμα",NTU,0.405
19/06/2023,23.78796777,38.0084814,3220,Θολότητα,"Τελικό Αποτέλεσμα",NTU,0.263
19/06/2023,23.78013336,38.01994403,3240,Θολότητα,"Τελικό Αποτέλεσμα",NTU,0.16
19/06/2023,23.78028136,38.04717905,3250,Θολότητα,"Τελικό Αποτέλεσμα",NTU,0.393
19/06/2023,23.81127403,38.04572875,3260,Θολότητα,"Τελικό Αποτέλεσμα",NTU,0.232
19/06/2024,24.007320013182,37.984167240863,4890,Θολότητα,"Τελικό Αποτέλεσμα",NTU,0.319
19/06/2024,23.783006772263,38.091595618101,1940,Θολότητα,"Τελικό Αποτέλεσμα",NTU,0.283
19/06/2024,23.642117121438,37.933371936061,146,Θολότητα,"Τελικό Αποτέλεσμα",NTU,0.123
19/06/2024,23.685426227465,37.977076609772,6010,Θολότητα,"Τελικό Αποτέλεσμα",NTU,0.222
19/06/2024,23.660147196721,37.980291207729,6020,Θολότητα,"Τελικό Αποτέλεσμα",NTU,0.118
19/06/2024,23.656184913017,37.980594422153,6030,Θολότητα,"Τελικό Αποτέλεσμα",NTU,0.153
19/06/2024,23.653420670725,37.976887978332,6040,Θολότητα,"Τελικό Αποτέλεσμα",NTU,0.107
19/06/2024,23.640200994864,37.973616459939,6060,Θολότητα,"Τελικό Αποτέλεσμα",NTU,0.133
19/06/2024,23.633210429054,37.967000345107,6080,Θολότητα,"Τελικό Αποτέλεσμα",NTU,0.13
19/06/2024,23.623370187872,37.950398549294,6110,Θολότητα,"Τελικό Αποτέλεσμα",NTU,0.097
19/06/2024,23.634009487857,37.953472259917,6120,Θολότητα,"Τελικό Αποτέλεσμα",NTU,0.483
19/06/2024,23.633733840369,37.950873888977,6130,Θολότητα,"Τελικό Αποτέλεσμα",NTU,0.12
19/06/2024,23.642068896508,37.928344112851,6150,Θολότητα,"Τελικό Αποτέλεσμα",NTU,0.198
19/06/2024,23.62796265038,37.932334455589,6160,Θολότητα,"Τελικό Αποτέλεσμα",NTU,0.18
19/06/2024,23.65217192804,37.939622706754,6170,Θολότητα,"Τελικό Αποτέλεσμα",NTU,0.126
19/06/2024,23.673234118927,37.946109912673,6190,Θολότητα,"Τελικό Αποτέλεσμα",NTU,0.263
19/06/2024,23.691643963145,37.948013010856,6210,Θολότητα,"Τελικό Αποτέλεσμα",NTU,0.313
19/06/2024,23.694323188433,37.952417395875,6220,Θολότητα,"Τελικό Αποτέλεσμα",NTU,0.104
19/06/2024,23.640262686028,37.939614121045,6240,Θολότητα,"Τελικό Αποτέλεσμα",NTU,0.155
19/06/2025,23.489051854672,37.970435691217,2580,Θολότητα,"Τελικό Αποτέλεσμα",NTU,0.118
19/06/2025,23.520459758419,37.943585439066,1927,Θολότητα,"Τελικό Αποτέλεσμα",NTU,0.183
19/06/2025,23.46565744835,37.918493117875,1929,Θολότητα,"Τελικό Αποτέλεσμα",NTU,0.124
19/06/2025,23.490300544782,37.995447286627,1931,Θολότητα,"Τελικό Αποτέλεσμα",NTU,0.181
19/06/2025,23.535032621057,37.956778546223,2550,Θολότητα,"Τελικό Αποτέλεσμα",NTU,0.201
19/06/2025,23.4677306424,37.921816278707,2600,Θολότητα,"Τελικό Αποτέλεσμα",NTU,0.256
19/06/2025,23.763319132339,37.967110703832,120,Θολότητα,"Τελικό Αποτέλεσμα",NTU,0.124
19/06/2025,23.763738215853,37.962310018511,125,Θολότητα,"Τελικό Αποτέλεσμα",NTU,0.212
19/06/2025,23.746281527272,37.954949246394,130,Θολότητα,"Τελικό Αποτέλεσμα",NTU,0.162
19/06/2025,23.769027158681,37.993391314662,4010,Θολότητα,"Τελικό Αποτέλεσμα",NTU,0.251
19/06/2025,23.776486074062,37.996220978178,4020,Θολότητα,"Τελικό Αποτέλεσμα",NTU,0.091
19/06/2025,23.776446263032,37.992751677322,4030,Θολότητα,"Τελικό Αποτέλεσμα",NTU,0.189
19/06/2025,23.768783003349,37.982897797692,4040,Θολότητα,"Τελικό Αποτέλεσμα",NTU,0.135
19/06/2025,23.776569307759,37.971253159928,4060,Θολότητα,"Τελικό Αποτέλεσμα",NTU,0.092
19/06/2025,23.773236630704,37.96994397087,4070,Θολότητα,"Τελικό Αποτέλεσμα",NTU,0.088
19/06/2025,23.762108634131,37.974473318809,4080,Θολότητα,"Τελικό Αποτέλεσμα",NTU,0.133
19/06/2025,23.75945556984,37.970685038508,4090,Θολότητα,"Τελικό Αποτέλεσμα",NTU,0.213
19/06/2025,23.773590432102,37.94663449198,4100,Θολότητα,"Τελικό Αποτέλεσμα",NTU,0.135
19/06/2025,23.758414161627,37.957340941046,4110,Θολότητα,"Τελικό Αποτέλεσμα",NTU,0.122
19/06/2025,23.748324301254,37.957281035336,4120,Θολότητα,"Τελικό Αποτέλεσμα",NTU,0.114
19/06/2025,23.74190059516,37.95316687964,4140,Θολότητα,"Τελικό Αποτέλεσμα",NTU,0.164
19/06/2025,23.75099402587,37.930222535019,4160,Θολότητα,"Τελικό Αποτέλεσμα",NTU,0.14
19/06/2025,23.737179449332,37.923989154778,4170,Θολότητα,"Τελικό Αποτέλεσμα",NTU,0.181
19/06/2025,23.734499659649,37.921782537866,4180,Θολότητα,"Τελικό Αποτέλεσμα",NTU,0.229
19/06/2025,23.728630962837,37.936168316,4190,Θολότητα,"Τελικό Αποτέλεσμα",NTU,0.145
19/06/2025,23.727666402305,37.95106353914,4220,Θολότητα,"Τελικό Αποτέλεσμα",NTU,0.116
19/06/2025,23.726597630536,37.955266120446,4230,Θολότητα,"Τελικό Αποτέλεσμα",NTU,0.105
19/06/2025,23.726887822219,37.95811378839,4240,Θολότητα,"Τελικό Αποτέλεσμα",NTU,0.111
19/06/2025,23.639896339554,37.977549997131,6050,Θολότητα,"Τελικό Αποτέλεσμα",NTU,0.244
19/07/2023,23.78300677,38.09159562,1940,Θολότητα,"Τελικό Αποτέλεσμα",NTU,0.396
19/07/2023,23.84875164,38.12416671,4710,Θολότητα,"Τελικό Αποτέλεσμα",NTU,0.392
19/07/2023,23.9087001,38.16824113,4720,Θολότητα,"Τελικό Αποτέλεσμα",NTU,0.088
19/07/2023,24.03457233,38.19040155,4750,Θολότητα,"Τελικό Αποτέλεσμα",NTU,0.072
19/07/2023,23.97713814,38.08574303,4770,Θολότητα,"Τελικό Αποτέλεσμα",NTU,0.08
19/07/2023,23.98944122,38.03778338,4771,Θολότητα,"Τελικό Αποτέλεσμα",NTU,0.072
19/07/2023,23.9814898,38.06170646,4800,Θολότητα,"Τελικό Αποτέλεσμα",NTU,0.175
19/07/2023,24.01205071,38.01437011,4852,Θολότητα,"Τελικό Αποτέλεσμα",NTU,0.108
19/07/2023,24.00732001,37.98416724,4890,Θολότητα,"Τελικό Αποτέλεσμα",NTU,0.066
19/07/2023,23.9069807,37.96451242,4902,Θολότητα,"Τελικό Αποτέλεσμα",NTU,0.232
19/07/2023,23.97305196,37.95846365,4910,Θολότητα,"Τελικό Αποτέλεσμα",NTU,0.337
19/07/2024,24.012050710459,38.014370105797,4852,Θολότητα,"Τελικό Αποτέλεσμα",NTU,0.107
19/07/2024,23.783006772263,38.091595618101,1940,Θολότητα,"Τελικό Αποτέλεσμα",NTU,0.303
19/07/2024,23.763319132339,37.967110703832,120,Θολότητα,"Τελικό Αποτέλεσμα",NTU,0.248
19/07/2024,23.763738215853,37.962310018511,125,Θολότητα,"Τελικό Αποτέλεσμα",NTU,0.267
19/07/2024,23.746281527272,37.954949246394,130,Θολότητα,"Τελικό Αποτέλεσμα",NTU,0.25
19/07/2024,23.776486074062,37.996220978178,4020,Θολότητα,"Τελικό Αποτέλεσμα",NTU,0.157
19/07/2024,23.776446263032,37.992751677322,4030,Θολότητα,"Τελικό Αποτέλεσμα",NTU,0.117
19/07/2024,23.768783003349,37.982897797692,4040,Θολότητα,"Τελικό Αποτέλεσμα",NTU,0.225
19/07/2024,23.776569307759,37.971253159928,4060,Θολότητα,"Τελικό Αποτέλεσμα",NTU,0.218
19/07/2024,23.773236630704,37.96994397087,4070,Θολότητα,"Τελικό Αποτέλεσμα",NTU,0.321
19/07/2024,23.762108634131,37.974473318809,4080,Θολότητα,"Τελικό Αποτέλεσμα",NTU,0.137
19/07/2024,23.75945556984,37.970685038508,4090,Θολότητα,"Τελικό Αποτέλεσμα",NTU,0.191
19/07/2024,23.773590432102,37.94663449198,4100,Θολότητα,"Τελικό Αποτέλεσμα",NTU,0.124
19/07/2024,23.758414161627,37.957340941046,4110,Θολότητα,"Τελικό Αποτέλεσμα",NTU,0.233
19/07/2024,23.748324301254,37.957281035336,4120,Θολότητα,"Τελικό Αποτέλεσμα",NTU,0.125
19/07/2024,23.74190059516,37.95316687964,4140,Θολότητα,"Τελικό Αποτέλεσμα",NTU,0.28
19/07/2024,23.75099402587,37.930222535019,4160,Θολότητα,"Τελικό Αποτέλεσμα",NTU,0.139
19/07/2024,23.734499659649,37.921782537866,4180,Θολότητα,"Τελικό Αποτέλεσμα",NTU,0.332
19/07/2024,23.728630962837,37.936168316,4190,Θολότητα,"Τελικό Αποτέλεσμα",NTU,0.137
19/07/2024,23.727666402305,37.95106353914,4220,Θολότητα,"Τελικό Αποτέλεσμα",NTU,0.264
19/07/2024,23.726887822219,37.95811378839,4240,Θολότητα,"Τελικό Αποτέλεσμα",NTU,0.193
19/08/2023,23.78300677,38.09159562,1940,Θολότητα,"Τελικό Αποτέλεσμα",NTU,0.12
19/08/2024,23.854478659062,38.052884117638,105,Θολότητα,"Τελικό Αποτέλεσμα",NTU,0.402
19/08/2024,23.794782865204,38.039643002291,230,Θολότητα,"Τελικό Αποτέλεσμα",NTU,0.166
19/08/2024,23.794652964206,38.035148911359,235,Θολότητα,"Τελικό Αποτέλεσμα",NTU,0.174
19/08/2024,23.751879192533,38.034424177094,3010,Θολότητα,"Τελικό Αποτέλεσμα",NTU,0.112
19/08/2024,23.752793157246,38.043419319626,3020,Θολότητα,"Τελικό Αποτέλεσμα",NTU,0.2
19/08/2024,23.757971853364,38.058890938524,3030,Θολότητα,"Τελικό Αποτέλεσμα",NTU,0.164
19/08/2024,23.804750637211,38.091557777528,3050,Θολότητα,"Τελικό Αποτέλεσμα",NTU,0.323
19/08/2024,23.807684504112,38.079687557148,3060,Θολότητα,"Τελικό Αποτέλεσμα",NTU,0.313
19/08/2024,23.783006772263,38.091595618101,1940,Θολότητα,"Τελικό Αποτέλεσμα",NTU,0.114
19/09/2023,23.78300677,38.09159562,1940,Θολότητα,"Τελικό Αποτέλεσμα",NTU,0.217
19/09/2023,23.8184361,38.03015277,191,Θολότητα,"Τελικό Αποτέλεσμα",NTU,0.232
19/09/2023,23.82898036,38.04390182,193,Θολότητα,"Τελικό Αποτέλεσμα",NTU,0.298
19/09/2023,23.41656871,37.91177786,1967,Θολότητα,"Τελικό Αποτέλεσμα",NTU,0.452
19/09/2023,23.4174242,37.90741906,2601,Θολότητα,"Τελικό Αποτέλεσμα",NTU,0.363
19/09/2023,23.85447866,38.05288412,105,Θολότητα,"Τελικό Αποτέλεσμα",NTU,0.24
19/09/2023,23.77682568,38.06522626,180,Θολότητα,"Τελικό Αποτέλεσμα",NTU,0.163
19/09/2023,23.83927879,38.06057978,185,Θολότητα,"Τελικό Αποτέλεσμα",NTU,0.195
19/09/2023,23.79478287,38.039643,230,Θολότητα,"Τελικό Αποτέλεσμα",NTU,0.156
19/09/2023,23.79465296,38.03514891,235,Θολότητα,"Τελικό Αποτέλεσμα",NTU,0.186
19/09/2023,23.75187919,38.03442418,3010,Θολότητα,"Τελικό Αποτέλεσμα",NTU,0.295
19/09/2023,23.75279316,38.04341932,3020,Θολότητα,"Τελικό Αποτέλεσμα",NTU,0.373
19/09/2023,23.75797185,38.05889094,3030,Θολότητα,"Τελικό Αποτέλεσμα",NTU,0.566
19/09/2023,23.80475064,38.09155778,3050,Θολότητα,"Τελικό Αποτέλεσμα",NTU,0.083
19/09/2023,23.8076845,38.07968756,3060,Θολότητα,"Τελικό Αποτέλεσμα",NTU,0.092
19/09/2023,23.82658845,38.06873396,3080,Θολότητα,"Τελικό Αποτέλεσμα",NTU,0.237
19/09/2023,23.85772963,38.05887086,3090,Θολότητα,"Τελικό Αποτέλεσμα",NTU,0.343
19/09/2023,23.85885083,38.00940503,3110,Θολότητα,"Τελικό Αποτέλεσμα",NTU,0.095
19/09/2023,23.88593611,38.00348657,3120,Θολότητα,"Τελικό Αποτέλεσμα",NTU,0.229
19/09/2023,23.88358142,38.00166538,3130,Θολότητα,"Τελικό Αποτέλεσμα",NTU,0.862
19/09/2023,23.83289436,38.00690221,3150,Θολότητα,"Τελικό Αποτέλεσμα",NTU,0.176
19/09/2023,23.8176997,37.99941782,3160,Θολότητα,"Τελικό Αποτέλεσμα",NTU,0.242
19/09/2023,23.79680957,37.99819507,3170,Θολότητα,"Τελικό Αποτέλεσμα",NTU,0.638
19/09/2023,23.79494863,37.99586454,3180,Θολότητα,"Τελικό Αποτέλεσμα",NTU,0.347
19/09/2023,23.79552655,37.98210489,3190,Θολότητα,"Τελικό Αποτέλεσμα",NTU,0.357
19/09/2023,23.78026269,38.00051154,3200,Θολότητα,"Τελικό Αποτέλεσμα",NTU,0.194
19/09/2023,23.78796777,38.0084814,3220,Θολότητα,"Τελικό Αποτέλεσμα",NTU,0.281
19/09/2023,23.78013336,38.01994403,3240,Θολότητα,"Τελικό Αποτέλεσμα",NTU,0.172
19/09/2023,23.78028136,38.04717905,3250,Θολότητα,"Τελικό Αποτέλεσμα",NTU,0.164
19/09/2023,23.81127403,38.04572875,3260,Θολότητα,"Τελικό Αποτέλεσμα",NTU,0.234
19/09/2023,23.49475198,37.96793762,2630,Θολότητα,"Τελικό Αποτέλεσμα",NTU,0.23
19/09/2023,23.52415052,37.96223485,2690,Θολότητα,"Τελικό Αποτέλεσμα",NTU,0.099
19/09/2024,23.489051854672,37.970435691217,2580,Θολότητα,"Τελικό Αποτέλεσμα",NTU,0.148
19/09/2024,23.520459758419,37.943585439066,1927,Θολότητα,"Τελικό Αποτέλεσμα",NTU,0.227
19/09/2024,23.46565744835,37.918493117875,1929,Θολότητα,"Τελικό Αποτέλεσμα",NTU,0.172
19/09/2024,23.854478659062,38.052884117638,105,Θολότητα,"Τελικό Αποτέλεσμα",NTU,0.3
19/09/2024,23.776825675098,38.065226258806,180,Θολότητα,"Τελικό Αποτέλεσμα",NTU,0.19
19/09/2024,23.794782865204,38.039643002291,230,Θολότητα,"Τελικό Αποτέλεσμα",NTU,0.178
19/09/2024,23.794652964206,38.035148911359,235,Θολότητα,"Τελικό Αποτέλεσμα",NTU,0.173
19/09/2024,23.751879192533,38.034424177094,3010,Θολότητα,"Τελικό Αποτέλεσμα",NTU,0.206
19/09/2024,23.752793157246,38.043419319626,3020,Θολότητα,"Τελικό Αποτέλεσμα",NTU,0.156
19/09/2024,23.757971853364,38.058890938524,3030,Θολότητα,"Τελικό Αποτέλεσμα",NTU,0.114
19/09/2024,23.804750637211,38.091557777528,3050,Θολότητα,"Τελικό Αποτέλεσμα",NTU,0.257
19/09/2024,23.807684504112,38.079687557148,3060,Θολότητα,"Τελικό Αποτέλεσμα",NTU,0.188
19/09/2024,23.826588445352,38.068733964465,3080,Θολότητα,"Τελικό Αποτέλεσμα",NTU,0.228
19/09/2024,23.857729632516,38.058870858803,3090,Θολότητα,"Τελικό Αποτέλεσμα",NTU,0.192
19/09/2024,23.858850831498,38.009405027534,3110,Θολότητα,"Τελικό Αποτέλεσμα",NTU,0.126
19/09/2024,23.885936114707,38.003486571993,3120,Θολότητα,"Τελικό Αποτέλεσμα",NTU,0.342
19/09/2024,23.832894356592,38.006902214705,3150,Θολότητα,"Τελικό Αποτέλεσμα",NTU,0.126
19/09/2024,23.817699699893,37.999417823294,3160,Θολότητα,"Τελικό Αποτέλεσμα",NTU,0.135
19/09/2024,23.796809568113,37.998195065074,3170,Θολότητα,"Τελικό Αποτέλεσμα",NTU,0.19
19/09/2024,23.794948631404,37.99586453832,3180,Θολότητα,"Τελικό Αποτέλεσμα",NTU,0.175
19/09/2024,23.795526554539,37.982104892246,3190,Θολότητα,"Τελικό Αποτέλεσμα",NTU,0.179
19/09/2024,23.780262690434,38.00051153767,3200,Θολότητα,"Τελικό Αποτέλεσμα",NTU,0.122
19/09/2024,23.787967770047,38.008481399044,3220,Θολότητα,"Τελικό Αποτέλεσμα",NTU,0.132
19/09/2024,23.780133361397,38.019944025229,3240,Θολότητα,"Τελικό Αποτέλεσμα",NTU,0.092
19/09/2024,23.780281362583,38.047179053493,3250,Θολότητα,"Τελικό Αποτέλεσμα",NTU,0.14
19/09/2024,23.811274027343,38.045728748791,3260,Θολότητα,"Τελικό Αποτέλεσμα",NTU,0.14
19/09/2024,23.783006772263,38.091595618101,1940,Θολότητα,"Τελικό Αποτέλεσμα",NTU,0.217
19/10/2023,23.78300677,38.09159562,1940,Θολότητα,"Τελικό Αποτέλεσμα",NTU,0.348
19/10/2023,23.76331913,37.9671107,120,Θολότητα,"Τελικό Αποτέλεσμα",NTU,0.281
19/10/2023,23.76373822,37.96231002,125,Θολότητα,"Τελικό Αποτέλεσμα",NTU,0.276
19/10/2023,23.74628153,37.95494925,130,Θολότητα,"Τελικό Αποτέλεσμα",NTU,0.321
19/10/2023,23.76902716,37.99339131,4010,Θολότητα,"Τελικό Αποτέλεσμα",NTU,0.296
19/10/2023,23.77648607,37.99622098,4020,Θολότητα,"Τελικό Αποτέλεσμα",NTU,0.305
19/10/2023,23.77644626,37.99275168,4030,Θολότητα,"Τελικό Αποτέλεσμα",NTU,0.327
19/10/2023,23.77656931,37.97125316,4060,Θολότητα,"Τελικό Αποτέλεσμα",NTU,0.275
19/10/2023,23.77323663,37.96994397,4070,Θολότητα,"Τελικό Αποτέλεσμα",NTU,0.17
19/10/2023,23.75945557,37.97068504,4090,Θολότητα,"Τελικό Αποτέλεσμα",NTU,0.185
19/10/2023,23.77359043,37.94663449,4100,Θολότητα,"Τελικό Αποτέλεσμα",NTU,0.165
19/10/2023,23.7483243,37.95728104,4120,Θολότητα,"Τελικό Αποτέλεσμα",NTU,0.236
19/10/2023,23.7419006,37.95316688,4140,Θολότητα,"Τελικό Αποτέλεσμα",NTU,0.283
19/10/2023,23.75099403,37.93022254,4160,Θολότητα,"Τελικό Αποτέλεσμα",NTU,0.303
19/10/2023,23.73717945,37.92398915,4170,Θολότητα,"Τελικό Αποτέλεσμα",NTU,0.196
19/10/2023,23.73449966,37.92178254,4180,Θολότητα,"Τελικό Αποτέλεσμα",NTU,0.336
19/10/2023,23.72863096,37.93616832,4190,Θολότητα,"Τελικό Αποτέλεσμα",NTU,0.406
19/10/2023,23.7276664,37.95106354,4220,Θολότητα,"Τελικό Αποτέλεσμα",NTU,0.312
19/10/2023,23.72659763,37.95526612,4230,Θολότητα,"Τελικό Αποτέλεσμα",NTU,0.297
19/10/2024,23.783006772263,38.091595618101,1940,Θολότητα,"Τελικό Αποτέλεσμα",NTU,0.106
19/11/2023,23.78300677,38.09159562,1940,Θολότητα,"Τελικό Αποτέλεσμα",NTU,0.183
19/11/2023,23.75121334,38.12052926,2270,Θολότητα,"Τελικό Αποτέλεσμα",NTU,0.336
19/11/2024,23.642117121438,37.933371936061,146,Θολότητα,"Τελικό Αποτέλεσμα",NTU,0.158
19/11/2024,23.685426227465,37.977076609772,6010,Θολότητα,"Τελικό Αποτέλεσμα",NTU,0.256
19/11/2024,23.660147196721,37.980291207729,6020,Θολότητα,"Τελικό Αποτέλεσμα",NTU,0.381
19/11/2024,23.656184913017,37.980594422153,6030,Θολότητα,"Τελικό Αποτέλεσμα",NTU,0.222
19/11/2024,23.653420670725,37.976887978332,6040,Θολότητα,"Τελικό Αποτέλεσμα",NTU,0.253
19/11/2024,23.639896339554,37.977549997131,6050,Θολότητα,"Τελικό Αποτέλεσμα",NTU,0.377
19/11/2024,23.633210429054,37.967000345107,6080,Θολότητα,"Τελικό Αποτέλεσμα",NTU,0.128
19/11/2024,23.623370187872,37.950398549294,6110,Θολότητα,"Τελικό Αποτέλεσμα",NTU,0.14
19/11/2024,23.634009487857,37.953472259917,6120,Θολότητα,"Τελικό Αποτέλεσμα",NTU,0.166
19/11/2024,23.633733840369,37.950873888977,6130,Θολότητα,"Τελικό Αποτέλεσμα",NTU,0.168
19/11/2024,23.642068896508,37.928344112851,6150,Θολότητα,"Τελικό Αποτέλεσμα",NTU,0.15
19/11/2024,23.62796265038,37.932334455589,6160,Θολότητα,"Τελικό Αποτέλεσμα",NTU,0.218
19/11/2024,23.65217192804,37.939622706754,6170,Θολότητα,"Τελικό Αποτέλεσμα",NTU,0.12
19/11/2024,23.673234118927,37.946109912673,6190,Θολότητα,"Τελικό Αποτέλεσμα",NTU,0.276
19/11/2024,23.691643963145,37.948013010856,6210,Θολότητα,"Τελικό Αποτέλεσμα",NTU,0.361
19/11/2024,23.694323188433,37.952417395875,6220,Θολότητα,"Τελικό Αποτέλεσμα",NTU,0.159
19/11/2024,23.640262686028,37.939614121045,6240,Θολότητα,"Τελικό Αποτέλεσμα",NTU,0.203
19/11/2024,23.416568705309,37.911777864914,1967,Θολότητα,"Τελικό Αποτέλεσμα",NTU,0.804
19/11/2024,23.834058289847,38.055035361725,13210,Θολότητα,"Τελικό Αποτέλεσμα",NTU,0.196
19/11/2024,23.762975326718,38.014149073434,1951,Θολότητα,"Τελικό Αποτέλεσμα",NTU,0.495
19/11/2024,23.765100402535,38.018891552708,1952,Θολότητα,"Τελικό Αποτέλεσμα",NTU,0.245
19/11/2024,23.805701939805,37.98977288987,1953,Θολότητα,"Τελικό Αποτέλεσμα",NTU,0.121
19/11/2024,23.877462910757,38.060150004,1957,Θολότητα,"Τελικό Αποτέλεσμα",NTU,0.152
19/11/2024,23.871650152448,38.05010024616,1911,Θολότητα,"Τελικό Αποτέλεσμα",NTU,0.254
19/11/2024,23.783006772263,38.091595618101,1940,Θολότητα,"Τελικό Αποτέλεσμα",NTU,0.205
19/11/2024,22.898432401038,38.254054888272,7011,Θολότητα,"Τελικό Αποτέλεσμα",NTU,0.18
19/12/2023,23.83934088,38.00884634,1910,Θολότητα,"Τελικό Αποτέλεσμα",NTU,0.143
19/12/2023,23.76297533,38.01414907,1951,Θολότητα,"Τελικό Αποτέλεσμα",NTU,0.288
19/12/2023,23.7651004,38.01889155,1952,Θολότητα,"Τελικό Αποτέλεσμα",NTU,0.261
19/12/2023,23.80570194,37.98977289,1953,Θολότητα,"Τελικό Αποτέλεσμα",NTU,0.145
19/12/2023,23.87746291,38.06015,1957,Θολότητα,"Τελικό Αποτέλεσμα",NTU,0.169
19/12/2023,23.85005878,38.0644879,1958,Θολότητα,"Τελικό Αποτέλεσμα",NTU,0.421
19/12/2023,23.87165015,38.05010025,1911,Θολότητα,"Τελικό Αποτέλεσμα",NTU,0.248
19/12/2023,23.76331913,37.9671107,120,Θολότητα,"Τελικό Αποτέλεσμα",NTU,0.501
19/12/2023,23.76373822,37.96231002,125,Θολότητα,"Τελικό Αποτέλεσμα",NTU,0.122
19/12/2023,23.74628153,37.95494925,130,Θολότητα,"Τελικό Αποτέλεσμα",NTU,0.122
19/12/2023,23.76902716,37.99339131,4010,Θολότητα,"Τελικό Αποτέλεσμα",NTU,0.286
19/12/2023,23.77648607,37.99622098,4020,Θολότητα,"Τελικό Αποτέλεσμα",NTU,0.392
19/12/2023,23.77644626,37.99275168,4030,Θολότητα,"Τελικό Αποτέλεσμα",NTU,0.283
19/12/2023,23.768783,37.9828978,4040,Θολότητα,"Τελικό Αποτέλεσμα",NTU,0.202
19/12/2023,23.77656931,37.97125316,4060,Θολότητα,"Τελικό Αποτέλεσμα",NTU,0.251
19/12/2023,23.77323663,37.96994397,4070,Θολότητα,"Τελικό Αποτέλεσμα",NTU,0.441
19/12/2023,23.76210863,37.97447332,4080,Θολότητα,"Τελικό Αποτέλεσμα",NTU,0.875
19/12/2023,23.75945557,37.97068504,4090,Θολότητα,"Τελικό Αποτέλεσμα",NTU,0.289
19/12/2023,23.77359043,37.94663449,4100,Θολότητα,"Τελικό Αποτέλεσμα",NTU,0.254
19/12/2023,23.75841416,37.95734094,4110,Θολότητα,"Τελικό Αποτέλεσμα",NTU,0.314
19/12/2023,23.7483243,37.95728104,4120,Θολότητα,"Τελικό Αποτέλεσμα",NTU,0.227
19/12/2023,23.7419006,37.95316688,4140,Θολότητα,"Τελικό Αποτέλεσμα",NTU,0.29
19/12/2023,23.75099403,37.93022254,4160,Θολότητα,"Τελικό Αποτέλεσμα",NTU,0.417
19/12/2023,23.73449966,37.92178254,4180,Θολότητα,"Τελικό Αποτέλεσμα",NTU,0.244
19/12/2023,23.72863096,37.93616832,4190,Θολότητα,"Τελικό Αποτέλεσμα",NTU,0.261
19/12/2023,23.7276664,37.95106354,4220,Θολότητα,"Τελικό Αποτέλεσμα",NTU,0.514
19/12/2023,23.72659763,37.95526612,4230,Θολότητα,"Τελικό Αποτέλεσμα",NTU,0.473
19/12/2023,23.72688782,37.95811379,4240,Θολότητα,"Τελικό Αποτέλεσμα",NTU,0.285
19/12/2024,23.783006772263,38.091595618101,1940,Θολότητα,"Τελικό Αποτέλεσμα",NTU,0.183
19/12/2024,23.701682457361,37.918072433642,137,Θολότητα,"Τελικό Αποτέλεσμα",NTU,0.17
19/12/2024,23.802231976799,37.833112339241,140,Θολότητα,"Τελικό Αποτέλεσμα",NTU,0.329
19/12/2024,23.748648075769,37.916097225199,5010,Θολότητα,"Τελικό Αποτέλεσμα",NTU,0.139
19/12/2024,23.753422230835,37.904820647992,5020,Θολότητα,"Τελικό Αποτέλεσμα",NTU,0.235
19/12/2024,23.744700128802,37.889940171291,5030,Θολότητα,"Τελικό Αποτέλεσμα",NTU,0.166
19/12/2024,23.746055892182,37.884208036564,5040,Θολότητα,"Τελικό Αποτέλεσμα",NTU,0.334
19/12/2024,23.757964952407,37.860354353668,5050,Θολότητα,"Τελικό Αποτέλεσμα",NTU,0.166
19/12/2024,23.756977040295,37.848098522763,5080,Θολότητα,"Τελικό Αποτέλεσμα",NTU,0.162
19/12/2024,23.760685434504,37.8151667674,5090,Θολότητα,"Τελικό Αποτέλεσμα",NTU,0.252
19/12/2024,23.774386839978,37.81229932964,5100,Θολότητα,"Τελικό Αποτέλεσμα",NTU,0.382
19/12/2024,23.786337962388,37.822894363003,5110,Θολότητα,"Τελικό Αποτέλεσμα",NTU,0.16
19/12/2024,23.790340187783,37.835383621964,5150,Θολότητα,"Τελικό Αποτέλεσμα",NTU,0.113
19/12/2024,23.739973276711,37.869586272318,5160,Θολότητα,"Τελικό Αποτέλεσμα",NTU,0.14
19/12/2024,23.72543913784,37.888165068231,5170,Θολότητα,"Τελικό Αποτέλεσμα",NTU,0.152
19/12/2024,23.720082218937,37.903424243123,5180,Θολότητα,"Τελικό Αποτέλεσμα",NTU,0.142
19/12/2024,23.71413660329,37.912707373341,5190,Θολότητα,"Τελικό Αποτέλεσμα",NTU,0.352
19/12/2024,23.712840439649,37.915620541693,5200,Θολότητα,"Τελικό Αποτέλεσμα",NTU,0.137
19/12/2024,23.706435208048,37.919600993522,5210,Θολότητα,"Τελικό Αποτέλεσμα",NTU,0.166
19/12/2024,23.834058289847,38.055035361725,13210,Θολότητα,"Τελικό Αποτέλεσμα",NTU,0.17
19/12/2024,23.762975326718,38.014149073434,1951,Θολότητα,"Τελικό Αποτέλεσμα",NTU,0.179
19/12/2024,23.765100402535,38.018891552708,1952,Θολότητα,"Τελικό Αποτέλεσμα",NTU,0.147
19/12/2024,23.805701939805,37.98977288987,1953,Θολότητα,"Τελικό Αποτέλεσμα",NTU,0.151
19/12/2024,23.877462910757,38.060150004,1957,Θολότητα,"Τελικό Αποτέλεσμα",NTU,0.129
19/12/2024,23.871650152448,38.05010024616,1911,Θολότητα,"Τελικό Αποτέλεσμα",NTU,0.234
20/01/2023,23.78300677,38.09159562,1940,Θολότητα,"Τελικό Αποτέλεσμα",NTU,0.194
20/01/2023,23.76331913,37.9671107,120,Θολότητα,"Τελικό Αποτέλεσμα",NTU,0.392
20/01/2023,23.76373822,37.96231002,125,Θολότητα,"Τελικό Αποτέλεσμα",NTU,0.152
20/01/2023,23.74628153,37.95494925,130,Θολότητα,"Τελικό Αποτέλεσμα",NTU,0.137
20/01/2023,23.76902716,37.99339131,4010,Θολότητα,"Τελικό Αποτέλεσμα",NTU,0.188
20/01/2023,23.77648607,37.99622098,4020,Θολότητα,"Τελικό Αποτέλεσμα",NTU,0.368
20/01/2023,23.77644626,37.99275168,4030,Θολότητα,"Τελικό Αποτέλεσμα",NTU,0.231
20/01/2023,23.768783,37.9828978,4040,Θολότητα,"Τελικό Αποτέλεσμα",NTU,0.402
20/01/2023,23.77656931,37.97125316,4060,Θολότητα,"Τελικό Αποτέλεσμα",NTU,0.226
20/01/2023,23.77323663,37.96994397,4070,Θολότητα,"Τελικό Αποτέλεσμα",NTU,0.37
20/01/2023,23.76210863,37.97447332,4080,Θολότητα,"Τελικό Αποτέλεσμα",NTU,0.12
20/01/2023,23.75945557,37.97068504,4090,Θολότητα,"Τελικό Αποτέλεσμα",NTU,0.346
20/01/2023,23.77359043,37.94663449,4100,Θολότητα,"Τελικό Αποτέλεσμα",NTU,0.28
20/01/2023,23.75841416,37.95734094,4110,Θολότητα,"Τελικό Αποτέλεσμα",NTU,0.36
20/01/2023,23.7483243,37.95728104,4120,Θολότητα,"Τελικό Αποτέλεσμα",NTU,0.2
20/01/2023,23.7419006,37.95316688,4140,Θολότητα,"Τελικό Αποτέλεσμα",NTU,0.348
20/01/2023,23.75099403,37.93022254,4160,Θολότητα,"Τελικό Αποτέλεσμα",NTU,0.352
20/01/2023,23.73717945,37.92398915,4170,Θολότητα,"Τελικό Αποτέλεσμα",NTU,0.187
20/01/2023,23.73449966,37.92178254,4180,Θολότητα,"Τελικό Αποτέλεσμα",NTU,0.452
20/01/2023,23.72863096,37.93616832,4190,Θολότητα,"Τελικό Αποτέλεσμα",NTU,0.271
20/01/2023,23.7276664,37.95106354,4220,Θολότητα,"Τελικό Αποτέλεσμα",NTU,0.208
20/01/2023,23.6352338,37.97282615,1926,Θολότητα,"Τελικό Αποτέλεσμα",NTU,0.289
20/01/2023,23.6605722,37.99659467,1950,Θολότητα,"Τελικό Αποτέλεσμα",NTU,0.272
20/01/2023,23.48905185,37.97043569,2580,Θολότητα,"Τελικό Αποτέλεσμα",NTU,0.284
20/01/2023,23.52045976,37.94358544,1927,Θολότητα,"Τελικό Αποτέλεσμα",NTU,0.131
20/01/2023,23.46565745,37.91849312,1929,Θολότητα,"Τελικό Αποτέλεσμα",NTU,0.277
20/01/2023,23.49030054,37.99544729,1931,Θολότητα,"Τελικό Αποτέλεσμα",NTU,0.164
20/01/2023,23.46773064,37.92181628,2600,Θολότητα,"Τελικό Αποτέλεσμα",NTU,0.22
20/01/2025,23.783006772263,38.091595618101,1940,Θολότητα,"Τελικό Αποτέλεσμα",NTU,0.207
20/01/2025,23.715167470658,38.064394448168,2020,Θολότητα,"Τελικό Αποτέλεσμα",NTU,0.13
20/01/2025,23.728501580857,38.021077305988,2010,Θολότητα,"Τελικό Αποτέλεσμα",NTU,0.199
20/01/2025,23.707472628441,38.062507031886,2030,Θολότητα,"Τελικό Αποτέλεσμα",NTU,0.167
20/01/2025,23.684521996488,38.043278569813,2050,Θολότητα,"Τελικό Αποτέλεσμα",NTU,0.214
20/01/2025,23.676225070778,38.038867972537,2060,Θολότητα,"Τελικό Αποτέλεσμα",NTU,0.305
20/01/2025,23.690708971278,38.03873977939,2070,Θολότητα,"Τελικό Αποτέλεσμα",NTU,0.313
20/01/2025,23.711092519709,38.030604970232,2080,Θολότητα,"Τελικό Αποτέλεσμα",NTU,0.687
20/01/2025,23.703939528461,38.019611224386,2090,Θολότητα,"Τελικό Αποτέλεσμα",NTU,0.16
20/01/2025,23.690026001721,38.014594179034,2100,Θολότητα,"Τελικό Αποτέλεσμα",NTU,0.217
20/01/2025,23.685635325645,38.011704015052,2110,Θολότητα,"Τελικό Αποτέλεσμα",NTU,0.258
20/01/2025,23.690688548717,38.006599310386,2130,Θολότητα,"Τελικό Αποτέλεσμα",NTU,0.156
20/01/2025,23.633719884257,38.014461935654,2140,Θολότητα,"Τελικό Αποτέλεσμα",NTU,0.268
20/01/2025,23.604369787474,38.011728905427,2150,Θολότητα,"Τελικό Αποτέλεσμα",NTU,0.232
20/01/2025,23.660482152024,38.003256233801,2160,Θολότητα,"Τελικό Αποτέλεσμα",NTU,0.483
20/01/2025,23.657213383477,37.990357336342,2170,Θολότητα,"Τελικό Αποτέλεσμα",NTU,0.116
20/01/2025,23.669685637381,37.991033114281,2180,Θολότητα,"Τελικό Αποτέλεσμα",NTU,0.16
20/01/2025,23.688272639454,37.992184760882,2190,Θολότητα,"Τελικό Αποτέλεσμα",NTU,0.142
20/01/2025,23.711670124237,37.998900962404,2220,Θολότητα,"Τελικό Αποτέλεσμα",NTU,0.183
20/01/2025,23.723966332053,38.00996468276,2240,Θολότητα,"Τελικό Αποτέλεσμα",NTU,0.483
20/01/2025,23.609081866002,38.010063327816,2250,Θολότητα,"Τελικό Αποτέλεσμα",NTU,0.126
20/02/2023,23.78300677,38.09159562,1940,Θολότητα,"Τελικό Αποτέλεσμα",NTU,0.218
20/02/2023,23.48905185,37.97043569,2580,Θολότητα,"Τελικό Αποτέλεσμα",NTU,0.075
20/02/2023,23.52045976,37.94358544,1927,Θολότητα,"Τελικό Αποτέλεσμα",NTU,0.072
20/02/2023,23.46565745,37.91849312,1929,Θολότητα,"Τελικό Αποτέλεσμα",NTU,0.146
20/02/2023,23.49030054,37.99544729,1931,Θολότητα,"Τελικό Αποτέλεσμα",NTU,0.09
20/02/2023,23.76621884,37.94149317,135,Θολότητα,"Τελικό Αποτέλεσμα",NTU,0.268
20/02/2023,23.70168246,37.91807243,137,Θολότητα,"Τελικό Αποτέλεσμα",NTU,0.28
20/02/2023,23.80223198,37.83311234,140,Θολότητα,"Τελικό Αποτέλεσμα",NTU,0.123
20/02/2023,23.74864808,37.91609723,5010,Θολότητα,"Τελικό Αποτέλεσμα",NTU,0.156
20/02/2023,23.75342223,37.90482065,5020,Θολότητα,"Τελικό Αποτέλεσμα",NTU,0.18
20/02/2023,23.74470013,37.88994017,5030,Θολότητα,"Τελικό Αποτέλεσμα",NTU,0.412
20/02/2023,23.74605589,37.88420804,5040,Θολότητα,"Τελικό Αποτέλεσμα",NTU,0.792
20/02/2023,23.75796495,37.86035435,5050,Θολότητα,"Τελικό Αποτέλεσμα",NTU,0.216
20/02/2023,23.76070017,37.8524034,5060,Θολότητα,"Τελικό Αποτέλεσμα",NTU,0.132
20/02/2023,23.75697704,37.84809852,5080,Θολότητα,"Τελικό Αποτέλεσμα",NTU,0.103
20/02/2023,23.76068543,37.81516677,5090,Θολότητα,"Τελικό Αποτέλεσμα",NTU,0.154
20/02/2023,23.77438684,37.81229933,5100,Θολότητα,"Τελικό Αποτέλεσμα",NTU,0.14
20/02/2023,23.78633796,37.82289436,5110,Θολότητα,"Τελικό Αποτέλεσμα",NTU,0.328
20/02/2023,23.79034019,37.83538362,5150,Θολότητα,"Τελικό Αποτέλεσμα",NTU,0.233
20/02/2023,23.73997328,37.86958627,5160,Θολότητα,"Τελικό Αποτέλεσμα",NTU,0.335
20/02/2023,23.72543914,37.88816507,5170,Θολότητα,"Τελικό Αποτέλεσμα",NTU,0.16
20/02/2023,23.7141366,37.91270737,5190,Θολότητα,"Τελικό Αποτέλεσμα",NTU,0.128
20/02/2023,23.71284044,37.91562054,5200,Θολότητα,"Τελικό Αποτέλεσμα",NTU,0.24
20/02/2023,23.70643521,37.91960099,5210,Θολότητα,"Τελικό Αποτέλεσμα",NTU,0.171
20/02/2023,23.70488133,37.93521995,5230,Θολότητα,"Τελικό Αποτέλεσμα",NTU,0.625
20/02/2025,23.783006772263,38.091595618101,1940,Θολότητα,"Τελικό Αποτέλεσμα",NTU,0.211
20/02/2025,23.701682457361,37.918072433642,137,Θολότητα,"Τελικό Αποτέλεσμα",NTU,0.156
20/02/2025,23.802231976799,37.833112339241,140,Θολότητα,"Τελικό Αποτέλεσμα",NTU,0.352
20/02/2025,23.748648075769,37.916097225199,5010,Θολότητα,"Τελικό Αποτέλεσμα",NTU,0.216
20/02/2025,23.753422230835,37.904820647992,5020,Θολότητα,"Τελικό Αποτέλεσμα",NTU,0.299
20/02/2025,23.744700128802,37.889940171291,5030,Θολότητα,"Τελικό Αποτέλεσμα",NTU,0.131
20/02/2025,23.746055892182,37.884208036564,5040,Θολότητα,"Τελικό Αποτέλεσμα",NTU,0.352
20/02/2025,23.757964952407,37.860354353668,5050,Θολότητα,"Τελικό Αποτέλεσμα",NTU,0.218
20/02/2025,23.760700167651,37.852403396879,5060,Θολότητα,"Τελικό Αποτέλεσμα",NTU,0.42
20/02/2025,23.756977040295,37.848098522763,5080,Θολότητα,"Τελικό Αποτέλεσμα",NTU,0.095
20/02/2025,23.760685434504,37.8151667674,5090,Θολότητα,"Τελικό Αποτέλεσμα",NTU,0.228
20/02/2025,23.774386839978,37.81229932964,5100,Θολότητα,"Τελικό Αποτέλεσμα",NTU,0.15
20/02/2025,23.786337962388,37.822894363003,5110,Θολότητα,"Τελικό Αποτέλεσμα",NTU,0.173
20/02/2025,23.790340187783,37.835383621964,5150,Θολότητα,"Τελικό Αποτέλεσμα",NTU,0.139
20/02/2025,23.739973276711,37.869586272318,5160,Θολότητα,"Τελικό Αποτέλεσμα",NTU,0.174
20/02/2025,23.72543913784,37.888165068231,5170,Θολότητα,"Τελικό Αποτέλεσμα",NTU,0.168
20/02/2025,23.720082218937,37.903424243123,5180,Θολότητα,"Τελικό Αποτέλεσμα",NTU,0.135
20/02/2025,23.71413660329,37.912707373341,5190,Θολότητα,"Τελικό Αποτέλεσμα",NTU,0.095
20/02/2025,23.712840439649,37.915620541693,5200,Θολότητα,"Τελικό Αποτέλεσμα",NTU,0.431
20/02/2025,23.706435208048,37.919600993522,5210,Θολότητα,"Τελικό Αποτέλεσμα",NTU,0.144
20/02/2025,23.704881330177,37.935219954091,5230,Θολότητα,"Τελικό Αποτέλεσμα",NTU,0.169
20/02/2025,23.751879192533,38.034424177094,3010,Θολότητα,"Τελικό Αποτέλεσμα",NTU,0.154
20/03/2023,23.48905185,37.97043569,2580,Θολότητα,"Τελικό Αποτέλεσμα",NTU,0.076
20/03/2023,23.52045976,37.94358544,1927,Θολότητα,"Τελικό Αποτέλεσμα",NTU,0.176
20/03/2023,23.46565745,37.91849312,1929,Θολότητα,"Τελικό Αποτέλεσμα",NTU,0.073
20/03/2023,23.49030054,37.99544729,1931,Θολότητα,"Τελικό Αποτέλεσμα",NTU,0.171
20/03/2023,23.76621884,37.94149317,135,Θολότητα,"Τελικό Αποτέλεσμα",NTU,0.19
20/03/2023,23.70168246,37.91807243,137,Θολότητα,"Τελικό Αποτέλεσμα",NTU,0.334
20/03/2023,23.80223198,37.83311234,140,Θολότητα,"Τελικό Αποτέλεσμα",NTU,0.237
20/03/2023,23.74864808,37.91609723,5010,Θολότητα,"Τελικό Αποτέλεσμα",NTU,0.408
20/03/2023,23.75342223,37.90482065,5020,Θολότητα,"Τελικό Αποτέλεσμα",NTU,0.261
20/03/2023,23.74470013,37.88994017,5030,Θολότητα,"Τελικό Αποτέλεσμα",NTU,0.466
20/03/2023,23.74605589,37.88420804,5040,Θολότητα,"Τελικό Αποτέλεσμα",NTU,0.52
20/03/2023,23.75796495,37.86035435,5050,Θολότητα,"Τελικό Αποτέλεσμα",NTU,0.178
20/03/2023,23.76070017,37.8524034,5060,Θολότητα,"Τελικό Αποτέλεσμα",NTU,0.292
20/03/2023,23.75697704,37.84809852,5080,Θολότητα,"Τελικό Αποτέλεσμα",NTU,0.123
20/03/2023,23.76068543,37.81516677,5090,Θολότητα,"Τελικό Αποτέλεσμα",NTU,0.36
20/03/2023,23.77438684,37.81229933,5100,Θολότητα,"Τελικό Αποτέλεσμα",NTU,0.213
20/03/2023,23.78633796,37.82289436,5110,Θολότητα,"Τελικό Αποτέλεσμα",NTU,0.26
20/03/2023,23.79034019,37.83538362,5150,Θολότητα,"Τελικό Αποτέλεσμα",NTU,0.337
20/03/2023,23.73997328,37.86958627,5160,Θολότητα,"Τελικό Αποτέλεσμα",NTU,0.266
20/03/2023,23.72543914,37.88816507,5170,Θολότητα,"Τελικό Αποτέλεσμα",NTU,0.168
20/03/2023,23.72008222,37.90342424,5180,Θολότητα,"Τελικό Αποτέλεσμα",NTU,0.292
20/03/2023,23.7141366,37.91270737,5190,Θολότητα,"Τελικό Αποτέλεσμα",NTU,0.18
20/03/2023,23.71284044,37.91562054,5200,Θολότητα,"Τελικό Αποτέλεσμα",NTU,0.243
20/03/2023,23.70643521,37.91960099,5210,Θολότητα,"Τελικό Αποτέλεσμα",NTU,0.283
20/03/2023,23.70488133,37.93521995,5230,Θολότητα,"Τελικό Αποτέλεσμα",NTU,0.233
20/03/2025,23.854478659062,38.052884117638,105,Θολότητα,"Τελικό Αποτέλεσμα",NTU,0.178
20/03/2025,23.776825675098,38.065226258806,180,Θολότητα,"Τελικό Αποτέλεσμα",NTU,0.28
20/03/2025,23.794782865204,38.039643002291,230,Θολότητα,"Τελικό Αποτέλεσμα",NTU,0.173
20/03/2025,23.794652964206,38.035148911359,235,Θολότητα,"Τελικό Αποτέλεσμα",NTU,0.35
20/03/2025,23.751879192533,38.034424177094,3010,Θολότητα,"Τελικό Αποτέλεσμα",NTU,0.346
20/03/2025,23.752793157246,38.043419319626,3020,Θολότητα,"Τελικό Αποτέλεσμα",NTU,0.171
20/03/2025,23.757971853364,38.058890938524,3030,Θολότητα,"Τελικό Αποτέλεσμα",NTU,0.178
20/03/2025,23.762911148418,38.063332209074,3040,Θολότητα,"Τελικό Αποτέλεσμα",NTU,0.19
20/03/2025,23.807684504112,38.079687557148,3060,Θολότητα,"Τελικό Αποτέλεσμα",NTU,0.289
20/03/2025,23.826588445352,38.068733964465,3080,Θολότητα,"Τελικό Αποτέλεσμα",NTU,0.133
20/03/2025,23.857729632516,38.058870858803,3090,Θολότητα,"Τελικό Αποτέλεσμα",NTU,0.245
20/03/2025,23.858850831498,38.009405027534,3110,Θολότητα,"Τελικό Αποτέλεσμα",NTU,0.229
20/03/2025,23.885936114707,38.003486571993,3120,Θολότητα,"Τελικό Αποτέλεσμα",NTU,0.586
20/03/2025,23.883581420117,38.001665382065,3130,Θολότητα,"Τελικό Αποτέλεσμα",NTU,0.294
20/03/2025,23.832894356592,38.006902214705,3150,Θολότητα,"Τελικό Αποτέλεσμα",NTU,0.806
20/03/2025,23.817699699893,37.999417823294,3160,Θολότητα,"Τελικό Αποτέλεσμα",NTU,0.337
20/03/2025,23.796809568113,37.998195065074,3170,Θολότητα,"Τελικό Αποτέλεσμα",NTU,0.426
20/03/2025,23.794948631404,37.99586453832,3180,Θολότητα,"Τελικό Αποτέλεσμα",NTU,0.31
20/03/2025,23.795526554539,37.982104892246,3190,Θολότητα,"Τελικό Αποτέλεσμα",NTU,0.33
20/03/2025,23.780262690434,38.00051153767,3200,Θολότητα,"Τελικό Αποτέλεσμα",NTU,0.24
20/03/2025,23.787967770047,38.008481399044,3220,Θολότητα,"Τελικό Αποτέλεσμα",NTU,0.577
20/03/2025,23.780133361397,38.019944025229,3240,Θολότητα,"Τελικό Αποτέλεσμα",NTU,0.277
20/03/2025,23.780281362583,38.047179053493,3250,Θολότητα,"Τελικό Αποτέλεσμα",NTU,0.272
20/03/2025,23.783006772263,38.091595618101,1940,Θολότητα,"Τελικό Αποτέλεσμα",NTU,0.14
20/04/2023,23.78300677,38.09159562,1940,Θολότητα,"Τελικό Αποτέλεσμα",NTU,0.174
20/04/2023,23.85447866,38.05288412,105,Θολότητα,"Τελικό Αποτέλεσμα",NTU,0.148
20/04/2023,23.77682568,38.06522626,180,Θολότητα,"Τελικό Αποτέλεσμα",NTU,0.172
20/04/2023,23.83927879,38.06057978,185,Θολότητα,"Τελικό Αποτέλεσμα",NTU,0.154
20/04/2023,23.79478287,38.039643,230,Θολότητα,"Τελικό Αποτέλεσμα",NTU,0.149
20/04/2023,23.79465296,38.03514891,235,Θολότητα,"Τελικό Αποτέλεσμα",NTU,0.144
20/04/2023,23.75187919,38.03442418,3010,Θολότητα,"Τελικό Αποτέλεσμα",NTU,0.152
20/04/2023,23.75279316,38.04341932,3020,Θολότητα,"Τελικό Αποτέλεσμα",NTU,0.182
20/04/2023,23.75797185,38.05889094,3030,Θολότητα,"Τελικό Αποτέλεσμα",NTU,0.115
20/04/2023,23.80475064,38.09155778,3050,Θολότητα,"Τελικό Αποτέλεσμα",NTU,0.271
20/04/2023,23.8076845,38.07968756,3060,Θολότητα,"Τελικό Αποτέλεσμα",NTU,0.254
20/04/2023,23.85885083,38.00940503,3110,Θολότητα,"Τελικό Αποτέλεσμα",NTU,0.09
20/04/2023,23.88358142,38.00166538,3130,Θολότητα,"Τελικό Αποτέλεσμα",NTU,0.355
20/04/2023,23.83289436,38.00690221,3150,Θολότητα,"Τελικό Αποτέλεσμα",NTU,0.225
20/04/2023,23.8176997,37.99941782,3160,Θολότητα,"Τελικό Αποτέλεσμα",NTU,0.17
20/04/2023,23.79680957,37.99819507,3170,Θολότητα,"Τελικό Αποτέλεσμα",NTU,0.135
20/04/2023,23.79494863,37.99586454,3180,Θολότητα,"Τελικό Αποτέλεσμα",NTU,0.195
20/04/2023,23.79552655,37.98210489,3190,Θολότητα,"Τελικό Αποτέλεσμα",NTU,0.296
20/04/2023,23.78026269,38.00051154,3200,Θολότητα,"Τελικό Αποτέλεσμα",NTU,0.175
20/04/2023,23.78796777,38.0084814,3220,Θολότητα,"Τελικό Αποτέλεσμα",NTU,0.2
20/04/2023,23.78013336,38.01994403,3240,Θολότητα,"Τελικό Αποτέλεσμα",NTU,0.18
20/04/2023,23.81127403,38.04572875,3260,Θολότητα,"Τελικό Αποτέλεσμα",NTU,0.172
20/04/2023,23.52045976,37.94358544,1927,Θολότητα,"Τελικό Αποτέλεσμα",NTU,0.323
20/04/2023,23.46565745,37.91849312,1929,Θολότητα,"Τελικό Αποτέλεσμα",NTU,0.249
20/04/2023,23.49030054,37.99544729,1931,Θολότητα,"Τελικό Αποτέλεσμα",NTU,0.117
20/04/2025,23.783006772263,38.091595618101,1940,Θολότητα,"Τελικό Αποτέλεσμα",NTU,0.156
20/05/2023,23.78300677,38.09159562,1940,Θολότητα,"Τελικό Αποτέλεσμα",NTU,0.309
20/05/2024,23.531536570322,38.071725317014,2260,Θολότητα,"Τελικό Αποτέλεσμα",NTU,0.077
20/05/2024,23.728501580857,38.021077305988,2010,Θολότητα,"Τελικό Αποτέλεσμα",NTU,0.24
20/05/2024,23.707472628441,38.062507031886,2030,Θολότητα,"Τελικό Αποτέλεσμα",NTU,0.381
20/05/2024,23.751213344423,38.120529261783,2270,Θολότητα,"Τελικό Αποτέλεσμα",NTU,0.217
20/05/2024,23.684521996488,38.043278569813,2050,Θολότητα,"Τελικό Αποτέλεσμα",NTU,0.12
20/05/2024,23.676225070778,38.038867972537,2060,Θολότητα,"Τελικό Αποτέλεσμα",NTU,0.142
20/05/2024,23.690708971278,38.03873977939,2070,Θολότητα,"Τελικό Αποτέλεσμα",NTU,0.1
20/05/2024,23.711092519709,38.030604970232,2080,Θολότητα,"Τελικό Αποτέλεσμα",NTU,0.26
20/05/2024,23.703939528461,38.019611224386,2090,Θολότητα,"Τελικό Αποτέλεσμα",NTU,0.129
20/05/2024,23.690026001721,38.014594179034,2100,Θολότητα,"Τελικό Αποτέλεσμα",NTU,0.122
20/05/2024,23.685635325645,38.011704015052,2110,Θολότητα,"Τελικό Αποτέλεσμα",NTU,0.13
20/05/2024,23.690688548717,38.006599310386,2130,Θολότητα,"Τελικό Αποτέλεσμα",NTU,0.1
20/05/2024,23.633719884257,38.014461935654,2140,Θολότητα,"Τελικό Αποτέλεσμα",NTU,0.232
20/05/2024,23.604369787474,38.011728905427,2150,Θολότητα,"Τελικό Αποτέλεσμα",NTU,0.142
20/05/2024,23.660482152024,38.003256233801,2160,Θολότητα,"Τελικό Αποτέλεσμα",NTU,0.135
20/05/2024,23.657213383477,37.990357336342,2170,Θολότητα,"Τελικό Αποτέλεσμα",NTU,0.12
20/05/2024,23.669685637381,37.991033114281,2180,Θολότητα,"Τελικό Αποτέλεσμα",NTU,0.163
20/05/2024,23.688272639454,37.992184760882,2190,Θολότητα,"Τελικό Αποτέλεσμα",NTU,0.118
20/05/2024,23.709037749626,37.994059545664,2210,Θολότητα,"Τελικό Αποτέλεσμα",NTU,0.147
20/05/2024,23.711670124237,37.998900962404,2220,Θολότητα,"Τελικό Αποτέλεσμα",NTU,0.228
20/05/2024,23.723966332053,38.00996468276,2240,Θολότητα,"Τελικό Αποτέλεσμα",NTU,0.254
20/05/2024,23.609081866002,38.010063327816,2250,Θολότητα,"Τελικό Αποτέλεσμα",NTU,0.143
20/05/2024,23.783006772263,38.091595618101,1940,Θολότητα,"Τελικό Αποτέλεσμα",NTU,0.264
20/05/2025,23.783006772263,38.091595618101,1940,Θολότητα,"Τελικό Αποτέλεσμα",NTU,0.259
20/05/2025,23.642117121438,37.933371936061,146,Θολότητα,"Τελικό Αποτέλεσμα",NTU,0.265
20/05/2025,23.685426227465,37.977076609772,6010,Θολότητα,"Τελικό Αποτέλεσμα",NTU,0.287
20/05/2025,23.660147196721,37.980291207729,6020,Θολότητα,"Τελικό Αποτέλεσμα",NTU,0.184
20/05/2025,23.656184913017,37.980594422153,6030,Θολότητα,"Τελικό Αποτέλεσμα",NTU,0.623
20/05/2025,23.653420670725,37.976887978332,6040,Θολότητα,"Τελικό Αποτέλεσμα",NTU,0.282
20/05/2025,23.639896339554,37.977549997131,6050,Θολότητα,"Τελικό Αποτέλεσμα",NTU,0.435
20/05/2025,23.633210429054,37.967000345107,6080,Θολότητα,"Τελικό Αποτέλεσμα",NTU,0.587
20/05/2025,23.623370187872,37.950398549294,6110,Θολότητα,"Τελικό Αποτέλεσμα",NTU,0.149
20/05/2025,23.642068896508,37.928344112851,6150,Θολότητα,"Τελικό Αποτέλεσμα",NTU,0.2
20/05/2025,23.62796265038,37.932334455589,6160,Θολότητα,"Τελικό Αποτέλεσμα",NTU,0.178
20/05/2025,23.65217192804,37.939622706754,6170,Θολότητα,"Τελικό Αποτέλεσμα",NTU,0.33
20/05/2025,23.673234118927,37.946109912673,6190,Θολότητα,"Τελικό Αποτέλεσμα",NTU,0.529
20/05/2025,23.680037411281,37.948096846566,6200,Θολότητα,"Τελικό Αποτέλεσμα",NTU,0.141
20/05/2025,23.691643963145,37.948013010856,6210,Θολότητα,"Τελικό Αποτέλεσμα",NTU,0.174
20/05/2025,23.694323188433,37.952417395875,6220,Θολότητα,"Τελικό Αποτέλεσμα",NTU,0.211
20/05/2025,23.640262686028,37.939614121045,6240,Θολότητα,"Τελικό Αποτέλεσμα",NTU,0.156
20/05/2025,23.794882287985,37.837449849635,1912,Θολότητα,"Τελικό Αποτέλεσμα",NTU,0.3
20/05/2025,23.772903712691,37.94499326751,1961,Θολότητα,"Τελικό Αποτέλεσμα",NTU,0.507
20/05/2025,23.775659857879,37.946436566217,1962,Θολότητα,"Τελικό Αποτέλεσμα",NTU,0.585
20/05/2025,23.781989618407,37.85753891633,1964,Θολότητα,"Τελικό Αποτέλεσμα",NTU,0.367
20/05/2025,23.684521996488,38.043278569813,2050,Θολότητα,"Τελικό Αποτέλεσμα",NTU,0.777
20/05/2025,22.898432401038,38.254054888272,7011,Θολότητα,"Τελικό Αποτέλεσμα",NTU,0.29
20/06/2023,23.78300677,38.09159562,1940,Θολότητα,"Τελικό Αποτέλεσμα",NTU,0.229
20/06/2023,23.76331913,37.9671107,120,Θολότητα,"Τελικό Αποτέλεσμα",NTU,0.17
20/06/2023,23.76373822,37.96231002,125,Θολότητα,"Τελικό Αποτέλεσμα",NTU,0.271
20/06/2023,23.74628153,37.95494925,130,Θολότητα,"Τελικό Αποτέλεσμα",NTU,0.246
20/06/2023,23.76902716,37.99339131,4010,Θολότητα,"Τελικό Αποτέλεσμα",NTU,0.201
20/06/2023,23.77648607,37.99622098,4020,Θολότητα,"Τελικό Αποτέλεσμα",NTU,0.573
20/06/2023,23.77644626,37.99275168,4030,Θολότητα,"Τελικό Αποτέλεσμα",NTU,0.289
20/06/2023,23.77656931,37.97125316,4060,Θολότητα,"Τελικό Αποτέλεσμα",NTU,0.361
20/06/2023,23.77323663,37.96994397,4070,Θολότητα,"Τελικό Αποτέλεσμα",NTU,0.426
20/06/2023,23.75945557,37.97068504,4090,Θολότητα,"Τελικό Αποτέλεσμα",NTU,0.27
20/06/2023,23.77359043,37.94663449,4100,Θολότητα,"Τελικό Αποτέλεσμα",NTU,0.225
20/06/2023,23.75841416,37.95734094,4110,Θολότητα,"Τελικό Αποτέλεσμα",NTU,0.231
20/06/2023,23.7483243,37.95728104,4120,Θολότητα,"Τελικό Αποτέλεσμα",NTU,0.185
20/06/2023,23.7419006,37.95316688,4140,Θολότητα,"Τελικό Αποτέλεσμα",NTU,0.444
20/06/2023,23.75099403,37.93022254,4160,Θολότητα,"Τελικό Αποτέλεσμα",NTU,0.176
20/06/2023,23.73717945,37.92398915,4170,Θολότητα,"Τελικό Αποτέλεσμα",NTU,0.393
20/06/2023,23.73449966,37.92178254,4180,Θολότητα,"Τελικό Αποτέλεσμα",NTU,0.356
20/06/2023,23.72863096,37.93616832,4190,Θολότητα,"Τελικό Αποτέλεσμα",NTU,0.386
20/06/2023,23.7276664,37.95106354,4220,Θολότητα,"Τελικό Αποτέλεσμα",NTU,0.976
20/06/2023,23.72659763,37.95526612,4230,Θολότητα,"Τελικό Αποτέλεσμα",NTU,0.832
20/06/2023,23.64405229,38.00426495,1947,Θολότητα,"Τελικό Αποτέλεσμα",NTU,0.342
20/06/2023,23.65049179,38.02069052,1936,Θολότητα,"Τελικό Αποτέλεσμα",NTU,0.409
20/06/2023,23.63673627,37.98591907,1935,Θολότητα,"Τελικό Αποτέλεσμα",NTU,0.825
20/06/2023,23.6374825,37.98494645,1941,Θολότητα,"Τελικό Αποτέλεσμα",NTU,0.19
20/06/2023,23.6605722,37.99659467,1950,Θολότητα,"Τελικό Αποτέλεσμα",NTU,0.442
20/06/2024,23.783006772263,38.091595618101,1940,Θολότητα,"Τελικό Αποτέλεσμα",NTU,0.262
20/06/2024,23.748648075769,37.916097225199,5010,Θολότητα,"Τελικό Αποτέλεσμα",NTU,0.242
20/06/2024,23.753422230835,37.904820647992,5020,Θολότητα,"Τελικό Αποτέλεσμα",NTU,0.207
20/06/2024,23.746055892182,37.884208036564,5040,Θολότητα,"Τελικό Αποτέλεσμα",NTU,0.252
20/06/2024,23.757964952407,37.860354353668,5050,Θολότητα,"Τελικό Αποτέλεσμα",NTU,0.435
20/06/2024,23.756977040295,37.848098522763,5080,Θολότητα,"Τελικό Αποτέλεσμα",NTU,0.219
20/06/2024,23.760685434504,37.8151667674,5090,Θολότητα,"Τελικό Αποτέλεσμα",NTU,0.281
20/06/2024,23.774386839978,37.81229932964,5100,Θολότητα,"Τελικό Αποτέλεσμα",NTU,0.24
20/06/2024,23.786337962388,37.822894363003,5110,Θολότητα,"Τελικό Αποτέλεσμα",NTU,0.321
20/06/2024,23.790340187783,37.835383621964,5150,Θολότητα,"Τελικό Αποτέλεσμα",NTU,0.238
20/06/2024,23.739973276711,37.869586272318,5160,Θολότητα,"Τελικό Αποτέλεσμα",NTU,0.109
20/06/2024,23.72543913784,37.888165068231,5170,Θολότητα,"Τελικό Αποτέλεσμα",NTU,0.189
20/06/2024,23.720082218937,37.903424243123,5180,Θολότητα,"Τελικό Αποτέλεσμα",NTU,0.24
20/06/2024,23.71413660329,37.912707373341,5190,Θολότητα,"Τελικό Αποτέλεσμα",NTU,0.19
20/06/2024,23.712840439649,37.915620541693,5200,Θολότητα,"Τελικό Αποτέλεσμα",NTU,0.136
20/06/2024,23.706435208048,37.919600993522,5210,Θολότητα,"Τελικό Αποτέλεσμα",NTU,0.256
20/06/2024,23.635233804352,37.972826147816,1926,Θολότητα,"Τελικό Αποτέλεσμα",NTU,0.496
20/06/2024,23.650491791439,38.020690523541,1936,Θολότητα,"Τελικό Αποτέλεσμα",NTU,0.334
20/06/2024,23.660572199344,37.996594669998,1950,Θολότητα,"Τελικό Αποτέλεσμα",NTU,0.251
20/06/2024,23.636736270073,37.985919067278,1935,Θολότητα,"Τελικό Αποτέλεσμα",NTU,0.452
20/06/2025,23.701682457361,37.918072433642,137,Θολότητα,"Τελικό Αποτέλεσμα",NTU,0.117
20/06/2025,23.802231976799,37.833112339241,140,Θολότητα,"Τελικό Αποτέλεσμα",NTU,0.092
20/06/2025,23.748648075769,37.916097225199,5010,Θολότητα,"Τελικό Αποτέλεσμα",NTU,0.155
20/06/2025,23.753422230835,37.904820647992,5020,Θολότητα,"Τελικό Αποτέλεσμα",NTU,0.135
20/06/2025,23.744700128802,37.889940171291,5030,Θολότητα,"Τελικό Αποτέλεσμα",NTU,0.151
20/06/2025,23.746055892182,37.884208036564,5040,Θολότητα,"Τελικό Αποτέλεσμα",NTU,0.174
20/06/2025,23.757964952407,37.860354353668,5050,Θολότητα,"Τελικό Αποτέλεσμα",NTU,0.138
20/06/2025,23.760700167651,37.852403396879,5060,Θολότητα,"Τελικό Αποτέλεσμα",NTU,0.17
20/06/2025,23.756977040295,37.848098522763,5080,Θολότητα,"Τελικό Αποτέλεσμα",NTU,0.356
20/06/2025,23.760685434504,37.8151667674,5090,Θολότητα,"Τελικό Αποτέλεσμα",NTU,0.09
20/06/2025,23.774386839978,37.81229932964,5100,Θολότητα,"Τελικό Αποτέλεσμα",NTU,0.259
20/06/2025,23.786337962388,37.822894363003,5110,Θολότητα,"Τελικό Αποτέλεσμα",NTU,0.149
20/06/2025,23.790340187783,37.835383621964,5150,Θολότητα,"Τελικό Αποτέλεσμα",NTU,0.183
20/06/2025,23.739973276711,37.869586272318,5160,Θολότητα,"Τελικό Αποτέλεσμα",NTU,0.19
20/06/2025,23.72543913784,37.888165068231,5170,Θολότητα,"Τελικό Αποτέλεσμα",NTU,0.194
20/06/2025,23.720082218937,37.903424243123,5180,Θολότητα,"Τελικό Αποτέλεσμα",NTU,0.178
20/06/2025,23.71413660329,37.912707373341,5190,Θολότητα,"Τελικό Αποτέλεσμα",NTU,0.166
20/06/2025,23.712840439649,37.915620541693,5200,Θολότητα,"Τελικό Αποτέλεσμα",NTU,0.187
20/06/2025,23.706435208048,37.919600993522,5210,Θολότητα,"Τελικό Αποτέλεσμα",NTU,0.181
20/06/2025,23.704881330177,37.935219954091,5230,Θολότητα,"Τελικό Αποτέλεσμα",NTU,0.235
20/07/2023,23.78300677,38.09159562,1940,Θολότητα,"Τελικό Αποτέλεσμα",NTU,0.325
20/07/2023,23.76331913,37.9671107,120,Θολότητα,"Τελικό Αποτέλεσμα",NTU,0.241
20/07/2023,23.76373822,37.96231002,125,Θολότητα,"Τελικό Αποτέλεσμα",NTU,0.269
20/07/2023,23.74628153,37.95494925,130,Θολότητα,"Τελικό Αποτέλεσμα",NTU,0.24
20/07/2023,23.76902716,37.99339131,4010,Θολότητα,"Τελικό Αποτέλεσμα",NTU,0.715
20/07/2023,23.77648607,37.99622098,4020,Θολότητα,"Τελικό Αποτέλεσμα",NTU,0.478
20/07/2023,23.77644626,37.99275168,4030,Θολότητα,"Τελικό Αποτέλεσμα",NTU,0.202
20/07/2023,23.768783,37.9828978,4040,Θολότητα,"Τελικό Αποτέλεσμα",NTU,0.172
20/07/2023,23.77656931,37.97125316,4060,Θολότητα,"Τελικό Αποτέλεσμα",NTU,0.138
20/07/2023,23.77323663,37.96994397,4070,Θολότητα,"Τελικό Αποτέλεσμα",NTU,0.185
20/07/2023,23.76210863,37.97447332,4080,Θολότητα,"Τελικό Αποτέλεσμα",NTU,0.218
20/07/2023,23.75945557,37.97068504,4090,Θολότητα,"Τελικό Αποτέλεσμα",NTU,0.324
20/07/2023,23.77359043,37.94663449,4100,Θολότητα,"Τελικό Αποτέλεσμα",NTU,0.188
20/07/2023,23.75841416,37.95734094,4110,Θολότητα,"Τελικό Αποτέλεσμα",NTU,0.503
20/07/2023,23.7483243,37.95728104,4120,Θολότητα,"Τελικό Αποτέλεσμα",NTU,0.203
20/07/2023,23.7419006,37.95316688,4140,Θολότητα,"Τελικό Αποτέλεσμα",NTU,0.187
20/07/2023,23.75099403,37.93022254,4160,Θολότητα,"Τελικό Αποτέλεσμα",NTU,0.205
20/07/2023,23.73717945,37.92398915,4170,Θολότητα,"Τελικό Αποτέλεσμα",NTU,0.851
20/07/2023,23.73449966,37.92178254,4180,Θολότητα,"Τελικό Αποτέλεσμα",NTU,0.263
20/07/2023,23.72863096,37.93616832,4190,Θολότητα,"Τελικό Αποτέλεσμα",NTU,0.118
20/07/2023,23.7276664,37.95106354,4220,Θολότητα,"Τελικό Αποτέλεσμα",NTU,0.403
20/07/2023,23.72659763,37.95526612,4230,Θολότητα,"Τελικό Αποτέλεσμα",NTU,0.17
20/07/2023,23.72688782,37.95811379,4240,Θολότητα,"Τελικό Αποτέλεσμα",NTU,0.145
20/08/2023,23.78300677,38.09159562,1940,Θολότητα,"Τελικό Αποτέλεσμα",NTU,0.184
20/08/2024,23.416568705309,37.911777864914,1967,Θολότητα,"Τελικό Αποτέλεσμα",NTU,0.174
20/08/2024,23.417424198698,37.907419057485,2601,Θολότητα,"Τελικό Αποτέλεσμα",NTU,0.168
20/08/2024,23.763319132339,37.967110703832,120,Θολότητα,"Τελικό Αποτέλεσμα",NTU,0.239
20/08/2024,23.763738215853,37.962310018511,125,Θολότητα,"Τελικό Αποτέλεσμα",NTU,0.111
20/08/2024,23.746281527272,37.954949246394,130,Θολότητα,"Τελικό Αποτέλεσμα",NTU,0.24
20/08/2024,23.783006772263,38.091595618101,1940,Θολότητα,"Τελικό Αποτέλεσμα",NTU,0.166
20/08/2024,22.898432401038,38.254054888272,7011,Θολότητα,"Τελικό Αποτέλεσμα",NTU,0.362
20/09/2023,23.78300677,38.09159562,1940,Θολότητα,"Τελικό Αποτέλεσμα",NTU,0.31
20/09/2023,23.79488229,37.83744985,1912,Θολότητα,"Τελικό Αποτέλεσμα",NTU,0.326
20/09/2023,23.77290371,37.94499327,1961,Θολότητα,"Τελικό Αποτέλεσμα",NTU,0.365
20/09/2023,23.78198962,37.85753892,1964,Θολότητα,"Τελικό Αποτέλεσμα",NTU,0.308
20/09/2023,23.79050885,37.815723,1965,Θολότητα,"Τελικό Αποτέλεσμα",NTU,0.467
20/09/2023,23.68542623,37.97707661,6010,Θολότητα,"Τελικό Αποτέλεσμα",NTU,0.095
20/09/2023,23.6601472,37.98029121,6020,Θολότητα,"Τελικό Αποτέλεσμα",NTU,0.368
20/09/2023,23.65618491,37.98059442,6030,Θολότητα,"Τελικό Αποτέλεσμα",NTU,0.164
20/09/2023,23.65342067,37.97688798,6040,Θολότητα,"Τελικό Αποτέλεσμα",NTU,0.125
20/09/2023,23.63989634,37.97755,6050,Θολότητα,"Τελικό Αποτέλεσμα",NTU,0.173
20/09/2023,23.64020099,37.97361646,6060,Θολότητα,"Τελικό Αποτέλεσμα",NTU,0.114
20/09/2023,23.63321043,37.96700035,6080,Θολότητα,"Τελικό Αποτέλεσμα",NTU,0.181
20/09/2023,23.62337019,37.95039855,6110,Θολότητα,"Τελικό Αποτέλεσμα",NTU,0.15
20/09/2023,23.63400949,37.95347226,6120,Θολότητα,"Τελικό Αποτέλεσμα",NTU,0.143
20/09/2023,23.63373384,37.95087389,6130,Θολότητα,"Τελικό Αποτέλεσμα",NTU,0.158
20/09/2023,23.6420689,37.92834411,6150,Θολότητα,"Τελικό Αποτέλεσμα",NTU,0.111
20/09/2023,23.62796265,37.93233446,6160,Θολότητα,"Τελικό Αποτέλεσμα",NTU,0.093
20/09/2023,23.65217193,37.93962271,6170,Θολότητα,"Τελικό Αποτέλεσμα",NTU,0.211
20/09/2023,23.67323412,37.94610991,6190,Θολότητα,"Τελικό Αποτέλεσμα",NTU,0.179
20/09/2023,23.68003741,37.94809685,6200,Θολότητα,"Τελικό Αποτέλεσμα",NTU,0.138
20/09/2023,23.69164396,37.94801301,6210,Θολότητα,"Τελικό Αποτέλεσμα",NTU,0.146
20/09/2023,23.69432319,37.9524174,6220,Θολότητα,"Τελικό Αποτέλεσμα",NTU,0.118
20/09/2023,23.64026269,37.93961412,6240,Θολότητα,"Τελικό Αποτέλεσμα",NTU,0.106
20/09/2024,23.783006772263,38.091595618101,1940,Θολότητα,"Τελικό Αποτέλεσμα",NTU,0.231
20/09/2024,23.531536570322,38.071725317014,2260,Θολότητα,"Τελικό Αποτέλεσμα",NTU,0.08
20/09/2024,23.751213344423,38.120529261783,2270,Θολότητα,"Τελικό Αποτέλεσμα",NTU,0.157
20/09/2024,23.763319132339,37.967110703832,120,Θολότητα,"Τελικό Αποτέλεσμα",NTU,0.281
20/09/2024,23.763738215853,37.962310018511,125,Θολότητα,"Τελικό Αποτέλεσμα",NTU,0.22
20/09/2024,23.746281527272,37.954949246394,130,Θολότητα,"Τελικό Αποτέλεσμα",NTU,0.205
20/09/2024,23.769027158681,37.993391314662,4010,Θολότητα,"Τελικό Αποτέλεσμα",NTU,0.163
20/09/2024,23.776486074062,37.996220978178,4020,Θολότητα,"Τελικό Αποτέλεσμα",NTU,0.167
20/09/2024,23.776446263032,37.992751677322,4030,Θολότητα,"Τελικό Αποτέλεσμα",NTU,0.174
20/09/2024,23.776569307759,37.971253159928,4060,Θολότητα,"Τελικό Αποτέλεσμα",NTU,0.202
20/09/2024,23.773236630704,37.96994397087,4070,Θολότητα,"Τελικό Αποτέλεσμα",NTU,0.193
20/09/2024,23.762108634131,37.974473318809,4080,Θολότητα,"Τελικό Αποτέλεσμα",NTU,0.125
20/09/2024,23.75945556984,37.970685038508,4090,Θολότητα,"Τελικό Αποτέλεσμα",NTU,0.143
20/09/2024,23.773590432102,37.94663449198,4100,Θολότητα,"Τελικό Αποτέλεσμα",NTU,0.207
20/09/2024,23.758414161627,37.957340941046,4110,Θολότητα,"Τελικό Αποτέλεσμα",NTU,0.258
20/09/2024,23.748324301254,37.957281035336,4120,Θολότητα,"Τελικό Αποτέλεσμα",NTU,0.205
20/09/2024,23.74190059516,37.95316687964,4140,Θολότητα,"Τελικό Αποτέλεσμα",NTU,0.12
20/09/2024,23.75099402587,37.930222535019,4160,Θολότητα,"Τελικό Αποτέλεσμα",NTU,0.169
20/09/2024,23.737179449332,37.923989154778,4170,Θολότητα,"Τελικό Αποτέλεσμα",NTU,0.551
20/09/2024,23.734499659649,37.921782537866,4180,Θολότητα,"Τελικό Αποτέλεσμα",NTU,0.084
20/09/2024,23.728630962837,37.936168316,4190,Θολότητα,"Τελικό Αποτέλεσμα",NTU,0.12
20/09/2024,23.727666402305,37.95106353914,4220,Θολότητα,"Τελικό Αποτέλεσμα",NTU,0.681
20/09/2024,23.726597630536,37.955266120446,4230,Θολότητα,"Τελικό Αποτέλεσμα",NTU,0.159
20/09/2024,23.726887822219,37.95811378839,4240,Θολότητα,"Τελικό Αποτέλεσμα",NTU,0.113
20/10/2023,23.78300677,38.09159562,1940,Θολότητα,"Τελικό Αποτέλεσμα",NTU,0.329
20/10/2023,23.76621884,37.94149317,135,Θολότητα,"Τελικό Αποτέλεσμα",NTU,0.301
20/10/2023,23.70168246,37.91807243,137,Θολότητα,"Τελικό Αποτέλεσμα",NTU,0.273
20/10/2023,23.78205391,37.85203476,139,Θολότητα,"Τελικό Αποτέλεσμα",NTU,0.185
20/10/2023,23.80223198,37.83311234,140,Θολότητα,"Τελικό Αποτέλεσμα",NTU,0.236
20/10/2023,23.74864808,37.91609723,5010,Θολότητα,"Τελικό Αποτέλεσμα",NTU,0.264
20/10/2023,23.75342223,37.90482065,5020,Θολότητα,"Τελικό Αποτέλεσμα",NTU,0.195
20/10/2023,23.74470013,37.88994017,5030,Θολότητα,"Τελικό Αποτέλεσμα",NTU,0.433
20/10/2023,23.74605589,37.88420804,5040,Θολότητα,"Τελικό Αποτέλεσμα",NTU,0.361
20/10/2023,23.75796495,37.86035435,5050,Θολότητα,"Τελικό Αποτέλεσμα",NTU,0.266
20/10/2023,23.75697704,37.84809852,5080,Θολότητα,"Τελικό Αποτέλεσμα",NTU,0.203
20/10/2023,23.76068543,37.81516677,5090,Θολότητα,"Τελικό Αποτέλεσμα",NTU,0.185
20/10/2023,23.77438684,37.81229933,5100,Θολότητα,"Τελικό Αποτέλεσμα",NTU,0.343
20/10/2023,23.78633796,37.82289436,5110,Θολότητα,"Τελικό Αποτέλεσμα",NTU,0.401
20/10/2023,23.79034019,37.83538362,5150,Θολότητα,"Τελικό Αποτέλεσμα",NTU,0.286
20/10/2023,23.73997328,37.86958627,5160,Θολότητα,"Τελικό Αποτέλεσμα",NTU,0.2
20/10/2023,23.72543914,37.88816507,5170,Θολότητα,"Τελικό Αποτέλεσμα",NTU,0.317
20/10/2023,23.72008222,37.90342424,5180,Θολότητα,"Τελικό Αποτέλεσμα",NTU,0.22
20/10/2023,23.7141366,37.91270737,5190,Θολότητα,"Τελικό Αποτέλεσμα",NTU,0.537
20/10/2023,23.71284044,37.91562054,5200,Θολότητα,"Τελικό Αποτέλεσμα",NTU,0.198
20/10/2023,23.70643521,37.91960099,5210,Θολότητα,"Τελικό Αποτέλεσμα",NTU,0.335
20/10/2023,23.70488133,37.93521995,5230,Θολότητα,"Τελικό Αποτέλεσμα",NTU,0.265
20/10/2024,23.783006772263,38.091595618101,1940,Θολότητα,"Τελικό Αποτέλεσμα",NTU,0.127
20/11/2023,23.78300677,38.09159562,1940,Θολότητα,"Τελικό Αποτέλεσμα",NTU,0.34
20/11/2023,23.6352338,37.97282615,1926,Θολότητα,"Τελικό Αποτέλεσμα",NTU,0.599
20/11/2023,23.65049179,38.02069052,1936,Θολότητα,"Τελικό Αποτέλεσμα",NTU,0.278
20/11/2023,23.6605722,37.99659467,1950,Θολότητα,"Τελικό Αποτέλεσμα",NTU,0.315
20/11/2023,23.6374825,37.98494645,1941,Θολότητα,"Τελικό Αποτέλεσμα",NTU,0.419
20/11/2023,23.63673627,37.98591907,1935,Θολότητα,"Τελικό Αποτέλεσμα",NTU,0.32
20/11/2023,23.76331913,37.9671107,120,Θολότητα,"Τελικό Αποτέλεσμα",NTU,0.331
20/11/2023,23.76373822,37.96231002,125,Θολότητα,"Τελικό Αποτέλεσμα",NTU,0.543
20/11/2023,23.74628153,37.95494925,130,Θολότητα,"Τελικό Αποτέλεσμα",NTU,0.345
20/11/2023,23.76902716,37.99339131,4010,Θολότητα,"Τελικό Αποτέλεσμα",NTU,0.278
20/11/2023,23.77648607,37.99622098,4020,Θολότητα,"Τελικό Αποτέλεσμα",NTU,0.247
20/11/2023,23.77644626,37.99275168,4030,Θολότητα,"Τελικό Αποτέλεσμα",NTU,0.315
20/11/2023,23.768783,37.9828978,4040,Θολότητα,"Τελικό Αποτέλεσμα",NTU,0.371
20/11/2023,23.77656931,37.97125316,4060,Θολότητα,"Τελικό Αποτέλεσμα",NTU,0.378
20/11/2023,23.77323663,37.96994397,4070,Θολότητα,"Τελικό Αποτέλεσμα",NTU,0.264
20/11/2023,23.76210863,37.97447332,4080,Θολότητα,"Τελικό Αποτέλεσμα",NTU,0.483
20/11/2023,23.75945557,37.97068504,4090,Θολότητα,"Τελικό Αποτέλεσμα",NTU,0.777
20/11/2023,23.77359043,37.94663449,4100,Θολότητα,"Τελικό Αποτέλεσμα",NTU,0.784
20/11/2023,23.75841416,37.95734094,4110,Θολότητα,"Τελικό Αποτέλεσμα",NTU,0.318
20/11/2023,23.7419006,37.95316688,4140,Θολότητα,"Τελικό Αποτέλεσμα",NTU,0.261
20/11/2023,23.75099403,37.93022254,4160,Θολότητα,"Τελικό Αποτέλεσμα",NTU,0.747
20/11/2023,23.73717945,37.92398915,4170,Θολότητα,"Τελικό Αποτέλεσμα",NTU,0.578
20/11/2023,23.73449966,37.92178254,4180,Θολότητα,"Τελικό Αποτέλεσμα",NTU,0.488
20/11/2023,23.72863096,37.93616832,4190,Θολότητα,"Τελικό Αποτέλεσμα",NTU,0.163
20/11/2023,23.7276664,37.95106354,4220,Θολότητα,"Τελικό Αποτέλεσμα",NTU,0.838
20/11/2023,23.72659763,37.95526612,4230,Θολότητα,"Τελικό Αποτέλεσμα",NTU,0.589
20/11/2023,23.72688782,37.95811379,4240,Θολότητα,"Τελικό Αποτέλεσμα",NTU,0.38
20/11/2024,23.726597630536,37.955266120446,4230,Θολότητα,"Τελικό Αποτέλεσμα",NTU,0.624
20/11/2024,23.783006772263,38.091595618101,1940,Θολότητα,"Τελικό Αποτέλεσμα",NTU,0.099
20/11/2024,23.763319132339,37.967110703832,120,Θολότητα,"Τελικό Αποτέλεσμα",NTU,0.262
20/11/2024,23.763738215853,37.962310018511,125,Θολότητα,"Τελικό Αποτέλεσμα",NTU,0.228
20/11/2024,23.746281527272,37.954949246394,130,Θολότητα,"Τελικό Αποτέλεσμα",NTU,0.132
20/11/2024,23.769027158681,37.993391314662,4010,Θολότητα,"Τελικό Αποτέλεσμα",NTU,0.53
20/11/2024,23.776486074062,37.996220978178,4020,Θολότητα,"Τελικό Αποτέλεσμα",NTU,0.456
20/11/2024,23.776446263032,37.992751677322,4030,Θολότητα,"Τελικό Αποτέλεσμα",NTU,0.144
20/11/2024,23.768783003349,37.982897797692,4040,Θολότητα,"Τελικό Αποτέλεσμα",NTU,0.096
20/11/2024,23.776569307759,37.971253159928,4060,Θολότητα,"Τελικό Αποτέλεσμα",NTU,0.164
20/11/2024,23.773236630704,37.96994397087,4070,Θολότητα,"Τελικό Αποτέλεσμα",NTU,0.088
20/11/2024,23.762108634131,37.974473318809,4080,Θολότητα,"Τελικό Αποτέλεσμα",NTU,0.186
20/11/2024,23.773590432102,37.94663449198,4100,Θολότητα,"Τελικό Αποτέλεσμα",NTU,0.218
20/11/2024,23.758414161627,37.957340941046,4110,Θολότητα,"Τελικό Αποτέλεσμα",NTU,0.114
20/11/2024,23.74190059516,37.95316687964,4140,Θολότητα,"Τελικό Αποτέλεσμα",NTU,0.106
20/11/2024,23.75099402587,37.930222535019,4160,Θολότητα,"Τελικό Αποτέλεσμα",NTU,0.147
20/11/2024,23.734499659649,37.921782537866,4180,Θολότητα,"Τελικό Αποτέλεσμα",NTU,0.105
20/11/2024,23.728630962837,37.936168316,4190,Θολότητα,"Τελικό Αποτέλεσμα",NTU,0.22
20/11/2024,23.727666402305,37.95106353914,4220,Θολότητα,"Τελικό Αποτέλεσμα",NTU,0.284
20/11/2024,23.748324301254,37.957281035336,4120,Θολότητα,"Τελικό Αποτέλεσμα",NTU,0.137
20/11/2024,23.685635325645,38.011704015052,2110,Θολότητα,"Τελικό Αποτέλεσμα",NTU,0.092
20/12/2023,23.76621884,37.94149317,135,Θολότητα,"Τελικό Αποτέλεσμα",NTU,0.178
20/12/2023,23.70168246,37.91807243,137,Θολότητα,"Τελικό Αποτέλεσμα",NTU,0.115
20/12/2023,23.80223198,37.83311234,140,Θολότητα,"Τελικό Αποτέλεσμα",NTU,0.296
20/12/2023,23.74864808,37.91609723,5010,Θολότητα,"Τελικό Αποτέλεσμα",NTU,0.301
20/12/2023,23.75342223,37.90482065,5020,Θολότητα,"Τελικό Αποτέλεσμα",NTU,0.351
20/12/2023,23.74470013,37.88994017,5030,Θολότητα,"Τελικό Αποτέλεσμα",NTU,0.252
20/12/2023,23.74605589,37.88420804,5040,Θολότητα,"Τελικό Αποτέλεσμα",NTU,0.421
20/12/2023,23.75796495,37.86035435,5050,Θολότητα,"Τελικό Αποτέλεσμα",NTU,0.238
20/12/2023,23.75697704,37.84809852,5080,Θολότητα,"Τελικό Αποτέλεσμα",NTU,0.158
20/12/2023,23.76068543,37.81516677,5090,Θολότητα,"Τελικό Αποτέλεσμα",NTU,0.164
20/12/2023,23.77438684,37.81229933,5100,Θολότητα,"Τελικό Αποτέλεσμα",NTU,0.144
20/12/2023,23.78633796,37.82289436,5110,Θολότητα,"Τελικό Αποτέλεσμα",NTU,0.127
20/12/2023,23.79034019,37.83538362,5150,Θολότητα,"Τελικό Αποτέλεσμα",NTU,0.164
20/12/2023,23.73997328,37.86958627,5160,Θολότητα,"Τελικό Αποτέλεσμα",NTU,0.505
20/12/2023,23.72543914,37.88816507,5170,Θολότητα,"Τελικό Αποτέλεσμα",NTU,0.235
20/12/2023,23.72008222,37.90342424,5180,Θολότητα,"Τελικό Αποτέλεσμα",NTU,0.123
20/12/2023,23.7141366,37.91270737,5190,Θολότητα,"Τελικό Αποτέλεσμα",NTU,0.436
20/12/2023,23.71284044,37.91562054,5200,Θολότητα,"Τελικό Αποτέλεσμα",NTU,0.187
20/12/2023,23.70643521,37.91960099,5210,Θολότητα,"Τελικό Αποτέλεσμα",NTU,0.114
20/12/2023,23.70488133,37.93521995,5230,Θολότητα,"Τελικό Αποτέλεσμα",NTU,0.27
20/12/2024,23.783006772263,38.091595618101,1940,Θολότητα,"Τελικό Αποτέλεσμα",NTU,0.14
20/12/2024,23.587548232298,38.066465497153,2830,Θολότητα,"Τελικό Αποτέλεσμα",NTU,0.171
20/12/2024,23.854478659062,38.052884117638,105,Θολότητα,"Τελικό Αποτέλεσμα",NTU,0.186
20/12/2024,23.776825675098,38.065226258806,180,Θολότητα,"Τελικό Αποτέλεσμα",NTU,0.106
20/12/2024,23.794782865204,38.039643002291,230,Θολότητα,"Τελικό Αποτέλεσμα",NTU,0.121
20/12/2024,23.794652964206,38.035148911359,235,Θολότητα,"Τελικό Αποτέλεσμα",NTU,0.118
20/12/2024,23.751879192533,38.034424177094,3010,Θολότητα,"Τελικό Αποτέλεσμα",NTU,0.198
20/12/2024,23.752793157246,38.043419319626,3020,Θολότητα,"Τελικό Αποτέλεσμα",NTU,0.135
20/12/2024,23.757971853364,38.058890938524,3030,Θολότητα,"Τελικό Αποτέλεσμα",NTU,0.444
20/12/2024,23.807684504112,38.079687557148,3060,Θολότητα,"Τελικό Αποτέλεσμα",NTU,0.145
20/12/2024,23.826588445352,38.068733964465,3080,Θολότητα,"Τελικό Αποτέλεσμα",NTU,0.341
20/12/2024,23.857729632516,38.058870858803,3090,Θολότητα,"Τελικό Αποτέλεσμα",NTU,0.136
20/12/2024,23.858850831498,38.009405027534,3110,Θολότητα,"Τελικό Αποτέλεσμα",NTU,0.122
20/12/2024,23.883581420117,38.001665382065,3130,Θολότητα,"Τελικό Αποτέλεσμα",NTU,0.207
20/12/2024,23.832894356592,38.006902214705,3150,Θολότητα,"Τελικό Αποτέλεσμα",NTU,0.147
20/12/2024,23.817699699893,37.999417823294,3160,Θολότητα,"Τελικό Αποτέλεσμα",NTU,0.16
20/12/2024,23.796809568113,37.998195065074,3170,Θολότητα,"Τελικό Αποτέλεσμα",NTU,0.264
20/12/2024,23.794948631404,37.99586453832,3180,Θολότητα,"Τελικό Αποτέλεσμα",NTU,0.12
20/12/2024,23.795526554539,37.982104892246,3190,Θολότητα,"Τελικό Αποτέλεσμα",NTU,0.288
20/12/2024,23.780262690434,38.00051153767,3200,Θολότητα,"Τελικό Αποτέλεσμα",NTU,0.161
20/12/2024,23.787967770047,38.008481399044,3220,Θολότητα,"Τελικό Αποτέλεσμα",NTU,0.2
20/12/2024,23.780133361397,38.019944025229,3240,Θολότητα,"Τελικό Αποτέλεσμα",NTU,0.167
20/12/2024,23.811274027343,38.045728748791,3260,Θολότητα,"Τελικό Αποτέλεσμα",NTU,0.16
21/01/2023,23.78300677,38.09159562,1940,Θολότητα,"Τελικό Αποτέλεσμα",NTU,0.167
21/01/2025,23.848751638879,38.124166714577,4710,Θολότητα,"Τελικό Αποτέλεσμα",NTU,0.482
21/01/2025,23.908700098241,38.168241126955,4720,Θολότητα,"Τελικό Αποτέλεσμα",NTU,0.314
21/01/2025,24.034572330748,38.190401550712,4750,Θολότητα,"Τελικό Αποτέλεσμα",NTU,0.095
21/01/2025,23.977138138398,38.085743034532,4770,Θολότητα,"Τελικό Αποτέλεσμα",NTU,0.284
21/01/2025,23.989441223817,38.037783380352,4771,Θολότητα,"Τελικό Αποτέλεσμα",NTU,0.315
21/01/2025,24.012050710459,38.014370105797,4852,Θολότητα,"Τελικό Αποτέλεσμα",NTU,0.122
21/01/2025,24.007320013182,37.984167240863,4890,Θολότητα,"Τελικό Αποτέλεσμα",NTU,0.079
21/01/2025,23.90698069658,37.964512417317,4902,Θολότητα,"Τελικό Αποτέλεσμα",NTU,0.072
21/01/2025,23.973051962748,37.958463647889,4910,Θολότητα,"Τελικό Αποτέλεσμα",NTU,0.09
21/01/2025,23.783006772263,38.091595618101,1940,Θολότητα,"Τελικό Αποτέλεσμα",NTU,0.122
21/01/2025,22.898432401038,38.254054888272,7011,Θολότητα,"Τελικό Αποτέλεσμα",NTU,0.131
21/02/2023,23.64211712,37.93337194,146,Θολότητα,"Τελικό Αποτέλεσμα",NTU,0.232
21/02/2023,23.68542623,37.97707661,6010,Θολότητα,"Τελικό Αποτέλεσμα",NTU,0.346
21/02/2023,23.6601472,37.98029121,6020,Θολότητα,"Τελικό Αποτέλεσμα",NTU,0.112
21/02/2023,23.65618491,37.98059442,6030,Θολότητα,"Τελικό Αποτέλεσμα",NTU,0.207
21/02/2023,23.65342067,37.97688798,6040,Θολότητα,"Τελικό Αποτέλεσμα",NTU,0.211
21/02/2023,23.63989634,37.97755,6050,Θολότητα,"Τελικό Αποτέλεσμα",NTU,0.18
21/02/2023,23.64020099,37.97361646,6060,Θολότητα,"Τελικό Αποτέλεσμα",NTU,0.223
21/02/2023,23.63321043,37.96700035,6080,Θολότητα,"Τελικό Αποτέλεσμα",NTU,0.18
21/02/2023,23.62337019,37.95039855,6110,Θολότητα,"Τελικό Αποτέλεσμα",NTU,0.154
21/02/2023,23.63400949,37.95347226,6120,Θολότητα,"Τελικό Αποτέλεσμα",NTU,0.56
21/02/2023,23.63373384,37.95087389,6130,Θολότητα,"Τελικό Αποτέλεσμα",NTU,0.385
21/02/2023,23.6420689,37.92834411,6150,Θολότητα,"Τελικό Αποτέλεσμα",NTU,0.178
21/02/2023,23.62796265,37.93233446,6160,Θολότητα,"Τελικό Αποτέλεσμα",NTU,0.25
21/02/2023,23.65217193,37.93962271,6170,Θολότητα,"Τελικό Αποτέλεσμα",NTU,0.29
21/02/2023,23.67323412,37.94610991,6190,Θολότητα,"Τελικό Αποτέλεσμα",NTU,0.33
21/02/2023,23.68003741,37.94809685,6200,Θολότητα,"Τελικό Αποτέλεσμα",NTU,0.126
21/02/2023,23.69164396,37.94801301,6210,Θολότητα,"Τελικό Αποτέλεσμα",NTU,0.491
21/02/2023,23.69432319,37.9524174,6220,Θολότητα,"Τελικό Αποτέλεσμα",NTU,0.245
21/02/2023,23.64026269,37.93961412,6240,Θολότητα,"Τελικό Αποτέλεσμα",NTU,0.094
21/02/2023,23.53153657,38.07172532,2260,Θολότητα,"Τελικό Αποτέλεσμα",NTU,0.188
21/02/2023,23.78300677,38.09159562,1940,Θολότητα,"Τελικό Αποτέλεσμα",NTU,0.141
21/02/2025,23.783006772263,38.091595618101,1940,Θολότητα,"Τελικό Αποτέλεσμα",NTU,0.114
21/02/2025,23.642117121438,37.933371936061,146,Θολότητα,"Τελικό Αποτέλεσμα",NTU,0.261
21/02/2025,23.685426227465,37.977076609772,6010,Θολότητα,"Τελικό Αποτέλεσμα",NTU,0.189
21/02/2025,23.660147196721,37.980291207729,6020,Θολότητα,"Τελικό Αποτέλεσμα",NTU,0.59
21/02/2025,23.656184913017,37.980594422153,6030,Θολότητα,"Τελικό Αποτέλεσμα",NTU,0.235
21/02/2025,23.653420670725,37.976887978332,6040,Θολότητα,"Τελικό Αποτέλεσμα",NTU,0.294
21/02/2025,23.639896339554,37.977549997131,6050,Θολότητα,"Τελικό Αποτέλεσμα",NTU,0.724
21/02/2025,23.633210429054,37.967000345107,6080,Θολότητα,"Τελικό Αποτέλεσμα",NTU,0.248
21/02/2025,23.623370187872,37.950398549294,6110,Θολότητα,"Τελικό Αποτέλεσμα",NTU,0.191
21/02/2025,23.634009487857,37.953472259917,6120,Θολότητα,"Τελικό Αποτέλεσμα",NTU,0.645
21/02/2025,23.633733840369,37.950873888977,6130,Θολότητα,"Τελικό Αποτέλεσμα",NTU,0.28
21/02/2025,23.62796265038,37.932334455589,6160,Θολότητα,"Τελικό Αποτέλεσμα",NTU,0.163
21/02/2025,23.673234118927,37.946109912673,6190,Θολότητα,"Τελικό Αποτέλεσμα",NTU,0.468
21/02/2025,23.680037411281,37.948096846566,6200,Θολότητα,"Τελικό Αποτέλεσμα",NTU,0.159
21/02/2025,23.694323188433,37.952417395875,6220,Θολότητα,"Τελικό Αποτέλεσμα",NTU,0.189
21/02/2025,23.640262686028,37.939614121045,6240,Θολότητα,"Τελικό Αποτέλεσμα",NTU,0.269
21/02/2025,23.690708971278,38.03873977939,2070,Θολότητα,"Τελικό Αποτέλεσμα",NTU,0.1
21/02/2025,23.690026001721,38.014594179034,2100,Θολότητα,"Τελικό Αποτέλεσμα",NTU,0.126
21/03/2023,23.78300677,38.09159562,1940,Θολότητα,"Τελικό Αποτέλεσμα",NTU,0.312
21/03/2023,23.64211712,37.93337194,146,Θολότητα,"Τελικό Αποτέλεσμα",NTU,0.4
21/03/2023,23.68542623,37.97707661,6010,Θολότητα,"Τελικό Αποτέλεσμα",NTU,0.19
21/03/2023,23.6601472,37.98029121,6020,Θολότητα,"Τελικό Αποτέλεσμα",NTU,0.146
21/03/2023,23.65618491,37.98059442,6030,Θολότητα,"Τελικό Αποτέλεσμα",NTU,0.241
21/03/2023,23.65342067,37.97688798,6040,Θολότητα,"Τελικό Αποτέλεσμα",NTU,0.188
21/03/2023,23.63989634,37.97755,6050,Θολότητα,"Τελικό Αποτέλεσμα",NTU,0.174
21/03/2023,23.64020099,37.97361646,6060,Θολότητα,"Τελικό Αποτέλεσμα",NTU,0.565
21/03/2023,23.63321043,37.96700035,6080,Θολότητα,"Τελικό Αποτέλεσμα",NTU,0.329
21/03/2023,23.62337019,37.95039855,6110,Θολότητα,"Τελικό Αποτέλεσμα",NTU,0.256
21/03/2023,23.63400949,37.95347226,6120,Θολότητα,"Τελικό Αποτέλεσμα",NTU,0.208
21/03/2023,23.63373384,37.95087389,6130,Θολότητα,"Τελικό Αποτέλεσμα",NTU,0.534
21/03/2023,23.6420689,37.92834411,6150,Θολότητα,"Τελικό Αποτέλεσμα",NTU,0.387
21/03/2023,23.62796265,37.93233446,6160,Θολότητα,"Τελικό Αποτέλεσμα",NTU,0.284
21/03/2023,23.65217193,37.93962271,6170,Θολότητα,"Τελικό Αποτέλεσμα",NTU,0.301
21/03/2023,23.67323412,37.94610991,6190,Θολότητα,"Τελικό Αποτέλεσμα",NTU,0.598
21/03/2023,23.68003741,37.94809685,6200,Θολότητα,"Τελικό Αποτέλεσμα",NTU,0.281
21/03/2023,23.69164396,37.94801301,6210,Θολότητα,"Τελικό Αποτέλεσμα",NTU,0.25
21/03/2023,23.69432319,37.9524174,6220,Θολότητα,"Τελικό Αποτέλεσμα",NTU,0.192
21/03/2023,23.64026269,37.93961412,6240,Θολότητα,"Τελικό Αποτέλεσμα",NTU,0.266
21/03/2025,23.763319132339,37.967110703832,120,Θολότητα,"Τελικό Αποτέλεσμα",NTU,0.255
21/03/2025,23.763738215853,37.962310018511,125,Θολότητα,"Τελικό Αποτέλεσμα",NTU,0.235
21/03/2025,23.746281527272,37.954949246394,130,Θολότητα,"Τελικό Αποτέλεσμα",NTU,0.238
21/03/2025,23.769027158681,37.993391314662,4010,Θολότητα,"Τελικό Αποτέλεσμα",NTU,0.182
21/03/2025,23.776486074062,37.996220978178,4020,Θολότητα,"Τελικό Αποτέλεσμα",NTU,0.157
21/03/2025,23.776446263032,37.992751677322,4030,Θολότητα,"Τελικό Αποτέλεσμα",NTU,0.16
21/03/2025,23.776569307759,37.971253159928,4060,Θολότητα,"Τελικό Αποτέλεσμα",NTU,0.239
21/03/2025,23.773236630704,37.96994397087,4070,Θολότητα,"Τελικό Αποτέλεσμα",NTU,0.203
21/03/2025,23.762108634131,37.974473318809,4080,Θολότητα,"Τελικό Αποτέλεσμα",NTU,0.396
21/03/2025,23.75945556984,37.970685038508,4090,Θολότητα,"Τελικό Αποτέλεσμα",NTU,0.146
21/03/2025,23.773590432102,37.94663449198,4100,Θολότητα,"Τελικό Αποτέλεσμα",NTU,0.346
21/03/2025,23.758414161627,37.957340941046,4110,Θολότητα,"Τελικό Αποτέλεσμα",NTU,0.34
21/03/2025,23.748324301254,37.957281035336,4120,Θολότητα,"Τελικό Αποτέλεσμα",NTU,0.341
21/03/2025,23.75099402587,37.930222535019,4160,Θολότητα,"Τελικό Αποτέλεσμα",NTU,0.135
21/03/2025,23.737179449332,37.923989154778,4170,Θολότητα,"Τελικό Αποτέλεσμα",NTU,0.278
21/03/2025,23.734499659649,37.921782537866,4180,Θολότητα,"Τελικό Αποτέλεσμα",NTU,0.259
21/03/2025,23.728630962837,37.936168316,4190,Θολότητα,"Τελικό Αποτέλεσμα",NTU,0.311
21/03/2025,23.727666402305,37.95106353914,4220,Θολότητα,"Τελικό Αποτέλεσμα",NTU,0.49
21/03/2025,23.726597630536,37.955266120446,4230,Θολότητα,"Τελικό Αποτέλεσμα",NTU,0.209
21/03/2025,23.726887822219,37.95811378839,4240,Θολότητα,"Τελικό Αποτέλεσμα",NTU,0.156
21/03/2025,23.416568705309,37.911777864914,1967,Θολότητα,"Τελικό Αποτέλεσμα",NTU,0.26
21/03/2025,23.417424198698,37.907419057485,2601,Θολότητα,"Τελικό Αποτέλεσμα",NTU,0.254
21/03/2025,23.520459758419,37.943585439066,1927,Θολότητα,"Τελικό Αποτέλεσμα",NTU,0.129
21/03/2025,23.783006772263,38.091595618101,1940,Θολότητα,"Τελικό Αποτέλεσμα",NTU,0.194
21/03/2025,23.74190059516,37.95316687964,4140,Θολότητα,"Τελικό Αποτέλεσμα",NTU,0.278
21/04/2023,23.76331913,37.9671107,120,Θολότητα,"Τελικό Αποτέλεσμα",NTU,0.215
21/04/2023,23.76373822,37.96231002,125,Θολότητα,"Τελικό Αποτέλεσμα",NTU,0.233
21/04/2023,23.74628153,37.95494925,130,Θολότητα,"Τελικό Αποτέλεσμα",NTU,0.207
21/04/2023,23.76902716,37.99339131,4010,Θολότητα,"Τελικό Αποτέλεσμα",NTU,0.17
21/04/2023,23.77648607,37.99622098,4020,Θολότητα,"Τελικό Αποτέλεσμα",NTU,0.151
21/04/2023,23.77644626,37.99275168,4030,Θολότητα,"Τελικό Αποτέλεσμα",NTU,0.107
21/04/2023,23.77656931,37.97125316,4060,Θολότητα,"Τελικό Αποτέλεσμα",NTU,0.156
21/04/2023,23.77323663,37.96994397,4070,Θολότητα,"Τελικό Αποτέλεσμα",NTU,0.102
21/04/2023,23.75945557,37.97068504,4090,Θολότητα,"Τελικό Αποτέλεσμα",NTU,0.177
21/04/2023,23.77359043,37.94663449,4100,Θολότητα,"Τελικό Αποτέλεσμα",NTU,0.164
21/04/2023,23.75841416,37.95734094,4110,Θολότητα,"Τελικό Αποτέλεσμα",NTU,0.272
21/04/2023,23.7483243,37.95728104,4120,Θολότητα,"Τελικό Αποτέλεσμα",NTU,0.239
21/04/2023,23.7419006,37.95316688,4140,Θολότητα,"Τελικό Αποτέλεσμα",NTU,0.373
21/04/2023,23.73449966,37.92178254,4180,Θολότητα,"Τελικό Αποτέλεσμα",NTU,0.262
21/04/2023,23.72863096,37.93616832,4190,Θολότητα,"Τελικό Αποτέλεσμα",NTU,0.19
21/04/2023,23.7276664,37.95106354,4220,Θολότητα,"Τελικό Αποτέλεσμα",NTU,0.242
21/04/2023,23.72659763,37.95526612,4230,Θολότητα,"Τελικό Αποτέλεσμα",NTU,0.145
21/04/2023,23.78300677,38.09159562,1940,Θολότητα,"Τελικό Αποτέλεσμα",NTU,0.289
21/04/2023,23.67622507,38.03886797,2060,Θολότητα,"Τελικό Αποτέλεσμα",NTU,0.323
21/04/2023,23.64440874,37.95951177,1928,Θολότητα,"Τελικό Αποτέλεσμα",NTU,0.169
21/04/2023,23.65573754,37.93998668,1930,Θολότητα,"Τελικό Αποτέλεσμα",NTU,0.61
21/04/2023,23.68632522,38.0498052,1939,Θολότητα,"Τελικό Αποτέλεσμα",NTU,0.315
21/04/2023,23.57742263,37.96842252,1943,Θολότητα,"Τελικό Αποτέλεσμα",NTU,0.447
21/04/2023,23.57686641,37.96682786,1945,Θολότητα,"Τελικό Αποτέλεσμα",NTU,0.113
21/04/2023,23.67796202,38.04982306,1959,Θολότητα,"Τελικό Αποτέλεσμα",NTU,0.294
21/04/2025,23.783006772263,38.091595618101,1940,Θολότητα,"Τελικό Αποτέλεσμα",NTU,0.108
21/05/2023,23.78300677,38.09159562,1940,Θολότητα,"Τελικό Αποτέλεσμα",NTU,0.268
21/05/2024,23.854478659062,38.052884117638,105,Θολότητα,"Τελικό Αποτέλεσμα",NTU,0.155
21/05/2024,23.776825675098,38.065226258806,180,Θολότητα,"Τελικό Αποτέλεσμα",NTU,0.231
21/05/2024,23.794782865204,38.039643002291,230,Θολότητα,"Τελικό Αποτέλεσμα",NTU,0.177
21/05/2024,23.751879192533,38.034424177094,3010,Θολότητα,"Τελικό Αποτέλεσμα",NTU,0.226
21/05/2024,23.752793157246,38.043419319626,3020,Θολότητα,"Τελικό Αποτέλεσμα",NTU,0.243
21/05/2024,23.757971853364,38.058890938524,3030,Θολότητα,"Τελικό Αποτέλεσμα",NTU,0.113
21/05/2024,23.804750637211,38.091557777528,3050,Θολότητα,"Τελικό Αποτέλεσμα",NTU,0.122
21/05/2024,23.807684504112,38.079687557148,3060,Θολότητα,"Τελικό Αποτέλεσμα",NTU,0.288
21/05/2024,23.826588445352,38.068733964465,3080,Θολότητα,"Τελικό Αποτέλεσμα",NTU,0.162
21/05/2024,23.858850831498,38.009405027534,3110,Θολότητα,"Τελικό Αποτέλεσμα",NTU,0.23
21/05/2024,23.885936114707,38.003486571993,3120,Θολότητα,"Τελικό Αποτέλεσμα",NTU,0.166
21/05/2024,23.883581420117,38.001665382065,3130,Θολότητα,"Τελικό Αποτέλεσμα",NTU,0.16
21/05/2024,23.832894356592,38.006902214705,3150,Θολότητα,"Τελικό Αποτέλεσμα",NTU,0.302
21/05/2024,23.817699699893,37.999417823294,3160,Θολότητα,"Τελικό Αποτέλεσμα",NTU,0.295
21/05/2024,23.794948631404,37.99586453832,3180,Θολότητα,"Τελικό Αποτέλεσμα",NTU,0.29
21/05/2024,23.795526554539,37.982104892246,3190,Θολότητα,"Τελικό Αποτέλεσμα",NTU,0.383
21/05/2024,23.780262690434,38.00051153767,3200,Θολότητα,"Τελικό Αποτέλεσμα",NTU,0.318
21/05/2024,23.787967770047,38.008481399044,3220,Θολότητα,"Τελικό Αποτέλεσμα",NTU,0.23
21/05/2024,23.780133361397,38.019944025229,3240,Θολότητα,"Τελικό Αποτέλεσμα",NTU,0.266
21/05/2024,23.811274027343,38.045728748791,3260,Θολότητα,"Τελικό Αποτέλεσμα",NTU,0.239
21/05/2024,23.794652964206,38.035148911359,235,Θολότητα,"Τελικό Αποτέλεσμα",NTU,0.229
21/05/2024,23.33981263989,38.004108484322,225,Θολότητα,"Τελικό Αποτέλεσμα",NTU,0.234
21/05/2024,23.635233804352,37.972826147816,1926,Θολότητα,"Τελικό Αποτέλεσμα",NTU,0.261
21/05/2024,23.650491791439,38.020690523541,1936,Θολότητα,"Τελικό Αποτέλεσμα",NTU,0.504
21/05/2024,23.660572199344,37.996594669998,1950,Θολότητα,"Τελικό Αποτέλεσμα",NTU,0.24
21/05/2024,23.636736270073,37.985919067278,1935,Θολότητα,"Τελικό Αποτέλεσμα",NTU,0.53
21/05/2024,23.783006772263,38.091595618101,1940,Θολότητα,"Τελικό Αποτέλεσμα",NTU,0.166
21/05/2024,22.898432401038,38.254054888272,7011,Θολότητα,"Τελικό Αποτέλεσμα",NTU,0.264
21/05/2025,23.802231976799,37.833112339241,140,Θολότητα,"Τελικό Αποτέλεσμα",NTU,0.434
21/05/2025,23.748648075769,37.916097225199,5010,Θολότητα,"Τελικό Αποτέλεσμα",NTU,0.324
21/05/2025,23.753422230835,37.904820647992,5020,Θολότητα,"Τελικό Αποτέλεσμα",NTU,0.32
21/05/2025,23.744700128802,37.889940171291,5030,Θολότητα,"Τελικό Αποτέλεσμα",NTU,0.257
21/05/2025,23.746055892182,37.884208036564,5040,Θολότητα,"Τελικό Αποτέλεσμα",NTU,0.689
21/05/2025,23.757964952407,37.860354353668,5050,Θολότητα,"Τελικό Αποτέλεσμα",NTU,0.373
21/05/2025,23.760700167651,37.852403396879,5060,Θολότητα,"Τελικό Αποτέλεσμα",NTU,0.274
21/05/2025,23.756977040295,37.848098522763,5080,Θολότητα,"Τελικό Αποτέλεσμα",NTU,0.205
21/05/2025,23.774386839978,37.81229932964,5100,Θολότητα,"Τελικό Αποτέλεσμα",NTU,0.287
21/05/2025,23.760685434504,37.8151667674,5090,Θολότητα,"Τελικό Αποτέλεσμα",NTU,0.272
21/05/2025,23.786337962388,37.822894363003,5110,Θολότητα,"Τελικό Αποτέλεσμα",NTU,0.358
21/05/2025,23.790340187783,37.835383621964,5150,Θολότητα,"Τελικό Αποτέλεσμα",NTU,0.328
21/05/2025,23.739973276711,37.869586272318,5160,Θολότητα,"Τελικό Αποτέλεσμα",NTU,0.277
21/05/2025,23.72543913784,37.888165068231,5170,Θολότητα,"Τελικό Αποτέλεσμα",NTU,0.246
21/05/2025,23.720082218937,37.903424243123,5180,Θολότητα,"Τελικό Αποτέλεσμα",NTU,0.175
21/05/2025,23.71413660329,37.912707373341,5190,Θολότητα,"Τελικό Αποτέλεσμα",NTU,0.323
21/05/2025,23.712840439649,37.915620541693,5200,Θολότητα,"Τελικό Αποτέλεσμα",NTU,0.26
21/05/2025,23.706435208048,37.919600993522,5210,Θολότητα,"Τελικό Αποτέλεσμα",NTU,0.258
21/05/2025,23.704881330177,37.935219954091,5230,Θολότητα,"Τελικό Αποτέλεσμα",NTU,0.269
21/05/2025,23.723966332053,38.00996468276,2240,Θολότητα,"Τελικό Αποτέλεσμα",NTU,0.158
21/05/2025,23.783006772263,38.091595618101,1940,Θολότητα,"Τελικό Αποτέλεσμα",NTU,0.26
21/06/2023,23.78300677,38.09159562,1940,Θολότητα,"Τελικό Αποτέλεσμα",NTU,0.284
21/06/2024,23.783006772263,38.091595618101,1940,Θολότητα,"Τελικό Αποτέλεσμα",NTU,0.279
21/06/2024,23.763319132339,37.967110703832,120,Θολότητα,"Τελικό Αποτέλεσμα",NTU,0.313
21/06/2024,23.763738215853,37.962310018511,125,Θολότητα,"Τελικό Αποτέλεσμα",NTU,0.331
21/06/2024,23.746281527272,37.954949246394,130,Θολότητα,"Τελικό Αποτέλεσμα",NTU,0.37
21/06/2024,23.776486074062,37.996220978178,4020,Θολότητα,"Τελικό Αποτέλεσμα",NTU,0.363
21/06/2024,23.776446263032,37.992751677322,4030,Θολότητα,"Τελικό Αποτέλεσμα",NTU,0.111
21/06/2024,23.768783003349,37.982897797692,4040,Θολότητα,"Τελικό Αποτέλεσμα",NTU,0.402
21/06/2024,23.776569307759,37.971253159928,4060,Θολότητα,"Τελικό Αποτέλεσμα",NTU,0.355
21/06/2024,23.773236630704,37.96994397087,4070,Θολότητα,"Τελικό Αποτέλεσμα",NTU,0.408
21/06/2024,23.762108634131,37.974473318809,4080,Θολότητα,"Τελικό Αποτέλεσμα",NTU,0.136
21/06/2024,23.75945556984,37.970685038508,4090,Θολότητα,"Τελικό Αποτέλεσμα",NTU,0.292
21/06/2024,23.773590432102,37.94663449198,4100,Θολότητα,"Τελικό Αποτέλεσμα",NTU,0.227
21/06/2024,23.758414161627,37.957340941046,4110,Θολότητα,"Τελικό Αποτέλεσμα",NTU,0.722
21/06/2024,23.748324301254,37.957281035336,4120,Θολότητα,"Τελικό Αποτέλεσμα",NTU,0.334
21/06/2024,23.74190059516,37.95316687964,4140,Θολότητα,"Τελικό Αποτέλεσμα",NTU,0.37
21/06/2024,23.75099402587,37.930222535019,4160,Θολότητα,"Τελικό Αποτέλεσμα",NTU,0.192
21/06/2024,23.734499659649,37.921782537866,4180,Θολότητα,"Τελικό Αποτέλεσμα",NTU,0.419
21/06/2024,23.728630962837,37.936168316,4190,Θολότητα,"Τελικό Αποτέλεσμα",NTU,0.213
21/06/2024,23.727666402305,37.95106353914,4220,Θολότητα,"Τελικό Αποτέλεσμα",NTU,0.494
21/06/2024,23.726597630536,37.955266120446,4230,Θολότητα,"Τελικό Αποτέλεσμα",NTU,0.186
21/06/2024,23.660147196721,37.980291207729,6020,Θολότητα,"Τελικό Αποτέλεσμα",NTU,0.142
21/06/2024,23.686325223496,38.049805201469,1939,Θολότητα,"Τελικό Αποτέλεσμα",NTU,0.329
21/07/2023,23.78300677,38.09159562,1940,Θολότητα,"Τελικό Αποτέλεσμα",NTU,0.347
21/07/2023,23.76621884,37.94149317,135,Θολότητα,"Τελικό Αποτέλεσμα",NTU,0.166
21/07/2023,23.70168246,37.91807243,137,Θολότητα,"Τελικό Αποτέλεσμα",NTU,0.203
21/07/2023,23.78205391,37.85203476,139,Θολότητα,"Τελικό Αποτέλεσμα",NTU,0.255
21/07/2023,23.80223198,37.83311234,140,Θολότητα,"Τελικό Αποτέλεσμα",NTU,0.238
21/07/2023,23.74864808,37.91609723,5010,Θολότητα,"Τελικό Αποτέλεσμα",NTU,0.482
21/07/2023,23.75342223,37.90482065,5020,Θολότητα,"Τελικό Αποτέλεσμα",NTU,0.209
21/07/2023,23.74470013,37.88994017,5030,Θολότητα,"Τελικό Αποτέλεσμα",NTU,0.238
21/07/2023,23.74605589,37.88420804,5040,Θολότητα,"Τελικό Αποτέλεσμα",NTU,0.459
21/07/2023,23.75796495,37.86035435,5050,Θολότητα,"Τελικό Αποτέλεσμα",NTU,0.321
21/07/2023,23.76070017,37.8524034,5060,Θολότητα,"Τελικό Αποτέλεσμα",NTU,0.169
21/07/2023,23.75697704,37.84809852,5080,Θολότητα,"Τελικό Αποτέλεσμα",NTU,0.365
21/07/2023,23.76068543,37.81516677,5090,Θολότητα,"Τελικό Αποτέλεσμα",NTU,0.318
21/07/2023,23.77438684,37.81229933,5100,Θολότητα,"Τελικό Αποτέλεσμα",NTU,0.166
21/07/2023,23.78633796,37.82289436,5110,Θολότητα,"Τελικό Αποτέλεσμα",NTU,0.595
21/07/2023,23.79034019,37.83538362,5150,Θολότητα,"Τελικό Αποτέλεσμα",NTU,0.691
21/07/2023,23.73997328,37.86958627,5160,Θολότητα,"Τελικό Αποτέλεσμα",NTU,0.083
21/07/2023,23.72543914,37.88816507,5170,Θολότητα,"Τελικό Αποτέλεσμα",NTU,0.192
21/07/2023,23.72008222,37.90342424,5180,Θολότητα,"Τελικό Αποτέλεσμα",NTU,0.505
21/07/2023,23.7141366,37.91270737,5190,Θολότητα,"Τελικό Αποτέλεσμα",NTU,0.173
21/07/2023,23.71284044,37.91562054,5200,Θολότητα,"Τελικό Αποτέλεσμα",NTU,0.853
21/07/2023,23.70643521,37.91960099,5210,Θολότητα,"Τελικό Αποτέλεσμα",NTU,0.097
21/07/2024,23.783006772263,38.091595618101,1940,Θολότητα,"Τελικό Αποτέλεσμα",NTU,0.216
21/07/2025,23.701682457361,37.918072433642,137,Θολότητα,"Τελικό Αποτέλεσμα",NTU,0.171
21/07/2025,23.802231976799,37.833112339241,140,Θολότητα,"Τελικό Αποτέλεσμα",NTU,0.204
21/07/2025,23.748648075769,37.916097225199,5010,Θολότητα,"Τελικό Αποτέλεσμα",NTU,0.248
21/07/2025,23.753422230835,37.904820647992,5020,Θολότητα,"Τελικό Αποτέλεσμα",NTU,0.116
21/07/2025,23.744700128802,37.889940171291,5030,Θολότητα,"Τελικό Αποτέλεσμα",NTU,0.132
21/07/2025,23.746055892182,37.884208036564,5040,Θολότητα,"Τελικό Αποτέλεσμα",NTU,0.714
21/07/2025,23.757964952407,37.860354353668,5050,Θολότητα,"Τελικό Αποτέλεσμα",NTU,0.121
21/07/2025,23.760700167651,37.852403396879,5060,Θολότητα,"Τελικό Αποτέλεσμα",NTU,0.131
21/07/2025,23.756977040295,37.848098522763,5080,Θολότητα,"Τελικό Αποτέλεσμα",NTU,0.169
21/07/2025,23.760685434504,37.8151667674,5090,Θολότητα,"Τελικό Αποτέλεσμα",NTU,0.224
21/07/2025,23.774386839978,37.81229932964,5100,Θολότητα,"Τελικό Αποτέλεσμα",NTU,0.22
21/07/2025,23.786337962388,37.822894363003,5110,Θολότητα,"Τελικό Αποτέλεσμα",NTU,0.34
21/07/2025,23.790340187783,37.835383621964,5150,Θολότητα,"Τελικό Αποτέλεσμα",NTU,0.159
21/07/2025,23.739973276711,37.869586272318,5160,Θολότητα,"Τελικό Αποτέλεσμα",NTU,0.32
21/07/2025,23.72543913784,37.888165068231,5170,Θολότητα,"Τελικό Αποτέλεσμα",NTU,0.153
21/07/2025,23.720082218937,37.903424243123,5180,Θολότητα,"Τελικό Αποτέλεσμα",NTU,0.274
21/07/2025,23.712840439649,37.915620541693,5200,Θολότητα,"Τελικό Αποτέλεσμα",NTU,0.207
21/07/2025,23.706435208048,37.919600993522,5210,Θολότητα,"Τελικό Αποτέλεσμα",NTU,0.1
21/07/2025,23.704881330177,37.935219954091,5230,Θολότητα,"Τελικό Αποτέλεσμα",NTU,0.134
21/07/2025,23.71413660329,37.912707373341,5190,Θολότητα,"Τελικό Αποτέλεσμα",NTU,0.105
21/07/2025,23.489051854672,37.970435691217,2580,Θολότητα,"Τελικό Αποτέλεσμα",NTU,0.253
21/07/2025,23.520459758419,37.943585439066,1927,Θολότητα,"Τελικό Αποτέλεσμα",NTU,0.127
21/07/2025,23.46565744835,37.918493117875,1929,Θολότητα,"Τελικό Αποτέλεσμα",NTU,0.226
21/07/2025,23.490300544782,37.995447286627,1931,Θολότητα,"Τελικό Αποτέλεσμα",NTU,0.328
21/08/2023,23.76331913,37.9671107,120,Θολότητα,"Τελικό Αποτέλεσμα",NTU,0.124
21/08/2023,23.76373822,37.96231002,125,Θολότητα,"Τελικό Αποτέλεσμα",NTU,0.09
21/08/2023,23.74628153,37.95494925,130,Θολότητα,"Τελικό Αποτέλεσμα",NTU,0.099
21/08/2023,23.76902716,37.99339131,4010,Θολότητα,"Τελικό Αποτέλεσμα",NTU,0.146
21/08/2023,23.77648607,37.99622098,4020,Θολότητα,"Τελικό Αποτέλεσμα",NTU,0.119
21/08/2023,23.77644626,37.99275168,4030,Θολότητα,"Τελικό Αποτέλεσμα",NTU,0.154
21/08/2023,23.77656931,37.97125316,4060,Θολότητα,"Τελικό Αποτέλεσμα",NTU,0.181
21/08/2023,23.77323663,37.96994397,4070,Θολότητα,"Τελικό Αποτέλεσμα",NTU,0.146
21/08/2023,23.75945557,37.97068504,4090,Θολότητα,"Τελικό Αποτέλεσμα",NTU,0.196
21/08/2023,23.77359043,37.94663449,4100,Θολότητα,"Τελικό Αποτέλεσμα",NTU,0.101
21/08/2023,23.75841416,37.95734094,4110,Θολότητα,"Τελικό Αποτέλεσμα",NTU,0.147
21/08/2023,23.7483243,37.95728104,4120,Θολότητα,"Τελικό Αποτέλεσμα",NTU,0.3
21/08/2023,23.7419006,37.95316688,4140,Θολότητα,"Τελικό Αποτέλεσμα",NTU,0.13
21/08/2023,23.73449966,37.92178254,4180,Θολότητα,"Τελικό Αποτέλεσμα",NTU,0.083
21/08/2023,23.7276664,37.95106354,4220,Θολότητα,"Τελικό Αποτέλεσμα",NTU,0.12
21/08/2023,23.72659763,37.95526612,4230,Θολότητα,"Τελικό Αποτέλεσμα",NTU,0.084
21/08/2023,23.33981264,38.00410848,225,Θολότητα,"Τελικό Αποτέλεσμα",NTU,0.242
21/08/2023,23.41003382,38.01212883,1960,Θολότητα,"Τελικό Αποτέλεσμα",NTU,0.96
21/08/2023,23.78300677,38.09159562,1940,Θολότητα,"Τελικό Αποτέλεσμα",NTU,0.237
21/08/2023,23.72850158,38.02107731,2010,Θολότητα,"Τελικό Αποτέλεσμα",NTU,0.124
21/08/2023,23.67622507,38.03886797,2060,Θολότητα,"Τελικό Αποτέλεσμα",NTU,0.095
21/08/2023,23.78781925,38.0878097,195,Θολότητα,"Τελικό Αποτέλεσμα",NTU,0.281
21/08/2024,23.877462910757,38.060150004,1957,Θολότητα,"Τελικό Αποτέλεσμα",NTU,0.291
21/08/2024,23.783006772263,38.091595618101,1940,Θολότητα,"Τελικό Αποτέλεσμα",NTU,0.228
21/08/2024,23.728501580857,38.021077305988,2010,Θολότητα,"Τελικό Αποτέλεσμα",NTU,0.23
21/08/2024,23.633719884257,38.014461935654,2140,Θολότητα,"Τελικό Αποτέλεσμα",NTU,0.201
21/08/2024,23.660482152024,38.003256233801,2160,Θολότητα,"Τελικό Αποτέλεσμα",NTU,0.077
21/08/2024,23.715167470658,38.064394448168,2020,Θολότητα,"Τελικό Αποτέλεσμα",NTU,0.445
21/08/2024,23.709037749626,37.994059545664,2210,Θολότητα,"Τελικό Αποτέλεσμα",NTU,0.07
21/08/2024,23.707472628441,38.062507031886,2030,Θολότητα,"Τελικό Αποτέλεσμα",NTU,0.09
21/08/2024,23.688272639454,37.992184760882,2190,Θολότητα,"Τελικό Αποτέλεσμα",NTU,0.124
21/08/2024,23.690026001721,38.014594179034,2100,Θολότητα,"Τελικό Αποτέλεσμα",NTU,0.086
21/08/2024,23.703939528461,38.019611224386,2090,Θολότητα,"Τελικό Αποτέλεσμα",NTU,0.07
21/08/2024,23.676225070778,38.038867972537,2060,Θολότητα,"Τελικό Αποτέλεσμα",NTU,0.069
21/08/2024,23.684521996488,38.043278569813,2050,Θολότητα,"Τελικό Αποτέλεσμα",NTU,0.103
21/08/2024,23.690708971278,38.03873977939,2070,Θολότητα,"Τελικό Αποτέλεσμα",NTU,0.11
21/08/2024,23.604369787474,38.011728905427,2150,Θολότητα,"Τελικό Αποτέλεσμα",NTU,0.157
21/08/2024,23.685635325645,38.011704015052,2110,Θολότητα,"Τελικό Αποτέλεσμα",NTU,0.074
21/08/2024,23.669685637381,37.991033114281,2180,Θολότητα,"Τελικό Αποτέλεσμα",NTU,0.068
21/08/2024,23.657213383477,37.990357336342,2170,Θολότητα,"Τελικό Αποτέλεσμα",NTU,0.067
21/08/2024,23.711092519709,38.030604970232,2080,Θολότητα,"Τελικό Αποτέλεσμα",NTU,0.118
21/09/2023,23.33981264,38.00410848,225,Θολότητα,"Τελικό Αποτέλεσμα",NTU,0.283
21/09/2023,23.78300677,38.09159562,1940,Θολότητα,"Τελικό Αποτέλεσμα",NTU,0.26
21/09/2023,23.76621884,37.94149317,135,Θολότητα,"Τελικό Αποτέλεσμα",NTU,0.128
21/09/2023,23.70168246,37.91807243,137,Θολότητα,"Τελικό Αποτέλεσμα",NTU,0.223
21/09/2023,23.78205391,37.85203476,139,Θολότητα,"Τελικό Αποτέλεσμα",NTU,0.235
21/09/2023,23.74864808,37.91609723,5010,Θολότητα,"Τελικό Αποτέλεσμα",NTU,0.231
21/09/2023,23.75342223,37.90482065,5020,Θολότητα,"Τελικό Αποτέλεσμα",NTU,0.152
21/09/2023,23.74470013,37.88994017,5030,Θολότητα,"Τελικό Αποτέλεσμα",NTU,0.44
21/09/2023,23.74605589,37.88420804,5040,Θολότητα,"Τελικό Αποτέλεσμα",NTU,0.494
21/09/2023,23.75796495,37.86035435,5050,Θολότητα,"Τελικό Αποτέλεσμα",NTU,0.319
21/09/2023,23.75697704,37.84809852,5080,Θολότητα,"Τελικό Αποτέλεσμα",NTU,0.121
21/09/2023,23.76068543,37.81516677,5090,Θολότητα,"Τελικό Αποτέλεσμα",NTU,0.202
21/09/2023,23.77438684,37.81229933,5100,Θολότητα,"Τελικό Αποτέλεσμα",NTU,0.176
21/09/2023,23.78633796,37.82289436,5110,Θολότητα,"Τελικό Αποτέλεσμα",NTU,0.346
21/09/2023,23.79034019,37.83538362,5150,Θολότητα,"Τελικό Αποτέλεσμα",NTU,0.251
21/09/2023,23.73997328,37.86958627,5160,Θολότητα,"Τελικό Αποτέλεσμα",NTU,0.138
21/09/2023,23.72543914,37.88816507,5170,Θολότητα,"Τελικό Αποτέλεσμα",NTU,0.158
21/09/2023,23.7141366,37.91270737,5190,Θολότητα,"Τελικό Αποτέλεσμα",NTU,0.109
21/09/2023,23.71284044,37.91562054,5200,Θολότητα,"Τελικό Αποτέλεσμα",NTU,0.47
21/09/2023,23.70643521,37.91960099,5210,Θολότητα,"Τελικό Αποτέλεσμα",NTU,0.197
21/09/2023,23.70488133,37.93521995,5230,Θολότητα,"Τελικό Αποτέλεσμα",NTU,0.163
21/09/2023,23.69070897,38.03873978,2070,Θολότητα,"Τελικό Αποτέλεσμα",NTU,0.175
21/09/2024,23.783006772263,38.091595618101,1940,Θολότητα,"Τελικό Αποτέλεσμα",NTU,0.142
21/10/2023,23.76902716,37.99339131,4010,Θολότητα,"Τελικό Αποτέλεσμα",NTU,0.139
21/10/2023,23.78300677,38.09159562,1940,Θολότητα,"Τελικό Αποτέλεσμα",NTU,0.197
21/10/2024,23.763319132339,37.967110703832,120,Θολότητα,"Τελικό Αποτέλεσμα",NTU,0.103
21/10/2024,23.763738215853,37.962310018511,125,Θολότητα,"Τελικό Αποτέλεσμα",NTU,0.157
21/10/2024,23.746281527272,37.954949246394,130,Θολότητα,"Τελικό Αποτέλεσμα",NTU,0.185
21/10/2024,23.776486074062,37.996220978178,4020,Θολότητα,"Τελικό Αποτέλεσμα",NTU,0.191
21/10/2024,23.776446263032,37.992751677322,4030,Θολότητα,"Τελικό Αποτέλεσμα",NTU,0.125
21/10/2024,23.768783003349,37.982897797692,4040,Θολότητα,"Τελικό Αποτέλεσμα",NTU,0.19
21/10/2024,23.776569307759,37.971253159928,4060,Θολότητα,"Τελικό Αποτέλεσμα",NTU,0.237
21/10/2024,23.773236630704,37.96994397087,4070,Θολότητα,"Τελικό Αποτέλεσμα",NTU,0.121
21/10/2024,23.762108634131,37.974473318809,4080,Θολότητα,"Τελικό Αποτέλεσμα",NTU,0.178
21/10/2024,23.75945556984,37.970685038508,4090,Θολότητα,"Τελικό Αποτέλεσμα",NTU,0.156
21/10/2024,23.773590432102,37.94663449198,4100,Θολότητα,"Τελικό Αποτέλεσμα",NTU,0.196
21/10/2024,23.758414161627,37.957340941046,4110,Θολότητα,"Τελικό Αποτέλεσμα",NTU,0.346
21/10/2024,23.748324301254,37.957281035336,4120,Θολότητα,"Τελικό Αποτέλεσμα",NTU,0.301
21/10/2024,23.75099402587,37.930222535019,4160,Θολότητα,"Τελικό Αποτέλεσμα",NTU,0.129
21/10/2024,23.734499659649,37.921782537866,4180,Θολότητα,"Τελικό Αποτέλεσμα",NTU,0.121
21/10/2024,23.728630962837,37.936168316,4190,Θολότητα,"Τελικό Αποτέλεσμα",NTU,0.1
21/10/2024,23.727666402305,37.95106353914,4220,Θολότητα,"Τελικό Αποτέλεσμα",NTU,0.151
21/10/2024,23.726597630536,37.955266120446,4230,Θολότητα,"Τελικό Αποτέλεσμα",NTU,0.524
21/10/2024,23.783006772263,38.091595618101,1940,Θολότητα,"Τελικό Αποτέλεσμα",NTU,0.213
21/10/2024,23.796809568113,37.998195065074,3170,Θολότητα,"Τελικό Αποτέλεσμα",NTU,0.27
21/10/2024,23.794948631404,37.99586453832,3180,Θολότητα,"Τελικό Αποτέλεσμα",NTU,0.353
21/11/2023,23.78300677,38.09159562,1940,Θολότητα,"Τελικό Αποτέλεσμα",NTU,0.313
21/11/2023,23.57826232,37.96427313,2520,Θολότητα,"Τελικό Αποτέλεσμα",NTU,0.252
21/11/2023,23.5731997,37.96469669,2530,Θολότητα,"Τελικό Αποτέλεσμα",NTU,0.529
21/11/2023,23.53257622,37.93452623,2560,Θολότητα,"Τελικό Αποτέλεσμα",NTU,0.297
21/11/2023,23.53552983,37.93206092,2570,Θολότητα,"Τελικό Αποτέλεσμα",NTU,0.095
21/11/2023,23.61447157,37.95930428,2700,Θολότητα,"Τελικό Αποτέλεσμα",NTU,0.308
21/11/2023,23.44062195,37.9258773,2680,Θολότητα,"Τελικό Αποτέλεσμα",NTU,0.378
21/11/2024,23.783006772263,38.091595618101,1940,Θολότητα,"Τελικό Αποτέλεσμα",NTU,0.201
21/11/2024,23.908700098241,38.168241126955,4720,Θολότητα,"Τελικό Αποτέλεσμα",NTU,0.161
21/11/2024,24.034572330748,38.190401550712,4750,Θολότητα,"Τελικό Αποτέλεσμα",NTU,0.14
21/11/2024,23.776624696051,37.884348958134,1918,Θολότητα,"Τελικό Αποτέλεσμα",NTU,0.109
21/11/2024,23.763828567739,37.889033553169,1920,Θολότητα,"Τελικό Αποτέλεσμα",NTU,0.227
21/11/2024,23.755560418361,37.919430807212,1924,Θολότητα,"Τελικό Αποτέλεσμα",NTU,0.886
21/11/2024,23.749512420594,37.999646302315,1942,Θολότητα,"Τελικό Αποτέλεσμα",NTU,0.146
21/11/2024,23.732887017961,37.955671997184,1944,Θολότητα,"Τελικό Αποτέλεσμα",NTU,0.202
21/11/2024,23.777569470988,37.889946836445,1963,Θολότητα,"Τελικό Αποτέλεσμα",NTU,0.096
21/11/2024,23.701682457361,37.918072433642,137,Θολότητα,"Τελικό Αποτέλεσμα",NTU,0.183
21/11/2024,23.802231976799,37.833112339241,140,Θολότητα,"Τελικό Αποτέλεσμα",NTU,0.252
21/11/2024,23.748648075769,37.916097225199,5010,Θολότητα,"Τελικό Αποτέλεσμα",NTU,0.086
21/11/2024,23.753422230835,37.904820647992,5020,Θολότητα,"Τελικό Αποτέλεσμα",NTU,0.094
21/11/2024,23.744700128802,37.889940171291,5030,Θολότητα,"Τελικό Αποτέλεσμα",NTU,0.1
21/11/2024,23.746055892182,37.884208036564,5040,Θολότητα,"Τελικό Αποτέλεσμα",NTU,0.107
21/11/2024,23.757964952407,37.860354353668,5050,Θολότητα,"Τελικό Αποτέλεσμα",NTU,0.154
21/11/2024,23.756977040295,37.848098522763,5080,Θολότητα,"Τελικό Αποτέλεσμα",NTU,0.08
21/11/2024,23.760685434504,37.8151667674,5090,Θολότητα,"Τελικό Αποτέλεσμα",NTU,0.138
21/11/2024,23.774386839978,37.81229932964,5100,Θολότητα,"Τελικό Αποτέλεσμα",NTU,0.157
21/11/2024,23.786337962388,37.822894363003,5110,Θολότητα,"Τελικό Αποτέλεσμα",NTU,0.119
21/11/2024,23.790340187783,37.835383621964,5150,Θολότητα,"Τελικό Αποτέλεσμα",NTU,0.095
21/11/2024,23.739973276711,37.869586272318,5160,Θολότητα,"Τελικό Αποτέλεσμα",NTU,0.103
21/11/2024,23.72543913784,37.888165068231,5170,Θολότητα,"Τελικό Αποτέλεσμα",NTU,0.095
21/11/2024,23.720082218937,37.903424243123,5180,Θολότητα,"Τελικό Αποτέλεσμα",NTU,0.114
21/11/2024,23.712840439649,37.915620541693,5200,Θολότητα,"Τελικό Αποτέλεσμα",NTU,0.084
21/11/2024,23.706435208048,37.919600993522,5210,Θολότητα,"Τελικό Αποτέλεσμα",NTU,0.094
21/11/2024,23.704881330177,37.935219954091,5230,Θολότητα,"Τελικό Αποτέλεσμα",NTU,0.14
21/12/2023,23.78300677,38.09159562,1940,Θολότητα,"Τελικό Αποτέλεσμα",NTU,0.272
21/12/2024,23.783006772263,38.091595618101,1940,Θολότητα,"Τελικό Αποτέλεσμα",NTU,0.276
22/01/2023,23.78300677,38.09159562,1940,Θολότητα,"Τελικό Αποτέλεσμα",NTU,0.23
22/01/2025,23.783006772263,38.091595618101,1940,Θολότητα,"Τελικό Αποτέλεσμα",NTU,0.26
22/01/2025,23.854478659062,38.052884117638,105,Θολότητα,"Τελικό Αποτέλεσμα",NTU,0.136
22/01/2025,23.776825675098,38.065226258806,180,Θολότητα,"Τελικό Αποτέλεσμα",NTU,0.449
22/01/2025,23.794782865204,38.039643002291,230,Θολότητα,"Τελικό Αποτέλεσμα",NTU,0.308
22/01/2025,23.794652964206,38.035148911359,235,Θολότητα,"Τελικό Αποτέλεσμα",NTU,0.221
22/01/2025,23.751879192533,38.034424177094,3010,Θολότητα,"Τελικό Αποτέλεσμα",NTU,0.26
22/01/2025,23.752793157246,38.043419319626,3020,Θολότητα,"Τελικό Αποτέλεσμα",NTU,0.2
22/01/2025,23.757971853364,38.058890938524,3030,Θολότητα,"Τελικό Αποτέλεσμα",NTU,0.196
22/01/2025,23.807684504112,38.079687557148,3060,Θολότητα,"Τελικό Αποτέλεσμα",NTU,0.164
22/01/2025,23.826588445352,38.068733964465,3080,Θολότητα,"Τελικό Αποτέλεσμα",NTU,0.269
22/01/2025,23.857729632516,38.058870858803,3090,Θολότητα,"Τελικό Αποτέλεσμα",NTU,0.265
22/01/2025,23.858850831498,38.009405027534,3110,Θολότητα,"Τελικό Αποτέλεσμα",NTU,0.123
22/01/2025,23.885936114707,38.003486571993,3120,Θολότητα,"Τελικό Αποτέλεσμα",NTU,0.268
22/01/2025,23.883581420117,38.001665382065,3130,Θολότητα,"Τελικό Αποτέλεσμα",NTU,0.199
22/01/2025,23.832894356592,38.006902214705,3150,Θολότητα,"Τελικό Αποτέλεσμα",NTU,0.195
22/01/2025,23.817699699893,37.999417823294,3160,Θολότητα,"Τελικό Αποτέλεσμα",NTU,0.245
22/01/2025,23.794948631404,37.99586453832,3180,Θολότητα,"Τελικό Αποτέλεσμα",NTU,0.899
22/01/2025,23.795526554539,37.982104892246,3190,Θολότητα,"Τελικό Αποτέλεσμα",NTU,0.22
22/01/2025,23.780262690434,38.00051153767,3200,Θολότητα,"Τελικό Αποτέλεσμα",NTU,0.284
22/01/2025,23.787967770047,38.008481399044,3220,Θολότητα,"Τελικό Αποτέλεσμα",NTU,0.254
22/01/2025,23.780133361397,38.019944025229,3240,Θολότητα,"Τελικό Αποτέλεσμα",NTU,0.428
22/01/2025,23.780281362583,38.047179053493,3250,Θολότητα,"Τελικό Αποτέλεσμα",NTU,0.22
22/01/2025,23.811274027343,38.045728748791,3260,Θολότητα,"Τελικό Αποτέλεσμα",NTU,0.306
22/01/2025,23.685635325645,38.011704015052,2110,Θολότητα,"Τελικό Αποτέλεσμα",NTU,0.21
22/02/2023,23.78300677,38.09159562,1940,Θολότητα,"Τελικό Αποτέλεσμα",NTU,0.255
22/02/2023,23.72049547,37.94647249,160,Θολότητα,"Τελικό Αποτέλεσμα",NTU,0.153
22/02/2023,23.7232452,37.93440384,165,Θολότητα,"Τελικό Αποτέλεσμα",NTU,0.172
22/02/2023,23.69418089,37.99877315,7120,Θολότητα,"Τελικό Αποτέλεσμα",NTU,0.168
22/02/2023,23.66748989,37.95803203,7170,Θολότητα,"Τελικό Αποτέλεσμα",NTU,0.199
22/02/2023,23.67862566,37.97172973,7230,Θολότητα,"Τελικό Αποτέλεσμα",NTU,0.28
22/02/2023,23.69752839,37.97170234,7270,Θολότητα,"Τελικό Αποτέλεσμα",NTU,0.311
22/02/2023,23.71283325,37.96856483,7300,Θολότητα,"Τελικό Αποτέλεσμα",NTU,0.194
22/02/2023,23.71170376,37.97057149,7320,Θολότητα,"Τελικό Αποτέλεσμα",NTU,0.238
22/02/2023,23.71541292,38.00374961,8010,Θολότητα,"Τελικό Αποτέλεσμα",NTU,0.152
22/02/2023,23.71578119,37.99037338,8040,Θολότητα,"Τελικό Αποτέλεσμα",NTU,0.213
22/02/2023,23.7122762,37.98040557,8060,Θολότητα,"Τελικό Αποτέλεσμα",NTU,0.082
22/02/2023,23.71481682,37.97943025,8070,Θολότητα,"Τελικό Αποτέλεσμα",NTU,0.103
22/02/2023,23.68251737,37.96148113,8100,Θολότητα,"Τελικό Αποτέλεσμα",NTU,0.318
22/02/2023,23.70043454,37.962644,8140,Θολότητα,"Τελικό Αποτέλεσμα",NTU,0.118
22/02/2023,23.69959745,37.94970908,8170,Θολότητα,"Τελικό Αποτέλεσμα",NTU,0.188
22/02/2023,23.70623737,37.95093926,8190,Θολότητα,"Τελικό Αποτέλεσμα",NTU,0.12
22/02/2023,23.70891649,37.94569184,8210,Θολότητα,"Τελικό Αποτέλεσμα",NTU,0.203
22/02/2023,23.71621067,37.95514139,8260,Θολότητα,"Τελικό Αποτέλεσμα",NTU,0.255
22/02/2023,23.71457142,37.96617497,8270,Θολότητα,"Τελικό Αποτέλεσμα",NTU,0.19
22/02/2023,23.72176206,37.96483486,8280,Θολότητα,"Τελικό Αποτέλεσμα",NTU,0.438
22/02/2023,23.72614349,37.96555625,8290,Θολότητα,"Τελικό Αποτέλεσμα",NTU,0.094
22/02/2023,23.73089644,37.98300722,8350,Θολότητα,"Τελικό Αποτέλεσμα",NTU,0.204
22/02/2025,23.783006772263,38.091595618101,1940,Θολότητα,"Τελικό Αποτέλεσμα",NTU,0.255
22/03/2023,23.78300677,38.09159562,1940,Θολότητα,"Τελικό Αποτέλεσμα",NTU,0.283
22/03/2025,23.783006772263,38.091595618101,1940,Θολότητα,"Τελικό Αποτέλεσμα",NTU,0.14
22/04/2023,23.78300677,38.09159562,1940,Θολότητα,"Τελικό Αποτέλεσμα",NTU,0.346
22/04/2025,23.783006772263,38.091595618101,1940,Θολότητα,"Τελικό Αποτέλεσμα",NTU,0.258
22/04/2025,22.898432401038,38.254054888272,7011,Θολότητα,"Τελικό Αποτέλεσμα",NTU,0.26
22/05/2023,23.64211712,37.93337194,146,Θολότητα,"Τελικό Αποτέλεσμα",NTU,0.144
22/05/2023,23.68542623,37.97707661,6010,Θολότητα,"Τελικό Αποτέλεσμα",NTU,0.083
22/05/2023,23.6601472,37.98029121,6020,Θολότητα,"Τελικό Αποτέλεσμα",NTU,0.09
22/05/2023,23.65618491,37.98059442,6030,Θολότητα,"Τελικό Αποτέλεσμα",NTU,0.099
22/05/2023,23.65342067,37.97688798,6040,Θολότητα,"Τελικό Αποτέλεσμα",NTU,0.072
22/05/2023,23.63989634,37.97755,6050,Θολότητα,"Τελικό Αποτέλεσμα",NTU,0.179
22/05/2023,23.64020099,37.97361646,6060,Θολότητα,"Τελικό Αποτέλεσμα",NTU,0.396
22/05/2023,23.63321043,37.96700035,6080,Θολότητα,"Τελικό Αποτέλεσμα",NTU,0.117
22/05/2023,23.6420689,37.92834411,6150,Θολότητα,"Τελικό Αποτέλεσμα",NTU,0.1
22/05/2023,23.62796265,37.93233446,6160,Θολότητα,"Τελικό Αποτέλεσμα",NTU,0.12
22/05/2023,23.65217193,37.93962271,6170,Θολότητα,"Τελικό Αποτέλεσμα",NTU,0.184
22/05/2023,23.67323412,37.94610991,6190,Θολότητα,"Τελικό Αποτέλεσμα",NTU,0.262
22/05/2023,23.69164396,37.94801301,6210,Θολότητα,"Τελικό Αποτέλεσμα",NTU,0.143
22/05/2023,23.69432319,37.9524174,6220,Θολότητα,"Τελικό Αποτέλεσμα",NTU,0.431
22/05/2023,23.64026269,37.93961412,6240,Θολότητα,"Τελικό Αποτέλεσμα",NTU,0.096
22/05/2023,23.78256861,38.1336252,1932,Θολότητα,"Τελικό Αποτέλεσμα",NTU,0.128
22/05/2023,23.74996363,38.12819997,1933,Θολότητα,"Τελικό Αποτέλεσμα",NTU,0.364
22/05/2023,23.8527507,38.12333569,1946,Θολότητα,"Τελικό Αποτέλεσμα",NTU,0.37
22/05/2023,23.83967824,38.07817527,1948,Θολότητα,"Τελικό Αποτέλεσμα",NTU,0.289
22/05/2023,23.82959387,38.07903613,1949,Θολότητα,"Τελικό Αποτέλεσμα",NTU,0.398
22/05/2023,23.81291067,38.06845423,1954,Θολότητα,"Τελικό Αποτέλεσμα",NTU,0.309
22/05/2023,23.86470833,38.10061721,1956,Θολότητα,"Τελικό Αποτέλεσμα",NTU,0.14
22/05/2023,23.82140342,38.07735607,3070,Θολότητα,"Τελικό Αποτέλεσμα",NTU,0.148
22/05/2023,23.77628216,38.12190092,210,Θολότητα,"Τελικό Αποτέλεσμα",NTU,0.404
22/05/2023,23.78300677,38.09159562,1940,Θολότητα,"Τελικό Αποτέλεσμα",NTU,0.196
22/05/2024,23.783006772263,38.091595618101,1940,Θολότητα,"Τελικό Αποτέλεσμα",NTU,0.288
22/05/2024,23.763319132339,37.967110703832,120,Θολότητα,"Τελικό Αποτέλεσμα",NTU,0.352
22/05/2024,23.763738215853,37.962310018511,125,Θολότητα,"Τελικό Αποτέλεσμα",NTU,0.339
22/05/2024,23.746281527272,37.954949246394,130,Θολότητα,"Τελικό Αποτέλεσμα",NTU,0.323
22/05/2024,23.776486074062,37.996220978178,4020,Θολότητα,"Τελικό Αποτέλεσμα",NTU,0.389
22/05/2024,23.768783003349,37.982897797692,4040,Θολότητα,"Τελικό Αποτέλεσμα",NTU,0.278
22/05/2024,23.776569307759,37.971253159928,4060,Θολότητα,"Τελικό Αποτέλεσμα",NTU,0.305
22/05/2024,23.773236630704,37.96994397087,4070,Θολότητα,"Τελικό Αποτέλεσμα",NTU,0.372
22/05/2024,23.762108634131,37.974473318809,4080,Θολότητα,"Τελικό Αποτέλεσμα",NTU,0.425
22/05/2024,23.75945556984,37.970685038508,4090,Θολότητα,"Τελικό Αποτέλεσμα",NTU,0.207
22/05/2024,23.773590432102,37.94663449198,4100,Θολότητα,"Τελικό Αποτέλεσμα",NTU,0.134
22/05/2024,23.758414161627,37.957340941046,4110,Θολότητα,"Τελικό Αποτέλεσμα",NTU,0.312
22/05/2024,23.748324301254,37.957281035336,4120,Θολότητα,"Τελικό Αποτέλεσμα",NTU,0.196
22/05/2024,23.74190059516,37.95316687964,4140,Θολότητα,"Τελικό Αποτέλεσμα",NTU,0.248
22/05/2024,23.75099402587,37.930222535019,4160,Θολότητα,"Τελικό Αποτέλεσμα",NTU,0.541
22/05/2024,23.734499659649,37.921782537866,4180,Θολότητα,"Τελικό Αποτέλεσμα",NTU,0.285
22/05/2024,23.728630962837,37.936168316,4190,Θολότητα,"Τελικό Αποτέλεσμα",NTU,0.533
22/05/2024,23.727666402305,37.95106353914,4220,Θολότητα,"Τελικό Αποτέλεσμα",NTU,0.117
22/05/2024,23.726597630536,37.955266120446,4230,Θολότητα,"Τελικό Αποτέλεσμα",NTU,0.275
22/05/2024,23.776446263032,37.992751677322,4030,Θολότητα,"Τελικό Αποτέλεσμα",NTU,0.153
22/05/2025,23.489051854672,37.970435691217,2580,Θολότητα,"Τελικό Αποτέλεσμα",NTU,0.112
22/05/2025,23.520459758419,37.943585439066,1927,Θολότητα,"Τελικό Αποτέλεσμα",NTU,0.151
22/05/2025,23.46565744835,37.918493117875,1929,Θολότητα,"Τελικό Αποτέλεσμα",NTU,0.129
22/05/2025,23.763319132339,37.967110703832,120,Θολότητα,"Τελικό Αποτέλεσμα",NTU,0.499
22/05/2025,23.763738215853,37.962310018511,125,Θολότητα,"Τελικό Αποτέλεσμα",NTU,0.316
22/05/2025,23.746281527272,37.954949246394,130,Θολότητα,"Τελικό Αποτέλεσμα",NTU,0.439
22/05/2025,23.776486074062,37.996220978178,4020,Θολότητα,"Τελικό Αποτέλεσμα",NTU,0.267
22/05/2025,23.776446263032,37.992751677322,4030,Θολότητα,"Τελικό Αποτέλεσμα",NTU,0.212
22/05/2025,23.768783003349,37.982897797692,4040,Θολότητα,"Τελικό Αποτέλεσμα",NTU,0.297
22/05/2025,23.776569307759,37.971253159928,4060,Θολότητα,"Τελικό Αποτέλεσμα",NTU,0.342
22/05/2025,23.773236630704,37.96994397087,4070,Θολότητα,"Τελικό Αποτέλεσμα",NTU,0.337
22/05/2025,23.75945556984,37.970685038508,4090,Θολότητα,"Τελικό Αποτέλεσμα",NTU,0.28
22/05/2025,23.773590432102,37.94663449198,4100,Θολότητα,"Τελικό Αποτέλεσμα",NTU,0.416
22/05/2025,23.758414161627,37.957340941046,4110,Θολότητα,"Τελικό Αποτέλεσμα",NTU,0.539
22/05/2025,23.748324301254,37.957281035336,4120,Θολότητα,"Τελικό Αποτέλεσμα",NTU,0.284
22/05/2025,23.74190059516,37.95316687964,4140,Θολότητα,"Τελικό Αποτέλεσμα",NTU,0.419
22/05/2025,23.75099402587,37.930222535019,4160,Θολότητα,"Τελικό Αποτέλεσμα",NTU,0.212
22/05/2025,23.737179449332,37.923989154778,4170,Θολότητα,"Τελικό Αποτέλεσμα",NTU,0.608
22/05/2025,23.734499659649,37.921782537866,4180,Θολότητα,"Τελικό Αποτέλεσμα",NTU,0.373
22/05/2025,23.728630962837,37.936168316,4190,Θολότητα,"Τελικό Αποτέλεσμα",NTU,0.212
22/05/2025,23.727666402305,37.95106353914,4220,Θολότητα,"Τελικό Αποτέλεσμα",NTU,0.408
22/05/2025,23.726597630536,37.955266120446,4230,Θολότητα,"Τελικό Αποτέλεσμα",NTU,0.213
22/05/2025,23.783006772263,38.091595618101,1940,Θολότητα,"Τελικό Αποτέλεσμα",NTU,0.242
22/06/2023,23.78300677,38.09159562,1940,Θολότητα,"Τελικό Αποτέλεσμα",NTU,0.147
22/06/2023,23.76621884,37.94149317,135,Θολότητα,"Τελικό Αποτέλεσμα",NTU,0.312
22/06/2023,23.70168246,37.91807243,137,Θολότητα,"Τελικό Αποτέλεσμα",NTU,0.291
22/06/2023,23.78205391,37.85203476,139,Θολότητα,"Τελικό Αποτέλεσμα",NTU,0.324
22/06/2023,23.80223198,37.83311234,140,Θολότητα,"Τελικό Αποτέλεσμα",NTU,0.175
22/06/2023,23.74864808,37.91609723,5010,Θολότητα,"Τελικό Αποτέλεσμα",NTU,0.243
22/06/2023,23.75342223,37.90482065,5020,Θολότητα,"Τελικό Αποτέλεσμα",NTU,0.181
22/06/2023,23.74470013,37.88994017,5030,Θολότητα,"Τελικό Αποτέλεσμα",NTU,0.319
22/06/2023,23.74605589,37.88420804,5040,Θολότητα,"Τελικό Αποτέλεσμα",NTU,0.449
22/06/2023,23.75796495,37.86035435,5050,Θολότητα,"Τελικό Αποτέλεσμα",NTU,0.298
22/06/2023,23.76070017,37.8524034,5060,Θολότητα,"Τελικό Αποτέλεσμα",NTU,0.319
22/06/2023,23.75697704,37.84809852,5080,Θολότητα,"Τελικό Αποτέλεσμα",NTU,0.237
22/06/2023,23.78633796,37.82289436,5110,Θολότητα,"Τελικό Αποτέλεσμα",NTU,0.515
22/06/2023,23.79034019,37.83538362,5150,Θολότητα,"Τελικό Αποτέλεσμα",NTU,0.132
22/06/2023,23.73997328,37.86958627,5160,Θολότητα,"Τελικό Αποτέλεσμα",NTU,0.218
22/06/2023,23.72543914,37.88816507,5170,Θολότητα,"Τελικό Αποτέλεσμα",NTU,0.129
22/06/2023,23.72008222,37.90342424,5180,Θολότητα,"Τελικό Αποτέλεσμα",NTU,0.253
22/06/2023,23.7141366,37.91270737,5190,Θολότητα,"Τελικό Αποτέλεσμα",NTU,0.198
22/06/2023,23.71284044,37.91562054,5200,Θολότητα,"Τελικό Αποτέλεσμα",NTU,0.196
22/06/2023,23.70643521,37.91960099,5210,Θολότητα,"Τελικό Αποτέλεσμα",NTU,0.226
22/06/2023,23.70488133,37.93521995,5230,Θολότητα,"Τελικό Αποτέλεσμα",NTU,0.115
22/06/2024,23.783006772263,38.091595618101,1940,Θολότητα,"Τελικό Αποτέλεσμα",NTU,0.117
22/07/2023,23.78300677,38.09159562,1940,Θολότητα,"Τελικό Αποτέλεσμα",NTU,0.257
22/07/2023,23.76210863,37.97447332,4080,Θολότητα,"Τελικό Αποτέλεσμα",NTU,0.218
22/07/2023,23.97305196,37.95846365,4910,Θολότητα,"Τελικό Αποτέλεσμα",NTU,0.142
22/07/2024,23.783006772263,38.091595618101,1940,Θολότητα,"Τελικό Αποτέλεσμα",NTU,0.142
22/07/2024,23.787819251812,38.087809697248,195,Θολότητα,"Τελικό Αποτέλεσμα",NTU,0.25
22/07/2024,24.052649352415,37.722493870117,170200,Θολότητα,"Τελικό Αποτέλεσμα",NTU,0.513
22/07/2025,23.787819251812,38.087809697248,195,Θολότητα,"Τελικό Αποτέλεσμα",NTU,0.174
22/07/2025,23.7204954672,37.946472492133,160,Θολότητα,"Τελικό Αποτέλεσμα",NTU,0.172
22/07/2025,23.72324520128,37.934403839805,165,Θολότητα,"Τελικό Αποτέλεσμα",NTU,0.119
22/07/2025,23.694180891718,37.998773148457,7120,Θολότητα,"Τελικό Αποτέλεσμα",NTU,0.15
22/07/2025,23.667489894288,37.958032027277,7170,Θολότητα,"Τελικό Αποτέλεσμα",NTU,0.093
22/07/2025,23.678625660301,37.971729734496,7230,Θολότητα,"Τελικό Αποτέλεσμα",NTU,0.194
22/07/2025,23.685196529333,37.975965791401,7250,Θολότητα,"Τελικό Αποτέλεσμα",NTU,0.144
22/07/2025,23.697528385889,37.971702343756,7270,Θολότητα,"Τελικό Αποτέλεσμα",NTU,0.117
22/07/2025,23.712833251184,37.968564832502,7300,Θολότητα,"Τελικό Αποτέλεσμα",NTU,0.122
22/07/2025,23.711703762356,37.97057149043,7320,Θολότητα,"Τελικό Αποτέλεσμα",NTU,0.293
22/07/2025,23.715412919273,38.003749605504,8010,Θολότητα,"Τελικό Αποτέλεσμα",NTU,0.127
22/07/2025,23.71578119283,37.990373378915,8040,Θολότητα,"Τελικό Αποτέλεσμα",NTU,0.141
22/07/2025,23.712276196086,37.98040556765,8060,Θολότητα,"Τελικό Αποτέλεσμα",NTU,0.123
22/07/2025,23.714816823822,37.979430254073,8070,Θολότητα,"Τελικό Αποτέλεσμα",NTU,0.212
22/07/2025,23.68251737331,37.961481128285,8100,Θολότητα,"Τελικό Αποτέλεσμα",NTU,0.298
22/07/2025,23.700434539313,37.962643998348,8140,Θολότητα,"Τελικό Αποτέλεσμα",NTU,0.333
22/07/2025,23.706237365958,37.950939255691,8190,Θολότητα,"Τελικό Αποτέλεσμα",NTU,0.141
22/07/2025,23.70891649437,37.945691840045,8210,Θολότητα,"Τελικό Αποτέλεσμα",NTU,0.171
22/07/2025,23.71621067377,37.955141392609,8260,Θολότητα,"Τελικό Αποτέλεσμα",NTU,0.152
22/07/2025,23.721762060849,37.9648348571,8280,Θολότητα,"Τελικό Αποτέλεσμα",NTU,0.155
22/07/2025,23.726143493332,37.965556254079,8290,Θολότητα,"Τελικό Αποτέλεσμα",NTU,0.474
22/07/2025,23.730896444434,37.9830072171,8350,Θολότητα,"Τελικό Αποτέλεσμα",NTU,0.172
22/07/2025,22.898432401038,38.254054888272,7011,Θολότητα,"Τελικό Αποτέλεσμα",NTU,0.536
22/08/2023,23.53153657,38.07172532,2260,Θολότητα,"Τελικό Αποτέλεσμα",NTU,0.115
22/08/2023,23.75121334,38.12052926,2270,Θολότητα,"Τελικό Αποτέλεσμα",NTU,0.146
22/08/2023,23.76621884,37.94149317,135,Θολότητα,"Τελικό Αποτέλεσμα",NTU,0.147
22/08/2023,23.70168246,37.91807243,137,Θολότητα,"Τελικό Αποτέλεσμα",NTU,0.232
22/08/2023,23.78205391,37.85203476,139,Θολότητα,"Τελικό Αποτέλεσμα",NTU,0.21
22/08/2023,23.80223198,37.83311234,140,Θολότητα,"Τελικό Αποτέλεσμα",NTU,0.148
22/08/2023,23.74864808,37.91609723,5010,Θολότητα,"Τελικό Αποτέλεσμα",NTU,0.127
22/08/2023,23.75342223,37.90482065,5020,Θολότητα,"Τελικό Αποτέλεσμα",NTU,0.154
22/08/2023,23.74605589,37.88420804,5040,Θολότητα,"Τελικό Αποτέλεσμα",NTU,0.272
22/08/2023,23.75796495,37.86035435,5050,Θολότητα,"Τελικό Αποτέλεσμα",NTU,0.14
22/08/2023,23.75697704,37.84809852,5080,Θολότητα,"Τελικό Αποτέλεσμα",NTU,0.126
22/08/2023,23.76068543,37.81516677,5090,Θολότητα,"Τελικό Αποτέλεσμα",NTU,0.151
22/08/2023,23.77438684,37.81229933,5100,Θολότητα,"Τελικό Αποτέλεσμα",NTU,0.127
22/08/2023,23.78633796,37.82289436,5110,Θολότητα,"Τελικό Αποτέλεσμα",NTU,0.244
22/08/2023,23.73997328,37.86958627,5160,Θολότητα,"Τελικό Αποτέλεσμα",NTU,0.124
22/08/2023,23.72543914,37.88816507,5170,Θολότητα,"Τελικό Αποτέλεσμα",NTU,0.109
22/08/2023,23.71284044,37.91562054,5200,Θολότητα,"Τελικό Αποτέλεσμα",NTU,0.101
22/08/2023,23.70643521,37.91960099,5210,Θολότητα,"Τελικό Αποτέλεσμα",NTU,0.094
22/08/2023,23.70488133,37.93521995,5230,Θολότητα,"Τελικό Αποτέλεσμα",NTU,0.113
22/08/2023,23.78300677,38.09159562,1940,Θολότητα,"Τελικό Αποτέλεσμα",NTU,0.283
22/08/2024,23.766218844149,37.941493165715,135,Θολότητα,"Τελικό Αποτέλεσμα",NTU,0.191
22/08/2024,23.802231976799,37.833112339241,140,Θολότητα,"Τελικό Αποτέλεσμα",NTU,0.149
22/08/2024,23.776624696051,37.884348958134,1918,Θολότητα,"Τελικό Αποτέλεσμα",NTU,0.182
22/08/2024,23.763828567739,37.889033553169,1920,Θολότητα,"Τελικό Αποτέλεσμα",NTU,0.714
22/08/2024,23.755560418361,37.919430807212,1924,Θολότητα,"Τελικό Αποτέλεσμα",NTU,0.18
22/08/2024,23.749512420594,37.999646302315,1942,Θολότητα,"Τελικό Αποτέλεσμα",NTU,0.261
22/08/2024,23.732887017961,37.955671997184,1944,Θολότητα,"Τελικό Αποτέλεσμα",NTU,0.091
22/08/2024,23.777569470988,37.889946836445,1963,Θολότητα,"Τελικό Αποτέλεσμα",NTU,0.232
22/08/2024,23.783006772263,38.091595618101,1940,Θολότητα,"Τελικό Αποτέλεσμα",NTU,0.195
22/09/2023,23.76331913,37.9671107,120,Θολότητα,"Τελικό Αποτέλεσμα",NTU,0.287
22/09/2023,23.76373822,37.96231002,125,Θολότητα,"Τελικό Αποτέλεσμα",NTU,0.298
22/09/2023,23.74628153,37.95494925,130,Θολότητα,"Τελικό Αποτέλεσμα",NTU,0.218
22/09/2023,23.76902716,37.99339131,4010,Θολότητα,"Τελικό Αποτέλεσμα",NTU,0.142
22/09/2023,23.77648607,37.99622098,4020,Θολότητα,"Τελικό Αποτέλεσμα",NTU,0.187
22/09/2023,23.77644626,37.99275168,4030,Θολότητα,"Τελικό Αποτέλεσμα",NTU,0.157
22/09/2023,23.768783,37.9828978,4040,Θολότητα,"Τελικό Αποτέλεσμα",NTU,0.384
22/09/2023,23.77656931,37.97125316,4060,Θολότητα,"Τελικό Αποτέλεσμα",NTU,0.162
22/09/2023,23.77323663,37.96994397,4070,Θολότητα,"Τελικό Αποτέλεσμα",NTU,0.16
22/09/2023,23.76210863,37.97447332,4080,Θολότητα,"Τελικό Αποτέλεσμα",NTU,0.189
22/09/2023,23.75945557,37.97068504,4090,Θολότητα,"Τελικό Αποτέλεσμα",NTU,0.134
22/09/2023,23.77359043,37.94663449,4100,Θολότητα,"Τελικό Αποτέλεσμα",NTU,0.174
22/09/2023,23.75841416,37.95734094,4110,Θολότητα,"Τελικό Αποτέλεσμα",NTU,0.367
22/09/2023,23.7483243,37.95728104,4120,Θολότητα,"Τελικό Αποτέλεσμα",NTU,0.268
22/09/2023,23.7419006,37.95316688,4140,Θολότητα,"Τελικό Αποτέλεσμα",NTU,0.176
22/09/2023,23.75099403,37.93022254,4160,Θολότητα,"Τελικό Αποτέλεσμα",NTU,0.252
22/09/2023,23.73717945,37.92398915,4170,Θολότητα,"Τελικό Αποτέλεσμα",NTU,0.11
22/09/2023,23.73449966,37.92178254,4180,Θολότητα,"Τελικό Αποτέλεσμα",NTU,0.385
22/09/2023,23.72863096,37.93616832,4190,Θολότητα,"Τελικό Αποτέλεσμα",NTU,0.112
22/09/2023,23.7276664,37.95106354,4220,Θολότητα,"Τελικό Αποτέλεσμα",NTU,0.118
22/09/2023,23.72659763,37.95526612,4230,Θολότητα,"Τελικό Αποτέλεσμα",NTU,0.116
22/09/2023,23.64020099,37.97361646,6060,Θολότητα,"Τελικό Αποτέλεσμα",NTU,0.349
22/09/2023,23.78300677,38.09159562,1940,Θολότητα,"Τελικό Αποτέλεσμα",NTU,0.275
22/09/2023,23.70747263,38.06250703,2030,Θολότητα,"Τελικό Αποτέλεσμα",NTU,0.215
22/09/2023,23.8184361,38.03015277,191,Θολότητα,"Τελικό Αποτέλεσμα",NTU,0.353
22/09/2023,23.82898036,38.04390182,193,Θολότητα,"Τελικό Αποτέλεσμα",NTU,0.267
22/09/2024,23.783006772263,38.091595618101,1940,Θολότητα,"Τελικό Αποτέλεσμα",NTU,0.138
22/10/2023,23.78300677,38.09159562,1940,Θολότητα,"Τελικό Αποτέλεσμα",NTU,0.216
22/10/2023,23.75797185,38.05889094,3030,Θολότητα,"Τελικό Αποτέλεσμα",NTU,0.145
22/10/2024,23.701682457361,37.918072433642,137,Θολότητα,"Τελικό Αποτέλεσμα",NTU,0.203
22/10/2024,23.802231976799,37.833112339241,140,Θολότητα,"Τελικό Αποτέλεσμα",NTU,0.176
22/10/2024,23.748648075769,37.916097225199,5010,Θολότητα,"Τελικό Αποτέλεσμα",NTU,0.294
22/10/2024,23.753422230835,37.904820647992,5020,Θολότητα,"Τελικό Αποτέλεσμα",NTU,0.165
22/10/2024,23.744700128802,37.889940171291,5030,Θολότητα,"Τελικό Αποτέλεσμα",NTU,0.124
22/10/2024,23.746055892182,37.884208036564,5040,Θολότητα,"Τελικό Αποτέλεσμα",NTU,0.144
22/10/2024,23.757964952407,37.860354353668,5050,Θολότητα,"Τελικό Αποτέλεσμα",NTU,0.183
22/10/2024,23.756977040295,37.848098522763,5080,Θολότητα,"Τελικό Αποτέλεσμα",NTU,0.156
22/10/2024,23.760685434504,37.8151667674,5090,Θολότητα,"Τελικό Αποτέλεσμα",NTU,0.125
22/10/2024,23.774386839978,37.81229932964,5100,Θολότητα,"Τελικό Αποτέλεσμα",NTU,0.103
22/10/2024,23.786337962388,37.822894363003,5110,Θολότητα,"Τελικό Αποτέλεσμα",NTU,0.363
22/10/2024,23.790340187783,37.835383621964,5150,Θολότητα,"Τελικό Αποτέλεσμα",NTU,0.173
22/10/2024,23.739973276711,37.869586272318,5160,Θολότητα,"Τελικό Αποτέλεσμα",NTU,0.218
22/10/2024,23.72543913784,37.888165068231,5170,Θολότητα,"Τελικό Αποτέλεσμα",NTU,0.143
22/10/2024,23.71413660329,37.912707373341,5190,Θολότητα,"Τελικό Αποτέλεσμα",NTU,0.106
22/10/2024,23.712840439649,37.915620541693,5200,Θολότητα,"Τελικό Αποτέλεσμα",NTU,0.167
22/10/2024,23.706435208048,37.919600993522,5210,Θολότητα,"Τελικό Αποτέλεσμα",NTU,0.16
22/10/2024,23.704881330177,37.935219954091,5230,Θολότητα,"Τελικό Αποτέλεσμα",NTU,0.15
22/10/2024,23.783006772263,38.091595618101,1940,Θολότητα,"Τελικό Αποτέλεσμα",NTU,0.232
22/10/2024,22.898432401038,38.254054888272,7011,Θολότητα,"Τελικό Αποτέλεσμα",NTU,0.34
22/11/2023,23.64211712,37.93337194,146,Θολότητα,"Τελικό Αποτέλεσμα",NTU,0.299
22/11/2023,23.68542623,37.97707661,6010,Θολότητα,"Τελικό Αποτέλεσμα",NTU,0.125
22/11/2023,23.6601472,37.98029121,6020,Θολότητα,"Τελικό Αποτέλεσμα",NTU,0.213
22/11/2023,23.65618491,37.98059442,6030,Θολότητα,"Τελικό Αποτέλεσμα",NTU,0.448
22/11/2023,23.65342067,37.97688798,6040,Θολότητα,"Τελικό Αποτέλεσμα",NTU,0.266
22/11/2023,23.63989634,37.97755,6050,Θολότητα,"Τελικό Αποτέλεσμα",NTU,0.256
22/11/2023,23.64020099,37.97361646,6060,Θολότητα,"Τελικό Αποτέλεσμα",NTU,0.113
22/11/2023,23.63321043,37.96700035,6080,Θολότητα,"Τελικό Αποτέλεσμα",NTU,0.175
22/11/2023,23.62337019,37.95039855,6110,Θολότητα,"Τελικό Αποτέλεσμα",NTU,0.114
22/11/2023,23.63400949,37.95347226,6120,Θολότητα,"Τελικό Αποτέλεσμα",NTU,0.154
22/11/2023,23.63373384,37.95087389,6130,Θολότητα,"Τελικό Αποτέλεσμα",NTU,0.152
22/11/2023,23.6420689,37.92834411,6150,Θολότητα,"Τελικό Αποτέλεσμα",NTU,0.864
22/11/2023,23.65217193,37.93962271,6170,Θολότητα,"Τελικό Αποτέλεσμα",NTU,0.756
22/11/2023,23.67323412,37.94610991,6190,Θολότητα,"Τελικό Αποτέλεσμα",NTU,0.296
22/11/2023,23.69164396,37.94801301,6210,Θολότητα,"Τελικό Αποτέλεσμα",NTU,0.933
22/11/2023,23.69432319,37.9524174,6220,Θολότητα,"Τελικό Αποτέλεσμα",NTU,0.166
22/11/2023,23.64026269,37.93961412,6240,Θολότητα,"Τελικό Αποτέλεσμα",NTU,0.166
22/11/2023,23.78300677,38.09159562,1940,Θολότητα,"Τελικό Αποτέλεσμα",NTU,0.231
22/11/2023,23.95494234,37.75171359,6690,Θολότητα,"Τελικό Αποτέλεσμα",NTU,0.427
22/11/2023,23.64405229,38.00426495,1947,Θολότητα,"Τελικό Αποτέλεσμα",NTU,0.376
22/11/2024,23.839340877075,38.008846343525,1910,Θολότητα,"Τελικό Αποτέλεσμα",NTU,0.172
22/11/2024,23.850343123164,38.064696002617,13250,Θολότητα,"Τελικό Αποτέλεσμα",NTU,0.159
22/11/2024,23.783006772263,38.091595618101,1940,Θολότητα,"Τελικό Αποτέλεσμα",NTU,0.108
22/11/2024,23.854478659062,38.052884117638,105,Θολότητα,"Τελικό Αποτέλεσμα",NTU,0.222
22/11/2024,23.776825675098,38.065226258806,180,Θολότητα,"Τελικό Αποτέλεσμα",NTU,0.293
22/11/2024,23.794782865204,38.039643002291,230,Θολότητα,"Τελικό Αποτέλεσμα",NTU,0.176
22/11/2024,23.794652964206,38.035148911359,235,Θολότητα,"Τελικό Αποτέλεσμα",NTU,0.111
22/11/2024,23.751879192533,38.034424177094,3010,Θολότητα,"Τελικό Αποτέλεσμα",NTU,0.249
22/11/2024,23.752793157246,38.043419319626,3020,Θολότητα,"Τελικό Αποτέλεσμα",NTU,0.159
22/11/2024,23.757971853364,38.058890938524,3030,Θολότητα,"Τελικό Αποτέλεσμα",NTU,0.208
22/11/2024,23.804750637211,38.091557777528,3050,Θολότητα,"Τελικό Αποτέλεσμα",NTU,0.224
22/11/2024,23.807684504112,38.079687557148,3060,Θολότητα,"Τελικό Αποτέλεσμα",NTU,0.146
22/11/2024,23.826588445352,38.068733964465,3080,Θολότητα,"Τελικό Αποτέλεσμα",NTU,0.217
22/11/2024,23.857729632516,38.058870858803,3090,Θολότητα,"Τελικό Αποτέλεσμα",NTU,0.133
22/11/2024,23.858850831498,38.009405027534,3110,Θολότητα,"Τελικό Αποτέλεσμα",NTU,0.091
22/11/2024,23.883581420117,38.001665382065,3130,Θολότητα,"Τελικό Αποτέλεσμα",NTU,0.112
22/11/2024,23.832894356592,38.006902214705,3150,Θολότητα,"Τελικό Αποτέλεσμα",NTU,0.176
22/11/2024,23.817699699893,37.999417823294,3160,Θολότητα,"Τελικό Αποτέλεσμα",NTU,0.197
22/11/2024,23.796809568113,37.998195065074,3170,Θολότητα,"Τελικό Αποτέλεσμα",NTU,0.222
22/11/2024,23.795526554539,37.982104892246,3190,Θολότητα,"Τελικό Αποτέλεσμα",NTU,0.201
22/11/2024,23.780262690434,38.00051153767,3200,Θολότητα,"Τελικό Αποτέλεσμα",NTU,0.134
22/11/2024,23.787967770047,38.008481399044,3220,Θολότητα,"Τελικό Αποτέλεσμα",NTU,0.203
22/11/2024,23.780133361397,38.019944025229,3240,Θολότητα,"Τελικό Αποτέλεσμα",NTU,0.176
22/11/2024,23.811274027343,38.045728748791,3260,Θολότητα,"Τελικό Αποτέλεσμα",NTU,0.108
22/11/2024,23.850058780234,38.064487896413,1958,Θολότητα,"Τελικό Αποτέλεσμα",NTU,0.137
22/12/2023,23.78300677,38.09159562,1940,Θολότητα,"Τελικό Αποτέλεσμα",NTU,0.117
22/12/2024,22.898432401038,38.254054888272,7011,Θολότητα,"Τελικό Αποτέλεσμα",NTU,0.112
22/12/2024,23.783006772263,38.091595618101,1940,Θολότητα,"Τελικό Αποτέλεσμα",NTU,0.262
23/01/2023,23.78300677,38.09159562,1940,Θολότητα,"Τελικό Αποτέλεσμα",NTU,0.202
23/01/2023,23.78781925,38.0878097,195,Θολότητα,"Τελικό Αποτέλεσμα",NTU,0.172
23/01/2023,23.8076845,38.07968756,3060,Θολότητα,"Τελικό Αποτέλεσμα",NTU,0.1
23/01/2023,23.76621884,37.94149317,135,Θολότητα,"Τελικό Αποτέλεσμα",NTU,0.238
23/01/2023,23.70168246,37.91807243,137,Θολότητα,"Τελικό Αποτέλεσμα",NTU,0.196
23/01/2023,23.80223198,37.83311234,140,Θολότητα,"Τελικό Αποτέλεσμα",NTU,0.174
23/01/2023,23.74864808,37.91609723,5010,Θολότητα,"Τελικό Αποτέλεσμα",NTU,0.269
23/01/2023,23.75342223,37.90482065,5020,Θολότητα,"Τελικό Αποτέλεσμα",NTU,0.178
23/01/2023,23.74470013,37.88994017,5030,Θολότητα,"Τελικό Αποτέλεσμα",NTU,0.738
23/01/2023,23.74605589,37.88420804,5040,Θολότητα,"Τελικό Αποτέλεσμα",NTU,0.122
23/01/2023,23.75796495,37.86035435,5050,Θολότητα,"Τελικό Αποτέλεσμα",NTU,0.152
23/01/2023,23.76070017,37.8524034,5060,Θολότητα,"Τελικό Αποτέλεσμα",NTU,0.194
23/01/2023,23.75697704,37.84809852,5080,Θολότητα,"Τελικό Αποτέλεσμα",NTU,0.13
23/01/2023,23.76068543,37.81516677,5090,Θολότητα,"Τελικό Αποτέλεσμα",NTU,0.182
23/01/2023,23.77438684,37.81229933,5100,Θολότητα,"Τελικό Αποτέλεσμα",NTU,0.337
23/01/2023,23.78633796,37.82289436,5110,Θολότητα,"Τελικό Αποτέλεσμα",NTU,0.36
23/01/2023,23.79034019,37.83538362,5150,Θολότητα,"Τελικό Αποτέλεσμα",NTU,0.306
23/01/2023,23.73997328,37.86958627,5160,Θολότητα,"Τελικό Αποτέλεσμα",NTU,0.13
23/01/2023,23.72543914,37.88816507,5170,Θολότητα,"Τελικό Αποτέλεσμα",NTU,0.11
23/01/2023,23.72008222,37.90342424,5180,Θολότητα,"Τελικό Αποτέλεσμα",NTU,0.262
23/01/2023,23.7141366,37.91270737,5190,Θολότητα,"Τελικό Αποτέλεσμα",NTU,0.263
23/01/2023,23.71284044,37.91562054,5200,Θολότητα,"Τελικό Αποτέλεσμα",NTU,0.284
23/01/2023,23.70643521,37.91960099,5210,Θολότητα,"Τελικό Αποτέλεσμα",NTU,0.156
23/01/2023,23.70488133,37.93521995,5230,Θολότητα,"Τελικό Αποτέλεσμα",NTU,0.201
23/01/2025,23.763319132339,37.967110703832,120,Θολότητα,"Τελικό Αποτέλεσμα",NTU,0.293
23/01/2025,23.763738215853,37.962310018511,125,Θολότητα,"Τελικό Αποτέλεσμα",NTU,0.255
23/01/2025,23.746281527272,37.954949246394,130,Θολότητα,"Τελικό Αποτέλεσμα",NTU,0.237
23/01/2025,23.776486074062,37.996220978178,4020,Θολότητα,"Τελικό Αποτέλεσμα",NTU,0.243
23/01/2025,23.776446263032,37.992751677322,4030,Θολότητα,"Τελικό Αποτέλεσμα",NTU,0.236
23/01/2025,23.768783003349,37.982897797692,4040,Θολότητα,"Τελικό Αποτέλεσμα",NTU,0.363
23/01/2025,23.776569307759,37.971253159928,4060,Θολότητα,"Τελικό Αποτέλεσμα",NTU,0.214
23/01/2025,23.773236630704,37.96994397087,4070,Θολότητα,"Τελικό Αποτέλεσμα",NTU,0.3
23/01/2025,23.75945556984,37.970685038508,4090,Θολότητα,"Τελικό Αποτέλεσμα",NTU,0.487
23/01/2025,23.773590432102,37.94663449198,4100,Θολότητα,"Τελικό Αποτέλεσμα",NTU,0.366
23/01/2025,23.758414161627,37.957340941046,4110,Θολότητα,"Τελικό Αποτέλεσμα",NTU,0.871
23/01/2025,23.748324301254,37.957281035336,4120,Θολότητα,"Τελικό Αποτέλεσμα",NTU,0.238
23/01/2025,23.74190059516,37.95316687964,4140,Θολότητα,"Τελικό Αποτέλεσμα",NTU,0.427
23/01/2025,23.75099402587,37.930222535019,4160,Θολότητα,"Τελικό Αποτέλεσμα",NTU,0.608
23/01/2025,23.737179449332,37.923989154778,4170,Θολότητα,"Τελικό Αποτέλεσμα",NTU,0.413
23/01/2025,23.734499659649,37.921782537866,4180,Θολότητα,"Τελικό Αποτέλεσμα",NTU,0.9
23/01/2025,23.728630962837,37.936168316,4190,Θολότητα,"Τελικό Αποτέλεσμα",NTU,0.228
23/01/2025,23.726887822219,37.95811378839,4240,Θολότητα,"Τελικό Αποτέλεσμα",NTU,0.215
23/01/2025,23.783006772263,38.091595618101,1940,Θολότητα,"Τελικό Αποτέλεσμα",NTU,0.234
23/02/2023,23.78256861,38.1336252,1932,Θολότητα,"Τελικό Αποτέλεσμα",NTU,0.192
23/02/2023,23.74996363,38.12819997,1933,Θολότητα,"Τελικό Αποτέλεσμα",NTU,0.179
23/02/2023,23.8527507,38.12333569,1946,Θολότητα,"Τελικό Αποτέλεσμα",NTU,0.131
23/02/2023,23.83967824,38.07817527,1948,Θολότητα,"Τελικό Αποτέλεσμα",NTU,0.127
23/02/2023,23.82959387,38.07903613,1949,Θολότητα,"Τελικό Αποτέλεσμα",NTU,0.115
23/02/2023,23.81291067,38.06845423,1954,Θολότητα,"Τελικό Αποτέλεσμα",NTU,0.195
23/02/2023,23.86470833,38.10061721,1956,Θολότητα,"Τελικό Αποτέλεσμα",NTU,0.136
23/02/2023,23.82140342,38.07735607,3070,Θολότητα,"Τελικό Αποτέλεσμα",NTU,0.145
23/02/2023,23.78300677,38.09159562,1940,Θολότητα,"Τελικό Αποτέλεσμα",NTU,0.181
23/02/2025,23.783006772263,38.091595618101,1940,Θολότητα,"Τελικό Αποτέλεσμα",NTU,0.194
23/03/2023,23.78300677,38.09159562,1940,Θολότητα,"Τελικό Αποτέλεσμα",NTU,0.332
23/03/2023,23.78256861,38.1336252,1932,Θολότητα,"Τελικό Αποτέλεσμα",NTU,0.193
23/03/2023,23.74996363,38.12819997,1933,Θολότητα,"Τελικό Αποτέλεσμα",NTU,0.307
23/03/2023,23.8527507,38.12333569,1946,Θολότητα,"Τελικό Αποτέλεσμα",NTU,0.169
23/03/2023,23.83967824,38.07817527,1948,Θολότητα,"Τελικό Αποτέλεσμα",NTU,0.274
23/03/2023,23.82959387,38.07903613,1949,Θολότητα,"Τελικό Αποτέλεσμα",NTU,0.222
23/03/2023,23.81291067,38.06845423,1954,Θολότητα,"Τελικό Αποτέλεσμα",NTU,0.367
23/03/2023,23.86470833,38.10061721,1956,Θολότητα,"Τελικό Αποτέλεσμα",NTU,0.312
23/03/2023,23.77628216,38.12190092,210,Θολότητα,"Τελικό Αποτέλεσμα",NTU,0.164
23/03/2023,23.82140342,38.07735607,3070,Θολότητα,"Τελικό Αποτέλεσμα",NTU,0.123
23/03/2023,23.72049547,37.94647249,160,Θολότητα,"Τελικό Αποτέλεσμα",NTU,0.25
23/03/2023,23.7232452,37.93440384,165,Θολότητα,"Τελικό Αποτέλεσμα",NTU,0.196
23/03/2023,23.69418089,37.99877315,7120,Θολότητα,"Τελικό Αποτέλεσμα",NTU,0.178
23/03/2023,23.66748989,37.95803203,7170,Θολότητα,"Τελικό Αποτέλεσμα",NTU,0.248
23/03/2023,23.67862566,37.97172973,7230,Θολότητα,"Τελικό Αποτέλεσμα",NTU,0.24
23/03/2023,23.69752839,37.97170234,7270,Θολότητα,"Τελικό Αποτέλεσμα",NTU,0.16
23/03/2023,23.71283325,37.96856483,7300,Θολότητα,"Τελικό Αποτέλεσμα",NTU,0.25
23/03/2023,23.71170376,37.97057149,7320,Θολότητα,"Τελικό Αποτέλεσμα",NTU,0.268
23/03/2023,23.71541292,38.00374961,8010,Θολότητα,"Τελικό Αποτέλεσμα",NTU,0.816
23/03/2023,23.71578119,37.99037338,8040,Θολότητα,"Τελικό Αποτέλεσμα",NTU,0.31
23/03/2023,23.7122762,37.98040557,8060,Θολότητα,"Τελικό Αποτέλεσμα",NTU,0.118
23/03/2023,23.71481682,37.97943025,8070,Θολότητα,"Τελικό Αποτέλεσμα",NTU,0.2
23/03/2023,23.68251737,37.96148113,8100,Θολότητα,"Τελικό Αποτέλεσμα",NTU,0.224
23/03/2023,23.70043454,37.962644,8140,Θολότητα,"Τελικό Αποτέλεσμα",NTU,0.16
23/03/2023,23.69959745,37.94970908,8170,Θολότητα,"Τελικό Αποτέλεσμα",NTU,0.464
23/03/2023,23.70623737,37.95093926,8190,Θολότητα,"Τελικό Αποτέλεσμα",NTU,0.222
23/03/2023,23.71621067,37.95514139,8260,Θολότητα,"Τελικό Αποτέλεσμα",NTU,0.174
23/03/2023,23.71457142,37.96617497,8270,Θολότητα,"Τελικό Αποτέλεσμα",NTU,0.462
23/03/2023,23.72176206,37.96483486,8280,Θολότητα,"Τελικό Αποτέλεσμα",NTU,0.193
23/03/2023,23.72614349,37.96555625,8290,Θολότητα,"Τελικό Αποτέλεσμα",NTU,0.136
23/03/2023,23.73089644,37.98300722,8350,Θολότητα,"Τελικό Αποτέλεσμα",NTU,0.134
23/03/2023,23.65618491,37.98059442,6030,Θολότητα,"Τελικό Αποτέλεσμα",NTU,0.212
23/03/2025,23.783006772263,38.091595618101,1940,Θολότητα,"Τελικό Αποτέλεσμα",NTU,0.148
23/04/2023,23.78300677,38.09159562,1940,Θολότητα,"Τελικό Αποτέλεσμα",NTU,0.38
23/04/2025,23.783006772263,38.091595618101,1940,Θολότητα,"Τελικό Αποτέλεσμα",NTU,0.25
23/04/2025,23.685426227465,37.977076609772,6010,Θολότητα,"Τελικό Αποτέλεσμα",NTU,0.2
23/04/2025,23.660147196721,37.980291207729,6020,Θολότητα,"Τελικό Αποτέλεσμα",NTU,0.154
23/04/2025,23.656184913017,37.980594422153,6030,Θολότητα,"Τελικό Αποτέλεσμα",NTU,0.554
23/04/2025,23.642117121438,37.933371936061,146,Θολότητα,"Τελικό Αποτέλεσμα",NTU,0.34
23/04/2025,23.653420670725,37.976887978332,6040,Θολότητα,"Τελικό Αποτέλεσμα",NTU,0.231
23/04/2025,23.639896339554,37.977549997131,6050,Θολότητα,"Τελικό Αποτέλεσμα",NTU,0.361
23/04/2025,23.640200994864,37.973616459939,6060,Θολότητα,"Τελικό Αποτέλεσμα",NTU,0.156
23/04/2025,23.633210429054,37.967000345107,6080,Θολότητα,"Τελικό Αποτέλεσμα",NTU,0.166
23/04/2025,23.623370187872,37.950398549294,6110,Θολότητα,"Τελικό Αποτέλεσμα",NTU,0.271
23/04/2025,23.634009487857,37.953472259917,6120,Θολότητα,"Τελικό Αποτέλεσμα",NTU,0.16
23/04/2025,23.633733840369,37.950873888977,6130,Θολότητα,"Τελικό Αποτέλεσμα",NTU,0.231
23/04/2025,23.642068896508,37.928344112851,6150,Θολότητα,"Τελικό Αποτέλεσμα",NTU,0.126
23/04/2025,23.673234118927,37.946109912673,6190,Θολότητα,"Τελικό Αποτέλεσμα",NTU,0.236
23/04/2025,23.65217192804,37.939622706754,6170,Θολότητα,"Τελικό Αποτέλεσμα",NTU,0.295
23/04/2025,23.691643963145,37.948013010856,6210,Θολότητα,"Τελικό Αποτέλεσμα",NTU,0.24
23/04/2025,23.694323188433,37.952417395875,6220,Θολότητα,"Τελικό Αποτέλεσμα",NTU,0.268
23/04/2025,23.640262686028,37.939614121045,6240,Θολότητα,"Τελικό Αποτέλεσμα",NTU,0.121
23/04/2025,23.489051854672,37.970435691217,2580,Θολότητα,"Τελικό Αποτέλεσμα",NTU,0.309
23/04/2025,23.520459758419,37.943585439066,1927,Θολότητα,"Τελικό Αποτέλεσμα",NTU,0.199
23/04/2025,23.46565744835,37.918493117875,1929,Θολότητα,"Τελικό Αποτέλεσμα",NTU,0.3
23/04/2025,23.490300544782,37.995447286627,1931,Θολότητα,"Τελικό Αποτέλεσμα",NTU,0.115
23/05/2023,23.72049547,37.94647249,160,Θολότητα,"Τελικό Αποτέλεσμα",NTU,0.145
23/05/2023,23.7232452,37.93440384,165,Θολότητα,"Τελικό Αποτέλεσμα",NTU,0.129
23/05/2023,23.69418089,37.99877315,7120,Θολότητα,"Τελικό Αποτέλεσμα",NTU,0.319
23/05/2023,23.66748989,37.95803203,7170,Θολότητα,"Τελικό Αποτέλεσμα",NTU,0.112
23/05/2023,23.67862566,37.97172973,7230,Θολότητα,"Τελικό Αποτέλεσμα",NTU,0.141
23/05/2023,23.69752839,37.97170234,7270,Θολότητα,"Τελικό Αποτέλεσμα",NTU,0.095
23/05/2023,23.71283325,37.96856483,7300,Θολότητα,"Τελικό Αποτέλεσμα",NTU,0.126
23/05/2023,23.71170376,37.97057149,7320,Θολότητα,"Τελικό Αποτέλεσμα",NTU,0.393
23/05/2023,23.71541292,38.00374961,8010,Θολότητα,"Τελικό Αποτέλεσμα",NTU,0.15
23/05/2023,23.71578119,37.99037338,8040,Θολότητα,"Τελικό Αποτέλεσμα",NTU,0.251
23/05/2023,23.7122762,37.98040557,8060,Θολότητα,"Τελικό Αποτέλεσμα",NTU,0.135
23/05/2023,23.71481682,37.97943025,8070,Θολότητα,"Τελικό Αποτέλεσμα",NTU,0.2
23/05/2023,23.68251737,37.96148113,8100,Θολότητα,"Τελικό Αποτέλεσμα",NTU,0.4
23/05/2023,23.70043454,37.962644,8140,Θολότητα,"Τελικό Αποτέλεσμα",NTU,0.35
23/05/2023,23.69959745,37.94970908,8170,Θολότητα,"Τελικό Αποτέλεσμα",NTU,0.348
23/05/2023,23.70623737,37.95093926,8190,Θολότητα,"Τελικό Αποτέλεσμα",NTU,0.247
23/05/2023,23.70891649,37.94569184,8210,Θολότητα,"Τελικό Αποτέλεσμα",NTU,0.215
23/05/2023,23.71621067,37.95514139,8260,Θολότητα,"Τελικό Αποτέλεσμα",NTU,0.1
23/05/2023,23.71457142,37.96617497,8270,Θολότητα,"Τελικό Αποτέλεσμα",NTU,0.174
23/05/2023,23.72176206,37.96483486,8280,Θολότητα,"Τελικό Αποτέλεσμα",NTU,0.233
23/05/2023,23.72614349,37.96555625,8290,Θολότητα,"Τελικό Αποτέλεσμα",NTU,0.118
23/05/2023,23.73089644,37.98300722,8350,Θολότητα,"Τελικό Αποτέλεσμα",NTU,0.258
23/05/2023,23.78300677,38.09159562,1940,Θολότητα,"Τελικό Αποτέλεσμα",NTU,0.228
23/05/2024,23.766218844149,37.941493165715,135,Θολότητα,"Τελικό Αποτέλεσμα",NTU,0.27
23/05/2024,23.701682457361,37.918072433642,137,Θολότητα,"Τελικό Αποτέλεσμα",NTU,0.31
23/05/2024,23.802231976799,37.833112339241,140,Θολότητα,"Τελικό Αποτέλεσμα",NTU,0.222
23/05/2024,23.748648075769,37.916097225199,5010,Θολότητα,"Τελικό Αποτέλεσμα",NTU,0.208
23/05/2024,23.753422230835,37.904820647992,5020,Θολότητα,"Τελικό Αποτέλεσμα",NTU,0.264
23/05/2024,23.744700128802,37.889940171291,5030,Θολότητα,"Τελικό Αποτέλεσμα",NTU,0.244
23/05/2024,23.746055892182,37.884208036564,5040,Θολότητα,"Τελικό Αποτέλεσμα",NTU,0.162
23/05/2024,23.757964952407,37.860354353668,5050,Θολότητα,"Τελικό Αποτέλεσμα",NTU,0.269
23/05/2024,23.756977040295,37.848098522763,5080,Θολότητα,"Τελικό Αποτέλεσμα",NTU,0.183
23/05/2024,23.760685434504,37.8151667674,5090,Θολότητα,"Τελικό Αποτέλεσμα",NTU,0.169
23/05/2024,23.774386839978,37.81229932964,5100,Θολότητα,"Τελικό Αποτέλεσμα",NTU,0.278
23/05/2024,23.786337962388,37.822894363003,5110,Θολότητα,"Τελικό Αποτέλεσμα",NTU,0.308
23/05/2024,23.790340187783,37.835383621964,5150,Θολότητα,"Τελικό Αποτέλεσμα",NTU,0.209
23/05/2024,23.739973276711,37.869586272318,5160,Θολότητα,"Τελικό Αποτέλεσμα",NTU,0.448
23/05/2024,23.72543913784,37.888165068231,5170,Θολότητα,"Τελικό Αποτέλεσμα",NTU,0.273
23/05/2024,23.720082218937,37.903424243123,5180,Θολότητα,"Τελικό Αποτέλεσμα",NTU,0.118
23/05/2024,23.71413660329,37.912707373341,5190,Θολότητα,"Τελικό Αποτέλεσμα",NTU,0.158
23/05/2024,23.712840439649,37.915620541693,5200,Θολότητα,"Τελικό Αποτέλεσμα",NTU,0.141
23/05/2024,23.706435208048,37.919600993522,5210,Θολότητα,"Τελικό Αποτέλεσμα",NTU,0.225
23/05/2024,23.704881330177,37.935219954091,5230,Θολότητα,"Τελικό Αποτέλεσμα",NTU,0.297
23/05/2024,23.783006772263,38.091595618101,1940,Θολότητα,"Τελικό Αποτέλεσμα",NTU,0.267
23/05/2025,23.783006772263,38.091595618101,1940,Θολότητα,"Τελικό Αποτέλεσμα",NTU,0.159
23/05/2025,23.7204954672,37.946472492133,160,Θολότητα,"Τελικό Αποτέλεσμα",NTU,0.272
23/05/2025,23.72324520128,37.934403839805,165,Θολότητα,"Τελικό Αποτέλεσμα",NTU,0.162
23/05/2025,23.694180891718,37.998773148457,7120,Θολότητα,"Τελικό Αποτέλεσμα",NTU,0.15
23/05/2025,23.667489894288,37.958032027277,7170,Θολότητα,"Τελικό Αποτέλεσμα",NTU,0.46
23/05/2025,23.678625660301,37.971729734496,7230,Θολότητα,"Τελικό Αποτέλεσμα",NTU,0.143
23/05/2025,23.685196529333,37.975965791401,7250,Θολότητα,"Τελικό Αποτέλεσμα",NTU,0.141
23/05/2025,23.697528385889,37.971702343756,7270,Θολότητα,"Τελικό Αποτέλεσμα",NTU,0.104
23/05/2025,23.712833251184,37.968564832502,7300,Θολότητα,"Τελικό Αποτέλεσμα",NTU,0.178
23/05/2025,23.711703762356,37.97057149043,7320,Θολότητα,"Τελικό Αποτέλεσμα",NTU,0.527
23/05/2025,23.715412919273,38.003749605504,8010,Θολότητα,"Τελικό Αποτέλεσμα",NTU,0.361
23/05/2025,23.71578119283,37.990373378915,8040,Θολότητα,"Τελικό Αποτέλεσμα",NTU,0.207
23/05/2025,23.712276196086,37.98040556765,8060,Θολότητα,"Τελικό Αποτέλεσμα",NTU,0.114
23/05/2025,23.714816823822,37.979430254073,8070,Θολότητα,"Τελικό Αποτέλεσμα",NTU,0.112
23/05/2025,23.68251737331,37.961481128285,8100,Θολότητα,"Τελικό Αποτέλεσμα",NTU,0.478
23/05/2025,23.699597448709,37.949709083863,8170,Θολότητα,"Τελικό Αποτέλεσμα",NTU,0.494
23/05/2025,23.706237365958,37.950939255691,8190,Θολότητα,"Τελικό Αποτέλεσμα",NTU,0.18
23/05/2025,23.70891649437,37.945691840045,8210,Θολότητα,"Τελικό Αποτέλεσμα",NTU,0.342
23/05/2025,23.71621067377,37.955141392609,8260,Θολότητα,"Τελικό Αποτέλεσμα",NTU,0.518
23/05/2025,23.721762060849,37.9648348571,8280,Θολότητα,"Τελικό Αποτέλεσμα",NTU,0.094
23/05/2025,23.726143493332,37.965556254079,8290,Θολότητα,"Τελικό Αποτέλεσμα",NTU,0.114
23/05/2025,23.730896444434,37.9830072171,8350,Θολότητα,"Τελικό Αποτέλεσμα",NTU,0.158
23/06/2023,23.64211712,37.93337194,146,Θολότητα,"Τελικό Αποτέλεσμα",NTU,0.469
23/06/2023,23.68542623,37.97707661,6010,Θολότητα,"Τελικό Αποτέλεσμα",NTU,0.426
23/06/2023,23.6601472,37.98029121,6020,Θολότητα,"Τελικό Αποτέλεσμα",NTU,0.176
23/06/2023,23.65618491,37.98059442,6030,Θολότητα,"Τελικό Αποτέλεσμα",NTU,0.205
23/06/2023,23.65342067,37.97688798,6040,Θολότητα,"Τελικό Αποτέλεσμα",NTU,0.112
23/06/2023,23.63989634,37.97755,6050,Θολότητα,"Τελικό Αποτέλεσμα",NTU,0.189
23/06/2023,23.63321043,37.96700035,6080,Θολότητα,"Τελικό Αποτέλεσμα",NTU,0.107
23/06/2023,23.62337019,37.95039855,6110,Θολότητα,"Τελικό Αποτέλεσμα",NTU,0.192
23/06/2023,23.63400949,37.95347226,6120,Θολότητα,"Τελικό Αποτέλεσμα",NTU,0.141
23/06/2023,23.63373384,37.95087389,6130,Θολότητα,"Τελικό Αποτέλεσμα",NTU,0.135
23/06/2023,23.6420689,37.92834411,6150,Θολότητα,"Τελικό Αποτέλεσμα",NTU,0.242
23/06/2023,23.62796265,37.93233446,6160,Θολότητα,"Τελικό Αποτέλεσμα",NTU,0.11
23/06/2023,23.65217193,37.93962271,6170,Θολότητα,"Τελικό Αποτέλεσμα",NTU,0.243
23/06/2023,23.69164396,37.94801301,6210,Θολότητα,"Τελικό Αποτέλεσμα",NTU,0.207
23/06/2023,23.69432319,37.9524174,6220,Θολότητα,"Τελικό Αποτέλεσμα",NTU,0.191
23/06/2023,23.64026269,37.93961412,6240,Θολότητα,"Τελικό Αποτέλεσμα",NTU,0.094
23/06/2023,23.48905185,37.97043569,2580,Θολότητα,"Τελικό Αποτέλεσμα",NTU,0.21
23/06/2023,23.52045976,37.94358544,1927,Θολότητα,"Τελικό Αποτέλεσμα",NTU,0.401
23/06/2023,23.46565745,37.91849312,1929,Θολότητα,"Τελικό Αποτέλεσμα",NTU,0.198
23/06/2023,23.49030054,37.99544729,1931,Θολότητα,"Τελικό Αποτέλεσμα",NTU,0.216
23/06/2023,23.41656871,37.91177786,1967,Θολότητα,"Τελικό Αποτέλεσμα",NTU,0.188
23/06/2023,23.4174242,37.90741906,2601,Θολότητα,"Τελικό Αποτέλεσμα",NTU,0.201
23/06/2023,23.78300677,38.09159562,1940,Θολότητα,"Τελικό Αποτέλεσμα",NTU,0.177
23/06/2024,23.783006772263,38.091595618101,1940,Θολότητα,"Τελικό Αποτέλεσμα",NTU,0.171
23/06/2025,23.7204954672,37.946472492133,160,Θολότητα,"Τελικό Αποτέλεσμα",NTU,0.165
23/06/2025,23.72324520128,37.934403839805,165,Θολότητα,"Τελικό Αποτέλεσμα",NTU,0.155
23/06/2025,23.694180891718,37.998773148457,7120,Θολότητα,"Τελικό Αποτέλεσμα",NTU,0.264
23/06/2025,23.667489894288,37.958032027277,7170,Θολότητα,"Τελικό Αποτέλεσμα",NTU,0.11
23/06/2025,23.678625660301,37.971729734496,7230,Θολότητα,"Τελικό Αποτέλεσμα",NTU,0.267
23/06/2025,23.685196529333,37.975965791401,7250,Θολότητα,"Τελικό Αποτέλεσμα",NTU,0.094
23/06/2025,23.697528385889,37.971702343756,7270,Θολότητα,"Τελικό Αποτέλεσμα",NTU,0.096
23/06/2025,23.712833251184,37.968564832502,7300,Θολότητα,"Τελικό Αποτέλεσμα",NTU,0.284
23/06/2025,23.711703762356,37.97057149043,7320,Θολότητα,"Τελικό Αποτέλεσμα",NTU,0.268
23/06/2025,23.715412919273,38.003749605504,8010,Θολότητα,"Τελικό Αποτέλεσμα",NTU,0.271
23/06/2025,23.71578119283,37.990373378915,8040,Θολότητα,"Τελικό Αποτέλεσμα",NTU,0.122
23/06/2025,23.712276196086,37.98040556765,8060,Θολότητα,"Τελικό Αποτέλεσμα",NTU,0.138
23/06/2025,23.714816823822,37.979430254073,8070,Θολότητα,"Τελικό Αποτέλεσμα",NTU,0.244
23/06/2025,23.68251737331,37.961481128285,8100,Θολότητα,"Τελικό Αποτέλεσμα",NTU,0.554
23/06/2025,23.700434539313,37.962643998348,8140,Θολότητα,"Τελικό Αποτέλεσμα",NTU,0.244
23/06/2025,23.699597448709,37.949709083863,8170,Θολότητα,"Τελικό Αποτέλεσμα",NTU,0.171
23/06/2025,23.70891649437,37.945691840045,8210,Θολότητα,"Τελικό Αποτέλεσμα",NTU,0.274
23/06/2025,23.71621067377,37.955141392609,8260,Θολότητα,"Τελικό Αποτέλεσμα",NTU,0.154
23/06/2025,23.721762060849,37.9648348571,8280,Θολότητα,"Τελικό Αποτέλεσμα",NTU,0.295
23/06/2025,23.726143493332,37.965556254079,8290,Θολότητα,"Τελικό Αποτέλεσμα",NTU,0.227
23/06/2025,23.730896444434,37.9830072171,8350,Θολότητα,"Τελικό Αποτέλεσμα",NTU,0.336
23/06/2025,23.776624696051,37.884348958134,1918,Θολότητα,"Τελικό Αποτέλεσμα",NTU,0.332
23/06/2025,23.763828567739,37.889033553169,1920,Θολότητα,"Τελικό Αποτέλεσμα",NTU,0.482
23/06/2025,23.755560418361,37.919430807212,1924,Θολότητα,"Τελικό Αποτέλεσμα",NTU,0.21
23/06/2025,23.749512420594,37.999646302315,1942,Θολότητα,"Τελικό Αποτέλεσμα",NTU,0.123
23/06/2025,23.732887017961,37.955671997184,1944,Θολότητα,"Τελικό Αποτέλεσμα",NTU,0.223
23/06/2025,23.777569470988,37.889946836445,1963,Θολότητα,"Τελικό Αποτέλεσμα",NTU,0.2
23/06/2025,23.64440874197,37.959511773378,1928,Θολότητα,"Τελικό Αποτέλεσμα",NTU,0.243
23/06/2025,23.655737542216,37.93998667845,1930,Θολότητα,"Τελικό Αποτέλεσμα",NTU,0.123
23/06/2025,23.577422634042,37.968422519545,1943,Θολότητα,"Τελικό Αποτέλεσμα",NTU,0.228
23/06/2025,23.576866413715,37.966827860412,1945,Θολότητα,"Τελικό Αποτέλεσμα",NTU,0.382
23/07/2023,23.78300677,38.09159562,1940,Θολότητα,"Τελικό Αποτέλεσμα",NTU,0.184
23/07/2024,23.642117121438,37.933371936061,146,Θολότητα,"Τελικό Αποτέλεσμα",NTU,0.249
23/07/2024,23.685426227465,37.977076609772,6010,Θολότητα,"Τελικό Αποτέλεσμα",NTU,0.126
23/07/2024,23.660147196721,37.980291207729,6020,Θολότητα,"Τελικό Αποτέλεσμα",NTU,0.259
23/07/2024,23.656184913017,37.980594422153,6030,Θολότητα,"Τελικό Αποτέλεσμα",NTU,0.14
23/07/2024,23.653420670725,37.976887978332,6040,Θολότητα,"Τελικό Αποτέλεσμα",NTU,0.186
23/07/2024,23.639896339554,37.977549997131,6050,Θολότητα,"Τελικό Αποτέλεσμα",NTU,0.673
23/07/2024,23.640200994864,37.973616459939,6060,Θολότητα,"Τελικό Αποτέλεσμα",NTU,0.372
23/07/2024,23.633210429054,37.967000345107,6080,Θολότητα,"Τελικό Αποτέλεσμα",NTU,0.439
23/07/2024,23.623370187872,37.950398549294,6110,Θολότητα,"Τελικό Αποτέλεσμα",NTU,0.11
23/07/2024,23.642068896508,37.928344112851,6150,Θολότητα,"Τελικό Αποτέλεσμα",NTU,0.754
23/07/2024,23.62796265038,37.932334455589,6160,Θολότητα,"Τελικό Αποτέλεσμα",NTU,0.32
23/07/2024,23.65217192804,37.939622706754,6170,Θολότητα,"Τελικό Αποτέλεσμα",NTU,0.278
23/07/2024,23.673234118927,37.946109912673,6190,Θολότητα,"Τελικό Αποτέλεσμα",NTU,0.571
23/07/2024,23.680037411281,37.948096846566,6200,Θολότητα,"Τελικό Αποτέλεσμα",NTU,0.162
23/07/2024,23.691643963145,37.948013010856,6210,Θολότητα,"Τελικό Αποτέλεσμα",NTU,0.379
23/07/2024,23.694323188433,37.952417395875,6220,Θολότητα,"Τελικό Αποτέλεσμα",NTU,0.187
23/07/2024,23.640262686028,37.939614121045,6240,Θολότητα,"Τελικό Αποτέλεσμα",NTU,0.145
23/07/2024,23.783006772263,38.091595618101,1940,Θολότητα,"Τελικό Αποτέλεσμα",NTU,0.249
23/07/2024,22.898432401038,38.254054888272,7011,Θολότητα,"Τελικό Αποτέλεσμα",NTU,0.094
23/08/2023,23.8184361,38.03015277,191,Θολότητα,"Τελικό Αποτέλεσμα",NTU,0.138
23/08/2023,23.82898036,38.04390182,193,Θολότητα,"Τελικό Αποτέλεσμα",NTU,0.14
23/08/2023,23.76902716,37.99339131,4010,Θολότητα,"Τελικό Αποτέλεσμα",NTU,0.334
23/08/2023,23.77648607,37.99622098,4020,Θολότητα,"Τελικό Αποτέλεσμα",NTU,0.213
23/08/2023,23.77323663,37.96994397,4070,Θολότητα,"Τελικό Αποτέλεσμα",NTU,0.498
23/08/2023,23.75945557,37.97068504,4090,Θολότητα,"Τελικό Αποτέλεσμα",NTU,0.137
23/08/2023,23.72659763,37.95526612,4230,Θολότητα,"Τελικό Αποτέλεσμα",NTU,0.139
23/08/2023,23.78300677,38.09159562,1940,Θολότητα,"Τελικό Αποτέλεσμα",NTU,0.15
23/08/2024,23.642117121438,37.933371936061,146,Θολότητα,"Τελικό Αποτέλεσμα",NTU,0.288
23/08/2024,23.783006772263,38.091595618101,1940,Θολότητα,"Τελικό Αποτέλεσμα",NTU,0.16
23/08/2024,23.701682457361,37.918072433642,137,Θολότητα,"Τελικό Αποτέλεσμα",NTU,0.29
23/09/2023,23.78300677,38.09159562,1940,Θολότητα,"Τελικό Αποτέλεσμα",NTU,0.245
23/09/2024,23.766218844149,37.941493165715,135,Θολότητα,"Τελικό Αποτέλεσμα",NTU,0.235
23/09/2024,23.701682457361,37.918072433642,137,Θολότητα,"Τελικό Αποτέλεσμα",NTU,0.144
23/09/2024,23.802231976799,37.833112339241,140,Θολότητα,"Τελικό Αποτέλεσμα",NTU,0.145
23/09/2024,23.748648075769,37.916097225199,5010,Θολότητα,"Τελικό Αποτέλεσμα",NTU,0.191
23/09/2024,23.753422230835,37.904820647992,5020,Θολότητα,"Τελικό Αποτέλεσμα",NTU,0.156
23/09/2024,23.744700128802,37.889940171291,5030,Θολότητα,"Τελικό Αποτέλεσμα",NTU,0.117
23/09/2024,23.746055892182,37.884208036564,5040,Θολότητα,"Τελικό Αποτέλεσμα",NTU,0.124
23/09/2024,23.757964952407,37.860354353668,5050,Θολότητα,"Τελικό Αποτέλεσμα",NTU,0.19
23/09/2024,23.756977040295,37.848098522763,5080,Θολότητα,"Τελικό Αποτέλεσμα",NTU,0.127
23/09/2024,23.760685434504,37.8151667674,5090,Θολότητα,"Τελικό Αποτέλεσμα",NTU,0.33
23/09/2024,23.786337962388,37.822894363003,5110,Θολότητα,"Τελικό Αποτέλεσμα",NTU,0.222
23/09/2024,23.790340187783,37.835383621964,5150,Θολότητα,"Τελικό Αποτέλεσμα",NTU,0.18
23/09/2024,23.739973276711,37.869586272318,5160,Θολότητα,"Τελικό Αποτέλεσμα",NTU,0.108
23/09/2024,23.72543913784,37.888165068231,5170,Θολότητα,"Τελικό Αποτέλεσμα",NTU,0.085
23/09/2024,23.720082218937,37.903424243123,5180,Θολότητα,"Τελικό Αποτέλεσμα",NTU,0.101
23/09/2024,23.71413660329,37.912707373341,5190,Θολότητα,"Τελικό Αποτέλεσμα",NTU,0.125
23/09/2024,23.712840439649,37.915620541693,5200,Θολότητα,"Τελικό Αποτέλεσμα",NTU,0.095
23/09/2024,23.706435208048,37.919600993522,5210,Θολότητα,"Τελικό Αποτέλεσμα",NTU,0.182
23/09/2024,23.704881330177,37.935219954091,5230,Θολότητα,"Τελικό Αποτέλεσμα",NTU,0.13
23/09/2024,23.774386839978,37.81229932964,5100,Θολότητα,"Τελικό Αποτέλεσμα",NTU,0.154
23/09/2024,23.783006772263,38.091595618101,1940,Θολότητα,"Τελικό Αποτέλεσμα",NTU,0.266
23/09/2024,23.715167470658,38.064394448168,2020,Θολότητα,"Τελικό Αποτέλεσμα",NTU,0.221
23/09/2024,23.676225070778,38.038867972537,2060,Θολότητα,"Τελικό Αποτέλεσμα",NTU,0.164
23/10/2023,23.64211712,37.93337194,146,Θολότητα,"Τελικό Αποτέλεσμα",NTU,0.3
23/10/2023,23.68542623,37.97707661,6010,Θολότητα,"Τελικό Αποτέλεσμα",NTU,0.286
23/10/2023,23.6601472,37.98029121,6020,Θολότητα,"Τελικό Αποτέλεσμα",NTU,0.53
23/10/2023,23.65618491,37.98059442,6030,Θολότητα,"Τελικό Αποτέλεσμα",NTU,0.273
23/10/2023,23.65342067,37.97688798,6040,Θολότητα,"Τελικό Αποτέλεσμα",NTU,0.276
23/10/2023,23.63989634,37.97755,6050,Θολότητα,"Τελικό Αποτέλεσμα",NTU,0.23
23/10/2023,23.64020099,37.97361646,6060,Θολότητα,"Τελικό Αποτέλεσμα",NTU,0.311
23/10/2023,23.63321043,37.96700035,6080,Θολότητα,"Τελικό Αποτέλεσμα",NTU,0.191
23/10/2023,23.62337019,37.95039855,6110,Θολότητα,"Τελικό Αποτέλεσμα",NTU,0.509
23/10/2023,23.63400949,37.95347226,6120,Θολότητα,"Τελικό Αποτέλεσμα",NTU,0.17
23/10/2023,23.63373384,37.95087389,6130,Θολότητα,"Τελικό Αποτέλεσμα",NTU,0.236
23/10/2023,23.6420689,37.92834411,6150,Θολότητα,"Τελικό Αποτέλεσμα",NTU,0.312
23/10/2023,23.62796265,37.93233446,6160,Θολότητα,"Τελικό Αποτέλεσμα",NTU,0.416
23/10/2023,23.65217193,37.93962271,6170,Θολότητα,"Τελικό Αποτέλεσμα",NTU,0.744
23/10/2023,23.67323412,37.94610991,6190,Θολότητα,"Τελικό Αποτέλεσμα",NTU,0.201
23/10/2023,23.69164396,37.94801301,6210,Θολότητα,"Τελικό Αποτέλεσμα",NTU,0.241
23/10/2023,23.69432319,37.9524174,6220,Θολότητα,"Τελικό Αποτέλεσμα",NTU,0.204
23/10/2023,23.64026269,37.93961412,6240,Θολότητα,"Τελικό Αποτέλεσμα",NTU,0.315
23/10/2023,23.78300677,38.09159562,1940,Θολότητα,"Τελικό Αποτέλεσμα",NTU,0.223
23/10/2023,23.83934088,38.00884634,1910,Θολότητα,"Τελικό Αποτέλεσμα",NTU,0.512
23/10/2023,23.83405829,38.05503536,13210,Θολότητα,"Τελικό Αποτέλεσμα",NTU,0.571
23/10/2023,23.85034312,38.064696,13250,Θολότητα,"Τελικό Αποτέλεσμα",NTU,0.656
23/10/2023,23.76297533,38.01414907,1951,Θολότητα,"Τελικό Αποτέλεσμα",NTU,0.6
23/10/2023,23.7651004,38.01889155,1952,Θολότητα,"Τελικό Αποτέλεσμα",NTU,0.389
23/10/2023,23.80570194,37.98977289,1953,Θολότητα,"Τελικό Αποτέλεσμα",NTU,0.55
23/10/2023,23.87746291,38.06015,1957,Θολότητα,"Τελικό Αποτέλεσμα",NTU,0.285
23/10/2023,23.85005878,38.0644879,1958,Θολότητα,"Τελικό Αποτέλεσμα",NTU,0.472
23/10/2023,23.87165015,38.05010025,1911,Θολότητα,"Τελικό Αποτέλεσμα",NTU,0.726
23/10/2024,23.783006772263,38.091595618101,1940,Θολότητα,"Τελικό Αποτέλεσμα",NTU,0.14
23/10/2024,23.635233804352,37.972826147816,1926,Θολότητα,"Τελικό Αποτέλεσμα",NTU,0.162
23/10/2024,23.650491791439,38.020690523541,1936,Θολότητα,"Τελικό Αποτέλεσμα",NTU,0.281
23/10/2024,23.660572199344,37.996594669998,1950,Θολότητα,"Τελικό Αποτέλεσμα",NTU,0.363
23/10/2024,23.637482500551,37.984946451231,1941,Θολότητα,"Τελικό Αποτέλεσμα",NTU,0.352
23/10/2024,23.636736270073,37.985919067278,1935,Θολότητα,"Τελικό Αποτέλεσμα",NTU,0.202
23/10/2024,23.644052286684,38.004264948522,1947,Θολότητα,"Τελικό Αποτέλεσμα",NTU,0.235
23/10/2024,23.642117121438,37.933371936061,146,Θολότητα,"Τελικό Αποτέλεσμα",NTU,0.209
23/10/2024,23.685426227465,37.977076609772,6010,Θολότητα,"Τελικό Αποτέλεσμα",NTU,0.129
23/10/2024,23.660147196721,37.980291207729,6020,Θολότητα,"Τελικό Αποτέλεσμα",NTU,0.119
23/10/2024,23.656184913017,37.980594422153,6030,Θολότητα,"Τελικό Αποτέλεσμα",NTU,0.149
23/10/2024,23.653420670725,37.976887978332,6040,Θολότητα,"Τελικό Αποτέλεσμα",NTU,0.108
23/10/2024,23.639896339554,37.977549997131,6050,Θολότητα,"Τελικό Αποτέλεσμα",NTU,0.351
23/10/2024,23.640200994864,37.973616459939,6060,Θολότητα,"Τελικό Αποτέλεσμα",NTU,0.561
23/10/2024,23.633210429054,37.967000345107,6080,Θολότητα,"Τελικό Αποτέλεσμα",NTU,0.137
23/10/2024,23.623370187872,37.950398549294,6110,Θολότητα,"Τελικό Αποτέλεσμα",NTU,0.129
23/10/2024,23.634009487857,37.953472259917,6120,Θολότητα,"Τελικό Αποτέλεσμα",NTU,0.546
23/10/2024,23.633733840369,37.950873888977,6130,Θολότητα,"Τελικό Αποτέλεσμα",NTU,0.915
23/10/2024,23.642068896508,37.928344112851,6150,Θολότητα,"Τελικό Αποτέλεσμα",NTU,0.246
23/10/2024,23.62796265038,37.932334455589,6160,Θολότητα,"Τελικό Αποτέλεσμα",NTU,0.163
23/10/2024,23.65217192804,37.939622706754,6170,Θολότητα,"Τελικό Αποτέλεσμα",NTU,0.35
23/10/2024,23.673234118927,37.946109912673,6190,Θολότητα,"Τελικό Αποτέλεσμα",NTU,0.162
23/10/2024,23.691643963145,37.948013010856,6210,Θολότητα,"Τελικό Αποτέλεσμα",NTU,0.172
23/10/2024,23.694323188433,37.952417395875,6220,Θολότητα,"Τελικό Αποτέλεσμα",NTU,0.194
23/10/2024,23.640262686028,37.939614121045,6240,Θολότητα,"Τελικό Αποτέλεσμα",NTU,0.168
23/11/2023,23.83934088,38.00884634,1910,Θολότητα,"Τελικό Αποτέλεσμα",NTU,0.196
23/11/2023,23.83405829,38.05503536,13210,Θολότητα,"Τελικό Αποτέλεσμα",NTU,0.216
23/11/2023,23.85034312,38.064696,13250,Θολότητα,"Τελικό Αποτέλεσμα",NTU,0.249
23/11/2023,23.76297533,38.01414907,1951,Θολότητα,"Τελικό Αποτέλεσμα",NTU,0.472
23/11/2023,23.7651004,38.01889155,1952,Θολότητα,"Τελικό Αποτέλεσμα",NTU,0.479
23/11/2023,23.80570194,37.98977289,1953,Θολότητα,"Τελικό Αποτέλεσμα",NTU,0.318
23/11/2023,23.87746291,38.06015,1957,Θολότητα,"Τελικό Αποτέλεσμα",NTU,0.931
23/11/2023,23.85005878,38.0644879,1958,Θολότητα,"Τελικό Αποτέλεσμα",NTU,0.193
23/11/2023,23.87165015,38.05010025,1911,Θολότητα,"Τελικό Αποτέλεσμα",NTU,0.264
23/11/2023,23.72049547,37.94647249,160,Θολότητα,"Τελικό Αποτέλεσμα",NTU,0.185
23/11/2023,23.7232452,37.93440384,165,Θολότητα,"Τελικό Αποτέλεσμα",NTU,0.177
23/11/2023,23.69418089,37.99877315,7120,Θολότητα,"Τελικό Αποτέλεσμα",NTU,0.186
23/11/2023,23.66748989,37.95803203,7170,Θολότητα,"Τελικό Αποτέλεσμα",NTU,0.123
23/11/2023,23.67862566,37.97172973,7230,Θολότητα,"Τελικό Αποτέλεσμα",NTU,0.127
23/11/2023,23.68519653,37.97596579,7250,Θολότητα,"Τελικό Αποτέλεσμα",NTU,0.193
23/11/2023,23.69752839,37.97170234,7270,Θολότητα,"Τελικό Αποτέλεσμα",NTU,0.223
23/11/2023,23.71283325,37.96856483,7300,Θολότητα,"Τελικό Αποτέλεσμα",NTU,0.136
23/11/2023,23.71170376,37.97057149,7320,Θολότητα,"Τελικό Αποτέλεσμα",NTU,0.311
23/11/2023,23.71541292,38.00374961,8010,Θολότητα,"Τελικό Αποτέλεσμα",NTU,0.136
23/11/2023,23.71578119,37.99037338,8040,Θολότητα,"Τελικό Αποτέλεσμα",NTU,0.303
23/11/2023,23.7122762,37.98040557,8060,Θολότητα,"Τελικό Αποτέλεσμα",NTU,0.114
23/11/2023,23.71481682,37.97943025,8070,Θολότητα,"Τελικό Αποτέλεσμα",NTU,0.319
23/11/2023,23.68251737,37.96148113,8100,Θολότητα,"Τελικό Αποτέλεσμα",NTU,0.181
23/11/2023,23.70043454,37.962644,8140,Θολότητα,"Τελικό Αποτέλεσμα",NTU,0.285
23/11/2023,23.70623737,37.95093926,8190,Θολότητα,"Τελικό Αποτέλεσμα",NTU,0.41
23/11/2023,23.70891649,37.94569184,8210,Θολότητα,"Τελικό Αποτέλεσμα",NTU,0.324
23/11/2023,23.71621067,37.95514139,8260,Θολότητα,"Τελικό Αποτέλεσμα",NTU,0.369
23/11/2023,23.71457142,37.96617497,8270,Θολότητα,"Τελικό Αποτέλεσμα",NTU,0.354
23/11/2023,23.72176206,37.96483486,8280,Θολότητα,"Τελικό Αποτέλεσμα",NTU,0.308
23/11/2023,23.72614349,37.96555625,8290,Θολότητα,"Τελικό Αποτέλεσμα",NTU,0.254
23/11/2023,23.73089644,37.98300722,8350,Θολότητα,"Τελικό Αποτέλεσμα",NTU,0.145
23/11/2023,23.78300677,38.09159562,1940,Θολότητα,"Τελικό Αποτέλεσμα",NTU,0.209
23/11/2023,23.64440874,37.95951177,1928,Θολότητα,"Τελικό Αποτέλεσμα",NTU,0.166
23/11/2023,23.65573754,37.93998668,1930,Θολότητα,"Τελικό Αποτέλεσμα",NTU,0.316
23/11/2023,23.68632522,38.0498052,1939,Θολότητα,"Τελικό Αποτέλεσμα",NTU,0.313
23/11/2023,23.57742263,37.96842252,1943,Θολότητα,"Τελικό Αποτέλεσμα",NTU,0.201
23/11/2023,23.57686641,37.96682786,1945,Θολότητα,"Τελικό Αποτέλεσμα",NTU,0.345
23/11/2023,23.67796202,38.04982306,1959,Θολότητα,"Τελικό Αποτέλεσμα",NTU,0.829
23/11/2024,23.783006772263,38.091595618101,1940,Θολότητα,"Τελικό Αποτέλεσμα",NTU,0.121
23/12/2023,23.78300677,38.09159562,1940,Θολότητα,"Τελικό Αποτέλεσμα",NTU,0.084
23/12/2024,23.7204954672,37.946472492133,160,Θολότητα,"Τελικό Αποτέλεσμα",NTU,0.413
23/12/2024,23.72324520128,37.934403839805,165,Θολότητα,"Τελικό Αποτέλεσμα",NTU,0.393
23/12/2024,23.694180891718,37.998773148457,7120,Θολότητα,"Τελικό Αποτέλεσμα",NTU,0.451
23/12/2024,23.667489894288,37.958032027277,7170,Θολότητα,"Τελικό Αποτέλεσμα",NTU,0.371
23/12/2024,23.678625660301,37.971729734496,7230,Θολότητα,"Τελικό Αποτέλεσμα",NTU,0.4
23/12/2024,23.685196529333,37.975965791401,7250,Θολότητα,"Τελικό Αποτέλεσμα",NTU,0.481
23/12/2024,23.697528385889,37.971702343756,7270,Θολότητα,"Τελικό Αποτέλεσμα",NTU,0.431
23/12/2024,23.712833251184,37.968564832502,7300,Θολότητα,"Τελικό Αποτέλεσμα",NTU,0.213
23/12/2024,23.711703762356,37.97057149043,7320,Θολότητα,"Τελικό Αποτέλεσμα",NTU,0.304
23/12/2024,23.715412919273,38.003749605504,8010,Θολότητα,"Τελικό Αποτέλεσμα",NTU,0.371
23/12/2024,23.71578119283,37.990373378915,8040,Θολότητα,"Τελικό Αποτέλεσμα",NTU,0.29
23/12/2024,23.712276196086,37.98040556765,8060,Θολότητα,"Τελικό Αποτέλεσμα",NTU,0.263
23/12/2024,23.714816823822,37.979430254073,8070,Θολότητα,"Τελικό Αποτέλεσμα",NTU,0.306
23/12/2024,23.68251737331,37.961481128285,8100,Θολότητα,"Τελικό Αποτέλεσμα",NTU,0.271
23/12/2024,23.700434539313,37.962643998348,8140,Θολότητα,"Τελικό Αποτέλεσμα",NTU,0.312
23/12/2024,23.699597448709,37.949709083863,8170,Θολότητα,"Τελικό Αποτέλεσμα",NTU,0.228
23/12/2024,23.706237365958,37.950939255691,8190,Θολότητα,"Τελικό Αποτέλεσμα",NTU,0.984
23/12/2024,23.70891649437,37.945691840045,8210,Θολότητα,"Τελικό Αποτέλεσμα",NTU,0.23
23/12/2024,23.71621067377,37.955141392609,8260,Θολότητα,"Τελικό Αποτέλεσμα",NTU,0.3
23/12/2024,23.714571416671,37.966174971534,8270,Θολότητα,"Τελικό Αποτέλεσμα",NTU,0.453
23/12/2024,23.721762060849,37.9648348571,8280,Θολότητα,"Τελικό Αποτέλεσμα",NTU,0.322
23/12/2024,23.726143493332,37.965556254079,8290,Θολότητα,"Τελικό Αποτέλεσμα",NTU,0.21
23/12/2024,23.730896444434,37.9830072171,8350,Θολότητα,"Τελικό Αποτέλεσμα",NTU,0.246
23/12/2024,23.783006772263,38.091595618101,1940,Θολότητα,"Τελικό Αποτέλεσμα",NTU,0.181
24/01/2023,23.6352338,37.97282615,1926,Θολότητα,"Τελικό Αποτέλεσμα",NTU,0.205
24/01/2023,23.78300677,38.09159562,1940,Θολότητα,"Τελικό Αποτέλεσμα",NTU,0.259
24/01/2023,23.64440874,37.95951177,1928,Θολότητα,"Τελικό Αποτέλεσμα",NTU,0.214
24/01/2023,23.65573754,37.93998668,1930,Θολότητα,"Τελικό Αποτέλεσμα",NTU,0.169
24/01/2023,23.68632522,38.0498052,1939,Θολότητα,"Τελικό Αποτέλεσμα",NTU,0.271
24/01/2023,23.57742263,37.96842252,1943,Θολότητα,"Τελικό Αποτέλεσμα",NTU,0.136
24/01/2023,23.57686641,37.96682786,1945,Θολότητα,"Τελικό Αποτέλεσμα",NTU,0.212
24/01/2023,23.67796202,38.04982306,1959,Θολότητα,"Τελικό Αποτέλεσμα",NTU,0.226
24/01/2023,23.64211712,37.93337194,146,Θολότητα,"Τελικό Αποτέλεσμα",NTU,0.19
24/01/2023,23.68542623,37.97707661,6010,Θολότητα,"Τελικό Αποτέλεσμα",NTU,0.316
24/01/2023,23.6601472,37.98029121,6020,Θολότητα,"Τελικό Αποτέλεσμα",NTU,0.4
24/01/2023,23.65618491,37.98059442,6030,Θολότητα,"Τελικό Αποτέλεσμα",NTU,0.162
24/01/2023,23.65342067,37.97688798,6040,Θολότητα,"Τελικό Αποτέλεσμα",NTU,0.237
24/01/2023,23.63989634,37.97755,6050,Θολότητα,"Τελικό Αποτέλεσμα",NTU,0.374
24/01/2023,23.64020099,37.97361646,6060,Θολότητα,"Τελικό Αποτέλεσμα",NTU,0.266
24/01/2023,23.63321043,37.96700035,6080,Θολότητα,"Τελικό Αποτέλεσμα",NTU,0.165
24/01/2023,23.62337019,37.95039855,6110,Θολότητα,"Τελικό Αποτέλεσμα",NTU,0.122
24/01/2023,23.63400949,37.95347226,6120,Θολότητα,"Τελικό Αποτέλεσμα",NTU,0.434
24/01/2023,23.63373384,37.95087389,6130,Θολότητα,"Τελικό Αποτέλεσμα",NTU,0.22
24/01/2023,23.6420689,37.92834411,6150,Θολότητα,"Τελικό Αποτέλεσμα",NTU,0.644
24/01/2023,23.65217193,37.93962271,6170,Θολότητα,"Τελικό Αποτέλεσμα",NTU,0.265
24/01/2023,23.67323412,37.94610991,6190,Θολότητα,"Τελικό Αποτέλεσμα",NTU,0.25
24/01/2023,23.68003741,37.94809685,6200,Θολότητα,"Τελικό Αποτέλεσμα",NTU,0.17
24/01/2023,23.69164396,37.94801301,6210,Θολότητα,"Τελικό Αποτέλεσμα",NTU,0.95
24/01/2023,23.69432319,37.9524174,6220,Θολότητα,"Τελικό Αποτέλεσμα",NTU,0.232
24/01/2023,23.64026269,37.93961412,6240,Θολότητα,"Τελικό Αποτέλεσμα",NTU,0.112
24/01/2025,23.783006772263,38.091595618101,1940,Θολότητα,"Τελικό Αποτέλεσμα",NTU,0.246
24/01/2025,23.787819251812,38.087809697248,195,Θολότητα,"Τελικό Αποτέλεσμα",NTU,0.242
24/01/2025,23.701682457361,37.918072433642,137,Θολότητα,"Τελικό Αποτέλεσμα",NTU,0.345
24/01/2025,23.802231976799,37.833112339241,140,Θολότητα,"Τελικό Αποτέλεσμα",NTU,0.232
24/01/2025,23.748648075769,37.916097225199,5010,Θολότητα,"Τελικό Αποτέλεσμα",NTU,0.286
24/01/2025,23.753422230835,37.904820647992,5020,Θολότητα,"Τελικό Αποτέλεσμα",NTU,0.404
24/01/2025,23.744700128802,37.889940171291,5030,Θολότητα,"Τελικό Αποτέλεσμα",NTU,0.25
24/01/2025,23.746055892182,37.884208036564,5040,Θολότητα,"Τελικό Αποτέλεσμα",NTU,0.274
24/01/2025,23.757964952407,37.860354353668,5050,Θολότητα,"Τελικό Αποτέλεσμα",NTU,0.349
24/01/2025,23.760700167651,37.852403396879,5060,Θολότητα,"Τελικό Αποτέλεσμα",NTU,0.142
24/01/2025,23.756977040295,37.848098522763,5080,Θολότητα,"Τελικό Αποτέλεσμα",NTU,0.174
24/01/2025,23.760685434504,37.8151667674,5090,Θολότητα,"Τελικό Αποτέλεσμα",NTU,0.2
24/01/2025,23.774386839978,37.81229932964,5100,Θολότητα,"Τελικό Αποτέλεσμα",NTU,0.288
24/01/2025,23.786337962388,37.822894363003,5110,Θολότητα,"Τελικό Αποτέλεσμα",NTU,0.151
24/01/2025,23.790340187783,37.835383621964,5150,Θολότητα,"Τελικό Αποτέλεσμα",NTU,0.266
24/01/2025,23.739973276711,37.869586272318,5160,Θολότητα,"Τελικό Αποτέλεσμα",NTU,0.25
24/01/2025,23.72543913784,37.888165068231,5170,Θολότητα,"Τελικό Αποτέλεσμα",NTU,0.155
24/01/2025,23.720082218937,37.903424243123,5180,Θολότητα,"Τελικό Αποτέλεσμα",NTU,0.18
24/01/2025,23.71413660329,37.912707373341,5190,Θολότητα,"Τελικό Αποτέλεσμα",NTU,0.2
24/01/2025,23.712840439649,37.915620541693,5200,Θολότητα,"Τελικό Αποτέλεσμα",NTU,0.422
24/01/2025,23.706435208048,37.919600993522,5210,Θολότητα,"Τελικό Αποτέλεσμα",NTU,0.253
24/01/2025,23.704881330177,37.935219954091,5230,Θολότητα,"Τελικό Αποτέλεσμα",NTU,0.19
24/01/2025,23.973051962748,37.958463647889,4910,Θολότητα,"Τελικό Αποτέλεσμα",NTU,0.508
24/01/2025,23.772903712691,37.94499326751,1961,Θολότητα,"Τελικό Αποτέλεσμα",NTU,0.358
24/01/2025,23.775659857879,37.946436566217,1962,Θολότητα,"Τελικό Αποτέλεσμα",NTU,0.383
24/01/2025,23.755560418361,37.919430807212,1924,Θολότητα,"Τελικό Αποτέλεσμα",NTU,0.288
24/01/2025,23.749512420594,37.999646302315,1942,Θολότητα,"Τελικό Αποτέλεσμα",NTU,0.221
24/01/2025,23.732887017961,37.955671997184,1944,Θολότητα,"Τελικό Αποτέλεσμα",NTU,0.218
24/02/2023,23.71481682,37.97943025,8070,Θολότητα,"Τελικό Αποτέλεσμα",NTU,0.151
24/02/2023,23.57826232,37.96427313,2520,Θολότητα,"Τελικό Αποτέλεσμα",NTU,0.216
24/02/2023,23.5731997,37.96469669,2530,Θολότητα,"Τελικό Αποτέλεσμα",NTU,0.135
24/02/2023,23.53257622,37.93452623,2560,Θολότητα,"Τελικό Αποτέλεσμα",NTU,0.153
24/02/2023,23.53552983,37.93206092,2570,Θολότητα,"Τελικό Αποτέλεσμα",NTU,0.14
24/02/2023,23.61447157,37.95930428,2700,Θολότητα,"Τελικό Αποτέλεσμα",NTU,0.144
24/02/2023,23.78300677,38.09159562,1940,Θολότητα,"Τελικό Αποτέλεσμα",NTU,0.287
24/02/2023,23.64440874,37.95951177,1928,Θολότητα,"Τελικό Αποτέλεσμα",NTU,0.311
24/02/2023,23.65573754,37.93998668,1930,Θολότητα,"Τελικό Αποτέλεσμα",NTU,0.251
24/02/2023,23.68632522,38.0498052,1939,Θολότητα,"Τελικό Αποτέλεσμα",NTU,0.213
24/02/2023,23.57742263,37.96842252,1943,Θολότητα,"Τελικό Αποτέλεσμα",NTU,0.267
24/02/2023,23.57686641,37.96682786,1945,Θολότητα,"Τελικό Αποτέλεσμα",NTU,0.165
24/02/2023,23.67796202,38.04982306,1959,Θολότητα,"Τελικό Αποτέλεσμα",NTU,0.251
24/02/2025,23.783006772263,38.091595618101,1940,Θολότητα,"Τελικό Αποτέλεσμα",NTU,0.193
24/02/2025,23.7204954672,37.946472492133,160,Θολότητα,"Τελικό Αποτέλεσμα",NTU,0.222
24/02/2025,23.72324520128,37.934403839805,165,Θολότητα,"Τελικό Αποτέλεσμα",NTU,0.273
24/02/2025,23.694180891718,37.998773148457,7120,Θολότητα,"Τελικό Αποτέλεσμα",NTU,0.27
24/02/2025,23.667489894288,37.958032027277,7170,Θολότητα,"Τελικό Αποτέλεσμα",NTU,0.676
24/02/2025,23.678625660301,37.971729734496,7230,Θολότητα,"Τελικό Αποτέλεσμα",NTU,0.206
24/02/2025,23.685196529333,37.975965791401,7250,Θολότητα,"Τελικό Αποτέλεσμα",NTU,0.204
24/02/2025,23.697528385889,37.971702343756,7270,Θολότητα,"Τελικό Αποτέλεσμα",NTU,0.199
24/02/2025,23.712833251184,37.968564832502,7300,Θολότητα,"Τελικό Αποτέλεσμα",NTU,0.174
24/02/2025,23.711703762356,37.97057149043,7320,Θολότητα,"Τελικό Αποτέλεσμα",NTU,0.338
24/02/2025,23.715412919273,38.003749605504,8010,Θολότητα,"Τελικό Αποτέλεσμα",NTU,0.395
24/02/2025,23.71578119283,37.990373378915,8040,Θολότητα,"Τελικό Αποτέλεσμα",NTU,0.233
24/02/2025,23.712276196086,37.98040556765,8060,Θολότητα,"Τελικό Αποτέλεσμα",NTU,0.181
24/02/2025,23.714816823822,37.979430254073,8070,Θολότητα,"Τελικό Αποτέλεσμα",NTU,0.208
24/02/2025,23.68251737331,37.961481128285,8100,Θολότητα,"Τελικό Αποτέλεσμα",NTU,0.29
24/02/2025,23.700434539313,37.962643998348,8140,Θολότητα,"Τελικό Αποτέλεσμα",NTU,0.193
24/02/2025,23.706237365958,37.950939255691,8190,Θολότητα,"Τελικό Αποτέλεσμα",NTU,0.317
24/02/2025,23.70891649437,37.945691840045,8210,Θολότητα,"Τελικό Αποτέλεσμα",NTU,0.175
24/02/2025,23.71621067377,37.955141392609,8260,Θολότητα,"Τελικό Αποτέλεσμα",NTU,0.333
24/02/2025,23.714571416671,37.966174971534,8270,Θολότητα,"Τελικό Αποτέλεσμα",NTU,0.181
24/02/2025,23.726143493332,37.965556254079,8290,Θολότητα,"Τελικό Αποτέλεσμα",NTU,0.172
24/02/2025,23.730896444434,37.9830072171,8350,Θολότητα,"Τελικό Αποτέλεσμα",NTU,0.161
24/03/2023,23.78300677,38.09159562,1940,Θολότητα,"Τελικό Αποτέλεσμα",NTU,0.268
24/03/2025,23.783006772263,38.091595618101,1940,Θολότητα,"Τελικό Αποτέλεσμα",NTU,0.17
24/03/2025,23.701682457361,37.918072433642,137,Θολότητα,"Τελικό Αποτέλεσμα",NTU,0.157
24/03/2025,23.802231976799,37.833112339241,140,Θολότητα,"Τελικό Αποτέλεσμα",NTU,0.182
24/03/2025,23.748648075769,37.916097225199,5010,Θολότητα,"Τελικό Αποτέλεσμα",NTU,0.199
24/03/2025,23.753422230835,37.904820647992,5020,Θολότητα,"Τελικό Αποτέλεσμα",NTU,0.307
24/03/2025,23.744700128802,37.889940171291,5030,Θολότητα,"Τελικό Αποτέλεσμα",NTU,0.117
24/03/2025,23.746055892182,37.884208036564,5040,Θολότητα,"Τελικό Αποτέλεσμα",NTU,0.329
24/03/2025,23.757964952407,37.860354353668,5050,Θολότητα,"Τελικό Αποτέλεσμα",NTU,0.384
24/03/2025,23.760700167651,37.852403396879,5060,Θολότητα,"Τελικό Αποτέλεσμα",NTU,0.122
24/03/2025,23.756977040295,37.848098522763,5080,Θολότητα,"Τελικό Αποτέλεσμα",NTU,0.148
24/03/2025,23.760685434504,37.8151667674,5090,Θολότητα,"Τελικό Αποτέλεσμα",NTU,0.177
24/03/2025,23.774386839978,37.81229932964,5100,Θολότητα,"Τελικό Αποτέλεσμα",NTU,0.143
24/03/2025,23.786337962388,37.822894363003,5110,Θολότητα,"Τελικό Αποτέλεσμα",NTU,0.227
24/03/2025,23.790340187783,37.835383621964,5150,Θολότητα,"Τελικό Αποτέλεσμα",NTU,0.174
24/03/2025,23.739973276711,37.869586272318,5160,Θολότητα,"Τελικό Αποτέλεσμα",NTU,0.19
24/03/2025,23.72543913784,37.888165068231,5170,Θολότητα,"Τελικό Αποτέλεσμα",NTU,0.096
24/03/2025,23.720082218937,37.903424243123,5180,Θολότητα,"Τελικό Αποτέλεσμα",NTU,0.146
24/03/2025,23.71413660329,37.912707373341,5190,Θολότητα,"Τελικό Αποτέλεσμα",NTU,0.122
24/03/2025,23.712840439649,37.915620541693,5200,Θολότητα,"Τελικό Αποτέλεσμα",NTU,0.128
24/03/2025,23.706435208048,37.919600993522,5210,Θολότητα,"Τελικό Αποτέλεσμα",NTU,0.14
24/03/2025,23.704881330177,37.935219954091,5230,Θολότητα,"Τελικό Αποτέλεσμα",NTU,0.182
24/04/2023,23.78300677,38.09159562,1940,Θολότητα,"Τελικό Αποτέλεσμα",NTU,0.388
24/04/2023,23.76621884,37.94149317,135,Θολότητα,"Τελικό Αποτέλεσμα",NTU,0.238
24/04/2023,23.70168246,37.91807243,137,Θολότητα,"Τελικό Αποτέλεσμα",NTU,0.18
24/04/2023,23.78205391,37.85203476,139,Θολότητα,"Τελικό Αποτέλεσμα",NTU,0.207
24/04/2023,23.80223198,37.83311234,140,Θολότητα,"Τελικό Αποτέλεσμα",NTU,0.205
24/04/2023,23.74864808,37.91609723,5010,Θολότητα,"Τελικό Αποτέλεσμα",NTU,0.241
24/04/2023,23.75342223,37.90482065,5020,Θολότητα,"Τελικό Αποτέλεσμα",NTU,0.222
24/04/2023,23.74470013,37.88994017,5030,Θολότητα,"Τελικό Αποτέλεσμα",NTU,0.231
24/04/2023,23.74605589,37.88420804,5040,Θολότητα,"Τελικό Αποτέλεσμα",NTU,0.312
24/04/2023,23.75796495,37.86035435,5050,Θολότητα,"Τελικό Αποτέλεσμα",NTU,0.174
24/04/2023,23.76070017,37.8524034,5060,Θολότητα,"Τελικό Αποτέλεσμα",NTU,0.291
24/04/2023,23.75697704,37.84809852,5080,Θολότητα,"Τελικό Αποτέλεσμα",NTU,0.157
24/04/2023,23.76068543,37.81516677,5090,Θολότητα,"Τελικό Αποτέλεσμα",NTU,0.275
24/04/2023,23.77438684,37.81229933,5100,Θολότητα,"Τελικό Αποτέλεσμα",NTU,0.173
24/04/2023,23.78633796,37.82289436,5110,Θολότητα,"Τελικό Αποτέλεσμα",NTU,0.321
24/04/2023,23.79034019,37.83538362,5150,Θολότητα,"Τελικό Αποτέλεσμα",NTU,0.162
24/04/2023,23.73997328,37.86958627,5160,Θολότητα,"Τελικό Αποτέλεσμα",NTU,0.23
24/04/2023,23.72543914,37.88816507,5170,Θολότητα,"Τελικό Αποτέλεσμα",NTU,0.099
24/04/2023,23.72008222,37.90342424,5180,Θολότητα,"Τελικό Αποτέλεσμα",NTU,0.216
24/04/2023,23.7141366,37.91270737,5190,Θολότητα,"Τελικό Αποτέλεσμα",NTU,0.245
24/04/2023,23.71284044,37.91562054,5200,Θολότητα,"Τελικό Αποτέλεσμα",NTU,0.185
24/04/2023,23.70643521,37.91960099,5210,Θολότητα,"Τελικό Αποτέλεσμα",NTU,0.205
24/04/2023,23.64440874,37.95951177,1928,Θολότητα,"Τελικό Αποτέλεσμα",NTU,0.31
24/04/2025,23.7204954672,37.946472492133,160,Θολότητα,"Τελικό Αποτέλεσμα",NTU,0.217
24/04/2025,23.72324520128,37.934403839805,165,Θολότητα,"Τελικό Αποτέλεσμα",NTU,0.258
24/04/2025,23.694180891718,37.998773148457,7120,Θολότητα,"Τελικό Αποτέλεσμα",NTU,0.368
24/04/2025,23.667489894288,37.958032027277,7170,Θολότητα,"Τελικό Αποτέλεσμα",NTU,0.434
24/04/2025,23.678625660301,37.971729734496,7230,Θολότητα,"Τελικό Αποτέλεσμα",NTU,0.375
24/04/2025,23.685196529333,37.975965791401,7250,Θολότητα,"Τελικό Αποτέλεσμα",NTU,0.157
24/04/2025,23.697528385889,37.971702343756,7270,Θολότητα,"Τελικό Αποτέλεσμα",NTU,0.167
24/04/2025,23.712833251184,37.968564832502,7300,Θολότητα,"Τελικό Αποτέλεσμα",NTU,0.179
24/04/2025,23.711703762356,37.97057149043,7320,Θολότητα,"Τελικό Αποτέλεσμα",NTU,0.33
24/04/2025,23.715412919273,38.003749605504,8010,Θολότητα,"Τελικό Αποτέλεσμα",NTU,0.18
24/04/2025,23.71578119283,37.990373378915,8040,Θολότητα,"Τελικό Αποτέλεσμα",NTU,0.452
24/04/2025,23.712276196086,37.98040556765,8060,Θολότητα,"Τελικό Αποτέλεσμα",NTU,0.207
24/04/2025,23.68251737331,37.961481128285,8100,Θολότητα,"Τελικό Αποτέλεσμα",NTU,0.213
24/04/2025,23.700434539313,37.962643998348,8140,Θολότητα,"Τελικό Αποτέλεσμα",NTU,0.151
24/04/2025,23.706237365958,37.950939255691,8190,Θολότητα,"Τελικό Αποτέλεσμα",NTU,0.178
24/04/2025,23.70891649437,37.945691840045,8210,Θολότητα,"Τελικό Αποτέλεσμα",NTU,0.212
24/04/2025,23.71621067377,37.955141392609,8260,Θολότητα,"Τελικό Αποτέλεσμα",NTU,0.268
24/04/2025,23.714571416671,37.966174971534,8270,Θολότητα,"Τελικό Αποτέλεσμα",NTU,0.266
24/04/2025,23.721762060849,37.9648348571,8280,Θολότητα,"Τελικό Αποτέλεσμα",NTU,0.146
24/04/2025,23.730896444434,37.9830072171,8350,Θολότητα,"Τελικό Αποτέλεσμα",NTU,0.193
24/04/2025,23.782568605776,38.133625196225,1932,Θολότητα,"Τελικό Αποτέλεσμα",NTU,0.13
24/04/2025,23.77628215803,38.121900924356,210,Θολότητα,"Τελικό Αποτέλεσμα",NTU,0.222
24/04/2025,23.787819251812,38.087809697248,195,Θολότητα,"Τελικό Αποτέλεσμα",NTU,0.184
24/04/2025,23.783006772263,38.091595618101,1940,Θολότητα,"Τελικό Αποτέλεσμα",NTU,0.161
24/05/2023,23.78300677,38.09159562,1940,Θολότητα,"Τελικό Αποτέλεσμα",NTU,0.265
24/05/2024,23.642117121438,37.933371936061,146,Θολότητα,"Τελικό Αποτέλεσμα",NTU,0.36
24/05/2024,23.685426227465,37.977076609772,6010,Θολότητα,"Τελικό Αποτέλεσμα",NTU,0.201
24/05/2024,23.660147196721,37.980291207729,6020,Θολότητα,"Τελικό Αποτέλεσμα",NTU,0.199
24/05/2024,23.656184913017,37.980594422153,6030,Θολότητα,"Τελικό Αποτέλεσμα",NTU,0.173
24/05/2024,23.653420670725,37.976887978332,6040,Θολότητα,"Τελικό Αποτέλεσμα",NTU,0.314
24/05/2024,23.640200994864,37.973616459939,6060,Θολότητα,"Τελικό Αποτέλεσμα",NTU,0.22
24/05/2024,23.633210429054,37.967000345107,6080,Θολότητα,"Τελικό Αποτέλεσμα",NTU,0.19
24/05/2024,23.623370187872,37.950398549294,6110,Θολότητα,"Τελικό Αποτέλεσμα",NTU,0.171
24/05/2024,23.634009487857,37.953472259917,6120,Θολότητα,"Τελικό Αποτέλεσμα",NTU,0.261
24/05/2024,23.633733840369,37.950873888977,6130,Θολότητα,"Τελικό Αποτέλεσμα",NTU,0.28
24/05/2024,23.642068896508,37.928344112851,6150,Θολότητα,"Τελικό Αποτέλεσμα",NTU,0.199
24/05/2024,23.62796265038,37.932334455589,6160,Θολότητα,"Τελικό Αποτέλεσμα",NTU,0.142
24/05/2024,23.65217192804,37.939622706754,6170,Θολότητα,"Τελικό Αποτέλεσμα",NTU,0.197
24/05/2024,23.673234118927,37.946109912673,6190,Θολότητα,"Τελικό Αποτέλεσμα",NTU,0.724
24/05/2024,23.691643963145,37.948013010856,6210,Θολότητα,"Τελικό Αποτέλεσμα",NTU,0.144
24/05/2024,23.694323188433,37.952417395875,6220,Θολότητα,"Τελικό Αποτέλεσμα",NTU,0.28
24/05/2024,23.640262686028,37.939614121045,6240,Θολότητα,"Τελικό Αποτέλεσμα",NTU,0.201
24/05/2024,23.783006772263,38.091595618101,1940,Θολότητα,"Τελικό Αποτέλεσμα",NTU,0.263
24/05/2025,23.783006772263,38.091595618101,1940,Θολότητα,"Τελικό Αποτέλεσμα",NTU,0.273
24/06/2023,23.78300677,38.09159562,1940,Θολότητα,"Τελικό Αποτέλεσμα",NTU,0.214
24/06/2024,23.783006772263,38.091595618101,1940,Θολότητα,"Τελικό Αποτέλεσμα",NTU,0.145
24/06/2025,23.765100402535,38.018891552708,1952,Θολότητα,"Τελικό Αποτέλεσμα",NTU,0.349
24/06/2025,23.877462910757,38.060150004,1957,Θολότητα,"Τελικό Αποτέλεσμα",NTU,0.344
24/06/2025,23.871650152448,38.05010024616,1911,Θολότητα,"Τελικό Αποτέλεσμα",NTU,0.234
24/06/2025,23.728630962837,37.936168316,4190,Θολότητα,"Τελικό Αποτέλεσμα",NTU,0.192
24/06/2025,23.726597630536,37.955266120446,4230,Θολότητα,"Τελικό Αποτέλεσμα",NTU,0.184
24/06/2025,23.642117121438,37.933371936061,146,Θολότητα,"Τελικό Αποτέλεσμα",NTU,0.174
24/06/2025,23.685426227465,37.977076609772,6010,Θολότητα,"Τελικό Αποτέλεσμα",NTU,0.11
24/06/2025,23.660147196721,37.980291207729,6020,Θολότητα,"Τελικό Αποτέλεσμα",NTU,0.176
24/06/2025,23.656184913017,37.980594422153,6030,Θολότητα,"Τελικό Αποτέλεσμα",NTU,0.078
24/06/2025,23.653420670725,37.976887978332,6040,Θολότητα,"Τελικό Αποτέλεσμα",NTU,0.077
24/06/2025,23.639896339554,37.977549997131,6050,Θολότητα,"Τελικό Αποτέλεσμα",NTU,0.094
24/06/2025,23.640200994864,37.973616459939,6060,Θολότητα,"Τελικό Αποτέλεσμα",NTU,0.081
24/06/2025,23.633210429054,37.967000345107,6080,Θολότητα,"Τελικό Αποτέλεσμα",NTU,0.094
24/06/2025,23.623370187872,37.950398549294,6110,Θολότητα,"Τελικό Αποτέλεσμα",NTU,0.133
24/06/2025,23.634009487857,37.953472259917,6120,Θολότητα,"Τελικό Αποτέλεσμα",NTU,0.136
24/06/2025,23.633733840369,37.950873888977,6130,Θολότητα,"Τελικό Αποτέλεσμα",NTU,0.187
24/06/2025,23.642068896508,37.928344112851,6150,Θολότητα,"Τελικό Αποτέλεσμα",NTU,0.095
24/06/2025,23.62796265038,37.932334455589,6160,Θολότητα,"Τελικό Αποτέλεσμα",NTU,0.36
24/06/2025,23.65217192804,37.939622706754,6170,Θολότητα,"Τελικό Αποτέλεσμα",NTU,0.238
24/06/2025,23.673234118927,37.946109912673,6190,Θολότητα,"Τελικό Αποτέλεσμα",NTU,0.196
24/06/2025,23.680037411281,37.948096846566,6200,Θολότητα,"Τελικό Αποτέλεσμα",NTU,0.084
24/06/2025,23.691643963145,37.948013010856,6210,Θολότητα,"Τελικό Αποτέλεσμα",NTU,0.232
24/06/2025,23.694323188433,37.952417395875,6220,Θολότητα,"Τελικό Αποτέλεσμα",NTU,0.341
24/06/2025,23.640262686028,37.939614121045,6240,Θολότητα,"Τελικό Αποτέλεσμα",NTU,0.389
24/06/2025,22.898432401038,38.254054888272,7011,Θολότητα,"Τελικό Αποτέλεσμα",NTU,0.216
24/07/2023,23.64211712,37.93337194,146,Θολότητα,"Τελικό Αποτέλεσμα",NTU,0.125
24/07/2023,23.68542623,37.97707661,6010,Θολότητα,"Τελικό Αποτέλεσμα",NTU,0.196
24/07/2023,23.6601472,37.98029121,6020,Θολότητα,"Τελικό Αποτέλεσμα",NTU,0.156
24/07/2023,23.65618491,37.98059442,6030,Θολότητα,"Τελικό Αποτέλεσμα",NTU,0.262
24/07/2023,23.65342067,37.97688798,6040,Θολότητα,"Τελικό Αποτέλεσμα",NTU,0.11
24/07/2023,23.63989634,37.97755,6050,Θολότητα,"Τελικό Αποτέλεσμα",NTU,0.307
24/07/2023,23.64020099,37.97361646,6060,Θολότητα,"Τελικό Αποτέλεσμα",NTU,0.149
24/07/2023,23.63321043,37.96700035,6080,Θολότητα,"Τελικό Αποτέλεσμα",NTU,0.126
24/07/2023,23.62337019,37.95039855,6110,Θολότητα,"Τελικό Αποτέλεσμα",NTU,0.164
24/07/2023,23.63400949,37.95347226,6120,Θολότητα,"Τελικό Αποτέλεσμα",NTU,0.46
24/07/2023,23.63373384,37.95087389,6130,Θολότητα,"Τελικό Αποτέλεσμα",NTU,0.189
24/07/2023,23.6420689,37.92834411,6150,Θολότητα,"Τελικό Αποτέλεσμα",NTU,0.984
24/07/2023,23.62796265,37.93233446,6160,Θολότητα,"Τελικό Αποτέλεσμα",NTU,0.223
24/07/2023,23.65217193,37.93962271,6170,Θολότητα,"Τελικό Αποτέλεσμα",NTU,0.542
24/07/2023,23.67323412,37.94610991,6190,Θολότητα,"Τελικό Αποτέλεσμα",NTU,0.147
24/07/2023,23.69432319,37.9524174,6220,Θολότητα,"Τελικό Αποτέλεσμα",NTU,0.175
24/07/2023,23.64026269,37.93961412,6240,Θολότητα,"Τελικό Αποτέλεσμα",NTU,0.102
24/07/2023,23.78300677,38.09159562,1940,Θολότητα,"Τελικό Αποτέλεσμα",NTU,0.214
24/07/2024,23.908700098241,38.168241126955,4720,Θολότητα,"Τελικό Αποτέλεσμα",NTU,0.33
24/07/2024,24.034572330748,38.190401550712,4750,Θολότητα,"Τελικό Αποτέλεσμα",NTU,0.147
24/07/2024,23.977138138398,38.085743034532,4770,Θολότητα,"Τελικό Αποτέλεσμα",NTU,0.228
24/07/2024,23.989441223817,38.037783380352,4771,Θολότητα,"Τελικό Αποτέλεσμα",NTU,0.105
24/07/2024,24.012050710459,38.014370105797,4852,Θολότητα,"Τελικό Αποτέλεσμα",NTU,0.105
24/07/2024,24.007320013182,37.984167240863,4890,Θολότητα,"Τελικό Αποτέλεσμα",NTU,0.126
24/07/2024,23.90698069658,37.964512417317,4902,Θολότητα,"Τελικό Αποτέλεσμα",NTU,0.254
24/07/2024,23.783006772263,38.091595618101,1940,Θολότητα,"Τελικό Αποτέλεσμα",NTU,0.292
24/07/2025,23.642117121438,37.933371936061,146,Θολότητα,"Τελικό Αποτέλεσμα",NTU,0.141
24/07/2025,23.685426227465,37.977076609772,6010,Θολότητα,"Τελικό Αποτέλεσμα",NTU,0.146
24/07/2025,23.656184913017,37.980594422153,6030,Θολότητα,"Τελικό Αποτέλεσμα",NTU,0.404
24/07/2025,23.653420670725,37.976887978332,6040,Θολότητα,"Τελικό Αποτέλεσμα",NTU,0.151
24/07/2025,23.639896339554,37.977549997131,6050,Θολότητα,"Τελικό Αποτέλεσμα",NTU,0.508
24/07/2025,23.640200994864,37.973616459939,6060,Θολότητα,"Τελικό Αποτέλεσμα",NTU,0.184
24/07/2025,23.633210429054,37.967000345107,6080,Θολότητα,"Τελικό Αποτέλεσμα",NTU,0.212
24/07/2025,23.623370187872,37.950398549294,6110,Θολότητα,"Τελικό Αποτέλεσμα",NTU,0.145
24/07/2025,23.633733840369,37.950873888977,6130,Θολότητα,"Τελικό Αποτέλεσμα",NTU,0.268
24/07/2025,23.642068896508,37.928344112851,6150,Θολότητα,"Τελικό Αποτέλεσμα",NTU,0.66
24/07/2025,23.62796265038,37.932334455589,6160,Θολότητα,"Τελικό Αποτέλεσμα",NTU,0.245
24/07/2025,23.65217192804,37.939622706754,6170,Θολότητα,"Τελικό Αποτέλεσμα",NTU,0.255
24/07/2025,23.673234118927,37.946109912673,6190,Θολότητα,"Τελικό Αποτέλεσμα",NTU,0.324
24/07/2025,23.680037411281,37.948096846566,6200,Θολότητα,"Τελικό Αποτέλεσμα",NTU,0.213
24/07/2025,23.691643963145,37.948013010856,6210,Θολότητα,"Τελικό Αποτέλεσμα",NTU,0.199
24/07/2025,23.694323188433,37.952417395875,6220,Θολότητα,"Τελικό Αποτέλεσμα",NTU,0.204
24/07/2025,23.640262686028,37.939614121045,6240,Θολότητα,"Τελικό Αποτέλεσμα",NTU,0.137
24/07/2025,23.762108634131,37.974473318809,4080,Θολότητα,"Τελικό Αποτέλεσμα",NTU,0.098
24/08/2023,23.72049547,37.94647249,160,Θολότητα,"Τελικό Αποτέλεσμα",NTU,0.222
24/08/2023,23.7232452,37.93440384,165,Θολότητα,"Τελικό Αποτέλεσμα",NTU,0.171
24/08/2023,23.69418089,37.99877315,7120,Θολότητα,"Τελικό Αποτέλεσμα",NTU,0.345
24/08/2023,23.66748989,37.95803203,7170,Θολότητα,"Τελικό Αποτέλεσμα",NTU,0.296
24/08/2023,23.69752839,37.97170234,7270,Θολότητα,"Τελικό Αποτέλεσμα",NTU,0.147
24/08/2023,23.71170376,37.97057149,7320,Θολότητα,"Τελικό Αποτέλεσμα",NTU,0.547
24/08/2023,23.71541292,38.00374961,8010,Θολότητα,"Τελικό Αποτέλεσμα",NTU,0.25
24/08/2023,23.7122762,37.98040557,8060,Θολότητα,"Τελικό Αποτέλεσμα",NTU,0.165
24/08/2023,23.68251737,37.96148113,8100,Θολότητα,"Τελικό Αποτέλεσμα",NTU,0.346
24/08/2023,23.70043454,37.962644,8140,Θολότητα,"Τελικό Αποτέλεσμα",NTU,0.218
24/08/2023,23.69959745,37.94970908,8170,Θολότητα,"Τελικό Αποτέλεσμα",NTU,0.253
24/08/2023,23.70623737,37.95093926,8190,Θολότητα,"Τελικό Αποτέλεσμα",NTU,0.155
24/08/2023,23.70891649,37.94569184,8210,Θολότητα,"Τελικό Αποτέλεσμα",NTU,0.156
24/08/2023,23.71621067,37.95514139,8260,Θολότητα,"Τελικό Αποτέλεσμα",NTU,0.239
24/08/2023,23.71457142,37.96617497,8270,Θολότητα,"Τελικό Αποτέλεσμα",NTU,0.114
24/08/2023,23.72176206,37.96483486,8280,Θολότητα,"Τελικό Αποτέλεσμα",NTU,0.144
24/08/2023,23.73089644,37.98300722,8350,Θολότητα,"Τελικό Αποτέλεσμα",NTU,0.3
24/08/2023,23.78300677,38.09159562,1940,Θολότητα,"Τελικό Αποτέλεσμα",NTU,0.612
24/08/2023,23.74864808,37.91609723,5010,Θολότητα,"Τελικό Αποτέλεσμα",NTU,0.64
24/08/2023,23.74605589,37.88420804,5040,Θολότητα,"Τελικό Αποτέλεσμα",NTU,0.364
24/08/2024,23.783006772263,38.091595618101,1940,Θολότητα,"Τελικό Αποτέλεσμα",NTU,0.124
24/09/2023,23.78300677,38.09159562,1940,Θολότητα,"Τελικό Αποτέλεσμα",NTU,0.283
24/09/2024,23.642117121438,37.933371936061,146,Θολότητα,"Τελικό Αποτέλεσμα",NTU,0.168
24/09/2024,23.685426227465,37.977076609772,6010,Θολότητα,"Τελικό Αποτέλεσμα",NTU,0.099
24/09/2024,23.660147196721,37.980291207729,6020,Θολότητα,"Τελικό Αποτέλεσμα",NTU,0.214
24/09/2024,23.656184913017,37.980594422153,6030,Θολότητα,"Τελικό Αποτέλεσμα",NTU,0.154
24/09/2024,23.653420670725,37.976887978332,6040,Θολότητα,"Τελικό Αποτέλεσμα",NTU,0.127
24/09/2024,23.640200994864,37.973616459939,6060,Θολότητα,"Τελικό Αποτέλεσμα",NTU,0.106
24/09/2024,23.633210429054,37.967000345107,6080,Θολότητα,"Τελικό Αποτέλεσμα",NTU,0.16
24/09/2024,23.623370187872,37.950398549294,6110,Θολότητα,"Τελικό Αποτέλεσμα",NTU,0.099
24/09/2024,23.634009487857,37.953472259917,6120,Θολότητα,"Τελικό Αποτέλεσμα",NTU,0.689
24/09/2024,23.633733840369,37.950873888977,6130,Θολότητα,"Τελικό Αποτέλεσμα",NTU,0.174
24/09/2024,23.642068896508,37.928344112851,6150,Θολότητα,"Τελικό Αποτέλεσμα",NTU,0.097
24/09/2024,23.62796265038,37.932334455589,6160,Θολότητα,"Τελικό Αποτέλεσμα",NTU,0.124
24/09/2024,23.65217192804,37.939622706754,6170,Θολότητα,"Τελικό Αποτέλεσμα",NTU,0.248
24/09/2024,23.673234118927,37.946109912673,6190,Θολότητα,"Τελικό Αποτέλεσμα",NTU,0.097
24/09/2024,23.691643963145,37.948013010856,6210,Θολότητα,"Τελικό Αποτέλεσμα",NTU,0.218
24/09/2024,23.694323188433,37.952417395875,6220,Θολότητα,"Τελικό Αποτέλεσμα",NTU,0.122
24/09/2024,23.640262686028,37.939614121045,6240,Θολότητα,"Τελικό Αποτέλεσμα",NTU,0.128
24/09/2024,23.773236630704,37.96994397087,4070,Θολότητα,"Τελικό Αποτέλεσμα",NTU,0.214
24/09/2024,23.75945556984,37.970685038508,4090,Θολότητα,"Τελικό Αποτέλεσμα",NTU,0.218
24/09/2024,23.773590432102,37.94663449198,4100,Θολότητα,"Τελικό Αποτέλεσμα",NTU,0.205
24/09/2024,23.794882287985,37.837449849635,1912,Θολότητα,"Τελικό Αποτέλεσμα",NTU,0.371
24/09/2024,23.772903712691,37.94499326751,1961,Θολότητα,"Τελικό Αποτέλεσμα",NTU,0.363
24/09/2024,23.775659857879,37.946436566217,1962,Θολότητα,"Τελικό Αποτέλεσμα",NTU,0.316
24/09/2024,23.781989618407,37.85753891633,1964,Θολότητα,"Τελικό Αποτέλεσμα",NTU,0.28
24/09/2024,23.790508845956,37.815722995168,1965,Θολότητα,"Τελικό Αποτέλεσμα",NTU,0.613
24/09/2024,23.783006772263,38.091595618101,1940,Θολότητα,"Τελικό Αποτέλεσμα",NTU,0.144
24/09/2024,23.520459758419,37.943585439066,1927,Θολότητα,"Τελικό Αποτέλεσμα",NTU,0.16
24/09/2024,22.898432401038,38.254054888272,7011,Θολότητα,"Τελικό Αποτέλεσμα",NTU,0.123
24/10/2023,23.72049547,37.94647249,160,Θολότητα,"Τελικό Αποτέλεσμα",NTU,0.24
24/10/2023,23.7232452,37.93440384,165,Θολότητα,"Τελικό Αποτέλεσμα",NTU,0.278
24/10/2023,23.69418089,37.99877315,7120,Θολότητα,"Τελικό Αποτέλεσμα",NTU,0.22
24/10/2023,23.66748989,37.95803203,7170,Θολότητα,"Τελικό Αποτέλεσμα",NTU,0.233
24/10/2023,23.67862566,37.97172973,7230,Θολότητα,"Τελικό Αποτέλεσμα",NTU,0.267
24/10/2023,23.68519653,37.97596579,7250,Θολότητα,"Τελικό Αποτέλεσμα",NTU,0.197
24/10/2023,23.69752839,37.97170234,7270,Θολότητα,"Τελικό Αποτέλεσμα",NTU,0.278
24/10/2023,23.71283325,37.96856483,7300,Θολότητα,"Τελικό Αποτέλεσμα",NTU,0.238
24/10/2023,23.71170376,37.97057149,7320,Θολότητα,"Τελικό Αποτέλεσμα",NTU,0.516
24/10/2023,23.71541292,38.00374961,8010,Θολότητα,"Τελικό Αποτέλεσμα",NTU,0.22
24/10/2023,23.71578119,37.99037338,8040,Θολότητα,"Τελικό Αποτέλεσμα",NTU,0.215
24/10/2023,23.7122762,37.98040557,8060,Θολότητα,"Τελικό Αποτέλεσμα",NTU,0.136
24/10/2023,23.71481682,37.97943025,8070,Θολότητα,"Τελικό Αποτέλεσμα",NTU,0.213
24/10/2023,23.68251737,37.96148113,8100,Θολότητα,"Τελικό Αποτέλεσμα",NTU,0.38
24/10/2023,23.70043454,37.962644,8140,Θολότητα,"Τελικό Αποτέλεσμα",NTU,0.18
24/10/2023,23.69959745,37.94970908,8170,Θολότητα,"Τελικό Αποτέλεσμα",NTU,0.529
24/10/2023,23.70623737,37.95093926,8190,Θολότητα,"Τελικό Αποτέλεσμα",NTU,0.361
24/10/2023,23.70891649,37.94569184,8210,Θολότητα,"Τελικό Αποτέλεσμα",NTU,0.244
24/10/2023,23.71621067,37.95514139,8260,Θολότητα,"Τελικό Αποτέλεσμα",NTU,0.17
24/10/2023,23.72176206,37.96483486,8280,Θολότητα,"Τελικό Αποτέλεσμα",NTU,0.33
24/10/2023,23.72614349,37.96555625,8290,Θολότητα,"Τελικό Αποτέλεσμα",NTU,0.432
24/10/2023,23.73089644,37.98300722,8350,Θολότητα,"Τελικό Αποτέλεσμα",NTU,0.165
24/10/2023,23.75796495,37.86035435,5050,Θολότητα,"Τελικό Αποτέλεσμα",NTU,0.241
24/10/2023,23.70643521,37.91960099,5210,Θολότητα,"Τελικό Αποτέλεσμα",NTU,0.303
24/10/2023,23.78300677,38.09159562,1940,Θολότητα,"Τελικό Αποτέλεσμα",NTU,0.328
24/10/2023,23.64440874,37.95951177,1928,Θολότητα,"Τελικό Αποτέλεσμα",NTU,0.21
24/10/2023,23.65573754,37.93998668,1930,Θολότητα,"Τελικό Αποτέλεσμα",NTU,0.354
24/10/2023,23.68632522,38.0498052,1939,Θολότητα,"Τελικό Αποτέλεσμα",NTU,0.31
24/10/2023,23.57742263,37.96842252,1943,Θολότητα,"Τελικό Αποτέλεσμα",NTU,0.486
24/10/2023,23.57686641,37.96682786,1945,Θολότητα,"Τελικό Αποτέλεσμα",NTU,0.249
24/10/2023,23.67796202,38.04982306,1959,Θολότητα,"Τελικό Αποτέλεσμα",NTU,0.58
24/10/2024,23.7204954672,37.946472492133,160,Θολότητα,"Τελικό Αποτέλεσμα",NTU,0.208
24/10/2024,23.72324520128,37.934403839805,165,Θολότητα,"Τελικό Αποτέλεσμα",NTU,0.204
24/10/2024,23.694180891718,37.998773148457,7120,Θολότητα,"Τελικό Αποτέλεσμα",NTU,0.258
24/10/2024,23.667489894288,37.958032027277,7170,Θολότητα,"Τελικό Αποτέλεσμα",NTU,0.224
24/10/2024,23.678625660301,37.971729734496,7230,Θολότητα,"Τελικό Αποτέλεσμα",NTU,0.303
24/10/2024,23.685196529333,37.975965791401,7250,Θολότητα,"Τελικό Αποτέλεσμα",NTU,0.169
24/10/2024,23.697528385889,37.971702343756,7270,Θολότητα,"Τελικό Αποτέλεσμα",NTU,0.157
24/10/2024,23.712833251184,37.968564832502,7300,Θολότητα,"Τελικό Αποτέλεσμα",NTU,0.184
24/10/2024,23.715412919273,38.003749605504,8010,Θολότητα,"Τελικό Αποτέλεσμα",NTU,0.196
24/10/2024,23.71578119283,37.990373378915,8040,Θολότητα,"Τελικό Αποτέλεσμα",NTU,0.322
24/10/2024,23.712276196086,37.98040556765,8060,Θολότητα,"Τελικό Αποτέλεσμα",NTU,0.136
24/10/2024,23.68251737331,37.961481128285,8100,Θολότητα,"Τελικό Αποτέλεσμα",NTU,0.141
24/10/2024,23.700434539313,37.962643998348,8140,Θολότητα,"Τελικό Αποτέλεσμα",NTU,0.317
24/10/2024,23.706237365958,37.950939255691,8190,Θολότητα,"Τελικό Αποτέλεσμα",NTU,0.191
24/10/2024,23.70891649437,37.945691840045,8210,Θολότητα,"Τελικό Αποτέλεσμα",NTU,0.199
24/10/2024,23.71621067377,37.955141392609,8260,Θολότητα,"Τελικό Αποτέλεσμα",NTU,0.408
24/10/2024,23.714571416671,37.966174971534,8270,Θολότητα,"Τελικό Αποτέλεσμα",NTU,0.257
24/10/2024,23.726143493332,37.965556254079,8290,Θολότητα,"Τελικό Αποτέλεσμα",NTU,0.197
24/10/2024,23.783006772263,38.091595618101,1940,Θολότητα,"Τελικό Αποτέλεσμα",NTU,0.204
24/10/2024,23.489051854672,37.970435691217,2580,Θολότητα,"Τελικό Αποτέλεσμα",NTU,0.246
24/10/2024,23.520459758419,37.943585439066,1927,Θολότητα,"Τελικό Αποτέλεσμα",NTU,0.384
24/10/2024,23.46565744835,37.918493117875,1929,Θολότητα,"Τελικό Αποτέλεσμα",NTU,0.297
24/10/2024,23.490300544782,37.995447286627,1931,Θολότητα,"Τελικό Αποτέλεσμα",NTU,0.227
24/11/2023,23.78300677,38.09159562,1940,Θολότητα,"Τελικό Αποτέλεσμα",NTU,0.268
24/11/2024,23.783006772263,38.091595618101,1940,Θολότητα,"Τελικό Αποτέλεσμα",NTU,0.133
24/12/2023,23.78300677,38.09159562,1940,Θολότητα,"Τελικό Αποτέλεσμα",NTU,0.096
24/12/2024,23.783006772263,38.091595618101,1940,Θολότητα,"Τελικό Αποτέλεσμα",NTU,0.175
25/01/2023,23.78300677,38.09159562,1940,Θολότητα,"Τελικό Αποτέλεσμα",NTU,0.255
25/01/2025,23.783006772263,38.091595618101,1940,Θολότητα,"Τελικό Αποτέλεσμα",NTU,0.125
25/02/2023,23.78300677,38.09159562,1940,Θολότητα,"Τελικό Αποτέλεσμα",NTU,0.16
25/02/2025,23.839340877075,38.008846343525,1910,Θολότητα,"Τελικό Αποτέλεσμα",NTU,0.201
25/02/2025,23.834058289847,38.055035361725,13210,Θολότητα,"Τελικό Αποτέλεσμα",NTU,0.117
25/02/2025,23.762975326718,38.014149073434,1951,Θολότητα,"Τελικό Αποτέλεσμα",NTU,0.154
25/02/2025,23.765100402535,38.018891552708,1952,Θολότητα,"Τελικό Αποτέλεσμα",NTU,0.194
25/02/2025,23.805701939805,37.98977288987,1953,Θολότητα,"Τελικό Αποτέλεσμα",NTU,0.158
25/02/2025,23.877462910757,38.060150004,1957,Θολότητα,"Τελικό Αποτέλεσμα",NTU,0.155
25/02/2025,23.850058780234,38.064487896413,1958,Θολότητα,"Τελικό Αποτέλεσμα",NTU,0.161
25/02/2025,23.871650152448,38.05010024616,1911,Θολότητα,"Τελικό Αποτέλεσμα",NTU,0.14
25/02/2025,23.783006772263,38.091595618101,1940,Θολότητα,"Τελικό Αποτέλεσμα",NTU,0.215
25/02/2025,23.416568705309,37.911777864914,1967,Θολότητα,"Τελικό Αποτέλεσμα",NTU,0.418
25/02/2025,23.417424198698,37.907419057485,2601,Θολότητα,"Τελικό Αποτέλεσμα",NTU,0.315
25/02/2025,22.898432401038,38.254054888272,7011,Θολότητα,"Τελικό Αποτέλεσμα",NTU,0.277
25/03/2023,23.78300677,38.09159562,1940,Θολότητα,"Τελικό Αποτέλεσμα",NTU,0.258
25/03/2025,22.898432401038,38.254054888272,7011,Θολότητα,"Τελικό Αποτέλεσμα",NTU,0.248
25/03/2025,23.783006772263,38.091595618101,1940,Θολότητα,"Τελικό Αποτέλεσμα",NTU,0.221
25/04/2023,23.64211712,37.93337194,146,Θολότητα,"Τελικό Αποτέλεσμα",NTU,0.194
25/04/2023,23.68542623,37.97707661,6010,Θολότητα,"Τελικό Αποτέλεσμα",NTU,0.123
25/04/2023,23.6601472,37.98029121,6020,Θολότητα,"Τελικό Αποτέλεσμα",NTU,0.249
25/04/2023,23.65618491,37.98059442,6030,Θολότητα,"Τελικό Αποτέλεσμα",NTU,0.102
25/04/2023,23.65342067,37.97688798,6040,Θολότητα,"Τελικό Αποτέλεσμα",NTU,0.278
25/04/2023,23.64020099,37.97361646,6060,Θολότητα,"Τελικό Αποτέλεσμα",NTU,0.408
25/04/2023,23.63321043,37.96700035,6080,Θολότητα,"Τελικό Αποτέλεσμα",NTU,0.131
25/04/2023,23.62337019,37.95039855,6110,Θολότητα,"Τελικό Αποτέλεσμα",NTU,0.167
25/04/2023,23.62796265,37.93233446,6160,Θολότητα,"Τελικό Αποτέλεσμα",NTU,0.139
25/04/2023,23.65217193,37.93962271,6170,Θολότητα,"Τελικό Αποτέλεσμα",NTU,0.121
25/04/2023,23.67323412,37.94610991,6190,Θολότητα,"Τελικό Αποτέλεσμα",NTU,0.647
25/04/2023,23.69164396,37.94801301,6210,Θολότητα,"Τελικό Αποτέλεσμα",NTU,0.239
25/04/2023,23.64026269,37.93961412,6240,Θολότητα,"Τελικό Αποτέλεσμα",NTU,0.145
25/04/2023,23.63989634,37.97755,6050,Θολότητα,"Τελικό Αποτέλεσμα",NTU,0.244
25/04/2023,23.69432319,37.9524174,6220,Θολότητα,"Τελικό Αποτέλεσμα",NTU,0.634
25/04/2023,23.78300677,38.09159562,1940,Θολότητα,"Τελικό Αποτέλεσμα",NTU,0.265
25/04/2023,23.78256861,38.1336252,1932,Θολότητα,"Τελικό Αποτέλεσμα",NTU,0.186
25/04/2023,23.74996363,38.12819997,1933,Θολότητα,"Τελικό Αποτέλεσμα",NTU,0.38
25/04/2023,23.8527507,38.12333569,1946,Θολότητα,"Τελικό Αποτέλεσμα",NTU,0.12
25/04/2023,23.83967824,38.07817527,1948,Θολότητα,"Τελικό Αποτέλεσμα",NTU,0.132
25/04/2023,23.82959387,38.07903613,1949,Θολότητα,"Τελικό Αποτέλεσμα",NTU,0.12
25/04/2023,23.81291067,38.06845423,1954,Θολότητα,"Τελικό Αποτέλεσμα",NTU,0.498
25/04/2023,23.86470833,38.10061721,1956,Θολότητα,"Τελικό Αποτέλεσμα",NTU,0.097
25/04/2023,23.77628216,38.12190092,210,Θολότητα,"Τελικό Αποτέλεσμα",NTU,0.439
25/04/2023,23.82140342,38.07735607,3070,Θολότητα,"Τελικό Αποτέλεσμα",NTU,0.535
25/04/2025,22.898432401038,38.254054888272,7011,Θολότητα,"Τελικό Αποτέλεσμα",NTU,0.345
25/04/2025,23.783006772263,38.091595618101,1940,Θολότητα,"Τελικό Αποτέλεσμα",NTU,0.146
25/04/2025,23.701682457361,37.918072433642,137,Θολότητα,"Τελικό Αποτέλεσμα",NTU,0.277
25/04/2025,23.802231976799,37.833112339241,140,Θολότητα,"Τελικό Αποτέλεσμα",NTU,0.348
25/04/2025,23.748648075769,37.916097225199,5010,Θολότητα,"Τελικό Αποτέλεσμα",NTU,0.243
25/04/2025,23.753422230835,37.904820647992,5020,Θολότητα,"Τελικό Αποτέλεσμα",NTU,0.287
25/04/2025,23.746055892182,37.884208036564,5040,Θολότητα,"Τελικό Αποτέλεσμα",NTU,0.427
25/04/2025,23.757964952407,37.860354353668,5050,Θολότητα,"Τελικό Αποτέλεσμα",NTU,0.321
25/04/2025,23.760700167651,37.852403396879,5060,Θολότητα,"Τελικό Αποτέλεσμα",NTU,0.178
25/04/2025,23.756977040295,37.848098522763,5080,Θολότητα,"Τελικό Αποτέλεσμα",NTU,0.162
25/04/2025,23.760685434504,37.8151667674,5090,Θολότητα,"Τελικό Αποτέλεσμα",NTU,0.238
25/04/2025,23.774386839978,37.81229932964,5100,Θολότητα,"Τελικό Αποτέλεσμα",NTU,0.249
25/04/2025,23.786337962388,37.822894363003,5110,Θολότητα,"Τελικό Αποτέλεσμα",NTU,0.243
25/04/2025,23.790340187783,37.835383621964,5150,Θολότητα,"Τελικό Αποτέλεσμα",NTU,0.366
25/04/2025,23.739973276711,37.869586272318,5160,Θολότητα,"Τελικό Αποτέλεσμα",NTU,0.27
25/04/2025,23.72543913784,37.888165068231,5170,Θολότητα,"Τελικό Αποτέλεσμα",NTU,0.339
25/04/2025,23.720082218937,37.903424243123,5180,Θολότητα,"Τελικό Αποτέλεσμα",NTU,0.328
25/04/2025,23.71413660329,37.912707373341,5190,Θολότητα,"Τελικό Αποτέλεσμα",NTU,0.208
25/04/2025,23.712840439649,37.915620541693,5200,Θολότητα,"Τελικό Αποτέλεσμα",NTU,0.451
25/04/2025,23.706435208048,37.919600993522,5210,Θολότητα,"Τελικό Αποτέλεσμα",NTU,0.372
25/04/2025,23.704881330177,37.935219954091,5230,Θολότητα,"Τελικό Αποτέλεσμα",NTU,0.409
25/05/2023,23.78300677,38.09159562,1940,Θολότητα,"Τελικό Αποτέλεσμα",NTU,0.241
25/05/2023,23.8527507,38.12333569,1946,Θολότητα,"Τελικό Αποτέλεσμα",NTU,0.116
25/05/2024,23.783006772263,38.091595618101,1940,Θολότητα,"Τελικό Αποτέλεσμα",NTU,0.186
25/05/2024,23.690708971278,38.03873977939,2070,Θολότητα,"Τελικό Αποτέλεσμα",NTU,0.202
25/05/2024,23.690708971278,38.03873977939,2070,Θολότητα,"Τελικό Αποτέλεσμα",NTU,0.202
25/05/2025,23.783006772263,38.091595618101,1940,Θολότητα,"Τελικό Αποτέλεσμα",NTU,0.222
25/06/2023,23.78300677,38.09159562,1940,Θολότητα,"Τελικό Αποτέλεσμα",NTU,0.242
25/06/2024,22.898432401038,38.254054888272,7011,Θολότητα,"Τελικό Αποτέλεσμα",NTU,0.277
25/06/2024,23.783006772263,38.091595618101,1940,Θολότητα,"Τελικό Αποτέλεσμα",NTU,0.243
25/06/2024,23.7204954672,37.946472492133,160,Θολότητα,"Τελικό Αποτέλεσμα",NTU,0.177
25/06/2024,23.72324520128,37.934403839805,165,Θολότητα,"Τελικό Αποτέλεσμα",NTU,0.14
25/06/2024,23.694180891718,37.998773148457,7120,Θολότητα,"Τελικό Αποτέλεσμα",NTU,0.156
25/06/2024,23.667489894288,37.958032027277,7170,Θολότητα,"Τελικό Αποτέλεσμα",NTU,0.112
25/06/2024,23.678625660301,37.971729734496,7230,Θολότητα,"Τελικό Αποτέλεσμα",NTU,0.135
25/06/2024,23.685196529333,37.975965791401,7250,Θολότητα,"Τελικό Αποτέλεσμα",NTU,0.096
25/06/2024,23.697528385889,37.971702343756,7270,Θολότητα,"Τελικό Αποτέλεσμα",NTU,0.114
25/06/2024,23.712833251184,37.968564832502,7300,Θολότητα,"Τελικό Αποτέλεσμα",NTU,0.179
25/06/2024,23.711703762356,37.97057149043,7320,Θολότητα,"Τελικό Αποτέλεσμα",NTU,0.246
25/06/2024,23.715412919273,38.003749605504,8010,Θολότητα,"Τελικό Αποτέλεσμα",NTU,0.125
25/06/2024,23.71578119283,37.990373378915,8040,Θολότητα,"Τελικό Αποτέλεσμα",NTU,0.103
25/06/2024,23.712276196086,37.98040556765,8060,Θολότητα,"Τελικό Αποτέλεσμα",NTU,0.126
25/06/2024,23.714816823822,37.979430254073,8070,Θολότητα,"Τελικό Αποτέλεσμα",NTU,0.124
25/06/2024,23.68251737331,37.961481128285,8100,Θολότητα,"Τελικό Αποτέλεσμα",NTU,0.151
25/06/2024,23.700434539313,37.962643998348,8140,Θολότητα,"Τελικό Αποτέλεσμα",NTU,0.115
25/06/2024,23.699597448709,37.949709083863,8170,Θολότητα,"Τελικό Αποτέλεσμα",NTU,0.657
25/06/2024,23.706237365958,37.950939255691,8190,Θολότητα,"Τελικό Αποτέλεσμα",NTU,0.104
25/06/2024,23.70891649437,37.945691840045,8210,Θολότητα,"Τελικό Αποτέλεσμα",NTU,0.198
25/06/2024,23.71621067377,37.955141392609,8260,Θολότητα,"Τελικό Αποτέλεσμα",NTU,0.123
25/06/2024,23.714571416671,37.966174971534,8270,Θολότητα,"Τελικό Αποτέλεσμα",NTU,0.094
25/06/2024,23.721762060849,37.9648348571,8280,Θολότητα,"Τελικό Αποτέλεσμα",NTU,0.106
25/06/2024,23.726143493332,37.965556254079,8290,Θολότητα,"Τελικό Αποτέλεσμα",NTU,0.105
25/06/2024,23.730896444434,37.9830072171,8350,Θολότητα,"Τελικό Αποτέλεσμα",NTU,0.138
25/06/2025,23.578262320495,37.964273133574,2520,Θολότητα,"Τελικό Αποτέλεσμα",NTU,0.187
25/06/2025,23.573199699245,37.964696686365,2530,Θολότητα,"Τελικό Αποτέλεσμα",NTU,0.101
25/06/2025,23.535529831273,37.93206091596,2570,Θολότητα,"Τελικό Αποτέλεσμα",NTU,0.146
25/06/2025,23.614471567765,37.959304282216,2700,Θολότητα,"Τελικό Αποτέλεσμα",NTU,0.967
25/07/2023,23.78300677,38.09159562,1940,Θολότητα,"Τελικό Αποτέλεσμα",NTU,0.3
25/07/2023,23.72049547,37.94647249,160,Θολότητα,"Τελικό Αποτέλεσμα",NTU,0.24
25/07/2023,23.7232452,37.93440384,165,Θολότητα,"Τελικό Αποτέλεσμα",NTU,0.164
25/07/2023,23.69418089,37.99877315,7120,Θολότητα,"Τελικό Αποτέλεσμα",NTU,0.47
25/07/2023,23.66748989,37.95803203,7170,Θολότητα,"Τελικό Αποτέλεσμα",NTU,0.442
25/07/2023,23.67862566,37.97172973,7230,Θολότητα,"Τελικό Αποτέλεσμα",NTU,0.254
25/07/2023,23.68519653,37.97596579,7250,Θολότητα,"Τελικό Αποτέλεσμα",NTU,0.116
25/07/2023,23.69752839,37.97170234,7270,Θολότητα,"Τελικό Αποτέλεσμα",NTU,0.191
25/07/2023,23.71283325,37.96856483,7300,Θολότητα,"Τελικό Αποτέλεσμα",NTU,0.09
25/07/2023,23.71170376,37.97057149,7320,Θολότητα,"Τελικό Αποτέλεσμα",NTU,0.7
25/07/2023,23.71541292,38.00374961,8010,Θολότητα,"Τελικό Αποτέλεσμα",NTU,0.154
25/07/2023,23.71578119,37.99037338,8040,Θολότητα,"Τελικό Αποτέλεσμα",NTU,0.22
25/07/2023,23.7122762,37.98040557,8060,Θολότητα,"Τελικό Αποτέλεσμα",NTU,0.152
25/07/2023,23.71481682,37.97943025,8070,Θολότητα,"Τελικό Αποτέλεσμα",NTU,0.424
25/07/2023,23.68251737,37.96148113,8100,Θολότητα,"Τελικό Αποτέλεσμα",NTU,0.418
25/07/2023,23.70043454,37.962644,8140,Θολότητα,"Τελικό Αποτέλεσμα",NTU,0.228
25/07/2023,23.69959745,37.94970908,8170,Θολότητα,"Τελικό Αποτέλεσμα",NTU,0.55
25/07/2023,23.70623737,37.95093926,8190,Θολότητα,"Τελικό Αποτέλεσμα",NTU,0.317
25/07/2023,23.70891649,37.94569184,8210,Θολότητα,"Τελικό Αποτέλεσμα",NTU,0.225
25/07/2023,23.71621067,37.95514139,8260,Θολότητα,"Τελικό Αποτέλεσμα",NTU,0.935
25/07/2023,23.71457142,37.96617497,8270,Θολότητα,"Τελικό Αποτέλεσμα",NTU,0.347
25/07/2023,23.72176206,37.96483486,8280,Θολότητα,"Τελικό Αποτέλεσμα",NTU,0.369
25/07/2023,23.72614349,37.96555625,8290,Θολότητα,"Τελικό Αποτέλεσμα",NTU,0.174
25/07/2023,23.73089644,37.98300722,8350,Θολότητα,"Τελικό Αποτέλεσμα",NTU,0.294
25/07/2023,23.6601472,37.98029121,6020,Θολότητα,"Τελικό Αποτέλεσμα",NTU,0.17
25/07/2024,23.783006772263,38.091595618101,1940,Θολότητα,"Τελικό Αποτέλεσμα",NTU,0.225
25/07/2024,23.768783003349,37.982897797692,4040,Θολότητα,"Τελικό Αποτέλεσμα",NTU,0.163
25/07/2024,23.7204954672,37.946472492133,160,Θολότητα,"Τελικό Αποτέλεσμα",NTU,0.298
25/07/2024,23.72324520128,37.934403839805,165,Θολότητα,"Τελικό Αποτέλεσμα",NTU,0.202
25/07/2024,23.694180891718,37.998773148457,7120,Θολότητα,"Τελικό Αποτέλεσμα",NTU,0.136
25/07/2024,23.667489894288,37.958032027277,7170,Θολότητα,"Τελικό Αποτέλεσμα",NTU,0.125
25/07/2024,23.678625660301,37.971729734496,7230,Θολότητα,"Τελικό Αποτέλεσμα",NTU,0.164
25/07/2024,23.685196529333,37.975965791401,7250,Θολότητα,"Τελικό Αποτέλεσμα",NTU,0.139
25/07/2024,23.697528385889,37.971702343756,7270,Θολότητα,"Τελικό Αποτέλεσμα",NTU,0.241
25/07/2024,23.712833251184,37.968564832502,7300,Θολότητα,"Τελικό Αποτέλεσμα",NTU,0.11
25/07/2024,23.711703762356,37.97057149043,7320,Θολότητα,"Τελικό Αποτέλεσμα",NTU,0.28
25/07/2024,23.715412919273,38.003749605504,8010,Θολότητα,"Τελικό Αποτέλεσμα",NTU,0.104
25/07/2024,23.712276196086,37.98040556765,8060,Θολότητα,"Τελικό Αποτέλεσμα",NTU,0.081
25/07/2024,23.714816823822,37.979430254073,8070,Θολότητα,"Τελικό Αποτέλεσμα",NTU,0.263
25/07/2024,23.68251737331,37.961481128285,8100,Θολότητα,"Τελικό Αποτέλεσμα",NTU,0.968
25/07/2024,23.700434539313,37.962643998348,8140,Θολότητα,"Τελικό Αποτέλεσμα",NTU,0.074
25/07/2024,23.706237365958,37.950939255691,8190,Θολότητα,"Τελικό Αποτέλεσμα",NTU,0.174
25/07/2024,23.70891649437,37.945691840045,8210,Θολότητα,"Τελικό Αποτέλεσμα",NTU,0.39
25/07/2024,23.71621067377,37.955141392609,8260,Θολότητα,"Τελικό Αποτέλεσμα",NTU,0.118
25/07/2024,23.714571416671,37.966174971534,8270,Θολότητα,"Τελικό Αποτέλεσμα",NTU,0.133
25/07/2024,23.726143493332,37.965556254079,8290,Θολότητα,"Τελικό Αποτέλεσμα",NTU,0.176
25/07/2025,23.578262320495,37.964273133574,2520,Θολότητα,"Τελικό Αποτέλεσμα",NTU,0.137
25/07/2025,23.573199699245,37.964696686365,2530,Θολότητα,"Τελικό Αποτέλεσμα",NTU,0.15
25/07/2025,23.535529831273,37.93206091596,2570,Θολότητα,"Τελικό Αποτέλεσμα",NTU,0.103
25/07/2025,23.614471567765,37.959304282216,2700,Θολότητα,"Τελικό Αποτέλεσμα",NTU,0.437
25/07/2025,23.650491791439,38.020690523541,1936,Θολότητα,"Τελικό Αποτέλεσμα",NTU,0.399
25/07/2025,23.635233804352,37.972826147816,1926,Θολότητα,"Τελικό Αποτέλεσμα",NTU,0.224
25/07/2025,23.637482500551,37.984946451231,1941,Θολότητα,"Τελικό Αποτέλεσμα",NTU,0.197
25/07/2025,23.636736270073,37.985919067278,1935,Θολότητα,"Τελικό Αποτέλεσμα",NTU,0.2
25/07/2025,23.644052286684,38.004264948522,1947,Θολότητα,"Τελικό Αποτέλεσμα",NTU,0.53
25/08/2023,23.78300677,38.09159562,1940,Θολότητα,"Τελικό Αποτέλεσμα",NTU,0.175
25/08/2023,23.64211712,37.93337194,146,Θολότητα,"Τελικό Αποτέλεσμα",NTU,0.191
25/08/2023,23.68542623,37.97707661,6010,Θολότητα,"Τελικό Αποτέλεσμα",NTU,0.196
25/08/2023,23.6601472,37.98029121,6020,Θολότητα,"Τελικό Αποτέλεσμα",NTU,0.341
25/08/2023,23.65618491,37.98059442,6030,Θολότητα,"Τελικό Αποτέλεσμα",NTU,0.193
25/08/2023,23.65342067,37.97688798,6040,Θολότητα,"Τελικό Αποτέλεσμα",NTU,0.144
25/08/2023,23.63321043,37.96700035,6080,Θολότητα,"Τελικό Αποτέλεσμα",NTU,0.177
25/08/2023,23.63400949,37.95347226,6120,Θολότητα,"Τελικό Αποτέλεσμα",NTU,0.329
25/08/2023,23.63373384,37.95087389,6130,Θολότητα,"Τελικό Αποτέλεσμα",NTU,0.873
25/08/2023,23.6420689,37.92834411,6150,Θολότητα,"Τελικό Αποτέλεσμα",NTU,0.153
25/08/2023,23.62796265,37.93233446,6160,Θολότητα,"Τελικό Αποτέλεσμα",NTU,0.192
25/08/2023,23.65217193,37.93962271,6170,Θολότητα,"Τελικό Αποτέλεσμα",NTU,0.266
25/08/2023,23.67323412,37.94610991,6190,Θολότητα,"Τελικό Αποτέλεσμα",NTU,0.231
25/08/2023,23.69164396,37.94801301,6210,Θολότητα,"Τελικό Αποτέλεσμα",NTU,0.159
25/08/2023,23.69432319,37.9524174,6220,Θολότητα,"Τελικό Αποτέλεσμα",NTU,0.141
25/08/2023,23.64026269,37.93961412,6240,Θολότητα,"Τελικό Αποτέλεσμα",NTU,0.354
25/08/2024,23.783006772263,38.091595618101,1940,Θολότητα,"Τελικό Αποτέλεσμα",NTU,0.158
25/09/2023,23.52045976,37.94358544,1927,Θολότητα,"Τελικό Αποτέλεσμα",NTU,0.167
25/09/2023,23.46565745,37.91849312,1929,Θολότητα,"Τελικό Αποτέλεσμα",NTU,0.191
25/09/2023,23.49030054,37.99544729,1931,Θολότητα,"Τελικό Αποτέλεσμα",NTU,0.141
25/09/2023,23.72049547,37.94647249,160,Θολότητα,"Τελικό Αποτέλεσμα",NTU,0.484
25/09/2023,23.7232452,37.93440384,165,Θολότητα,"Τελικό Αποτέλεσμα",NTU,0.243
25/09/2023,23.69418089,37.99877315,7120,Θολότητα,"Τελικό Αποτέλεσμα",NTU,0.321
25/09/2023,23.66748989,37.95803203,7170,Θολότητα,"Τελικό Αποτέλεσμα",NTU,0.383
25/09/2023,23.67862566,37.97172973,7230,Θολότητα,"Τελικό Αποτέλεσμα",NTU,0.357
25/09/2023,23.68519653,37.97596579,7250,Θολότητα,"Τελικό Αποτέλεσμα",NTU,0.177
25/09/2023,23.69752839,37.97170234,7270,Θολότητα,"Τελικό Αποτέλεσμα",NTU,0.455
25/09/2023,23.71283325,37.96856483,7300,Θολότητα,"Τελικό Αποτέλεσμα",NTU,0.133
25/09/2023,23.71170376,37.97057149,7320,Θολότητα,"Τελικό Αποτέλεσμα",NTU,0.48
25/09/2023,23.71541292,38.00374961,8010,Θολότητα,"Τελικό Αποτέλεσμα",NTU,0.216
25/09/2023,23.71578119,37.99037338,8040,Θολότητα,"Τελικό Αποτέλεσμα",NTU,0.236
25/09/2023,23.7122762,37.98040557,8060,Θολότητα,"Τελικό Αποτέλεσμα",NTU,0.109
25/09/2023,23.68251737,37.96148113,8100,Θολότητα,"Τελικό Αποτέλεσμα",NTU,0.661
25/09/2023,23.70043454,37.962644,8140,Θολότητα,"Τελικό Αποτέλεσμα",NTU,0.194
25/09/2023,23.69959745,37.94970908,8170,Θολότητα,"Τελικό Αποτέλεσμα",NTU,0.767
25/09/2023,23.70623737,37.95093926,8190,Θολότητα,"Τελικό Αποτέλεσμα",NTU,0.236
25/09/2023,23.70891649,37.94569184,8210,Θολότητα,"Τελικό Αποτέλεσμα",NTU,0.222
25/09/2023,23.71621067,37.95514139,8260,Θολότητα,"Τελικό Αποτέλεσμα",NTU,0.668
25/09/2023,23.71457142,37.96617497,8270,Θολότητα,"Τελικό Αποτέλεσμα",NTU,0.661
25/09/2023,23.72176206,37.96483486,8280,Θολότητα,"Τελικό Αποτέλεσμα",NTU,0.526
25/09/2023,23.72614349,37.96555625,8290,Θολότητα,"Τελικό Αποτέλεσμα",NTU,0.193
25/09/2023,23.73089644,37.98300722,8350,Θολότητα,"Τελικό Αποτέλεσμα",NTU,0.211
25/09/2023,23.74864808,37.91609723,5010,Θολότητα,"Τελικό Αποτέλεσμα",NTU,0.342
25/09/2023,23.74605589,37.88420804,5040,Θολότητα,"Τελικό Αποτέλεσμα",NTU,0.246
25/09/2023,23.76070017,37.8524034,5060,Θολότητα,"Τελικό Αποτέλεσμα",NTU,0.352
25/09/2023,23.78300677,38.09159562,1940,Θολότητα,"Τελικό Αποτέλεσμα",NTU,0.203
25/09/2024,23.783006772263,38.091595618101,1940,Θολότητα,"Τελικό Αποτέλεσμα",NTU,0.206
25/09/2024,23.72324520128,37.934403839805,165,Θολότητα,"Τελικό Αποτέλεσμα",NTU,0.15
25/09/2024,23.694180891718,37.998773148457,7120,Θολότητα,"Τελικό Αποτέλεσμα",NTU,0.214
25/09/2024,23.667489894288,37.958032027277,7170,Θολότητα,"Τελικό Αποτέλεσμα",NTU,0.105
25/09/2024,23.678625660301,37.971729734496,7230,Θολότητα,"Τελικό Αποτέλεσμα",NTU,0.138
25/09/2024,23.685196529333,37.975965791401,7250,Θολότητα,"Τελικό Αποτέλεσμα",NTU,0.095
25/09/2024,23.697528385889,37.971702343756,7270,Θολότητα,"Τελικό Αποτέλεσμα",NTU,0.117
25/09/2024,23.712833251184,37.968564832502,7300,Θολότητα,"Τελικό Αποτέλεσμα",NTU,0.08
25/09/2024,23.711703762356,37.97057149043,7320,Θολότητα,"Τελικό Αποτέλεσμα",NTU,0.232
25/09/2024,23.715412919273,38.003749605504,8010,Θολότητα,"Τελικό Αποτέλεσμα",NTU,0.126
25/09/2024,23.71578119283,37.990373378915,8040,Θολότητα,"Τελικό Αποτέλεσμα",NTU,0.097
25/09/2024,23.712276196086,37.98040556765,8060,Θολότητα,"Τελικό Αποτέλεσμα",NTU,0.108
25/09/2024,23.68251737331,37.961481128285,8100,Θολότητα,"Τελικό Αποτέλεσμα",NTU,0.19
25/09/2024,23.700434539313,37.962643998348,8140,Θολότητα,"Τελικό Αποτέλεσμα",NTU,0.15
25/09/2024,23.706237365958,37.950939255691,8190,Θολότητα,"Τελικό Αποτέλεσμα",NTU,0.173
25/09/2024,23.70891649437,37.945691840045,8210,Θολότητα,"Τελικό Αποτέλεσμα",NTU,0.185
25/09/2024,23.71621067377,37.955141392609,8260,Θολότητα,"Τελικό Αποτέλεσμα",NTU,0.133
25/09/2024,23.714571416671,37.966174971534,8270,Θολότητα,"Τελικό Αποτέλεσμα",NTU,0.189
25/09/2024,23.726143493332,37.965556254079,8290,Θολότητα,"Τελικό Αποτέλεσμα",NTU,0.09
25/10/2023,23.78300677,38.09159562,1940,Θολότητα,"Τελικό Αποτέλεσμα",NTU,0.349
25/10/2024,23.783006772263,38.091595618101,1940,Θολότητα,"Τελικό Αποτέλεσμα",NTU,0.223
25/10/2024,23.794882287985,37.837449849635,1912,Θολότητα,"Τελικό Αποτέλεσμα",NTU,0.146
25/10/2024,23.772903712691,37.94499326751,1961,Θολότητα,"Τελικό Αποτέλεσμα",NTU,0.197
25/10/2024,23.775659857879,37.946436566217,1962,Θολότητα,"Τελικό Αποτέλεσμα",NTU,0.861
25/10/2024,23.781989618407,37.85753891633,1964,Θολότητα,"Τελικό Αποτέλεσμα",NTU,0.168
25/10/2024,23.790508845956,37.815722995168,1965,Θολότητα,"Τελικό Αποτέλεσμα",NTU,0.707
25/11/2023,23.78300677,38.09159562,1940,Θολότητα,"Τελικό Αποτέλεσμα",NTU,0.351
25/11/2024,23.783006772263,38.091595618101,1940,Θολότητα,"Τελικό Αποτέλεσμα",NTU,0.256
25/11/2024,23.7204954672,37.946472492133,160,Θολότητα,"Τελικό Αποτέλεσμα",NTU,0.157
25/11/2024,23.72324520128,37.934403839805,165,Θολότητα,"Τελικό Αποτέλεσμα",NTU,0.2
25/11/2024,23.694180891718,37.998773148457,7120,Θολότητα,"Τελικό Αποτέλεσμα",NTU,0.308
25/11/2024,23.667489894288,37.958032027277,7170,Θολότητα,"Τελικό Αποτέλεσμα",NTU,0.132
25/11/2024,23.678625660301,37.971729734496,7230,Θολότητα,"Τελικό Αποτέλεσμα",NTU,0.154
25/11/2024,23.685196529333,37.975965791401,7250,Θολότητα,"Τελικό Αποτέλεσμα",NTU,0.144
25/11/2024,23.697528385889,37.971702343756,7270,Θολότητα,"Τελικό Αποτέλεσμα",NTU,0.207
25/11/2024,23.712833251184,37.968564832502,7300,Θολότητα,"Τελικό Αποτέλεσμα",NTU,0.09
25/11/2024,23.711703762356,37.97057149043,7320,Θολότητα,"Τελικό Αποτέλεσμα",NTU,0.206
25/11/2024,23.715412919273,38.003749605504,8010,Θολότητα,"Τελικό Αποτέλεσμα",NTU,0.163
25/11/2024,23.71578119283,37.990373378915,8040,Θολότητα,"Τελικό Αποτέλεσμα",NTU,0.252
25/11/2024,23.712276196086,37.98040556765,8060,Θολότητα,"Τελικό Αποτέλεσμα",NTU,0.188
25/11/2024,23.714816823822,37.979430254073,8070,Θολότητα,"Τελικό Αποτέλεσμα",NTU,0.177
25/11/2024,23.68251737331,37.961481128285,8100,Θολότητα,"Τελικό Αποτέλεσμα",NTU,0.145
25/11/2024,23.700434539313,37.962643998348,8140,Θολότητα,"Τελικό Αποτέλεσμα",NTU,0.258
25/11/2024,23.699597448709,37.949709083863,8170,Θολότητα,"Τελικό Αποτέλεσμα",NTU,0.83
25/11/2024,23.706237365958,37.950939255691,8190,Θολότητα,"Τελικό Αποτέλεσμα",NTU,0.167
25/11/2024,23.70891649437,37.945691840045,8210,Θολότητα,"Τελικό Αποτέλεσμα",NTU,0.244
25/11/2024,23.71621067377,37.955141392609,8260,Θολότητα,"Τελικό Αποτέλεσμα",NTU,0.191
25/11/2024,23.714571416671,37.966174971534,8270,Θολότητα,"Τελικό Αποτέλεσμα",NTU,0.806
25/11/2024,23.726143493332,37.965556254079,8290,Θολότητα,"Τελικό Αποτέλεσμα",NTU,0.2
25/11/2024,23.730896444434,37.9830072171,8350,Θολότητα,"Τελικό Αποτέλεσμα",NTU,0.186
25/11/2024,23.33981263989,38.004108484322,225,Θολότητα,"Τελικό Αποτέλεσμα",NTU,0.287
25/11/2024,23.694323188433,37.952417395875,6220,Θολότητα,"Τελικό Αποτέλεσμα",NTU,0.231
25/12/2023,23.78300677,38.09159562,1940,Θολότητα,"Τελικό Αποτέλεσμα",NTU,0.077
25/12/2024,23.783006772263,38.091595618101,1940,Θολότητα,"Τελικό Αποτέλεσμα",NTU,0.126
26/01/2023,23.78256861,38.1336252,1932,Θολότητα,"Τελικό Αποτέλεσμα",NTU,0.269
26/01/2023,23.74996363,38.12819997,1933,Θολότητα,"Τελικό Αποτέλεσμα",NTU,0.129
26/01/2023,23.8527507,38.12333569,1946,Θολότητα,"Τελικό Αποτέλεσμα",NTU,0.147
26/01/2023,23.83967824,38.07817527,1948,Θολότητα,"Τελικό Αποτέλεσμα",NTU,0.202
26/01/2023,23.82959387,38.07903613,1949,Θολότητα,"Τελικό Αποτέλεσμα",NTU,0.267
26/01/2023,23.81291067,38.06845423,1954,Θολότητα,"Τελικό Αποτέλεσμα",NTU,0.22
26/01/2023,23.86470833,38.10061721,1956,Θολότητα,"Τελικό Αποτέλεσμα",NTU,0.286
26/01/2023,23.77628216,38.12190092,210,Θολότητα,"Τελικό Αποτέλεσμα",NTU,0.175
26/01/2023,23.82140342,38.07735607,3070,Θολότητα,"Τελικό Αποτέλεσμα",NTU,0.19
26/01/2023,23.78300677,38.09159562,1940,Θολότητα,"Τελικό Αποτέλεσμα",NTU,0.253
26/01/2023,23.72049547,37.94647249,160,Θολότητα,"Τελικό Αποτέλεσμα",NTU,0.296
26/01/2023,23.69418089,37.99877315,7120,Θολότητα,"Τελικό Αποτέλεσμα",NTU,0.25
26/01/2023,23.66748989,37.95803203,7170,Θολότητα,"Τελικό Αποτέλεσμα",NTU,0.27
26/01/2023,23.67862566,37.97172973,7230,Θολότητα,"Τελικό Αποτέλεσμα",NTU,0.191
26/01/2023,23.69752839,37.97170234,7270,Θολότητα,"Τελικό Αποτέλεσμα",NTU,0.324
26/01/2023,23.71283325,37.96856483,7300,Θολότητα,"Τελικό Αποτέλεσμα",NTU,0.143
26/01/2023,23.71170376,37.97057149,7320,Θολότητα,"Τελικό Αποτέλεσμα",NTU,0.2
26/01/2023,23.71541292,38.00374961,8010,Θολότητα,"Τελικό Αποτέλεσμα",NTU,0.429
26/01/2023,23.71578119,37.99037338,8040,Θολότητα,"Τελικό Αποτέλεσμα",NTU,0.206
26/01/2023,23.7122762,37.98040557,8060,Θολότητα,"Τελικό Αποτέλεσμα",NTU,0.178
26/01/2023,23.71481682,37.97943025,8070,Θολότητα,"Τελικό Αποτέλεσμα",NTU,0.144
26/01/2023,23.68251737,37.96148113,8100,Θολότητα,"Τελικό Αποτέλεσμα",NTU,0.162
26/01/2023,23.70043454,37.962644,8140,Θολότητα,"Τελικό Αποτέλεσμα",NTU,0.114
26/01/2023,23.69959745,37.94970908,8170,Θολότητα,"Τελικό Αποτέλεσμα",NTU,0.267
26/01/2023,23.70623737,37.95093926,8190,Θολότητα,"Τελικό Αποτέλεσμα",NTU,0.19
26/01/2023,23.70891649,37.94569184,8210,Θολότητα,"Τελικό Αποτέλεσμα",NTU,0.185
26/01/2023,23.71621067,37.95514139,8260,Θολότητα,"Τελικό Αποτέλεσμα",NTU,0.228
26/01/2023,23.71457142,37.96617497,8270,Θολότητα,"Τελικό Αποτέλεσμα",NTU,0.192
26/01/2023,23.72176206,37.96483486,8280,Θολότητα,"Τελικό Αποτέλεσμα",NTU,0.23
26/01/2023,23.72614349,37.96555625,8290,Θολότητα,"Τελικό Αποτέλεσμα",NTU,0.213
26/01/2023,23.73089644,37.98300722,8350,Θολότητα,"Τελικό Αποτέλεσμα",NTU,0.45
26/01/2025,23.783006772263,38.091595618101,1940,Θολότητα,"Τελικό Αποτέλεσμα",NTU,0.248
26/02/2023,23.78300677,38.09159562,1940,Θολότητα,"Τελικό Αποτέλεσμα",NTU,0.161
26/02/2025,23.783006772263,38.091595618101,1940,Θολότητα,"Τελικό Αποτέλεσμα",NTU,0.139
26/02/2025,23.749512420594,37.999646302315,1942,Θολότητα,"Τελικό Αποτέλεσμα",NTU,0.339
26/02/2025,23.732887017961,37.955671997184,1944,Θολότητα,"Τελικό Αποτέλεσμα",NTU,0.4
26/02/2025,23.578262320495,37.964273133574,2520,Θολότητα,"Τελικό Αποτέλεσμα",NTU,0.21
26/02/2025,23.573199699245,37.964696686365,2530,Θολότητα,"Τελικό Αποτέλεσμα",NTU,0.107
26/02/2025,23.532576218429,37.93452623243,2560,Θολότητα,"Τελικό Αποτέλεσμα",NTU,0.227
26/02/2025,23.535529831273,37.93206091596,2570,Θολότητα,"Τελικό Αποτέλεσμα",NTU,0.186
26/02/2025,23.614471567765,37.959304282216,2700,Θολότητα,"Τελικό Αποτέλεσμα",NTU,0.344
26/03/2023,23.78300677,38.09159562,1940,Θολότητα,"Τελικό Αποτέλεσμα",NTU,0.197
26/03/2025,23.531536570322,38.071725317014,2260,Θολότητα,"Τελικό Αποτέλεσμα",NTU,0.137
26/03/2025,23.751213344423,38.120529261783,2270,Θολότητα,"Τελικό Αποτέλεσμα",NTU,0.156
26/03/2025,23.783006772263,38.091595618101,1940,Θολότητα,"Τελικό Αποτέλεσμα",NTU,0.117
26/03/2025,23.642117121438,37.933371936061,146,Θολότητα,"Τελικό Αποτέλεσμα",NTU,0.115
26/03/2025,23.685426227465,37.977076609772,6010,Θολότητα,"Τελικό Αποτέλεσμα",NTU,0.155
26/03/2025,23.660147196721,37.980291207729,6020,Θολότητα,"Τελικό Αποτέλεσμα",NTU,0.242
26/03/2025,23.653420670725,37.976887978332,6040,Θολότητα,"Τελικό Αποτέλεσμα",NTU,0.171
26/03/2025,23.639896339554,37.977549997131,6050,Θολότητα,"Τελικό Αποτέλεσμα",NTU,0.702
26/03/2025,23.640200994864,37.973616459939,6060,Θολότητα,"Τελικό Αποτέλεσμα",NTU,0.265
26/03/2025,23.633210429054,37.967000345107,6080,Θολότητα,"Τελικό Αποτέλεσμα",NTU,0.24
26/03/2025,23.623370187872,37.950398549294,6110,Θολότητα,"Τελικό Αποτέλεσμα",NTU,0.168
26/03/2025,23.634009487857,37.953472259917,6120,Θολότητα,"Τελικό Αποτέλεσμα",NTU,0.609
26/03/2025,23.642068896508,37.928344112851,6150,Θολότητα,"Τελικό Αποτέλεσμα",NTU,0.211
26/03/2025,23.62796265038,37.932334455589,6160,Θολότητα,"Τελικό Αποτέλεσμα",NTU,0.243
26/03/2025,23.65217192804,37.939622706754,6170,Θολότητα,"Τελικό Αποτέλεσμα",NTU,0.391
26/03/2025,23.673234118927,37.946109912673,6190,Θολότητα,"Τελικό Αποτέλεσμα",NTU,0.171
26/03/2025,23.691643963145,37.948013010856,6210,Θολότητα,"Τελικό Αποτέλεσμα",NTU,0.35
26/03/2025,23.694323188433,37.952417395875,6220,Θολότητα,"Τελικό Αποτέλεσμα",NTU,0.42
26/03/2025,23.640262686028,37.939614121045,6240,Θολότητα,"Τελικό Αποτέλεσμα",NTU,0.15
26/03/2025,23.680037411281,37.948096846566,6200,Θολότητα,"Τελικό Αποτέλεσμα",NTU,0.238
26/04/2023,23.78300677,38.09159562,1940,Θολότητα,"Τελικό Αποτέλεσμα",NTU,0.258
26/04/2025,23.783006772263,38.091595618101,1940,Θολότητα,"Τελικό Αποτέλεσμα",NTU,0.151
26/05/2023,23.78300677,38.09159562,1940,Θολότητα,"Τελικό Αποτέλεσμα",NTU,0.295
26/05/2023,23.57826232,37.96427313,2520,Θολότητα,"Τελικό Αποτέλεσμα",NTU,0.131
26/05/2023,23.5731997,37.96469669,2530,Θολότητα,"Τελικό Αποτέλεσμα",NTU,0.27
26/05/2023,23.53257622,37.93452623,2560,Θολότητα,"Τελικό Αποτέλεσμα",NTU,0.165
26/05/2023,23.53552983,37.93206092,2570,Θολότητα,"Τελικό Αποτέλεσμα",NTU,0.077
26/05/2023,23.51176651,37.91128401,2670,Θολότητα,"Τελικό Αποτέλεσμα",NTU,0.082
26/05/2023,23.61447157,37.95930428,2700,Θολότητα,"Τελικό Αποτέλεσμα",NTU,0.247
26/05/2024,23.783006772263,38.091595618101,1940,Θολότητα,"Τελικό Αποτέλεσμα",NTU,0.222
26/05/2025,23.783006772263,38.091595618101,1940,Θολότητα,"Τελικό Αποτέλεσμα",NTU,0.266
26/06/2023,23.78300677,38.09159562,1940,Θολότητα,"Τελικό Αποτέλεσμα",NTU,0.135
26/06/2023,23.72049547,37.94647249,160,Θολότητα,"Τελικό Αποτέλεσμα",NTU,0.187
26/06/2023,23.7232452,37.93440384,165,Θολότητα,"Τελικό Αποτέλεσμα",NTU,0.177
26/06/2023,23.69418089,37.99877315,7120,Θολότητα,"Τελικό Αποτέλεσμα",NTU,0.203
26/06/2023,23.66748989,37.95803203,7170,Θολότητα,"Τελικό Αποτέλεσμα",NTU,0.171
26/06/2023,23.67862566,37.97172973,7230,Θολότητα,"Τελικό Αποτέλεσμα",NTU,0.164
26/06/2023,23.69752839,37.97170234,7270,Θολότητα,"Τελικό Αποτέλεσμα",NTU,0.265
26/06/2023,23.71283325,37.96856483,7300,Θολότητα,"Τελικό Αποτέλεσμα",NTU,0.131
26/06/2023,23.71170376,37.97057149,7320,Θολότητα,"Τελικό Αποτέλεσμα",NTU,0.344
26/06/2023,23.71541292,38.00374961,8010,Θολότητα,"Τελικό Αποτέλεσμα",NTU,0.378
26/06/2023,23.71578119,37.99037338,8040,Θολότητα,"Τελικό Αποτέλεσμα",NTU,0.255
26/06/2023,23.7122762,37.98040557,8060,Θολότητα,"Τελικό Αποτέλεσμα",NTU,0.202
26/06/2023,23.71481682,37.97943025,8070,Θολότητα,"Τελικό Αποτέλεσμα",NTU,0.264
26/06/2023,23.68251737,37.96148113,8100,Θολότητα,"Τελικό Αποτέλεσμα",NTU,0.817
26/06/2023,23.70043454,37.962644,8140,Θολότητα,"Τελικό Αποτέλεσμα",NTU,0.172
26/06/2023,23.69959745,37.94970908,8170,Θολότητα,"Τελικό Αποτέλεσμα",NTU,0.484
26/06/2023,23.70623737,37.95093926,8190,Θολότητα,"Τελικό Αποτέλεσμα",NTU,0.439
26/06/2023,23.71621067,37.95514139,8260,Θολότητα,"Τελικό Αποτέλεσμα",NTU,0.252
26/06/2023,23.71457142,37.96617497,8270,Θολότητα,"Τελικό Αποτέλεσμα",NTU,0.406
26/06/2023,23.72176206,37.96483486,8280,Θολότητα,"Τελικό Αποτέλεσμα",NTU,0.381
26/06/2023,23.72614349,37.96555625,8290,Θολότητα,"Τελικό Αποτέλεσμα",NTU,0.205
26/06/2023,23.73089644,37.98300722,8350,Θολότητα,"Τελικό Αποτέλεσμα",NTU,0.274
26/06/2023,23.70891649,37.94569184,8210,Θολότητα,"Τελικό Αποτέλεσμα",NTU,0.395
26/06/2023,23.33981264,38.00410848,225,Θολότητα,"Τελικό Αποτέλεσμα",NTU,0.126
26/06/2024,24.052649352415,37.722493870117,170200,Θολότητα,"Τελικό Αποτέλεσμα",NTU,0.306
26/06/2024,23.783006772263,38.091595618101,1940,Θολότητα,"Τελικό Αποτέλεσμα",NTU,0.213
26/07/2023,23.78300677,38.09159562,1940,Θολότητα,"Τελικό Αποτέλεσμα",NTU,0.329
26/07/2024,23.783006772263,38.091595618101,1940,Θολότητα,"Τελικό Αποτέλεσμα",NTU,0.203
26/08/2023,23.78300677,38.09159562,1940,Θολότητα,"Τελικό Αποτέλεσμα",NTU,0.319
26/08/2024,23.489051854672,37.970435691217,2580,Θολότητα,"Τελικό Αποτέλεσμα",NTU,0.251
26/08/2024,23.520459758419,37.943585439066,1927,Θολότητα,"Τελικό Αποτέλεσμα",NTU,0.312
26/08/2024,23.46565744835,37.918493117875,1929,Θολότητα,"Τελικό Αποτέλεσμα",NTU,0.184
26/08/2024,23.7204954672,37.946472492133,160,Θολότητα,"Τελικό Αποτέλεσμα",NTU,0.263
26/08/2024,23.694180891718,37.998773148457,7120,Θολότητα,"Τελικό Αποτέλεσμα",NTU,0.14
26/08/2024,23.685196529333,37.975965791401,7250,Θολότητα,"Τελικό Αποτέλεσμα",NTU,0.104
26/08/2024,23.697528385889,37.971702343756,7270,Θολότητα,"Τελικό Αποτέλεσμα",NTU,0.175
26/08/2024,23.712833251184,37.968564832502,7300,Θολότητα,"Τελικό Αποτέλεσμα",NTU,0.082
26/08/2024,23.711703762356,37.97057149043,7320,Θολότητα,"Τελικό Αποτέλεσμα",NTU,0.148
26/08/2024,23.783006772263,38.091595618101,1940,Θολότητα,"Τελικό Αποτέλεσμα",NTU,0.266
26/09/2023,23.57826232,37.96427313,2520,Θολότητα,"Τελικό Αποτέλεσμα",NTU,0.212
26/09/2023,23.5731997,37.96469669,2530,Θολότητα,"Τελικό Αποτέλεσμα",NTU,0.243
26/09/2023,23.53257622,37.93452623,2560,Θολότητα,"Τελικό Αποτέλεσμα",NTU,0.249
26/09/2023,23.53552983,37.93206092,2570,Θολότητα,"Τελικό Αποτέλεσμα",NTU,0.388
26/09/2023,23.61447157,37.95930428,2700,Θολότητα,"Τελικό Αποτέλεσμα",NTU,0.186
26/09/2023,23.78300677,38.09159562,1940,Θολότητα,"Τελικό Αποτέλεσμα",NTU,0.179
26/09/2023,23.64440874,37.95951177,1928,Θολότητα,"Τελικό Αποτέλεσμα",NTU,0.167
26/09/2023,23.65573754,37.93998668,1930,Θολότητα,"Τελικό Αποτέλεσμα",NTU,0.202
26/09/2023,23.68632522,38.0498052,1939,Θολότητα,"Τελικό Αποτέλεσμα",NTU,0.322
26/09/2023,23.57742263,37.96842252,1943,Θολότητα,"Τελικό Αποτέλεσμα",NTU,0.172
26/09/2023,23.57686641,37.96682786,1945,Θολότητα,"Τελικό Αποτέλεσμα",NTU,0.252
26/09/2023,23.77323663,37.96994397,4070,Θολότητα,"Τελικό Αποτέλεσμα",NTU,0.277
26/09/2023,23.77359043,37.94663449,4100,Θολότητα,"Τελικό Αποτέλεσμα",NTU,0.37
26/09/2024,23.783006772263,38.091595618101,1940,Θολότητα,"Τελικό Αποτέλεσμα",NTU,0.258
26/09/2024,23.782568605776,38.133625196225,1932,Θολότητα,"Τελικό Αποτέλεσμα",NTU,0.152
26/09/2024,23.749963626012,38.12819997308,1933,Θολότητα,"Τελικό Αποτέλεσμα",NTU,0.208
26/09/2024,23.852750702101,38.123335690418,1946,Θολότητα,"Τελικό Αποτέλεσμα",NTU,0.295
26/09/2024,23.83967824129,38.078175269616,1948,Θολότητα,"Τελικό Αποτέλεσμα",NTU,0.205
26/09/2024,23.829593872837,38.079036127069,1949,Θολότητα,"Τελικό Αποτέλεσμα",NTU,0.369
26/09/2024,23.812910673641,38.068454234426,1954,Θολότητα,"Τελικό Αποτέλεσμα",NTU,0.254
26/09/2024,23.864708334331,38.100617213765,1956,Θολότητα,"Τελικό Αποτέλεσμα",NTU,0.164
26/10/2023,23.57826232,37.96427313,2520,Θολότητα,"Τελικό Αποτέλεσμα",NTU,0.376
26/10/2023,23.5731997,37.96469669,2530,Θολότητα,"Τελικό Αποτέλεσμα",NTU,0.256
26/10/2023,23.53257622,37.93452623,2560,Θολότητα,"Τελικό Αποτέλεσμα",NTU,0.467
26/10/2023,23.53552983,37.93206092,2570,Θολότητα,"Τελικό Αποτέλεσμα",NTU,0.103
26/10/2023,23.61447157,37.95930428,2700,Θολότητα,"Τελικό Αποτέλεσμα",NTU,0.809
26/10/2023,23.78300677,38.09159562,1940,Θολότητα,"Τελικό Αποτέλεσμα",NTU,0.149
26/10/2023,23.78256861,38.1336252,1932,Θολότητα,"Τελικό Αποτέλεσμα",NTU,0.272
26/10/2023,23.74996363,38.12819997,1933,Θολότητα,"Τελικό Αποτέλεσμα",NTU,0.609
26/10/2023,23.8527507,38.12333569,1946,Θολότητα,"Τελικό Αποτέλεσμα",NTU,0.332
26/10/2023,23.83967824,38.07817527,1948,Θολότητα,"Τελικό Αποτέλεσμα",NTU,0.317
26/10/2023,23.81291067,38.06845423,1954,Θολότητα,"Τελικό Αποτέλεσμα",NTU,0.726
26/10/2023,23.86470833,38.10061721,1956,Θολότητα,"Τελικό Αποτέλεσμα",NTU,0.407
26/10/2023,23.77628216,38.12190092,210,Θολότητα,"Τελικό Αποτέλεσμα",NTU,0.395
26/10/2023,23.82140342,38.07735607,3070,Θολότητα,"Τελικό Αποτέλεσμα",NTU,0.464
26/10/2024,23.783006772263,38.091595618101,1940,Θολότητα,"Τελικό Αποτέλεσμα",NTU,0.155
26/11/2023,23.78300677,38.09159562,1940,Θολότητα,"Τελικό Αποτέλεσμα",NTU,0.354
26/11/2024,23.783006772263,38.091595618101,1940,Θολότητα,"Τελικό Αποτέλεσμα",NTU,0.14
26/11/2024,23.701682457361,37.918072433642,137,Θολότητα,"Τελικό Αποτέλεσμα",NTU,0.923
26/11/2024,23.739973276711,37.869586272318,5160,Θολότητα,"Τελικό Αποτέλεσμα",NTU,0.241
26/11/2024,22.898432401038,38.254054888272,7011,Θολότητα,"Τελικό Αποτέλεσμα",NTU,0.238
26/12/2023,23.78300677,38.09159562,1940,Θολότητα,"Τελικό Αποτέλεσμα",NTU,0.112
26/12/2024,23.783006772263,38.091595618101,1940,Θολότητα,"Τελικό Αποτέλεσμα",NTU,0.221
27/01/2023,23.53153657,38.07172532,2260,Θολότητα,"Τελικό Αποτέλεσμα",NTU,0.09
27/01/2023,23.75121334,38.12052926,2270,Θολότητα,"Τελικό Αποτέλεσμα",NTU,0.088
27/01/2023,23.83934088,38.00884634,1910,Θολότητα,"Τελικό Αποτέλεσμα",NTU,0.209
27/01/2023,23.83405829,38.05503536,13210,Θολότητα,"Τελικό Αποτέλεσμα",NTU,0.166
27/01/2023,23.85034312,38.064696,13250,Θολότητα,"Τελικό Αποτέλεσμα",NTU,0.152
27/01/2023,23.76297533,38.01414907,1951,Θολότητα,"Τελικό Αποτέλεσμα",NTU,0.274
27/01/2023,23.7651004,38.01889155,1952,Θολότητα,"Τελικό Αποτέλεσμα",NTU,0.138
27/01/2023,23.80570194,37.98977289,1953,Θολότητα,"Τελικό Αποτέλεσμα",NTU,0.168
27/01/2023,23.87746291,38.06015,1957,Θολότητα,"Τελικό Αποτέλεσμα",NTU,0.145
27/01/2023,23.85005878,38.0644879,1958,Θολότητα,"Τελικό Αποτέλεσμα",NTU,0.162
27/01/2023,23.87165015,38.05010025,1911,Θολότητα,"Τελικό Αποτέλεσμα",NTU,0.138
27/01/2023,23.78300677,38.09159562,1940,Θολότητα,"Τελικό Αποτέλεσμα",NTU,0.285
27/01/2023,23.57826232,37.96427313,2520,Θολότητα,"Τελικό Αποτέλεσμα",NTU,0.272
27/01/2023,23.5731997,37.96469669,2530,Θολότητα,"Τελικό Αποτέλεσμα",NTU,0.178
27/01/2023,23.53257622,37.93452623,2560,Θολότητα,"Τελικό Αποτέλεσμα",NTU,0.13
27/01/2023,23.53552983,37.93206092,2570,Θολότητα,"Τελικό Αποτέλεσμα",NTU,0.11
27/01/2023,23.61447157,37.95930428,2700,Θολότητα,"Τελικό Αποτέλεσμα",NTU,0.245
27/01/2025,23.783006772263,38.091595618101,1940,Θολότητα,"Τελικό Αποτέλεσμα",NTU,0.157
27/01/2025,23.782568605776,38.133625196225,1932,Θολότητα,"Τελικό Αποτέλεσμα",NTU,0.14
27/01/2025,23.749963626012,38.12819997308,1933,Θολότητα,"Τελικό Αποτέλεσμα",NTU,0.196
27/01/2025,23.852750702101,38.123335690418,1946,Θολότητα,"Τελικό Αποτέλεσμα",NTU,0.305
27/01/2025,23.83967824129,38.078175269616,1948,Θολότητα,"Τελικό Αποτέλεσμα",NTU,0.096
27/01/2025,23.812910673641,38.068454234426,1954,Θολότητα,"Τελικό Αποτέλεσμα",NTU,0.233
27/01/2025,23.864708334331,38.100617213765,1956,Θολότητα,"Τελικό Αποτέλεσμα",NTU,0.3
27/01/2025,23.77628215803,38.121900924356,210,Θολότητα,"Τελικό Αποτέλεσμα",NTU,0.653
27/01/2025,23.82140342159,38.077356072108,3070,Θολότητα,"Τελικό Αποτέλεσμα",NTU,0.32
27/01/2025,23.7204954672,37.946472492133,160,Θολότητα,"Τελικό Αποτέλεσμα",NTU,0.45
27/01/2025,23.72324520128,37.934403839805,165,Θολότητα,"Τελικό Αποτέλεσμα",NTU,0.354
27/01/2025,23.694180891718,37.998773148457,7120,Θολότητα,"Τελικό Αποτέλεσμα",NTU,0.303
27/01/2025,23.667489894288,37.958032027277,7170,Θολότητα,"Τελικό Αποτέλεσμα",NTU,0.249
27/01/2025,23.678625660301,37.971729734496,7230,Θολότητα,"Τελικό Αποτέλεσμα",NTU,0.246
27/01/2025,23.685196529333,37.975965791401,7250,Θολότητα,"Τελικό Αποτέλεσμα",NTU,0.174
27/01/2025,23.697528385889,37.971702343756,7270,Θολότητα,"Τελικό Αποτέλεσμα",NTU,0.243
27/01/2025,23.712833251184,37.968564832502,7300,Θολότητα,"Τελικό Αποτέλεσμα",NTU,0.133
27/01/2025,23.711703762356,37.97057149043,7320,Θολότητα,"Τελικό Αποτέλεσμα",NTU,0.825
27/01/2025,23.715412919273,38.003749605504,8010,Θολότητα,"Τελικό Αποτέλεσμα",NTU,0.152
27/01/2025,23.71578119283,37.990373378915,8040,Θολότητα,"Τελικό Αποτέλεσμα",NTU,0.445
27/01/2025,23.712276196086,37.98040556765,8060,Θολότητα,"Τελικό Αποτέλεσμα",NTU,0.262
27/01/2025,23.714816823822,37.979430254073,8070,Θολότητα,"Τελικό Αποτέλεσμα",NTU,0.325
27/01/2025,23.68251737331,37.961481128285,8100,Θολότητα,"Τελικό Αποτέλεσμα",NTU,0.605
27/01/2025,23.700434539313,37.962643998348,8140,Θολότητα,"Τελικό Αποτέλεσμα",NTU,0.288
27/01/2025,23.699597448709,37.949709083863,8170,Θολότητα,"Τελικό Αποτέλεσμα",NTU,0.383
27/01/2025,23.706237365958,37.950939255691,8190,Θολότητα,"Τελικό Αποτέλεσμα",NTU,0.177
27/01/2025,23.70891649437,37.945691840045,8210,Θολότητα,"Τελικό Αποτέλεσμα",NTU,0.325
27/01/2025,23.71621067377,37.955141392609,8260,Θολότητα,"Τελικό Αποτέλεσμα",NTU,0.6
27/01/2025,23.714571416671,37.966174971534,8270,Θολότητα,"Τελικό Αποτέλεσμα",NTU,0.188
27/01/2025,23.721762060849,37.9648348571,8280,Θολότητα,"Τελικό Αποτέλεσμα",NTU,0.3
27/01/2025,23.726143493332,37.965556254079,8290,Θολότητα,"Τελικό Αποτέλεσμα",NTU,0.222
27/01/2025,23.730896444434,37.9830072171,8350,Θολότητα,"Τελικό Αποτέλεσμα",NTU,0.234
27/02/2023,23.78300677,38.09159562,1940,Θολότητα,"Τελικό Αποτέλεσμα",NTU,0.221
27/02/2025,23.782568605776,38.133625196225,1932,Θολότητα,"Τελικό Αποτέλεσμα",NTU,0.243
27/02/2025,23.749963626012,38.12819997308,1933,Θολότητα,"Τελικό Αποτέλεσμα",NTU,0.169
27/02/2025,23.852750702101,38.123335690418,1946,Θολότητα,"Τελικό Αποτέλεσμα",NTU,0.274
27/02/2025,23.864708334331,38.100617213765,1956,Θολότητα,"Τελικό Αποτέλεσμα",NTU,0.537
27/02/2025,23.77628215803,38.121900924356,210,Θολότητα,"Τελικό Αποτέλεσμα",NTU,0.199
27/02/2025,24.052649352415,37.722493870117,170200,Θολότητα,"Τελικό Αποτέλεσμα",NTU,0.09
27/02/2025,23.783006772263,38.091595618101,1940,Θολότητα,"Τελικό Αποτέλεσμα",NTU,0.214
27/03/2023,23.57826232,37.96427313,2520,Θολότητα,"Τελικό Αποτέλεσμα",NTU,0.165
27/03/2023,23.5731997,37.96469669,2530,Θολότητα,"Τελικό Αποτέλεσμα",NTU,0.265
27/03/2023,23.53552983,37.93206092,2570,Θολότητα,"Τελικό Αποτέλεσμα",NTU,0.18
27/03/2023,23.61447157,37.95930428,2700,Θολότητα,"Τελικό Αποτέλεσμα",NTU,0.114
27/03/2023,23.78300677,38.09159562,1940,Θολότητα,"Τελικό Αποτέλεσμα",NTU,0.248
27/03/2025,23.783006772263,38.091595618101,1940,Θολότητα,"Τελικό Αποτέλεσμα",NTU,0.152
27/03/2025,23.633719884257,38.014461935654,2140,Θολότητα,"Τελικό Αποτέλεσμα",NTU,0.126
27/04/2023,23.78300677,38.09159562,1940,Θολότητα,"Τελικό Αποτέλεσμα",NTU,0.386
27/04/2023,23.83934088,38.00884634,1910,Θολότητα,"Τελικό Αποτέλεσμα",NTU,0.422
27/04/2023,23.83405829,38.05503536,13210,Θολότητα,"Τελικό Αποτέλεσμα",NTU,0.368
27/04/2023,23.76297533,38.01414907,1951,Θολότητα,"Τελικό Αποτέλεσμα",NTU,0.376
27/04/2023,23.7651004,38.01889155,1952,Θολότητα,"Τελικό Αποτέλεσμα",NTU,0.397
27/04/2023,23.80570194,37.98977289,1953,Θολότητα,"Τελικό Αποτέλεσμα",NTU,0.289
27/04/2023,23.87746291,38.06015,1957,Θολότητα,"Τελικό Αποτέλεσμα",NTU,0.222
27/04/2023,23.85005878,38.0644879,1958,Θολότητα,"Τελικό Αποτέλεσμα",NTU,0.349
27/04/2023,23.87165015,38.05010025,1911,Θολότητα,"Τελικό Αποτέλεσμα",NTU,0.15
27/04/2023,23.65618491,37.98059442,6030,Θολότητα,"Τελικό Αποτέλεσμα",NTU,0.206
27/04/2023,23.86470833,38.10061721,1956,Θολότητα,"Τελικό Αποτέλεσμα",NTU,0.095
27/04/2023,23.72049547,37.94647249,160,Θολότητα,"Τελικό Αποτέλεσμα",NTU,0.169
27/04/2023,23.7232452,37.93440384,165,Θολότητα,"Τελικό Αποτέλεσμα",NTU,0.151
27/04/2023,23.69418089,37.99877315,7120,Θολότητα,"Τελικό Αποτέλεσμα",NTU,0.14
27/04/2023,23.66748989,37.95803203,7170,Θολότητα,"Τελικό Αποτέλεσμα",NTU,0.148
27/04/2023,23.69752839,37.97170234,7270,Θολότητα,"Τελικό Αποτέλεσμα",NTU,0.091
27/04/2023,23.71283325,37.96856483,7300,Θολότητα,"Τελικό Αποτέλεσμα",NTU,0.119
27/04/2023,23.71170376,37.97057149,7320,Θολότητα,"Τελικό Αποτέλεσμα",NTU,0.165
27/04/2023,23.71541292,38.00374961,8010,Θολότητα,"Τελικό Αποτέλεσμα",NTU,0.225
27/04/2023,23.71578119,37.99037338,8040,Θολότητα,"Τελικό Αποτέλεσμα",NTU,0.238
27/04/2023,23.7122762,37.98040557,8060,Θολότητα,"Τελικό Αποτέλεσμα",NTU,0.14
27/04/2023,23.71481682,37.97943025,8070,Θολότητα,"Τελικό Αποτέλεσμα",NTU,0.123
27/04/2023,23.68251737,37.96148113,8100,Θολότητα,"Τελικό Αποτέλεσμα",NTU,0.185
27/04/2023,23.70043454,37.962644,8140,Θολότητα,"Τελικό Αποτέλεσμα",NTU,0.143
27/04/2023,23.69959745,37.94970908,8170,Θολότητα,"Τελικό Αποτέλεσμα",NTU,0.14
27/04/2023,23.70623737,37.95093926,8190,Θολότητα,"Τελικό Αποτέλεσμα",NTU,0.145
27/04/2023,23.70891649,37.94569184,8210,Θολότητα,"Τελικό Αποτέλεσμα",NTU,0.155
27/04/2023,23.71621067,37.95514139,8260,Θολότητα,"Τελικό Αποτέλεσμα",NTU,0.286
27/04/2023,23.71457142,37.96617497,8270,Θολότητα,"Τελικό Αποτέλεσμα",NTU,0.152
27/04/2023,23.72176206,37.96483486,8280,Θολότητα,"Τελικό Αποτέλεσμα",NTU,0.19
27/04/2023,23.72614349,37.96555625,8290,Θολότητα,"Τελικό Αποτέλεσμα",NTU,0.188
27/04/2023,23.73089644,37.98300722,8350,Θολότητα,"Τελικό Αποτέλεσμα",NTU,0.149
27/04/2023,23.67862566,37.97172973,7230,Θολότητα,"Τελικό Αποτέλεσμα",NTU,0.141
27/04/2025,23.783006772263,38.091595618101,1940,Θολότητα,"Τελικό Αποτέλεσμα",NTU,0.147
27/05/2023,23.78300677,38.09159562,1940,Θολότητα,"Τελικό Αποτέλεσμα",NTU,0.294
27/05/2024,23.7204954672,37.946472492133,160,Θολότητα,"Τελικό Αποτέλεσμα",NTU,0.118
27/05/2024,23.72324520128,37.934403839805,165,Θολότητα,"Τελικό Αποτέλεσμα",NTU,0.197
27/05/2024,23.694180891718,37.998773148457,7120,Θολότητα,"Τελικό Αποτέλεσμα",NTU,0.286
27/05/2024,23.667489894288,37.958032027277,7170,Θολότητα,"Τελικό Αποτέλεσμα",NTU,0.114
27/05/2024,23.678625660301,37.971729734496,7230,Θολότητα,"Τελικό Αποτέλεσμα",NTU,0.123
27/05/2024,23.685196529333,37.975965791401,7250,Θολότητα,"Τελικό Αποτέλεσμα",NTU,0.118
27/05/2024,23.697528385889,37.971702343756,7270,Θολότητα,"Τελικό Αποτέλεσμα",NTU,0.145
27/05/2024,23.712833251184,37.968564832502,7300,Θολότητα,"Τελικό Αποτέλεσμα",NTU,0.141
27/05/2024,23.711703762356,37.97057149043,7320,Θολότητα,"Τελικό Αποτέλεσμα",NTU,0.275
27/05/2024,23.715412919273,38.003749605504,8010,Θολότητα,"Τελικό Αποτέλεσμα",NTU,0.148
27/05/2024,23.71578119283,37.990373378915,8040,Θολότητα,"Τελικό Αποτέλεσμα",NTU,0.191
27/05/2024,23.712276196086,37.98040556765,8060,Θολότητα,"Τελικό Αποτέλεσμα",NTU,0.288
27/05/2024,23.714816823822,37.979430254073,8070,Θολότητα,"Τελικό Αποτέλεσμα",NTU,0.372
27/05/2024,23.68251737331,37.961481128285,8100,Θολότητα,"Τελικό Αποτέλεσμα",NTU,0.202
27/05/2024,23.700434539313,37.962643998348,8140,Θολότητα,"Τελικό Αποτέλεσμα",NTU,0.155
27/05/2024,23.699597448709,37.949709083863,8170,Θολότητα,"Τελικό Αποτέλεσμα",NTU,0.691
27/05/2024,23.706237365958,37.950939255691,8190,Θολότητα,"Τελικό Αποτέλεσμα",NTU,0.255
27/05/2024,23.70891649437,37.945691840045,8210,Θολότητα,"Τελικό Αποτέλεσμα",NTU,0.361
27/05/2024,23.71621067377,37.955141392609,8260,Θολότητα,"Τελικό Αποτέλεσμα",NTU,0.136
27/05/2024,23.714571416671,37.966174971534,8270,Θολότητα,"Τελικό Αποτέλεσμα",NTU,0.182
27/05/2024,23.721762060849,37.9648348571,8280,Θολότητα,"Τελικό Αποτέλεσμα",NTU,0.117
27/05/2024,23.726143493332,37.965556254079,8290,Θολότητα,"Τελικό Αποτέλεσμα",NTU,0.194
27/05/2024,23.730896444434,37.9830072171,8350,Θολότητα,"Τελικό Αποτέλεσμα",NTU,0.331
27/05/2024,23.640262686028,37.939614121045,6240,Θολότητα,"Τελικό Αποτέλεσμα",NTU,0.094
27/05/2024,23.783006772263,38.091595618101,1940,Θολότητα,"Τελικό Αποτέλεσμα",NTU,0.247
27/05/2024,23.71413660329,37.912707373341,5190,Θολότητα,"Τελικό Αποτέλεσμα",NTU,0.323
27/05/2025,23.839340877075,38.008846343525,1910,Θολότητα,"Τελικό Αποτέλεσμα",NTU,0.19
27/05/2025,23.834058289847,38.055035361725,13210,Θολότητα,"Τελικό Αποτέλεσμα",NTU,0.181
27/05/2025,23.762975326718,38.014149073434,1951,Θολότητα,"Τελικό Αποτέλεσμα",NTU,0.222
27/05/2025,23.765100402535,38.018891552708,1952,Θολότητα,"Τελικό Αποτέλεσμα",NTU,0.288
27/05/2025,23.805701939805,37.98977288987,1953,Θολότητα,"Τελικό Αποτέλεσμα",NTU,0.23
27/05/2025,23.877462910757,38.060150004,1957,Θολότητα,"Τελικό Αποτέλεσμα",NTU,0.243
27/05/2025,23.850058780234,38.064487896413,1958,Θολότητα,"Τελικό Αποτέλεσμα",NTU,0.2
27/05/2025,23.871650152448,38.05010024616,1911,Θολότητα,"Τελικό Αποτέλεσμα",NTU,0.201
27/05/2025,23.502319573731,37.96481151634,170,Θολότητα,"Τελικό Αποτέλεσμα",NTU,0.485
27/05/2025,23.52896170005,37.965815276592,2540,Θολότητα,"Τελικό Αποτέλεσμα",NTU,0.509
27/05/2025,23.535032621057,37.956778546223,2550,Θολότητα,"Τελικό Αποτέλεσμα",NTU,0.215
27/05/2025,23.4677306424,37.921816278707,2600,Θολότητα,"Τελικό Αποτέλεσμα",NTU,0.195
27/05/2025,23.496539981684,37.953992886194,2620,Θολότητα,"Τελικό Αποτέλεσμα",NTU,0.193
27/05/2025,23.494751977414,37.967937622846,2630,Θολότητα,"Τελικό Αποτέλεσμα",NTU,0.156
27/05/2025,23.488033230766,37.962548651207,2660,Θολότητα,"Τελικό Αποτέλεσμα",NTU,0.107
27/05/2025,23.440621950822,37.925877301176,2680,Θολότητα,"Τελικό Αποτέλεσμα",NTU,0.12
27/05/2025,23.524150518993,37.96223485381,2690,Θολότητα,"Τελικό Αποτέλεσμα",NTU,0.24
27/05/2025,23.783006772263,38.091595618101,1940,Θολότητα,"Τελικό Αποτέλεσμα",NTU,0.16
27/06/2023,23.78300677,38.09159562,1940,Θολότητα,"Τελικό Αποτέλεσμα",NTU,0.338
27/06/2024,23.783006772263,38.091595618101,1940,Θολότητα,"Τελικό Αποτέλεσμα",NTU,0.2
27/06/2024,23.578262320495,37.964273133574,2520,Θολότητα,"Τελικό Αποτέλεσμα",NTU,0.121
27/06/2024,23.573199699245,37.964696686365,2530,Θολότητα,"Τελικό Αποτέλεσμα",NTU,0.125
27/06/2024,23.535529831273,37.93206091596,2570,Θολότητα,"Τελικό Αποτέλεσμα",NTU,0.084
27/06/2024,23.614471567765,37.959304282216,2700,Θολότητα,"Τελικό Αποτέλεσμα",NTU,0.26
27/06/2024,23.64440874197,37.959511773378,1928,Θολότητα,"Τελικό Αποτέλεσμα",NTU,0.266
27/06/2024,23.655737542216,37.93998667845,1930,Θολότητα,"Τελικό Αποτέλεσμα",NTU,0.302
27/06/2024,23.577422634042,37.968422519545,1943,Θολότητα,"Τελικό Αποτέλεσμα",NTU,0.354
27/06/2024,23.576866413715,37.966827860412,1945,Θολότητα,"Τελικό Αποτέλεσμα",NTU,0.35
27/06/2025,24.052649352415,37.722493870117,170200,Θολότητα,"Τελικό Αποτέλεσμα",NTU,0.243
27/06/2025,23.950343222474,37.894345298849,6622,Θολότητα,"Τελικό Αποτέλεσμα",NTU,0.19
27/06/2025,23.923610473266,37.731018793535,6700,Θολότητα,"Τελικό Αποτέλεσμα",NTU,0.302
27/07/2023,23.57826232,37.96427313,2520,Θολότητα,"Τελικό Αποτέλεσμα",NTU,0.162
27/07/2023,23.5731997,37.96469669,2530,Θολότητα,"Τελικό Αποτέλεσμα",NTU,0.399
27/07/2023,23.53552983,37.93206092,2570,Θολότητα,"Τελικό Αποτέλεσμα",NTU,0.056
27/07/2023,23.61447157,37.95930428,2700,Θολότητα,"Τελικό Αποτέλεσμα",NTU,0.26
27/07/2023,23.78300677,38.09159562,1940,Θολότητα,"Τελικό Αποτέλεσμα",NTU,0.219
27/07/2024,23.783006772263,38.091595618101,1940,Θολότητα,"Τελικό Αποτέλεσμα",NTU,0.251
27/07/2025,23.72324520128,37.934403839805,165,Θολότητα,"Τελικό Αποτέλεσμα",NTU,0.307
27/07/2025,23.746055892182,37.884208036564,5040,Θολότητα,"Τελικό Αποτέλεσμα",NTU,0.116
27/08/2023,23.78300677,38.09159562,1940,Θολότητα,"Τελικό Αποτέλεσμα",NTU,0.205
27/08/2024,23.790508845956,37.815722995168,1965,Θολότητα,"Τελικό Αποτέλεσμα",NTU,0.202
27/08/2024,23.783006772263,38.091595618101,1940,Θολότητα,"Τελικό Αποτέλεσμα",NTU,0.161
27/08/2024,22.898432401038,38.254054888272,7011,Θολότητα,"Τελικό Αποτέλεσμα",NTU,0.098
27/09/2023,23.67862566,37.97172973,7230,Θολότητα,"Τελικό Αποτέλεσμα",NTU,0.157
27/09/2023,23.71170376,37.97057149,7320,Θολότητα,"Τελικό Αποτέλεσμα",NTU,0.247
27/09/2023,23.78300677,38.09159562,1940,Θολότητα,"Τελικό Αποτέλεσμα",NTU,0.285
27/09/2024,23.783006772263,38.091595618101,1940,Θολότητα,"Τελικό Αποτέλεσμα",NTU,0.191
27/09/2024,23.578262320495,37.964273133574,2520,Θολότητα,"Τελικό Αποτέλεσμα",NTU,0.423
27/09/2024,23.573199699245,37.964696686365,2530,Θολότητα,"Τελικό Αποτέλεσμα",NTU,0.153
27/09/2024,23.532576218429,37.93452623243,2560,Θολότητα,"Τελικό Αποτέλεσμα",NTU,0.262
27/09/2024,23.535529831273,37.93206091596,2570,Θολότητα,"Τελικό Αποτέλεσμα",NTU,0.076
27/09/2024,23.614471567765,37.959304282216,2700,Θολότητα,"Τελικό Αποτέλεσμα",NTU,0.593
27/10/2023,24.05264935,37.72249387,170200,Θολότητα,"Τελικό Αποτέλεσμα",NTU,0.509
27/10/2023,23.78300677,38.09159562,1940,Θολότητα,"Τελικό Αποτέλεσμα",NTU,0.314
27/10/2024,23.783006772263,38.091595618101,1940,Θολότητα,"Τελικό Αποτέλεσμα",NTU,0.157
27/11/2023,23.78300677,38.09159562,1940,Θολότητα,"Τελικό Αποτέλεσμα",NTU,0.256
27/11/2023,23.76621884,37.94149317,135,Θολότητα,"Τελικό Αποτέλεσμα",NTU,0.224
27/11/2023,23.70168246,37.91807243,137,Θολότητα,"Τελικό Αποτέλεσμα",NTU,0.284
27/11/2023,23.80223198,37.83311234,140,Θολότητα,"Τελικό Αποτέλεσμα",NTU,0.518
27/11/2023,23.74864808,37.91609723,5010,Θολότητα,"Τελικό Αποτέλεσμα",NTU,0.467
27/11/2023,23.75342223,37.90482065,5020,Θολότητα,"Τελικό Αποτέλεσμα",NTU,0.34
27/11/2023,23.74470013,37.88994017,5030,Θολότητα,"Τελικό Αποτέλεσμα",NTU,0.132
27/11/2023,23.74605589,37.88420804,5040,Θολότητα,"Τελικό Αποτέλεσμα",NTU,0.386
27/11/2023,23.75796495,37.86035435,5050,Θολότητα,"Τελικό Αποτέλεσμα",NTU,0.293
27/11/2023,23.76070017,37.8524034,5060,Θολότητα,"Τελικό Αποτέλεσμα",NTU,0.321
27/11/2023,23.75697704,37.84809852,5080,Θολότητα,"Τελικό Αποτέλεσμα",NTU,0.239
27/11/2023,23.76068543,37.81516677,5090,Θολότητα,"Τελικό Αποτέλεσμα",NTU,0.203
27/11/2023,23.77438684,37.81229933,5100,Θολότητα,"Τελικό Αποτέλεσμα",NTU,0.217
27/11/2023,23.78633796,37.82289436,5110,Θολότητα,"Τελικό Αποτέλεσμα",NTU,0.912
27/11/2023,23.79034019,37.83538362,5150,Θολότητα,"Τελικό Αποτέλεσμα",NTU,0.194
27/11/2023,23.73997328,37.86958627,5160,Θολότητα,"Τελικό Αποτέλεσμα",NTU,0.186
27/11/2023,23.72543914,37.88816507,5170,Θολότητα,"Τελικό Αποτέλεσμα",NTU,0.152
27/11/2023,23.7141366,37.91270737,5190,Θολότητα,"Τελικό Αποτέλεσμα",NTU,0.304
27/11/2023,23.71284044,37.91562054,5200,Θολότητα,"Τελικό Αποτέλεσμα",NTU,0.322
27/11/2023,23.70643521,37.91960099,5210,Θολότητα,"Τελικό Αποτέλεσμα",NTU,0.192
27/11/2024,23.848751638879,38.124166714577,4710,Θολότητα,"Τελικό Αποτέλεσμα",NTU,0.232
27/11/2024,23.908700098241,38.168241126955,4720,Θολότητα,"Τελικό Αποτέλεσμα",NTU,0.275
27/11/2024,24.034572330748,38.190401550712,4750,Θολότητα,"Τελικό Αποτέλεσμα",NTU,0.288
27/11/2024,23.977138138398,38.085743034532,4770,Θολότητα,"Τελικό Αποτέλεσμα",NTU,0.167
27/11/2024,23.989441223817,38.037783380352,4771,Θολότητα,"Τελικό Αποτέλεσμα",NTU,0.208
27/11/2024,24.012050710459,38.014370105797,4852,Θολότητα,"Τελικό Αποτέλεσμα",NTU,0.315
27/11/2024,24.007320013182,37.984167240863,4890,Θολότητα,"Τελικό Αποτέλεσμα",NTU,0.276
27/11/2024,23.90698069658,37.964512417317,4902,Θολότητα,"Τελικό Αποτέλεσμα",NTU,0.224
27/11/2024,23.973051962748,37.958463647889,4910,Θολότητα,"Τελικό Αποτέλεσμα",NTU,0.22
27/11/2024,23.783006772263,38.091595618101,1940,Θολότητα,"Τελικό Αποτέλεσμα",NTU,0.25
27/11/2024,23.811274027343,38.045728748791,3260,Θολότητα,"Τελικό Αποτέλεσμα",NTU,0.192
27/12/2023,23.78300677,38.09159562,1940,Θολότητα,"Τελικό Αποτέλεσμα",NTU,0.26
27/12/2024,23.783006772263,38.091595618101,1940,Θολότητα,"Τελικό Αποτέλεσμα",NTU,0.238
28/01/2023,23.78300677,38.09159562,1940,Θολότητα,"Τελικό Αποτέλεσμα",NTU,0.269
28/01/2025,23.783006772263,38.091595618101,1940,Θολότητα,"Τελικό Αποτέλεσμα",NTU,0.174
28/01/2025,23.642117121438,37.933371936061,146,Θολότητα,"Τελικό Αποτέλεσμα",NTU,0.244
28/01/2025,23.660147196721,37.980291207729,6020,Θολότητα,"Τελικό Αποτέλεσμα",NTU,0.291
28/01/2025,23.656184913017,37.980594422153,6030,Θολότητα,"Τελικό Αποτέλεσμα",NTU,0.332
28/01/2025,23.653420670725,37.976887978332,6040,Θολότητα,"Τελικό Αποτέλεσμα",NTU,0.43
28/01/2025,23.639896339554,37.977549997131,6050,Θολότητα,"Τελικό Αποτέλεσμα",NTU,0.833
28/01/2025,23.640200994864,37.973616459939,6060,Θολότητα,"Τελικό Αποτέλεσμα",NTU,0.283
28/01/2025,23.633210429054,37.967000345107,6080,Θολότητα,"Τελικό Αποτέλεσμα",NTU,0.466
28/01/2025,23.623370187872,37.950398549294,6110,Θολότητα,"Τελικό Αποτέλεσμα",NTU,0.6
28/01/2025,23.634009487857,37.953472259917,6120,Θολότητα,"Τελικό Αποτέλεσμα",NTU,0.838
28/01/2025,23.642068896508,37.928344112851,6150,Θολότητα,"Τελικό Αποτέλεσμα",NTU,0.704
28/01/2025,23.62796265038,37.932334455589,6160,Θολότητα,"Τελικό Αποτέλεσμα",NTU,0.373
28/01/2025,23.65217192804,37.939622706754,6170,Θολότητα,"Τελικό Αποτέλεσμα",NTU,0.281
28/01/2025,23.673234118927,37.946109912673,6190,Θολότητα,"Τελικό Αποτέλεσμα",NTU,0.303
28/01/2025,23.680037411281,37.948096846566,6200,Θολότητα,"Τελικό Αποτέλεσμα",NTU,0.612
28/01/2025,23.691643963145,37.948013010856,6210,Θολότητα,"Τελικό Αποτέλεσμα",NTU,0.533
28/01/2025,23.694323188433,37.952417395875,6220,Θολότητα,"Τελικό Αποτέλεσμα",NTU,0.306
28/01/2025,23.640262686028,37.939614121045,6240,Θολότητα,"Τελικό Αποτέλεσμα",NTU,0.2
28/01/2025,23.685426227465,37.977076609772,6010,Θολότητα,"Τελικό Αποτέλεσμα",NTU,0.264
28/01/2025,22.898432401038,38.254054888272,7011,Θολότητα,"Τελικό Αποτέλεσμα",NTU,0.213
28/02/2023,24.05264935,37.72249387,170200,Θολότητα,"Τελικό Αποτέλεσμα",NTU,0.118
28/02/2023,23.78300677,38.09159562,1940,Θολότητα,"Τελικό Αποτέλεσμα",NTU,0.203
28/02/2025,23.848751638879,38.124166714577,4710,Θολότητα,"Τελικό Αποτέλεσμα",NTU,0.653
28/02/2025,23.908700098241,38.168241126955,4720,Θολότητα,"Τελικό Αποτέλεσμα",NTU,0.827
28/02/2025,24.034572330748,38.190401550712,4750,Θολότητα,"Τελικό Αποτέλεσμα",NTU,0.305
28/02/2025,23.977138138398,38.085743034532,4770,Θολότητα,"Τελικό Αποτέλεσμα",NTU,0.3
28/02/2025,23.989441223817,38.037783380352,4771,Θολότητα,"Τελικό Αποτέλεσμα",NTU,0.228
28/02/2025,24.012050710459,38.014370105797,4852,Θολότητα,"Τελικό Αποτέλεσμα",NTU,0.232
28/02/2025,24.007320013182,37.984167240863,4890,Θολότητα,"Τελικό Αποτέλεσμα",NTU,0.271
28/02/2025,23.90698069658,37.964512417317,4902,Θολότητα,"Τελικό Αποτέλεσμα",NTU,0.353
28/02/2025,23.973051962748,37.958463647889,4910,Θολότητα,"Τελικό Αποτέλεσμα",NTU,0.264
28/02/2025,23.33981263989,38.004108484322,225,Θολότητα,"Τελικό Αποτέλεσμα",NTU,0.137
28/02/2025,23.783006772263,38.091595618101,1940,Θολότητα,"Τελικό Αποτέλεσμα",NTU,0.163
28/03/2023,23.7129054,38.07566007,22410,Θολότητα,"Τελικό Αποτέλεσμα",NTU,0.33
28/03/2023,23.78300677,38.09159562,1940,Θολότητα,"Τελικό Αποτέλεσμα",NTU,0.153
28/03/2023,24.05264935,37.72249387,170200,Θολότητα,"Τελικό Αποτέλεσμα",NTU,0.108
28/03/2025,23.783006772263,38.091595618101,1940,Θολότητα,"Τελικό Αποτέλεσμα",NTU,0.158
28/03/2025,23.578262320495,37.964273133574,2520,Θολότητα,"Τελικό Αποτέλεσμα",NTU,0.121
28/03/2025,23.573199699245,37.964696686365,2530,Θολότητα,"Τελικό Αποτέλεσμα",NTU,0.283
28/03/2025,23.532576218429,37.93452623243,2560,Θολότητα,"Τελικό Αποτέλεσμα",NTU,0.307
28/03/2025,23.535529831273,37.93206091596,2570,Θολότητα,"Τελικό Αποτέλεσμα",NTU,0.084
28/03/2025,23.614471567765,37.959304282216,2700,Θολότητα,"Τελικό Αποτέλεσμα",NTU,0.493
28/04/2023,23.78300677,38.09159562,1940,Θολότητα,"Τελικό Αποτέλεσμα",NTU,0.273
28/04/2023,23.6352338,37.97282615,1926,Θολότητα,"Τελικό Αποτέλεσμα",NTU,0.136
28/04/2023,23.65049179,38.02069052,1936,Θολότητα,"Τελικό Αποτέλεσμα",NTU,0.37
28/04/2023,23.6605722,37.99659467,1950,Θολότητα,"Τελικό Αποτέλεσμα",NTU,0.163
28/04/2023,23.6374825,37.98494645,1941,Θολότητα,"Τελικό Αποτέλεσμα",NTU,0.189
28/04/2023,23.63673627,37.98591907,1935,Θολότητα,"Τελικό Αποτέλεσμα",NTU,0.41
28/04/2023,23.57826232,37.96427313,2520,Θολότητα,"Τελικό Αποτέλεσμα",NTU,0.096
28/04/2023,23.53257622,37.93452623,2560,Θολότητα,"Τελικό Αποτέλεσμα",NTU,0.255
28/04/2023,23.53552983,37.93206092,2570,Θολότητα,"Τελικό Αποτέλεσμα",NTU,0.142
28/04/2023,23.51176651,37.91128401,2670,Θολότητα,"Τελικό Αποτέλεσμα",NTU,0.114
28/04/2023,23.61447157,37.95930428,2700,Θολότητα,"Τελικό Αποτέλεσμα",NTU,0.369
28/04/2025,23.573199699245,37.964696686365,2530,Θολότητα,"Τελικό Αποτέλεσμα",NTU,0.2
28/04/2025,23.532576218429,37.93452623243,2560,Θολότητα,"Τελικό Αποτέλεσμα",NTU,0.408
28/04/2025,23.535529831273,37.93206091596,2570,Θολότητα,"Τελικό Αποτέλεσμα",NTU,0.163
28/04/2025,23.614471567765,37.959304282216,2700,Θολότητα,"Τελικό Αποτέλεσμα",NTU,0.168
28/04/2025,23.783006772263,38.091595618101,1940,Θολότητα,"Τελικό Αποτέλεσμα",NTU,0.148
28/05/2023,23.78300677,38.09159562,1940,Θολότητα,"Τελικό Αποτέλεσμα",NTU,0.292
28/05/2024,23.623370187872,37.950398549294,6110,Θολότητα,"Τελικό Αποτέλεσμα",NTU,0.161
28/05/2024,23.660147196721,37.980291207729,6020,Θολότητα,"Τελικό Αποτέλεσμα",NTU,0.204
28/05/2024,23.656184913017,37.980594422153,6030,Θολότητα,"Τελικό Αποτέλεσμα",NTU,0.331
28/05/2024,23.839340877075,38.008846343525,1910,Θολότητα,"Τελικό Αποτέλεσμα",NTU,0.244
28/05/2024,23.834058289847,38.055035361725,13210,Θολότητα,"Τελικό Αποτέλεσμα",NTU,0.493
28/05/2024,23.762975326718,38.014149073434,1951,Θολότητα,"Τελικό Αποτέλεσμα",NTU,0.281
28/05/2024,23.765100402535,38.018891552708,1952,Θολότητα,"Τελικό Αποτέλεσμα",NTU,0.482
28/05/2024,23.805701939805,37.98977288987,1953,Θολότητα,"Τελικό Αποτέλεσμα",NTU,0.405
28/05/2024,23.877462910757,38.060150004,1957,Θολότητα,"Τελικό Αποτέλεσμα",NTU,0.307
28/05/2024,23.850058780234,38.064487896413,1958,Θολότητα,"Τελικό Αποτέλεσμα",NTU,0.489
28/05/2024,23.871650152448,38.05010024616,1911,Θολότητα,"Τελικό Αποτέλεσμα",NTU,0.385
28/05/2024,23.783006772263,38.091595618101,1940,Θολότητα,"Τελικό Αποτέλεσμα",NTU,0.297
28/05/2024,22.898432401038,38.254054888272,7011,Θολότητα,"Τελικό Αποτέλεσμα",NTU,0.277
28/05/2025,24.052649352415,37.722493870117,170200,Θολότητα,"Τελικό Αποτέλεσμα",NTU,0.211
28/05/2025,23.783006772263,38.091595618101,1940,Θολότητα,"Τελικό Αποτέλεσμα",NTU,0.191
28/05/2025,23.762975326718,38.014149073434,1951,Θολότητα,"Τελικό Αποτέλεσμα",NTU,0.167
28/06/2023,24.05264935,37.72249387,170200,Θολότητα,"Τελικό Αποτέλεσμα",NTU,0.267
28/06/2023,23.74605589,37.88420804,5040,Θολότητα,"Τελικό Αποτέλεσμα",NTU,0.652
28/06/2023,23.53153657,38.07172532,2260,Θολότητα,"Τελικό Αποτέλεσμα",NTU,0.147
28/06/2023,23.75121334,38.12052926,2270,Θολότητα,"Τελικό Αποτέλεσμα",NTU,0.167
28/06/2023,23.78300677,38.09159562,1940,Θολότητα,"Τελικό Αποτέλεσμα",NTU,0.314
28/06/2024,23.783006772263,38.091595618101,1940,Θολότητα,"Τελικό Αποτέλεσμα",NTU,0.286
28/06/2025,23.715412919273,38.003749605504,8010,Θολότητα,"Τελικό Αποτέλεσμα",NTU,0.165
28/06/2025,23.71578119283,37.990373378915,8040,Θολότητα,"Τελικό Αποτέλεσμα",NTU,0.457
28/06/2025,23.712276196086,37.98040556765,8060,Θολότητα,"Τελικό Αποτέλεσμα",NTU,0.102
28/07/2023,24.05264935,37.72249387,170200,Θολότητα,"Τελικό Αποτέλεσμα",NTU,0.268
28/07/2023,23.78300677,38.09159562,1940,Θολότητα,"Τελικό Αποτέλεσμα",NTU,0.284
28/07/2023,23.33981264,38.00410848,225,Θολότητα,"Τελικό Αποτέλεσμα",NTU,0.24
28/07/2023,23.78256861,38.1336252,1932,Θολότητα,"Τελικό Αποτέλεσμα",NTU,0.144
28/07/2023,23.8527507,38.12333569,1946,Θολότητα,"Τελικό Αποτέλεσμα",NTU,0.2
28/07/2023,23.86470833,38.10061721,1956,Θολότητα,"Τελικό Αποτέλεσμα",NTU,0.236
28/07/2023,23.77628216,38.12190092,210,Θολότητα,"Τελικό Αποτέλεσμα",NTU,0.268
28/07/2024,23.783006772263,38.091595618101,1940,Θολότητα,"Τελικό Αποτέλεσμα",NTU,0.193
28/07/2025,24.052649352415,37.722493870117,170200,Θολότητα,"Τελικό Αποτέλεσμα",NTU,0.202
28/07/2025,23.762108634131,37.974473318809,4080,Θολότητα,"Τελικό Αποτέλεσμα",NTU,0.235
28/08/2023,23.57826232,37.96427313,2520,Θολότητα,"Τελικό Αποτέλεσμα",NTU,0.129
28/08/2023,23.5731997,37.96469669,2530,Θολότητα,"Τελικό Αποτέλεσμα",NTU,0.511
28/08/2023,23.53257622,37.93452623,2560,Θολότητα,"Τελικό Αποτέλεσμα",NTU,0.467
28/08/2023,23.53552983,37.93206092,2570,Θολότητα,"Τελικό Αποτέλεσμα",NTU,0.111
28/08/2023,23.61447157,37.95930428,2700,Θολότητα,"Τελικό Αποτέλεσμα",NTU,0.194
28/08/2023,23.78300677,38.09159562,1940,Θολότητα,"Τελικό Αποτέλεσμα",NTU,0.221
28/08/2023,23.83934088,38.00884634,1910,Θολότητα,"Τελικό Αποτέλεσμα",NTU,0.7
28/08/2023,23.85034312,38.064696,13250,Θολότητα,"Τελικό Αποτέλεσμα",NTU,0.131
28/08/2023,23.76297533,38.01414907,1951,Θολότητα,"Τελικό Αποτέλεσμα",NTU,0.571
28/08/2023,23.7651004,38.01889155,1952,Θολότητα,"Τελικό Αποτέλεσμα",NTU,0.618
28/08/2023,23.80570194,37.98977289,1953,Θολότητα,"Τελικό Αποτέλεσμα",NTU,0.651
28/08/2023,23.87746291,38.06015,1957,Θολότητα,"Τελικό Αποτέλεσμα",NTU,0.294
28/08/2023,23.85005878,38.0644879,1958,Θολότητα,"Τελικό Αποτέλεσμα",NTU,0.431
28/08/2023,23.87165015,38.05010025,1911,Θολότητα,"Τελικό Αποτέλεσμα",NTU,0.211
28/08/2024,23.787819251812,38.087809697248,195,Θολότητα,"Τελικό Αποτέλεσμα",NTU,0.214
28/08/2024,23.783006772263,38.091595618101,1940,Θολότητα,"Τελικό Αποτέλεσμα",NTU,0.351
28/08/2024,23.685635325645,38.011704015052,2110,Θολότητα,"Τελικό Αποτέλεσμα",NTU,0.246
28/08/2024,23.669685637381,37.991033114281,2180,Θολότητα,"Τελικό Αποτέλεσμα",NTU,0.092
28/09/2023,24.05264935,37.72249387,170200,Θολότητα,"Τελικό Αποτέλεσμα",NTU,0.679
28/09/2023,23.71541292,38.00374961,8010,Θολότητα,"Τελικό Αποτέλεσμα",NTU,0.211
28/09/2023,23.83934088,38.00884634,1910,Θολότητα,"Τελικό Αποτέλεσμα",NTU,0.255
28/09/2023,23.83405829,38.05503536,13210,Θολότητα,"Τελικό Αποτέλεσμα",NTU,0.357
28/09/2023,23.76297533,38.01414907,1951,Θολότητα,"Τελικό Αποτέλεσμα",NTU,0.318
28/09/2023,23.7651004,38.01889155,1952,Θολότητα,"Τελικό Αποτέλεσμα",NTU,0.506
28/09/2023,23.80570194,37.98977289,1953,Θολότητα,"Τελικό Αποτέλεσμα",NTU,0.58
28/09/2023,23.87746291,38.06015,1957,Θολότητα,"Τελικό Αποτέλεσμα",NTU,0.209
28/09/2023,23.85005878,38.0644879,1958,Θολότητα,"Τελικό Αποτέλεσμα",NTU,0.165
28/09/2023,23.87165015,38.05010025,1911,Θολότητα,"Τελικό Αποτέλεσμα",NTU,0.196
28/09/2023,23.78300677,38.09159562,1940,Θολότητα,"Τελικό Αποτέλεσμα",NTU,0.2
28/09/2024,23.783006772263,38.091595618101,1940,Θολότητα,"Τελικό Αποτέλεσμα",NTU,0.189
28/10/2023,23.78300677,38.09159562,1940,Θολότητα,"Τελικό Αποτέλεσμα",NTU,0.147
28/10/2024,23.783006772263,38.091595618101,1940,Θολότητα,"Τελικό Αποτέλεσμα",NTU,0.096
28/11/2023,23.78256861,38.1336252,1932,Θολότητα,"Τελικό Αποτέλεσμα",NTU,0.186
28/11/2023,23.74996363,38.12819997,1933,Θολότητα,"Τελικό Αποτέλεσμα",NTU,0.563
28/11/2023,23.8527507,38.12333569,1946,Θολότητα,"Τελικό Αποτέλεσμα",NTU,0.137
28/11/2023,23.83967824,38.07817527,1948,Θολότητα,"Τελικό Αποτέλεσμα",NTU,0.612
28/11/2023,23.81291067,38.06845423,1954,Θολότητα,"Τελικό Αποτέλεσμα",NTU,0.254
28/11/2023,23.86470833,38.10061721,1956,Θολότητα,"Τελικό Αποτέλεσμα",NTU,0.236
28/11/2023,23.82140342,38.07735607,3070,Θολότητα,"Τελικό Αποτέλεσμα",NTU,0.332
28/11/2023,23.78300677,38.09159562,1940,Θολότητα,"Τελικό Αποτέλεσμα",NTU,0.175
28/11/2023,24.05264935,37.72249387,170200,Θολότητα,"Τελικό Αποτέλεσμα",NTU,0.406
28/11/2024,24.052649352415,37.722493870117,170200,Θολότητα,"Τελικό Αποτέλεσμα",NTU,0.069
28/11/2024,23.783006772263,38.091595618101,1940,Θολότητα,"Τελικό Αποτέλεσμα",NTU,0.212
28/12/2023,23.78300677,38.09159562,1940,Θολότητα,"Τελικό Αποτέλεσμα",NTU,0.235
28/12/2024,23.783006772263,38.091595618101,1940,Θολότητα,"Τελικό Αποτέλεσμα",NTU,0.111
29/01/2023,23.78300677,38.09159562,1940,Θολότητα,"Τελικό Αποτέλεσμα",NTU,0.184
29/01/2025,23.783006772263,38.091595618101,1940,Θολότητα,"Τελικό Αποτέλεσμα",NTU,0.258
29/03/2023,23.83934088,38.00884634,1910,Θολότητα,"Τελικό Αποτέλεσμα",NTU,0.436
29/03/2023,23.83405829,38.05503536,13210,Θολότητα,"Τελικό Αποτέλεσμα",NTU,0.211
29/03/2023,23.76297533,38.01414907,1951,Θολότητα,"Τελικό Αποτέλεσμα",NTU,0.37
29/03/2023,23.7651004,38.01889155,1952,Θολότητα,"Τελικό Αποτέλεσμα",NTU,0.275
29/03/2023,23.80570194,37.98977289,1953,Θολότητα,"Τελικό Αποτέλεσμα",NTU,0.235
29/03/2023,23.87746291,38.06015,1957,Θολότητα,"Τελικό Αποτέλεσμα",NTU,0.253
29/03/2023,23.85005878,38.0644879,1958,Θολότητα,"Τελικό Αποτέλεσμα",NTU,0.442
29/03/2023,23.87165015,38.05010025,1911,Θολότητα,"Τελικό Αποτέλεσμα",NTU,0.262
29/03/2023,23.78300677,38.09159562,1940,Θολότητα,"Τελικό Αποτέλεσμα",NTU,0.25
29/03/2025,23.783006772263,38.091595618101,1940,Θολότητα,"Τελικό Αποτέλεσμα",NTU,0.197
29/04/2023,23.78300677,38.09159562,1940,Θολότητα,"Τελικό Αποτέλεσμα",NTU,0.253
29/04/2025,22.898432401038,38.254054888272,7011,Θολότητα,"Τελικό Αποτέλεσμα",NTU,0.31
29/04/2025,23.633210429054,37.967000345107,6080,Θολότητα,"Τελικό Αποτέλεσμα",NTU,0.32
29/04/2025,23.783006772263,38.091595618101,1940,Θολότητα,"Τελικό Αποτέλεσμα",NTU,0.243
29/04/2025,24.052649352415,37.722493870117,170200,Θολότητα,"Τελικό Αποτέλεσμα",NTU,0.165
29/05/2023,23.78300677,38.09159562,1940,Θολότητα,"Τελικό Αποτέλεσμα",NTU,0.206
29/05/2023,23.6352338,37.97282615,1926,Θολότητα,"Τελικό Αποτέλεσμα",NTU,0.503
29/05/2023,23.65049179,38.02069052,1936,Θολότητα,"Τελικό Αποτέλεσμα",NTU,0.719
29/05/2023,23.6605722,37.99659467,1950,Θολότητα,"Τελικό Αποτέλεσμα",NTU,0.19
29/05/2023,23.6374825,37.98494645,1941,Θολότητα,"Τελικό Αποτέλεσμα",NTU,0.493
29/05/2023,23.63673627,37.98591907,1935,Θολότητα,"Τελικό Αποτέλεσμα",NTU,0.443
29/05/2023,23.64405229,38.00426495,1947,Θολότητα,"Τελικό Αποτέλεσμα",NTU,0.494
29/05/2024,24.052649352415,37.722493870117,170200,Θολότητα,"Τελικό Αποτέλεσμα",NTU,0.201
29/05/2024,23.783006772263,38.091595618101,1940,Θολότητα,"Τελικό Αποτέλεσμα",NTU,0.297
29/05/2025,22.898432401038,38.254054888272,7011,Θολότητα,"Τελικό Αποτέλεσμα",NTU,0.325
29/05/2025,23.848751638879,38.124166714577,4710,Θολότητα,"Τελικό Αποτέλεσμα",NTU,0.294
29/05/2025,23.908700098241,38.168241126955,4720,Θολότητα,"Τελικό Αποτέλεσμα",NTU,0.24
29/05/2025,24.034572330748,38.190401550712,4750,Θολότητα,"Τελικό Αποτέλεσμα",NTU,0.221
29/05/2025,23.977138138398,38.085743034532,4770,Θολότητα,"Τελικό Αποτέλεσμα",NTU,0.265
29/05/2025,23.989441223817,38.037783380352,4771,Θολότητα,"Τελικό Αποτέλεσμα",NTU,0.21
29/05/2025,24.012050710459,38.014370105797,4852,Θολότητα,"Τελικό Αποτέλεσμα",NTU,0.25
29/05/2025,24.007320013182,37.984167240863,4890,Θολότητα,"Τελικό Αποτέλεσμα",NTU,0.343
29/05/2025,23.90698069658,37.964512417317,4902,Θολότητα,"Τελικό Αποτέλεσμα",NTU,0.225
29/05/2025,23.973051962748,37.958463647889,4910,Θολότητα,"Τελικό Αποτέλεσμα",NTU,0.222
29/05/2025,23.783006772263,38.091595618101,1940,Θολότητα,"Τελικό Αποτέλεσμα",NTU,0.145
29/05/2025,23.737179449332,37.923989154778,4170,Θολότητα,"Τελικό Αποτέλεσμα",NTU,0.191
29/05/2025,23.739973276711,37.869586272318,5160,Θολότητα,"Τελικό Αποτέλεσμα",NTU,0.228
29/06/2023,23.57826232,37.96427313,2520,Θολότητα,"Τελικό Αποτέλεσμα",NTU,0.159
29/06/2023,23.5731997,37.96469669,2530,Θολότητα,"Τελικό Αποτέλεσμα",NTU,0.261
29/06/2023,23.53552983,37.93206092,2570,Θολότητα,"Τελικό Αποτέλεσμα",NTU,0.104
29/06/2023,23.61447157,37.95930428,2700,Θολότητα,"Τελικό Αποτέλεσμα",NTU,0.39
29/06/2023,23.78300677,38.09159562,1940,Θολότητα,"Τελικό Αποτέλεσμα",NTU,0.2
29/06/2024,23.783006772263,38.091595618101,1940,Θολότητα,"Τελικό Αποτέλεσμα",NTU,0.517
29/07/2023,23.78300677,38.09159562,1940,Θολότητα,"Τελικό Αποτέλεσμα",NTU,0.253
29/07/2024,23.783006772263,38.091595618101,1940,Θολότητα,"Τελικό Αποτέλεσμα",NTU,0.234
29/07/2024,23.802231976799,37.833112339241,140,Θολότητα,"Τελικό Αποτέλεσμα",NTU,0.642
29/07/2024,23.748648075769,37.916097225199,5010,Θολότητα,"Τελικό Αποτέλεσμα",NTU,0.305
29/07/2024,23.753422230835,37.904820647992,5020,Θολότητα,"Τελικό Αποτέλεσμα",NTU,0.545
29/07/2024,23.744700128802,37.889940171291,5030,Θολότητα,"Τελικό Αποτέλεσμα",NTU,0.218
29/07/2024,23.746055892182,37.884208036564,5040,Θολότητα,"Τελικό Αποτέλεσμα",NTU,0.488
29/07/2024,23.757964952407,37.860354353668,5050,Θολότητα,"Τελικό Αποτέλεσμα",NTU,0.312
29/07/2024,23.760700167651,37.852403396879,5060,Θολότητα,"Τελικό Αποτέλεσμα",NTU,0.397
29/07/2024,23.756977040295,37.848098522763,5080,Θολότητα,"Τελικό Αποτέλεσμα",NTU,0.213
29/07/2024,23.760685434504,37.8151667674,5090,Θολότητα,"Τελικό Αποτέλεσμα",NTU,0.135
29/07/2024,23.774386839978,37.81229932964,5100,Θολότητα,"Τελικό Αποτέλεσμα",NTU,0.3
29/07/2024,23.786337962388,37.822894363003,5110,Θολότητα,"Τελικό Αποτέλεσμα",NTU,0.283
29/07/2024,23.790340187783,37.835383621964,5150,Θολότητα,"Τελικό Αποτέλεσμα",NTU,0.205
29/07/2024,23.739973276711,37.869586272318,5160,Θολότητα,"Τελικό Αποτέλεσμα",NTU,0.103
29/07/2024,23.72543913784,37.888165068231,5170,Θολότητα,"Τελικό Αποτέλεσμα",NTU,0.157
29/07/2024,23.71413660329,37.912707373341,5190,Θολότητα,"Τελικό Αποτέλεσμα",NTU,0.153
29/07/2024,23.712840439649,37.915620541693,5200,Θολότητα,"Τελικό Αποτέλεσμα",NTU,0.195
29/07/2024,23.706435208048,37.919600993522,5210,Θολότητα,"Τελικό Αποτέλεσμα",NTU,0.095
29/07/2024,23.704881330177,37.935219954091,5230,Θολότητα,"Τελικό Αποτέλεσμα",NTU,0.166
29/07/2025,23.794882287985,37.837449849635,1912,Θολότητα,"Τελικό Αποτέλεσμα",NTU,0.19
29/07/2025,23.772903712691,37.94499326751,1961,Θολότητα,"Τελικό Αποτέλεσμα",NTU,0.654
29/07/2025,23.775659857879,37.946436566217,1962,Θολότητα,"Τελικό Αποτέλεσμα",NTU,0.438
29/07/2025,23.781989618407,37.85753891633,1964,Θολότητα,"Τελικό Αποτέλεσμα",NTU,0.303
29/07/2025,23.790508845956,37.815722995168,1965,Θολότητα,"Τελικό Αποτέλεσμα",NTU,0.262
29/07/2025,23.640200994864,37.973616459939,6060,Θολότητα,"Τελικό Αποτέλεσμα",NTU,0.145
29/07/2025,22.898432401038,38.254054888272,7011,Θολότητα,"Τελικό Αποτέλεσμα",NTU,0.262
29/08/2023,24.05264935,37.72249387,170200,Θολότητα,"Τελικό Αποτέλεσμα",NTU,0.202
29/08/2023,23.78300677,38.09159562,1940,Θολότητα,"Τελικό Αποτέλεσμα",NTU,0.202
29/08/2023,23.64440874,37.95951177,1928,Θολότητα,"Τελικό Αποτέλεσμα",NTU,0.428
29/08/2023,23.65573754,37.93998668,1930,Θολότητα,"Τελικό Αποτέλεσμα",NTU,0.341
29/08/2023,23.68632522,38.0498052,1939,Θολότητα,"Τελικό Αποτέλεσμα",NTU,0.381
29/08/2023,23.57742263,37.96842252,1943,Θολότητα,"Τελικό Αποτέλεσμα",NTU,0.285
29/08/2023,23.57686641,37.96682786,1945,Θολότητα,"Τελικό Αποτέλεσμα",NTU,0.886
29/08/2023,23.67796202,38.04982306,1959,Θολότητα,"Τελικό Αποτέλεσμα",NTU,0.3
29/08/2024,23.783006772263,38.091595618101,1940,Θολότητα,"Τελικό Αποτέλεσμα",NTU,0.162
29/09/2023,23.84875164,38.12416671,4710,Θολότητα,"Τελικό Αποτέλεσμα",NTU,0.309
29/09/2023,23.9087001,38.16824113,4720,Θολότητα,"Τελικό Αποτέλεσμα",NTU,0.368
29/09/2023,24.03457233,38.19040155,4750,Θολότητα,"Τελικό Αποτέλεσμα",NTU,0.093
29/09/2023,23.97713814,38.08574303,4770,Θολότητα,"Τελικό Αποτέλεσμα",NTU,0.106
29/09/2023,23.98944122,38.03778338,4771,Θολότητα,"Τελικό Αποτέλεσμα",NTU,0.101
29/09/2023,23.9814898,38.06170646,4800,Θολότητα,"Τελικό Αποτέλεσμα",NTU,0.097
29/09/2023,24.01205071,38.01437011,4852,Θολότητα,"Τελικό Αποτέλεσμα",NTU,0.085
29/09/2023,24.00732001,37.98416724,4890,Θολότητα,"Τελικό Αποτέλεσμα",NTU,0.107
29/09/2023,23.9069807,37.96451242,4902,Θολότητα,"Τελικό Αποτέλεσμα",NTU,0.366
29/09/2023,23.97305196,37.95846365,4910,Θολότητα,"Τελικό Αποτέλεσμα",NTU,0.153
29/09/2023,23.78300677,38.09159562,1940,Θολότητα,"Τελικό Αποτέλεσμα",NTU,0.286
29/09/2024,23.783006772263,38.091595618101,1940,Θολότητα,"Τελικό Αποτέλεσμα",NTU,0.27
29/10/2023,23.78300677,38.09159562,1940,Θολότητα,"Τελικό Αποτέλεσμα",NTU,0.141
29/10/2024,22.898432401038,38.254054888272,7011,Θολότητα,"Τελικό Αποτέλεσμα",NTU,0.236
29/10/2024,23.848751638879,38.124166714577,4710,Θολότητα,"Τελικό Αποτέλεσμα",NTU,0.248
29/10/2024,23.908700098241,38.168241126955,4720,Θολότητα,"Τελικό Αποτέλεσμα",NTU,0.228
29/10/2024,24.034572330748,38.190401550712,4750,Θολότητα,"Τελικό Αποτέλεσμα",NTU,0.327
29/10/2024,23.977138138398,38.085743034532,4770,Θολότητα,"Τελικό Αποτέλεσμα",NTU,0.141
29/10/2024,23.989441223817,38.037783380352,4771,Θολότητα,"Τελικό Αποτέλεσμα",NTU,0.157
29/10/2024,24.012050710459,38.014370105797,4852,Θολότητα,"Τελικό Αποτέλεσμα",NTU,0.171
29/10/2024,24.007320013182,37.984167240863,4890,Θολότητα,"Τελικό Αποτέλεσμα",NTU,0.17
29/10/2024,23.90698069658,37.964512417317,4902,Θολότητα,"Τελικό Αποτέλεσμα",NTU,0.161
29/10/2024,23.973051962748,37.958463647889,4910,Θολότητα,"Τελικό Αποτέλεσμα",NTU,0.11
29/10/2024,23.783006772263,38.091595618101,1940,Θολότητα,"Τελικό Αποτέλεσμα",NTU,0.23
29/10/2024,23.802231976799,37.833112339241,140,Θολότητα,"Τελικό Αποτέλεσμα",NTU,0.227
29/10/2024,23.776624696051,37.884348958134,1918,Θολότητα,"Τελικό Αποτέλεσμα",NTU,0.188
29/10/2024,23.763828567739,37.889033553169,1920,Θολότητα,"Τελικό Αποτέλεσμα",NTU,0.187
29/10/2024,23.755560418361,37.919430807212,1924,Θολότητα,"Τελικό Αποτέλεσμα",NTU,0.266
29/10/2024,23.749512420594,37.999646302315,1942,Θολότητα,"Τελικό Αποτέλεσμα",NTU,0.202
29/10/2024,23.732887017961,37.955671997184,1944,Θολότητα,"Τελικό Αποτέλεσμα",NTU,0.167
29/10/2024,23.777569470988,37.889946836445,1963,Θολότητα,"Τελικό Αποτέλεσμα",NTU,0.104
29/11/2023,23.84875164,38.12416671,4710,Θολότητα,"Τελικό Αποτέλεσμα",NTU,0.216
29/11/2023,23.9087001,38.16824113,4720,Θολότητα,"Τελικό Αποτέλεσμα",NTU,0.143
29/11/2023,24.03457233,38.19040155,4750,Θολότητα,"Τελικό Αποτέλεσμα",NTU,0.154
29/11/2023,23.97713814,38.08574303,4770,Θολότητα,"Τελικό Αποτέλεσμα",NTU,0.169
29/11/2023,23.98944122,38.03778338,4771,Θολότητα,"Τελικό Αποτέλεσμα",NTU,0.118
29/11/2023,23.9814898,38.06170646,4800,Θολότητα,"Τελικό Αποτέλεσμα",NTU,0.162
29/11/2023,24.01205071,38.01437011,4852,Θολότητα,"Τελικό Αποτέλεσμα",NTU,0.184
29/11/2023,24.00732001,37.98416724,4890,Θολότητα,"Τελικό Αποτέλεσμα",NTU,0.14
29/11/2023,23.9069807,37.96451242,4902,Θολότητα,"Τελικό Αποτέλεσμα",NTU,0.252
29/11/2023,23.97305196,37.95846365,4910,Θολότητα,"Τελικό Αποτέλεσμα",NTU,0.28
29/11/2023,23.78300677,38.09159562,1940,Θολότητα,"Τελικό Αποτέλεσμα",NTU,0.289
29/11/2024,23.783006772263,38.091595618101,1940,Θολότητα,"Τελικό Αποτέλεσμα",NTU,0.261
29/11/2024,23.578262320495,37.964273133574,2520,Θολότητα,"Τελικό Αποτέλεσμα",NTU,0.244
29/11/2024,23.573199699245,37.964696686365,2530,Θολότητα,"Τελικό Αποτέλεσμα",NTU,0.234
29/11/2024,23.532576218429,37.93452623243,2560,Θολότητα,"Τελικό Αποτέλεσμα",NTU,0.181
29/11/2024,23.535529831273,37.93206091596,2570,Θολότητα,"Τελικό Αποτέλεσμα",NTU,0.261
29/11/2024,23.614471567765,37.959304282216,2700,Θολότητα,"Τελικό Αποτέλεσμα",NTU,0.269
29/12/2023,23.78300677,38.09159562,1940,Θολότητα,"Τελικό Αποτέλεσμα",NTU,0.22
29/12/2024,23.783006772263,38.091595618101,1940,Θολότητα,"Τελικό Αποτέλεσμα",NTU,0.096
30/01/2023,24.05264935,37.72249387,170200,Θολότητα,"Τελικό Αποτέλεσμα",NTU,0.173
30/01/2023,23.78300677,38.09159562,1940,Θολότητα,"Τελικό Αποτέλεσμα",NTU,0.287
30/01/2023,23.78256861,38.1336252,1932,Θολότητα,"Τελικό Αποτέλεσμα",NTU,0.126
30/01/2025,23.578262320495,37.964273133574,2520,Θολότητα,"Τελικό Αποτέλεσμα",NTU,0.481
30/01/2025,23.573199699245,37.964696686365,2530,Θολότητα,"Τελικό Αποτέλεσμα",NTU,0.369
30/01/2025,23.532576218429,37.93452623243,2560,Θολότητα,"Τελικό Αποτέλεσμα",NTU,0.328
30/01/2025,23.535529831273,37.93206091596,2570,Θολότητα,"Τελικό Αποτέλεσμα",NTU,0.4
30/01/2025,23.614471567765,37.959304282216,2700,Θολότητα,"Τελικό Αποτέλεσμα",NTU,0.4
30/01/2025,23.494751977414,37.967937622846,2630,Θολότητα,"Τελικό Αποτέλεσμα",NTU,0.215
30/01/2025,23.783006772263,38.091595618101,1940,Θολότητα,"Τελικό Αποτέλεσμα",NTU,0.28
30/03/2023,23.78300677,38.09159562,1940,Θολότητα,"Τελικό Αποτέλεσμα",NTU,0.276
30/03/2023,23.84875164,38.12416671,4710,Θολότητα,"Τελικό Αποτέλεσμα",NTU,0.156
30/03/2023,23.9087001,38.16824113,4720,Θολότητα,"Τελικό Αποτέλεσμα",NTU,0.122
30/03/2023,24.03457233,38.19040155,4750,Θολότητα,"Τελικό Αποτέλεσμα",NTU,0.066
30/03/2023,23.97713814,38.08574303,4770,Θολότητα,"Τελικό Αποτέλεσμα",NTU,0.085
30/03/2023,23.98944122,38.03778338,4771,Θολότητα,"Τελικό Αποτέλεσμα",NTU,0.078
30/03/2023,23.9814898,38.06170646,4800,Θολότητα,"Τελικό Αποτέλεσμα",NTU,0.268
30/03/2023,24.01205071,38.01437011,4852,Θολότητα,"Τελικό Αποτέλεσμα",NTU,0.14
30/03/2023,24.00732001,37.98416724,4890,Θολότητα,"Τελικό Αποτέλεσμα",NTU,0.065
30/03/2023,23.9069807,37.96451242,4902,Θολότητα,"Τελικό Αποτέλεσμα",NTU,0.34
30/03/2023,23.97305196,37.95846365,4910,Θολότητα,"Τελικό Αποτέλεσμα",NTU,0.08
30/03/2025,23.783006772263,38.091595618101,1940,Θολότητα,"Τελικό Αποτέλεσμα",NTU,0.202
30/04/2023,23.78300677,38.09159562,1940,Θολότητα,"Τελικό Αποτέλεσμα",NTU,0.207
30/04/2023,23.70623737,37.95093926,8190,Θολότητα,"Τελικό Αποτέλεσμα",NTU,0.498
30/04/2025,23.783006772263,38.091595618101,1940,Θολότητα,"Τελικό Αποτέλεσμα",NTU,0.193
30/04/2025,23.776624696051,37.884348958134,1918,Θολότητα,"Τελικό Αποτέλεσμα",NTU,0.135
30/04/2025,23.763828567739,37.889033553169,1920,Θολότητα,"Τελικό Αποτέλεσμα",NTU,0.397
30/04/2025,23.755560418361,37.919430807212,1924,Θολότητα,"Τελικό Αποτέλεσμα",NTU,0.263
30/04/2025,23.749512420594,37.999646302315,1942,Θολότητα,"Τελικό Αποτέλεσμα",NTU,0.177
30/04/2025,23.732887017961,37.955671997184,1944,Θολότητα,"Τελικό Αποτέλεσμα",NTU,0.38
30/04/2025,23.777569470988,37.889946836445,1963,Θολότητα,"Τελικό Αποτέλεσμα",NTU,0.132
30/04/2025,23.848751638879,38.124166714577,4710,Θολότητα,"Τελικό Αποτέλεσμα",NTU,0.169
30/04/2025,23.908700098241,38.168241126955,4720,Θολότητα,"Τελικό Αποτέλεσμα",NTU,0.226
30/04/2025,24.034572330748,38.190401550712,4750,Θολότητα,"Τελικό Αποτέλεσμα",NTU,0.186
30/04/2025,23.977138138398,38.085743034532,4770,Θολότητα,"Τελικό Αποτέλεσμα",NTU,0.14
30/04/2025,23.989441223817,38.037783380352,4771,Θολότητα,"Τελικό Αποτέλεσμα",NTU,0.196
30/04/2025,24.012050710459,38.014370105797,4852,Θολότητα,"Τελικό Αποτέλεσμα",NTU,0.428
30/04/2025,23.90698069658,37.964512417317,4902,Θολότητα,"Τελικό Αποτέλεσμα",NTU,0.377
30/04/2025,23.973051962748,37.958463647889,4910,Θολότητα,"Τελικό Αποτέλεσμα",NTU,0.891
30/05/2023,23.84875164,38.12416671,4710,Θολότητα,"Τελικό Αποτέλεσμα",NTU,0.123
30/05/2023,23.9087001,38.16824113,4720,Θολότητα,"Τελικό Αποτέλεσμα",NTU,0.2
30/05/2023,24.03457233,38.19040155,4750,Θολότητα,"Τελικό Αποτέλεσμα",NTU,0.18
30/05/2023,23.97713814,38.08574303,4770,Θολότητα,"Τελικό Αποτέλεσμα",NTU,0.1
30/05/2023,23.98944122,38.03778338,4771,Θολότητα,"Τελικό Αποτέλεσμα",NTU,0.189
30/05/2023,23.9814898,38.06170646,4800,Θολότητα,"Τελικό Αποτέλεσμα",NTU,0.122
30/05/2023,24.01205071,38.01437011,4852,Θολότητα,"Τελικό Αποτέλεσμα",NTU,0.063
30/05/2023,24.00732001,37.98416724,4890,Θολότητα,"Τελικό Αποτέλεσμα",NTU,0.183
30/05/2023,23.9069807,37.96451242,4902,Θολότητα,"Τελικό Αποτέλεσμα",NTU,0.39
30/05/2023,23.97305196,37.95846365,4910,Θολότητα,"Τελικό Αποτέλεσμα",NTU,0.253
30/05/2023,23.78300677,38.09159562,1940,Θολότητα,"Τελικό Αποτέλεσμα",NTU,0.281
30/05/2023,23.63673627,37.98591907,1935,Θολότητα,"Τελικό Αποτέλεσμα",NTU,0.531
30/05/2024,23.578262320495,37.964273133574,2520,Θολότητα,"Τελικό Αποτέλεσμα",NTU,0.209
30/05/2024,23.532576218429,37.93452623243,2560,Θολότητα,"Τελικό Αποτέλεσμα",NTU,0.108
30/05/2024,23.535529831273,37.93206091596,2570,Θολότητα,"Τελικό Αποτέλεσμα",NTU,0.124
30/05/2024,23.614471567765,37.959304282216,2700,Θολότητα,"Τελικό Αποτέλεσμα",NTU,0.171
30/05/2024,23.82140342159,38.077356072108,3070,Θολότητα,"Τελικό Αποτέλεσμα",NTU,0.21
30/05/2024,23.697528385889,37.971702343756,7270,Θολότητα,"Τελικό Αποτέλεσμα",NTU,0.162
30/05/2024,23.782568605776,38.133625196225,1932,Θολότητα,"Τελικό Αποτέλεσμα",NTU,0.18
30/05/2024,23.749963626012,38.12819997308,1933,Θολότητα,"Τελικό Αποτέλεσμα",NTU,0.378
30/05/2024,23.852750702101,38.123335690418,1946,Θολότητα,"Τελικό Αποτέλεσμα",NTU,0.284
30/05/2024,23.83967824129,38.078175269616,1948,Θολότητα,"Τελικό Αποτέλεσμα",NTU,0.188
30/05/2024,23.829593872837,38.079036127069,1949,Θολότητα,"Τελικό Αποτέλεσμα",NTU,0.46
30/05/2024,23.812910673641,38.068454234426,1954,Θολότητα,"Τελικό Αποτέλεσμα",NTU,0.27
30/05/2024,23.864708334331,38.100617213765,1956,Θολότητα,"Τελικό Αποτέλεσμα",NTU,0.17
30/05/2024,23.783006772263,38.091595618101,1940,Θολότητα,"Τελικό Αποτέλεσμα",NTU,0.2
30/05/2025,23.783006772263,38.091595618101,1940,Θολότητα,"Τελικό Αποτέλεσμα",NTU,0.182
30/06/2023,23.84875164,38.12416671,4710,Θολότητα,"Τελικό Αποτέλεσμα",NTU,0.221
30/06/2023,23.9087001,38.16824113,4720,Θολότητα,"Τελικό Αποτέλεσμα",NTU,0.224
30/06/2023,24.03457233,38.19040155,4750,Θολότητα,"Τελικό Αποτέλεσμα",NTU,0.339
30/06/2023,23.97713814,38.08574303,4770,Θολότητα,"Τελικό Αποτέλεσμα",NTU,0.154
30/06/2023,23.98944122,38.03778338,4771,Θολότητα,"Τελικό Αποτέλεσμα",NTU,0.148
30/06/2023,23.9814898,38.06170646,4800,Θολότητα,"Τελικό Αποτέλεσμα",NTU,0.11
30/06/2023,24.01205071,38.01437011,4852,Θολότητα,"Τελικό Αποτέλεσμα",NTU,0.303
30/06/2023,24.00732001,37.98416724,4890,Θολότητα,"Τελικό Αποτέλεσμα",NTU,0.071
30/06/2023,23.9069807,37.96451242,4902,Θολότητα,"Τελικό Αποτέλεσμα",NTU,0.275
30/06/2023,23.97305196,37.95846365,4910,Θολότητα,"Τελικό Αποτέλεσμα",NTU,0.341
30/06/2023,23.78300677,38.09159562,1940,Θολότητα,"Τελικό Αποτέλεσμα",NTU,0.279
30/06/2024,23.783006772263,38.091595618101,1940,Θολότητα,"Τελικό Αποτέλεσμα",NTU,0.134
30/06/2024,23.804750637211,38.091557777528,3050,Θολότητα,"Τελικό Αποτέλεσμα",NTU,0.224
30/06/2025,23.711092519709,38.030604970232,2080,Θολότητα,"Τελικό Αποτέλεσμα",NTU,0.379
30/06/2025,23.416568705309,37.911777864914,1967,Θολότητα,"Τελικό Αποτέλεσμα",NTU,0.292
30/06/2025,23.417424198698,37.907419057485,2601,Θολότητα,"Τελικό Αποτέλεσμα",NTU,0.329
30/06/2025,23.848751638879,38.124166714577,4710,Θολότητα,"Τελικό Αποτέλεσμα",NTU,0.99
30/06/2025,23.908700098241,38.168241126955,4720,Θολότητα,"Τελικό Αποτέλεσμα",NTU,0.257
30/06/2025,24.034572330748,38.190401550712,4750,Θολότητα,"Τελικό Αποτέλεσμα",NTU,0.208
30/06/2025,23.977138138398,38.085743034532,4770,Θολότητα,"Τελικό Αποτέλεσμα",NTU,0.216
30/06/2025,23.989441223817,38.037783380352,4771,Θολότητα,"Τελικό Αποτέλεσμα",NTU,0.213
30/06/2025,24.012050710459,38.014370105797,4852,Θολότητα,"Τελικό Αποτέλεσμα",NTU,0.197
30/06/2025,24.007320013182,37.984167240863,4890,Θολότητα,"Τελικό Αποτέλεσμα",NTU,0.272
30/06/2025,23.90698069658,37.964512417317,4902,Θολότητα,"Τελικό Αποτέλεσμα",NTU,0.316
30/06/2025,23.973051962748,37.958463647889,4910,Θολότητα,"Τελικό Αποτέλεσμα",NTU,0.319
30/06/2025,23.75945556984,37.970685038508,4090,Θολότητα,"Τελικό Αποτέλεσμα",NTU,0.249
30/07/2023,23.78300677,38.09159562,1940,Θολότητα,"Τελικό Αποτέλεσμα",NTU,0.168
30/07/2024,23.783006772263,38.091595618101,1940,Θολότητα,"Τελικό Αποτέλεσμα",NTU,0.184
30/07/2024,22.898432401038,38.254054888272,7011,Θολότητα,"Τελικό Αποτέλεσμα",NTU,0.223
30/07/2025,23.848751638879,38.124166714577,4710,Θολότητα,"Τελικό Αποτέλεσμα",NTU,0.496
30/07/2025,23.908700098241,38.168241126955,4720,Θολότητα,"Τελικό Αποτέλεσμα",NTU,0.547
30/07/2025,24.034572330748,38.190401550712,4750,Θολότητα,"Τελικό Αποτέλεσμα",NTU,0.654
30/07/2025,23.977138138398,38.085743034532,4770,Θολότητα,"Τελικό Αποτέλεσμα",NTU,0.175
30/07/2025,23.989441223817,38.037783380352,4771,Θολότητα,"Τελικό Αποτέλεσμα",NTU,0.495
30/07/2025,24.012050710459,38.014370105797,4852,Θολότητα,"Τελικό Αποτέλεσμα",NTU,0.514
30/07/2025,24.007320013182,37.984167240863,4890,Θολότητα,"Τελικό Αποτέλεσμα",NTU,0.503
30/07/2025,23.90698069658,37.964512417317,4902,Θολότητα,"Τελικό Αποτέλεσμα",NTU,0.151
30/07/2025,23.973051962748,37.958463647889,4910,Θολότητα,"Τελικό Αποτέλεσμα",NTU,0.3
30/08/2023,23.78300677,38.09159562,1940,Θολότητα,"Τελικό Αποτέλεσμα",NTU,0.16
30/08/2023,23.41656871,37.91177786,1967,Θολότητα,"Τελικό Αποτέλεσμα",NTU,0.293
30/08/2023,23.4174242,37.90741906,2601,Θολότητα,"Τελικό Αποτέλεσμα",NTU,0.246
30/08/2024,23.783006772263,38.091595618101,1940,Θολότητα,"Τελικό Αποτέλεσμα",NTU,0.28
30/09/2023,23.78300677,38.09159562,1940,Θολότητα,"Τελικό Αποτέλεσμα",NTU,0.153
30/09/2024,23.783006772263,38.091595618101,1940,Θολότητα,"Τελικό Αποτέλεσμα",NTU,0.232
30/09/2024,23.787819251812,38.087809697248,195,Θολότητα,"Τελικό Αποτέλεσμα",NTU,0.364
30/09/2024,23.531536570322,38.071725317014,2260,Θολότητα,"Τελικό Αποτέλεσμα",NTU,0.113
30/09/2024,23.751213344423,38.120529261783,2270,Θολότητα,"Τελικό Αποτέλεσμα",NTU,0.376
30/10/2023,23.78300677,38.09159562,1940,Θολότητα,"Τελικό Αποτέλεσμα",NTU,0.168
30/10/2023,23.84875164,38.12416671,4710,Θολότητα,"Τελικό Αποτέλεσμα",NTU,0.217
30/10/2023,23.9087001,38.16824113,4720,Θολότητα,"Τελικό Αποτέλεσμα",NTU,0.23
30/10/2023,24.03457233,38.19040155,4750,Θολότητα,"Τελικό Αποτέλεσμα",NTU,0.215
30/10/2023,23.97713814,38.08574303,4770,Θολότητα,"Τελικό Αποτέλεσμα",NTU,0.422
30/10/2023,23.98944122,38.03778338,4771,Θολότητα,"Τελικό Αποτέλεσμα",NTU,0.105
30/10/2023,23.9814898,38.06170646,4800,Θολότητα,"Τελικό Αποτέλεσμα",NTU,0.327
30/10/2023,24.01205071,38.01437011,4852,Θολότητα,"Τελικό Αποτέλεσμα",NTU,0.273
30/10/2023,24.00732001,37.98416724,4890,Θολότητα,"Τελικό Αποτέλεσμα",NTU,0.124
30/10/2023,23.9069807,37.96451242,4902,Θολότητα,"Τελικό Αποτέλεσμα",NTU,0.26
30/10/2023,23.97305196,37.95846365,4910,Θολότητα,"Τελικό Αποτέλεσμα",NTU,0.327
30/10/2024,23.656184913017,37.980594422153,6030,Θολότητα,"Τελικό Αποτέλεσμα",NTU,0.138
30/10/2024,23.783006772263,38.091595618101,1940,Θολότητα,"Τελικό Αποτέλεσμα",NTU,0.187
30/10/2024,23.535032621057,37.956778546223,2550,Θολότητα,"Τελικό Αποτέλεσμα",NTU,0.112
30/10/2024,23.578262320495,37.964273133574,2520,Θολότητα,"Τελικό Αποτέλεσμα",NTU,0.252
30/10/2024,23.573199699245,37.964696686365,2530,Θολότητα,"Τελικό Αποτέλεσμα",NTU,0.223
30/10/2024,23.532576218429,37.93452623243,2560,Θολότητα,"Τελικό Αποτέλεσμα",NTU,0.133
30/10/2024,23.535529831273,37.93206091596,2570,Θολότητα,"Τελικό Αποτέλεσμα",NTU,0.116
30/10/2024,23.614471567765,37.959304282216,2700,Θολότητα,"Τελικό Αποτέλεσμα",NTU,0.306
30/10/2024,23.64440874197,37.959511773378,1928,Θολότητα,"Τελικό Αποτέλεσμα",NTU,0.136
30/10/2024,23.655737542216,37.93998667845,1930,Θολότητα,"Τελικό Αποτέλεσμα",NTU,0.138
30/10/2024,23.686325223496,38.049805201469,1939,Θολότητα,"Τελικό Αποτέλεσμα",NTU,0.263
30/10/2024,23.577422634042,37.968422519545,1943,Θολότητα,"Τελικό Αποτέλεσμα",NTU,0.113
30/10/2024,23.576866413715,37.966827860412,1945,Θολότητα,"Τελικό Αποτέλεσμα",NTU,0.268
30/11/2023,23.78300677,38.09159562,1940,Θολότητα,"Τελικό Αποτέλεσμα",NTU,0.242
30/11/2023,23.57742263,37.96842252,1943,Θολότητα,"Τελικό Αποτέλεσμα",NTU,0.326
30/11/2023,23.98944122,38.03778338,4771,Θολότητα,"Τελικό Αποτέλεσμα",NTU,0.091
30/11/2024,23.783006772263,38.091595618101,1940,Θολότητα,"Τελικό Αποτέλεσμα",NTU,0.094
30/12/2023,23.78300677,38.09159562,1940,Θολότητα,"Τελικό Αποτέλεσμα",NTU,0.241
30/12/2024,22.898432401038,38.254054888272,7011,Θολότητα,"Τελικό Αποτέλεσμα",NTU,0.136
30/12/2024,23.578262320495,37.964273133574,2520,Θολότητα,"Τελικό Αποτέλεσμα",NTU,0.316
30/12/2024,23.573199699245,37.964696686365,2530,Θολότητα,"Τελικό Αποτέλεσμα",NTU,0.27
30/12/2024,23.535529831273,37.93206091596,2570,Θολότητα,"Τελικό Αποτέλεσμα",NTU,0.34
30/12/2024,23.783006772263,38.091595618101,1940,Θολότητα,"Τελικό Αποτέλεσμα",NTU,0.162
30/12/2024,23.614471567765,37.959304282216,2700,Θολότητα,"Τελικό Αποτέλεσμα",NTU,0.101
31/01/2023,23.78300677,38.09159562,1940,Θολότητα,"Τελικό Αποτέλεσμα",NTU,0.269
31/01/2023,23.64020099,37.97361646,6060,Θολότητα,"Τελικό Αποτέλεσμα",NTU,0.109
31/01/2023,23.68251737,37.96148113,8100,Θολότητα,"Τελικό Αποτέλεσμα",NTU,0.124
31/01/2023,23.84875164,38.12416671,4710,Θολότητα,"Τελικό Αποτέλεσμα",NTU,0.164
31/01/2023,23.9087001,38.16824113,4720,Θολότητα,"Τελικό Αποτέλεσμα",NTU,0.108
31/01/2023,24.03457233,38.19040155,4750,Θολότητα,"Τελικό Αποτέλεσμα",NTU,0.077
31/01/2023,23.97713814,38.08574303,4770,Θολότητα,"Τελικό Αποτέλεσμα",NTU,0.243
31/01/2023,23.98944122,38.03778338,4771,Θολότητα,"Τελικό Αποτέλεσμα",NTU,0.2
31/01/2023,23.9814898,38.06170646,4800,Θολότητα,"Τελικό Αποτέλεσμα",NTU,0.28
31/01/2023,24.01205071,38.01437011,4852,Θολότητα,"Τελικό Αποτέλεσμα",NTU,0.32
31/01/2023,24.00732001,37.98416724,4890,Θολότητα,"Τελικό Αποτέλεσμα",NTU,0.137
31/01/2023,23.9069807,37.96451242,4902,Θολότητα,"Τελικό Αποτέλεσμα",NTU,0.305
31/01/2023,23.97305196,37.95846365,4910,Θολότητα,"Τελικό Αποτέλεσμα",NTU,0.109
31/01/2025,23.783006772263,38.091595618101,1940,Θολότητα,"Τελικό Αποτέλεσμα",NTU,0.265
31/01/2025,23.765100402535,38.018891552708,1952,Θολότητα,"Τελικό Αποτέλεσμα",NTU,0.239
31/01/2025,24.052649352415,37.722493870117,170200,Θολότητα,"Τελικό Αποτέλεσμα",NTU,0.286
31/03/2023,23.78300677,38.09159562,1940,Θολότητα,"Τελικό Αποτέλεσμα",NTU,0.209
31/03/2023,23.53552983,37.93206092,2570,Θολότητα,"Τελικό Αποτέλεσμα",NTU,0.119
31/03/2025,24.052649352415,37.722493870117,170200,Θολότητα,"Τελικό Αποτέλεσμα",NTU,0.373
31/03/2025,23.776624696051,37.884348958134,1918,Θολότητα,"Τελικό Αποτέλεσμα",NTU,0.225
31/03/2025,23.763828567739,37.889033553169,1920,Θολότητα,"Τελικό Αποτέλεσμα",NTU,0.732
31/03/2025,23.749512420594,37.999646302315,1942,Θολότητα,"Τελικό Αποτέλεσμα",NTU,0.3
31/03/2025,23.732887017961,37.955671997184,1944,Θολότητα,"Τελικό Αποτέλεσμα",NTU,0.132
31/03/2025,23.777569470988,37.889946836445,1963,Θολότητα,"Τελικό Αποτέλεσμα",NTU,0.212
31/03/2025,23.782568605776,38.133625196225,1932,Θολότητα,"Τελικό Αποτέλεσμα",NTU,0.147
31/03/2025,23.749963626012,38.12819997308,1933,Θολότητα,"Τελικό Αποτέλεσμα",NTU,0.296
31/03/2025,23.852750702101,38.123335690418,1946,Θολότητα,"Τελικό Αποτέλεσμα",NTU,0.201
31/03/2025,23.83967824129,38.078175269616,1948,Θολότητα,"Τελικό Αποτέλεσμα",NTU,0.358
31/03/2025,23.829593872837,38.079036127069,1949,Θολότητα,"Τελικό Αποτέλεσμα",NTU,0.337
31/03/2025,23.812910673641,38.068454234426,1954,Θολότητα,"Τελικό Αποτέλεσμα",NTU,0.259
31/03/2025,23.864708334331,38.100617213765,1956,Θολότητα,"Τελικό Αποτέλεσμα",NTU,0.206
31/03/2025,23.77628215803,38.121900924356,210,Θολότητα,"Τελικό Αποτέλεσμα",NTU,0.225
31/03/2025,23.783006772263,38.091595618101,1940,Θολότητα,"Τελικό Αποτέλεσμα",NTU,0.259
31/05/2023,23.78300677,38.09159562,1940,Θολότητα,"Τελικό Αποτέλεσμα",NTU,0.216
31/05/2024,23.783006772263,38.091595618101,1940,Θολότητα,"Τελικό Αποτέλεσμα",NTU,0.25
31/05/2024,23.848751638879,38.124166714577,4710,Θολότητα,"Τελικό Αποτέλεσμα",NTU,0.165
31/05/2024,23.908700098241,38.168241126955,4720,Θολότητα,"Τελικό Αποτέλεσμα",NTU,0.115
31/05/2024,24.034572330748,38.190401550712,4750,Θολότητα,"Τελικό Αποτέλεσμα",NTU,0.287
31/05/2024,24.007320013182,37.984167240863,4890,Θολότητα,"Τελικό Αποτέλεσμα",NTU,0.345
31/05/2024,23.90698069658,37.964512417317,4902,Θολότητα,"Τελικό Αποτέλεσμα",NTU,0.206
31/05/2024,23.973051962748,37.958463647889,4910,Θολότητα,"Τελικό Αποτέλεσμα",NTU,0.281
31/05/2025,23.783006772263,38.091595618101,1940,Θολότητα,"Τελικό Αποτέλεσμα",NTU,0.186
31/07/2023,23.78300677,38.09159562,1940,Θολότητα,"Τελικό Αποτέλεσμα",NTU,0.147
31/07/2023,23.5731997,37.96469669,2530,Θολότητα,"Τελικό Αποτέλεσμα",NTU,0.359
31/07/2023,23.61447157,37.95930428,2700,Θολότητα,"Τελικό Αποτέλεσμα",NTU,0.172
31/07/2024,23.783006772263,38.091595618101,1940,Θολότητα,"Τελικό Αποτέλεσμα",NTU,0.192
31/07/2024,23.578262320495,37.964273133574,2520,Θολότητα,"Τελικό Αποτέλεσμα",NTU,0.359
31/07/2024,23.573199699245,37.964696686365,2530,Θολότητα,"Τελικό Αποτέλεσμα",NTU,0.44
31/07/2024,23.535529831273,37.93206091596,2570,Θολότητα,"Τελικό Αποτέλεσμα",NTU,0.387
31/07/2024,23.614471567765,37.959304282216,2700,Θολότητα,"Τελικό Αποτέλεσμα",NTU,0.237
31/07/2024,23.757964952407,37.860354353668,5050,Θολότητα,"Τελικό Αποτέλεσμα",NTU,0.173
31/07/2024,23.786337962388,37.822894363003,5110,Θολότητα,"Τελικό Αποτέλεσμα",NTU,0.365
31/07/2025,23.531536570322,38.071725317014,2260,Θολότητα,"Τελικό Αποτέλεσμα",NTU,0.086
31/07/2025,23.751213344423,38.120529261783,2270,Θολότητα,"Τελικό Αποτέλεσμα",NTU,0.088
31/08/2023,23.84875164,38.12416671,4710,Θολότητα,"Τελικό Αποτέλεσμα",NTU,0.284
31/08/2023,23.9087001,38.16824113,4720,Θολότητα,"Τελικό Αποτέλεσμα",NTU,0.132
31/08/2023,24.03457233,38.19040155,4750,Θολότητα,"Τελικό Αποτέλεσμα",NTU,0.097
31/08/2023,23.97713814,38.08574303,4770,Θολότητα,"Τελικό Αποτέλεσμα",NTU,0.138
31/08/2023,23.98944122,38.03778338,4771,Θολότητα,"Τελικό Αποτέλεσμα",NTU,0.23
31/08/2023,23.9814898,38.06170646,4800,Θολότητα,"Τελικό Αποτέλεσμα",NTU,0.171
31/08/2023,24.01205071,38.01437011,4852,Θολότητα,"Τελικό Αποτέλεσμα",NTU,0.147
31/08/2023,24.00732001,37.98416724,4890,Θολότητα,"Τελικό Αποτέλεσμα",NTU,0.093
31/08/2023,23.9069807,37.96451242,4902,Θολότητα,"Τελικό Αποτέλεσμα",NTU,0.289
31/08/2023,23.97305196,37.95846365,4910,Θολότητα,"Τελικό Αποτέλεσμα",NTU,0.174
31/08/2023,23.53153657,38.07172532,2260,Θολότητα,"Τελικό Αποτέλεσμα",NTU,0.215
31/08/2023,23.75121334,38.12052926,2270,Θολότητα,"Τελικό Αποτέλεσμα",NTU,0.236
31/08/2023,23.48905185,37.97043569,2580,Θολότητα,"Τελικό Αποτέλεσμα",NTU,0.256
31/08/2023,23.52045976,37.94358544,1927,Θολότητα,"Τελικό Αποτέλεσμα",NTU,0.3
31/08/2023,23.46565745,37.91849312,1929,Θολότητα,"Τελικό Αποτέλεσμα",NTU,0.276
31/08/2023,23.49030054,37.99544729,1931,Θολότητα,"Τελικό Αποτέλεσμα",NTU,0.556
31/08/2023,23.78300677,38.09159562,1940,Θολότητα,"Τελικό Αποτέλεσμα",NTU,0.228
31/08/2023,23.83405829,38.05503536,13210,Θολότητα,"Τελικό Αποτέλεσμα",NTU,0.22
31/08/2024,23.783006772263,38.091595618101,1940,Θολότητα,"Τελικό Αποτέλεσμα",NTU,0.138
31/10/2023,23.78300677,38.09159562,1940,Θολότητα,"Τελικό Αποτέλεσμα",NTU,0.236
31/10/2024,24.052649352415,37.722493870117,170200,Θολότητα,"Τελικό Αποτέλεσμα",NTU,0.28
31/10/2024,23.787819251812,38.087809697248,195,Θολότητα,"Τελικό Αποτέλεσμα",NTU,0.133
31/10/2024,23.71621067377,37.955141392609,8260,Θολότητα,"Τελικό Αποτέλεσμα",NTU,0.269
31/10/2024,23.783006772263,38.091595618101,1940,Θολότητα,"Τελικό Αποτέλεσμα",NTU,0.147
31/12/2023,23.78300677,38.09159562,1940,Θολότητα,"Τελικό Αποτέλεσμα",NTU,0.245
31/12/2024,23.783006772263,38.091595618101,1940,Θολότητα,"Τελικό Αποτέλεσμα",NTU,0.149
