ΤΚ,Περιοχή,2023-01,2023-02,2023-03,2023-04,2023-05,2023-06,2023-07,2023-08,2023-09,2023-10,2023-11,2023-12,2024-01,2024-02,2024-03,2024-04,2024-05,2024-06,2024-07,2024-08,2024-09,2024-10,2024-11,2024-12,2025-01,2025-02,2025-03,cluster_post_kmeans,cluster_post_hierarchical,cluster_post_dtw,cluster_post_feature
10431,ΚΕΝΤΡΟ,-0.5559913611013906,-1.5995464455599642,-1.061434997660891,1.4294856169815304,1.9267623007061376,-0.014250156386809293,1.1422811089544533,1.2779432699340678,1.110974456420696,-0.62314186218829,-0.10454035717257283,0.5116108622599241,-1.6771324974914494,-0.7029965121294679,-0.29691746839450117,1.2493589350119418,0.485748844949429,0.31832631183411875,-0.4030878552481126,-1.5083488055703236,-1.7020870755980675,-0.14129164492959218,0.04427967226325853,0.641374668414338,0.02340857057408706,-0.29056539396736203,0.5197778150948172,0,1,1,1
10432,ΚΕΝΤΡΟ,-0.38885913774326014,-1.126724463694415,-0.3963355595962337,-0.26118485686940485,1.3134646072414773,-1.1324755574274714,-0.4003613252093733,1.0121072956293145,0.945969717699164,1.3031126385219756,-0.41703949703523724,0.09595806395340663,-2.4109436942859417,-0.43199234074118426,-0.3089189348537742,2.078360073737998,-0.03459176378697695,-0.2657857318558501,1.269181185496942,-0.2111503413918129,-1.0962436669092153,-0.19677260705917154,0.551444687611485,1.2870095760694173,-0.7057444024346758,-0.9139339955713228,0.8424500305041462,1,1,1,1
10432,ΜΟΥΣΕΙΟ,0.3743699152286594,-0.1995029354702406,0.6091360814236639,0.6873914701553321,0.896072506773114,-1.5689722382744338,0.8178171180414457,0.8178171180414457,0.8439022476186685,1.469945357472014,1.1047535433908957,0.5700083870578299,-0.016907028429681507,-0.3820988425107997,-0.14733267631579514,-0.8516311749008088,-0.682077832648861,-0.9950993875755338,-1.1776952946160928,-1.1776952946160928,-3.121037448119186,0.5700083870578299,0.4526253039603276,0.5178381279033845,0.4004550448058821,-0.14733267631579514,0.3352422208628253,0,1,0,0
10432,ΠΛΑΤΕΙΑ ΒΑΘΗΣ,-0.04822596211984208,-0.9966270733687748,-0.36724937065696023,-0.09503917967691919,1.179320631599069,-0.40886111959658433,0.5447414602698014,0.5412738145248327,0.30200625812199416,0.5932885006993629,-0.8319139004827627,-0.6966757164289844,-3.904248030525009,0.4285753278133508,0.10955191927623266,0.9521898353036208,-0.11237740840176257,0.10955191927623266,1.6318484013174812,0.9799310012633702,-0.25455088394547826,0.35402094429652425,0.09394751342387361,0.5256694086724737,-0.35511261054956983,-0.6169198642947048,0.3418841841891339,1,1,0,0
10433,ΚΕΝΤΡΟ,0.39534573499335496,-0.056374046848178726,0.2971457824191085,-0.7830536958976024,-0.6652137528085067,-1.0776535536203418,1.0631054124982309,1.1023853935279293,0.8667055073497378,0.39534573499335496,0.2578658013894099,-0.17421398993727447,-0.24295395673924697,-0.3116939235412195,-4.102212092907132,0.2775057919042592,0.4346257160230535,0.37570574447850563,0.6113856306566972,0.6113856306566972,-0.3116939235412195,0.5131856780824506,0.37570574447850563,1.0434654219833814,-0.25277395199667163,-0.6259337717788082,-0.017094065818480143,1,1,0,0
10433,ΜΟΥΣΕΙΟ,-0.4644366919613967,-0.8868128636784339,-0.35685030859950984,-0.41662052157833585,-0.2612179678333882,-2.293405209113473,1.1413896967363957,1.1413896967363957,1.2489760800982825,1.3565624634601694,1.1453743776016507,1.440240761630526,0.3006220341675764,-0.05401456284012466,0.5795496947354312,0.5954884181964515,0.7947224614592049,-0.03409115851384932,-0.5162375432097126,-0.5202222240749677,-2.6759345721779595,0.22092841686247502,0.0017709692734462943,-0.1376928610104811,-0.3249728616774693,-0.7991498846428224,-0.22535584004609258,1,1,0,1
10433,ΠΛΑΤΕΙΑ ΒΑΘΗΣ,-0.34305219543194904,-1.6998280982540175,-0.2668288301048665,-0.6136451423430919,-0.007669387992786011,-2.2460955497647754,0.8244356834945312,0.6389588278652972,0.5347868952516178,1.605725178097127,0.9362299526409189,1.0226164333449457,0.3556619867329739,-0.44722412804562844,0.15875162630467746,0.36582510210991825,0.7736201066098096,0.31755030406943263,0.815542957539705,0.0596612513794702,-2.2753145064734905,0.18924097243551044,1.0124533179680015,0.755834654700157,-0.5653703443026064,-1.596926555062456,-0.3049405127684078,1,1,0,0
10433,ΑΓΓΕΛΟΠΟΥΛΟΥ,0.27651391090641014,-0.340324813423274,-0.10635150419477313,-1.4251101562099597,-1.2549477494983228,-2.7013282065472373,-0.7019199276855026,-0.7019199276855026,-0.29778421174536474,1.361299253693096,1.0847853427866858,0.8082714318802757,0.06381090251686387,-0.3615951142622286,0.0850812033558185,0.04254060167790925,0.2552436100674555,0.23397330922850088,0.6381090251686388,0.5955684234907295,-1.8079755713111432,1.4463804570489145,1.2124071478204137,1.2124071478204137,0.12762180503372775,-0.48921691929595634,0.7444605293634119,1,1,0,1
10433,ΠΛΑΤΕΙΑ ΒΙΚΤΩΡΙΑΣ,-0.26399789714156785,-1.387553127588032,-0.4488006242483021,-0.7209027991293832,-0.43746303362825706,-2.5916052514368157,-0.3263546455518156,-0.3297559227378291,-0.3966477073960949,0.8425509473748287,-0.12794680970102726,0.28134021168259893,-0.08486396534485609,-0.783259547539631,0.46047414347931065,0.7133024143063152,0.9071752139090855,0.26320006669052687,0.7529839814764728,0.7484489452284548,-2.1505729763170636,1.528475179887554,1.1361945444339954,1.4899273717794008,0.30401539292268903,-0.423857924884203,1.0454938194736352,1,1,0,1
10434,ΜΟΥΣΕΙΟ,-0.007156144129695424,-0.13981183083240942,0.0005340406066937928,0.05244278757732101,0.11396426546843474,0.06590061086600214,-1.4183050432571167,0.16587301243906197,0.11588681165253205,-1.229895517215581,2.782458368995493,2.920881694250499,-0.7838648025050063,-0.032149244522960384,0.06397806468190484,0.0024565867907910973,0.0485976952091264,-0.9761194209147368,-1.3337130111568354,-1.4144599508889222,-0.5137470636393351,0.38696582361025195,0.3504374461124032,0.4100363778194196,0.185098474280035,0.015914410079472228,0.16779555862315926,0,1,1,1
10434,ΑΓΓΕΛΟΠΟΥΛΟΥ,1.3235862630710624,1.1143460625131512,1.4373543848370494,0.4666661412313495,0.4260821913616115,0.13401081443021864,-0.2136140020769631,0.28936085204634676,0.1918928412936154,-1.7148874919304666,0.3881594841062826,0.46999269449936076,-1.6164215151973318,0.08477782606365127,0.22282978668612058,0.340922427700522,0.4427149577016681,-1.0568952555178297,-1.8549353845137426,-1.9697014722601327,-1.9886628258877972,0.5937404760693814,0.5455054536832175,0.6359877025731251,0.5418462450884051,0.26175045992185286,0.503590882506275,0,0,0,0
10434,ΠΛΑΤΕΙΑ ΒΙΚΤΩΡΙΑΣ,0.5291362868940372,0.20923299966410486,0.4679202257574453,0.5370351334923072,0.6467213896637375,0.3483604113381776,-0.6695136843934255,0.8490395741239697,0.7765138008125821,-1.816641633551264,0.7553305303899491,0.811161014300448,-1.7631448997720722,0.3343579105503354,0.5063373433035764,0.6558768709480958,0.7479702415142885,-0.9465118730554827,-1.6662045097023956,-2.0893313604324466,-2.0862795333376605,0.5876595594175827,0.4964637850557389,0.6059705219862994,0.5022084007635715,0.2007955953432256,0.4695358989252732,0,0,0,0
10434,ΑΓ. ΠΑΝΤΕΛΕΗΜΩΝ,0.3848654022297299,0.11278585125439591,0.3724274798994289,0.3869383892847801,0.5107993658240274,0.4045587792527065,0.3501428690576397,0.47504033912441207,0.3978215713237935,-1.85862483809831,0.45171923475509773,0.5408576781222547,-1.8218293178711695,0.36361728491546574,0.5429306651773049,0.6087480041751476,0.7217257986753816,-1.1118312515164883,-1.8648437992634606,-1.9907777628577579,-2.1016825703029416,0.8362583334669031,0.6875215122670538,0.7771782023979734,0.7072148892900304,0.4211426756931078,0.695295213723492,0,0,0,0
10434,ΟΤΕ,1.410581603221851,-0.1385319254475287,0.12335259659113433,0.24023890868748676,1.7360877888066297,-0.1311340575933292,-2.0205495075558866,-0.22878591326876285,0.3985532807673565,-0.4181713303362706,0.28166696867100405,0.3778392507755978,-1.9140202104554136,0.5568676528472263,0.775844541331532,0.7137024513562561,0.4754911064510315,-1.0543879657974293,-2.3534535609948652,-1.2506780595288567,-0.147902558062848,0.9548729434031604,0.7980381448941306,0.9415567812656013,0.2787078215293243,-0.3663862553568739,-0.039400496201255124,0,0,0,0
10434,ΠΕΔΙΟΝ ΑΡΕΩΣ,0.2705649369769137,0.01725665695774409,0.25350272122432715,0.31387671542578727,0.41493753180649223,0.3073143247517155,-0.53004672525984,0.9464911764063041,0.8611800976433713,-1.7913382128164306,0.5081234793783111,0.597371992545687,-1.8175877755127177,0.32831397490874514,0.5081234793783111,0.8467428381604135,0.9898029548551777,-0.44604812463172155,-1.8294000787260467,-2.0197094082741276,-2.171956871912592,0.6459336835338179,0.5619350829056995,0.6774331587693623,0.5868721674671721,0.3453761906613317,0.6249340333767883,0,0,0,0
10434,ΣΤΑΘΜΟΣ ΛΑΡΙΣΗΣ,0.2928536646250972,0.030058294023103733,0.2877008142211366,0.16918525493004147,0.23617231018153,0.15887955412212015,0.4628977279557989,0.4886619799756022,0.40621637351223167,-1.9177191586740245,0.7205402481538318,0.8184444058290842,-1.9331777098859064,0.7256930985577924,0.9318071147162187,0.48350912957164155,0.5298847832072875,0.4422863263399563,-1.8301207018066934,-2.0285054423591786,-2.226890182911664,0.7978330042132415,0.7359987993657137,0.8339029570409662,0.24647801098945132,-0.047234462036306116,0.18464380614192344,0,0,0,0
10435,ΚΕΝΤΡΟ,0.5990689166467466,0.418468775946983,0.6358578341966984,0.515457740396856,-0.2827502888687655,-0.3273429162020404,-0.28497992023542923,-0.2883243672854249,-0.3295725475687042,-1.4399289681672502,2.2857850455278714,2.4173332961610323,-0.5614542097017339,1.1274915505460545,1.3348472676457832,0.6068726264300697,-0.07427975608570513,-0.1266760932023032,-1.3596622389673554,-1.5859698226837258,-1.592658716783717,-0.15900574801892753,-0.2403872929021543,-0.19467984988554748,-0.28943918296875676,-0.463350429568529,-0.3407207044020229,0,1,1,1
10435,ΜΕΤΑΞΟΥΡΓΕΙΟ,0.65722106212854,0.17531805009864196,0.4683475757760634,0.4255536598974301,0.5427654701683987,0.42265237746498036,0.4799527055058623,0.513897709965524,0.4183004538163058,-1.8235204817375907,0.35838897158621913,0.45355103537056984,-1.5257038400466274,0.1626974715174857,0.35418211205916705,0.46588148570848115,0.6073190042904049,0.5015672596276127,-1.7614330376831668,-2.44845671768726,-2.4686206305927856,0.7422286373993168,0.6020966959119954,0.7056724787504502,0.5289843786142625,0.0836375252332309,0.35751858685648424,0,0,0,0
10436,ΚΕΝΤΡΟ,0.09748997213621702,-0.0943634715720819,0.21260203836119637,0.43515203306282313,0.6116572012744581,0.4965451350494788,0.6883985787577777,0.7267692674994375,0.5963089257777943,-2.5424134132899763,1.2102399456443507,1.348374425114326,-1.7519772252117847,-0.04831864508209016,0.08981583438788505,0.4965451350494788,0.7421175429961014,0.634679614519454,-2.5424134132899763,-1.5959364243290348,-0.6494594353680937,0.29701755359284787,0.20492790061286442,0.32003996683784375,0.15120893637454072,-0.21714967554539322,0.0821416966395531,0,0,0,0
10436,ΜΕΤΑΞΟΥΡΓΕΙΟ,0.3307447816038711,-0.12144235010816905,0.15706737115391797,0.3876593384067274,0.746749119472171,0.5662263155923211,0.7348185766372081,0.7344274112983569,0.6149264002793012,-1.6667410212400158,0.5654439849146187,0.6739923664458394,-1.4005530081517428,0.2204361560478198,0.40604410933273594,0.5165483175582128,0.6947241294049553,0.7082193335953233,-1.781743630862282,-2.5392353095477196,-2.4334250853884574,0.46823939821008403,0.38198744099338433,0.5104852548060186,0.37044806349727255,-0.10794714591780107,0.26189968196605184,0,0,0,0
10437,ΚΕΝΤΡΟ,0.7133053349693879,0.07826448032867436,0.5619870063245304,0.02121002854454776,0.6962953120772258,-0.08900074477758499,0.5949439256780942,0.5963614275857744,0.5272582095863663,-1.4253506682430597,0.27636037192697727,0.4390187158332761,-1.9753414084229632,-0.016708147485896628,0.3933042793105908,0.8075692118301188,0.2012327708199286,0.12894017352824022,-1.8066586814090237,-2.3747225709118496,-2.1433153844830626,0.5619870063245304,0.8543467747835641,1.1169390031813147,0.2841566324192182,0.11972641112831917,0.8578905295527646,0,0,0,0
10437,ΠΛΑΤΕΙΑ ΒΑΘΗΣ,-1.4556252532815765,-2.208018556666447,-0.9323188661512036,0.13001555922504687,0.9587711680280837,-0.9098593645576254,1.169890483007719,2.0705164969102063,1.0104280216933137,0.09857225699403735,-0.3506177748775273,0.39503767802927003,-0.6448372457534022,-1.156913882086986,-0.5145721365106485,0.1726886122528455,0.11878580842825776,-0.20013911420055316,0.7678654044826687,0.6847652485864293,-1.293916841807813,1.324861044003409,0.8846548127692755,0.8038006070323939,-0.13051465926046063,-1.1232246296966186,0.3299051234078932,1,1,1,1
10437,ΜΕΤΑΞΟΥΡΓΕΙΟ,-0.15741472046742633,-0.6400529748051427,0.6838725914629031,-0.04547562468476282,1.7040087703094429,-0.060696804847844545,2.0664631229428263,0.14256937191330932,0.10927304030656805,-0.24652204600546726,-0.34133731410466384,-0.19800453423564426,-0.6987179400170201,-0.31596868049952764,0.00494453460544539,1.78074888696498,0.5110487750279128,0.3080997061868231,0.14859442239452916,-2.4364693419688503,-2.468497241895335,0.003993210845252782,-0.13743692150338158,1.0859654341043121,-0.12411838886068506,-0.5100387275788196,-0.16883060558973764,0,0,1,1
10437,ΑΓ. ΠΑΥΛΟΣ,-0.12931718889473007,-0.7198022940684617,0.03328015890673228,0.7264583258498086,0.8205936324717079,0.29857056847753927,1.4795407788250028,1.4795407788250028,1.068768531747624,-0.9936504587867142,0.6836695501125817,0.8548246530614895,-1.626924339697673,-0.009508616830494658,0.46116791627900167,0.8034781221768171,0.9147289390936072,0.735016080997254,-0.9166306624597057,-1.8494259735312528,-2.4655843441473206,0.38414811995199316,-0.21489474036918396,-0.2491257609589655,-0.5058584153823271,-0.8224953558378064,-0.2405680058115201,0,0,0,1
10437,ΠΛΑΤΕΙΑ ΚΑΡΑΙΣΚΑΚΗ,1.2990467558676402,0.9913777873726728,1.2990467558676402,0.37603985038273796,0.37603985038273796,0.37603985038273796,-1.162304992092099,-1.162304992092099,0.06837088188777056,0.37603985038273796,0.37603985038273796,0.37603985038273796,0.37603985038273796,-0.23929808660719684,0.06837088188777056,0.9913777873726728,1.2990467558676402,0.9913777873726728,-2.085311897577001,-2.085311897577001,-2.085311897577001,0.37603985038273796,0.37603985038273796,0.06837088188777056,-0.5469670551021643,-0.5469670551021643,-0.5469670551021643,0,1,0,1
10438,ΚΕΝΤΡΟ,-1.2560727508387688,-1.2047656944504985,-0.2299316230733601,0.11639100754746537,0.3087924690034795,-0.42233308452937424,1.5914688787102405,1.5914688787102405,1.2707997762835503,0.0009501306738568869,-0.17862456668508966,-1.3586868636153098,-1.512608032780121,-1.6665292019449325,-1.050844525285687,0.33444599719761475,0.5011939304594937,0.7449024483037783,1.283626540380618,1.283626540380618,0.0009501306738568869,0.9757842020509953,0.7833827405949811,0.3857530535858852,-0.6916951305677941,-1.1278051098680928,-0.47364014091764467,1,1,1,1
10438,ΠΛΑΤΕΙΑ ΒΑΘΗΣ,-0.5593540366684878,-1.837667247728767,0.22276337431122162,-0.7798855033709633,0.6574155092655192,-1.7453517500393587,1.1446361915151742,-0.36703008314888713,-0.5221714056546983,1.203615537261185,-0.6465408955973735,-0.14136997768588902,1.1907939403598784,-1.069653593340495,-0.060593917207656736,1.4228648442735299,1.4997944256813702,-0.16829533117863313,1.7113507745529308,0.244560089043443,-1.3978864740139467,0.23430281152239765,-0.15547373427732641,0.8446108240245972,-0.5414038010066584,-1.0863216693121938,0.7022910984200926,1,1,1,1
10438,ΑΓ. ΠΑΥΛΟΣ,-0.7875184646460361,-1.1249146759597193,-0.5959493527761581,-0.5236222391110001,-0.16980581820847032,-1.097547659978308,0.14843348191822497,-0.09747870454331231,-0.19169943099359923,0.11090157428657539,-0.1924813457359253,-0.20577389635546783,-0.593994565920343,-0.808239205317676,-0.402034496679302,-0.1909175162512732,0.08157977144934918,2.2842336005817834,2.71936915468622,2.5047335579177243,1.0765662810592258,-0.1694148608373073,-0.28083771161876697,-0.17723400826056765,-0.2980398359499397,-0.7202737968059973,-0.2980398359499397,1,1,1,1
10438,ΒΑΘΗΣ,-0.1204822649071516,-1.689298902461379,0.6559023935220228,-0.8441400124784392,0.5771941062993801,-2.2226812760672487,1.8120736417536576,-0.3634845497304562,-0.17244501763666328,0.9447541660478377,-0.75855430210042,-0.43149462315584647,-0.14340700875840676,-1.1031896179976224,-0.3741827635277086,0.0277644119976317,1.7845639491321512,0.06444400215963994,1.9068292496721788,0.590184794481758,-0.12506721367740262,-0.19231312897441774,-0.1900206545892922,0.5175897722861167,0.16149208446328675,-1.3033990476319173,0.9913678118787231,1,1,1,0
10439,ΠΛΑΤΕΙΑ ΒΑΘΗΣ,-0.22702756209778022,-1.5023820205927083,0.4365014467137702,0.49107742579350816,0.9765163976080191,-1.8212206352164404,0.376180627730902,0.5284188851638552,0.0056384539789972,-0.00010638592413310705,-0.36203129982134247,0.5341637250669854,-0.522886817108991,-1.2812056843221915,-0.36777613972447276,-0.5429937567699471,-0.12649286379299987,0.10042831238064727,1.0914131956706252,1.102902875476886,-2.3870873656747755,1.8009009237072182,1.3212067917958374,1.1287546550409722,0.2526665698136004,-1.1519467865017596,0.14638703160568972,1,1,0,0
10439,ΠΛΑΤΕΙΑ ΒΙΚΤΩΡΙΑΣ,-0.49235487204393474,-1.071736150042366,-0.3796974013220175,-0.7498576622654598,-0.5245427208216253,-2.2626865548169195,-0.6050123427658519,-0.5889184183770066,-0.7337637378766145,0.11921425473218725,-0.1382885354893378,0.08702640595449662,0.07093248156565131,-0.4601670232662441,1.020474020507525,0.19968387667641382,0.4893745156756295,1.4711039033951938,0.6342198351752374,0.6342198351752374,-2.439719723094218,1.4550099790063484,1.1492254156182875,1.181413264395978,0.8434408522302265,-0.009537140378575273,1.1009436424517516,1,1,0,1
10439,ΑΓ. ΠΑΝΤΕΛΕΗΜΩΝ,-0.22015456672794603,-1.5153048036280887,0.516016865529822,-0.2621693134821115,1.4366878378819685,-1.0138679347577233,1.5088435986119484,-0.5580992688810157,-0.6403020342696002,-0.4128743833611831,-0.5215647064860892,-0.3863868256248614,0.26392838500482946,-0.6256882093116296,1.3416979756551597,2.2559753995881944,0.8758823051198475,0.3625717034711309,1.761845443196814,-0.418354567720422,-1.5691932831606052,-0.37725318502612976,-0.13429834509986888,0.7050832259235663,-0.6695296841855414,-1.0650163221106201,-0.6384753061498539,1,1,1,1
10439,ΣΤΑΘΜΟΣ ΛΑΡΙΣΗΣ,-1.0078277044943966,-1.8887449472234041,-0.7222791655222709,-0.9428654118782379,-0.37248220528141696,-2.0029643628122544,0.2514413523726776,-0.1683149999163471,-0.36177413506996225,0.27999620626989014,-0.35677703563795005,-0.06765913992867281,0.3349643000220244,-0.36391574911225316,0.5676863592843068,1.4486036020133144,1.8083947611181928,1.2558583382071296,1.672759205106433,1.2822715780620513,-0.8357847097636908,0.8168274595374864,0.5990966985712406,0.5505534469459792,-0.4867016208702672,-1.0756454825002764,-0.21471663749931752,1,1,1,1
10439,ΑΓ. ΠΑΥΛΟΣ,0.08890130251389748,-1.4081162423444407,0.45916576989890223,0.9347640943848134,1.4869688603986568,-0.9101743724128826,0.6283383282730854,0.6283383282730854,-0.00047287926868986316,0.6730254191643791,0.18785128948747634,0.47193351015355756,0.10486097783221665,-0.8303759958212867,0.23253838037877,-0.10261480130593255,0.3985190036892894,-0.04515997015998354,0.5740754321908003,0.5932270425727832,-3.575440150572184,0.7528237957559749,0.2389222505060977,0.3346803024160127,-0.3037067103167541,-1.7719968396021177,0.15912387391450183,1,1,0,0
10439,ΠΛΑΤΕΙΑ ΑΤΤΙΚΗΣ,-0.23321355167633376,-1.039900251288835,-0.1825075305578337,-0.1179725945888336,-0.11336295630533358,-1.9387797165713363,2.0070706541046697,0.057193660184166675,0.7440297644256677,0.7440297644256677,0.4904996588331673,0.5458153182351674,1.1220201036726682,-1.4317195053863356,0.06641293675116669,-1.2980399951648354,1.573764655455669,-0.4590858275678341,1.2787478053116685,1.3110152732961686,-0.8970014645003348,0.5412056799516674,0.13094787272016678,0.0018780007821665918,-0.7080062948768344,-1.4870351647883358,-0.7080062948768344,1,1,1,1
10440,ΠΛΑΤΕΙΑ ΒΙΚΤΩΡΙΑΣ,0.2430343495844295,-0.009484912899011239,0.22635854923174945,0.3121198081883897,0.42646815346391004,0.3430891517005098,0.6658850013845308,0.6218132433095906,0.33594238012078975,-1.8890858383653768,0.3847786525822099,0.47053991153885016,-1.7866487790560563,0.46696652574899017,0.6396801722588906,0.6754140301574908,0.7897623754330111,-0.35133882012895223,-1.966509197145677,-2.1487518724285377,-2.1690010585710775,0.7337793313918709,0.6349156578724107,0.7278236884087709,0.6420624294521307,0.3561915662633298,0.6241955005028306,0,0,0,0
10440,ΑΓ. ΠΑΝΤΕΛΕΗΜΩΝ,0.39729261872865296,0.035242180202890876,0.2922856559364707,0.2794874504860285,0.3579728308989812,0.25620396828100717,0.42381420110788254,0.4449389498634317,0.35874380713093557,-1.9233458394539362,1.0978016230823742,1.217457134281689,-1.6457943959503707,0.3425533062598942,0.5212655968269122,0.5024537767672261,0.5760049092956709,-0.07300288276349967,-1.962665627283608,-2.1493960706629514,-2.2260311081192135,0.5943541436161844,0.49921567659301785,0.5871069670358136,0.49351045247655567,0.21210412781321844,0.49042654754873827,0,0,0,0
10440,ΣΤΑΘΜΟΣ ΛΑΡΙΣΗΣ,0.2872353194555753,0.007782512680823911,0.2919718077059948,0.3268495848227203,0.4499982793336277,0.3160848387990396,0.6308460125314637,0.6721826372623977,0.7298816759493263,-1.8174878230944782,0.5511868919562264,0.6011353135061049,-1.860546807189201,0.34708730734724,0.4878901853369838,0.6261095242810442,0.5735775636854823,-0.22990307952204628,-1.8523656002112037,-2.1761691606035196,-2.2799413122718017,0.6489307858512473,0.608885930643155,0.8250420307986638,0.6640014302844003,0.14858539067056767,0.4211487599901634,0,0,0,0
10440,ΠΛΑΤΕΙΑ ΑΤΤΙΚΗΣ,0.2978434388960495,0.04800035119170145,0.30547066187052213,0.28052758133238176,0.3749402332866651,0.27578633461852037,0.5394408801415082,0.4532738746461141,0.4225588415867512,-1.843757087638993,0.5623225490649261,0.5948928525775391,-1.7732568104154889,0.5153223642492567,0.6979634333136563,0.5777831361753437,0.5936560056087057,0.09025928929350949,-1.9989813822275855,-2.2100699315751533,-2.262429786589101,0.7544461115570485,0.6608580242486541,0.7424899241916589,0.5575813023510647,0.22816772631843427,0.5149100819263122,0,0,0,0
10440,ΑΘΗΝΑ,0.511394464328584,0.2627642410934559,0.5287407589728953,0.29745683038207843,0.34949571431501225,0.2627642410934559,0.5171765625433544,0.5345228571876657,0.4477913839661094,-1.6511102679955536,0.2627642410934559,0.35527781252978263,-1.9055225894454522,0.07195500000603199,0.22807165180483338,0.36105991074455307,0.4709197768251911,0.3899704018184052,-2.0442929465999424,-2.217755893043055,-2.229320089472596,0.8756666518591206,0.8062814732818755,0.9103592411477431,0.6848574107716967,0.3205852232411601,0.5981259375501403,0,0,0,0
10441,ΑΚΑΔ. ΠΛΑΤΩΝΟΣ,0.6636362642736128,0.39295403102103227,0.3681125858858223,-0.20066698898927765,0.7716182217307191,0.5047405341294771,0.5376386641734038,0.7550572583072458,0.6110999647646891,-1.853853972897349,0.6635803150728579,0.7529871378793117,-1.7363606513118965,0.4854380598690099,-0.46849581300335436,0.7851579283134237,0.8557098704654501,0.38752695854779945,-1.9693890724563774,-1.977725503368869,-1.982649033035307,-0.12994719923498627,0.7316704923916653,0.8230914864252983,0.4279782306936481,0.43911212164388863,-0.6380218912909358,0,0,0,0
10441,ΠΡΟΦ. ΔΑΝΙΗΛ,0.5155522990930352,0.22974421845514723,0.5261377835611052,-1.7603268615419991,0.28267164079549684,0.1027184048383081,0.5261377835611052,0.5261377835611052,0.3461845476039164,-2.4166268985623347,0.30384260973163674,0.39911196994426607,-2.268430116009356,0.3885264854761961,-2.4483833519665446,0.6319926282418045,0.7378474729225037,0.3885264854761961,0.18210953834883256,-0.024307408778531034,-0.23072435590589463,-0.4371413030332582,0.24032970292321715,0.8860442554754827,0.8966297399435527,0.5790652059014548,0.8966297399435527,0,0,0,0
10442,ΑΚΑΔ. ΠΛΑΤΩΝΟΣ,0.6239685863353793,0.3805081148290946,0.533048872779285,-0.23862176945541022,0.8671162606619987,0.7226039636565551,-0.40492560331088095,0.8501209472335085,0.7462722835845751,-1.8057356395793758,0.6396084453186525,0.7278172499843127,-1.7296216591941134,0.5075037697732723,0.18198617146808127,0.8367749342344487,0.9439601011331471,0.286043366570125,-1.9625512923183275,-1.9978973736205248,-2.007072757557378,-0.2557213486104555,0.6682815201213198,0.7589927022243038,0.052592404813135075,0.4163755247640676,-0.34142777583879214,0,0,0,0
10442,ΚΟΛΟΚΥΝΘΟΥ,0.8891423192452759,0.38339145632695265,0.7658507277080286,0.020264890127752698,0.9192356810849885,0.5369587937150623,0.6409176800704335,0.8517535969595722,0.6934442752815684,-1.6762711815874447,0.5263805210683754,0.6197611347770597,-1.5560801182397437,0.32156327654717926,-0.38097993440175,0.8931547674905709,0.7868248889902526,0.2135919419465131,-1.6706172772418015,-1.955865870680048,-2.0187883545267202,-1.3257291121575792,0.5568386509303876,1.0868465873316309,0.05145255603436404,0.19918360506568095,-0.37222550186656084,0,0,0,0
10442,ΚΟΛΩΝΟΣ,-1.315874467485258,0.35951139120835773,1.08312162589704,0.9657794256772537,0.8158421698408601,0.6463478806345021,-1.5440398568015092,0.5029296359214299,0.39862545794828647,-2.534929547546372,0.49641062479810844,0.6072338138945733,-2.4632204251898355,0.2030551242486426,-1.315874467485258,0.47685359142814404,0.6007148027712518,0.21609314649528555,0.266941433257193,0.3177897200191005,0.3686380067810076,0.4194862935429151,0.47033458030482256,0.5941957916479303,0.4833726025514655,0.04007984616560605,-1.1594182005255431,0,0,0,0
10443,ΚΟΛΟΚΥΝΘΟΥ,0.7496337297992179,-0.10381774671880874,0.8056907739954559,0.7993361293092427,-0.20764810185961374,-2.792740255370738,0.16364470909198622,0.016693550723305927,-0.838119635370338,0.9681881166857649,0.2890354658467289,0.3252342453985505,0.747250738041888,-0.8082755005047295,0.164552515475731,0.7923006298352209,0.1336870984284097,-1.1049012363933244,0.8775209541092587,0.19541793252305226,-2.8881734014619043,0.39967436886561947,0.9875924781383087,0.3755040238984157,0.7108250068941302,-0.13740658291736424,-0.6207000064634719,1,1,0,0
10443,ΚΟΛΩΝΟΣ,0.3995542341403688,-0.6337727684894985,-0.06122292818023428,0.34480843267653477,0.3930911881342217,-2.557479403260333,0.4330100017016007,-1.091508497395444,0.5075251203607081,0.625000486001852,0.553526800757402,0.5014422535313933,0.5010620743545611,-1.9233405363042555,-0.2775448797977451,0.6048509896297464,0.5352782002694573,0.4725486360921475,0.6078924230444038,0.47064774020798655,-2.9828999021355433,0.7462776434113176,0.6101734981053969,0.572535759599011,0.5717754012453466,0.2075637498401175,-0.13079571754052335,1,1,0,0
10443,ΛΟΦΟΣ ΣΚΟΥΖΕ,0.45626795781334356,0.07490327637648714,0.47185580243866965,0.34580926572698134,-0.16832085096696253,-3.20150041030196,0.35521572369054016,0.09022236505999723,0.4052043288683099,0.6637475448952697,-0.10489444869839444,-0.7507149768821619,0.5538263646925394,-0.8469296040522779,0.589570904954063,0.4586867612896873,0.5049127832820335,0.09909131113992412,0.40493557292649396,0.4078918882864696,-3.243963849108883,0.6099963565320764,0.4576117375224234,0.47373709403138137,0.46674943954416626,0.07624705608556696,0.34984060485422086,1,1,0,0
10443,ΣΕΠΟΛΙΑ,0.37724219092942546,-0.003967308169189325,0.5016177065856688,0.3757858031582751,0.4638244439243162,-2.9262093709824484,0.4856702604915721,0.27864473882254404,0.4527558968635732,0.7167261803845816,-1.0404784848969224,-1.193326381479156,0.37564016438116005,0.023194323762765465,0.3944275666290001,0.34949800388901053,0.39988902077081406,0.34075967726210815,0.5516446265246848,0.5089724648299783,-3.3071275925268333,0.6724519921416097,0.41663748013904356,0.3068258421943041,0.24405552925772223,-0.15208194449518406,0.38692716960757556,1,1,0,0
10444,ΚΟΛΩΝΟΣ,0.5258108876274744,-0.35709843790399853,0.25871325997187344,0.4164578376836325,-0.8260831588450196,-2.9139415257976284,0.6523960425813552,-0.27896382477628845,-0.5791683391121352,0.7843514768363096,0.6163384529884316,-0.004548453897246346,0.5399152475500747,-1.2293262188915777,-0.12476009055974287,0.6044766272794665,0.5653503066573579,0.009969004433128786,0.9335390161013029,0.8281399080604492,-2.966818121992816,0.7655850063116784,0.6113812720951327,0.48668456700536583,0.4835568219179273,-0.033701398674503724,0.23174383534999768,1,1,0,0
10444,ΛΟΦΟΣ ΣΚΟΥΖΕ,0.34864541709203123,-0.014952464230823557,0.42056984888452437,0.3096110520991204,-1.148033336941708,-2.912169777037984,0.716219020775275,0.2492523580823045,0.251420933915244,0.8087449229806933,0.3269596587626363,-0.943102920728926,0.43864131415902013,-0.7956397640890406,0.5250229181711099,0.40683553527590754,0.4621342190158646,0.383704059724553,0.746217653130938,0.7422419307705489,-3.046982907985723,0.8307921106155782,0.47225423956958223,-0.09265976491115534,0.37755976153122445,-0.39264608846778504,0.5293600698369888,1,1,0,0
10444,ΣΕΠΟΛΙΑ,0.23907733386430077,-0.03619294393254886,0.3858881486892873,0.2711921996072666,0.38130031072600645,-2.3851659811323325,0.28036787553382825,-1.7749835320159824,0.3721246347994448,0.523523287587712,0.4225908523955339,0.49599625980802714,0.49599625980802714,0.2757800375705474,0.7024489681556644,0.6198678848166095,0.7345638338986301,-1.6924024486769276,0.45011788017521887,0.38130031072600645,-2.417280846875298,0.7987935653845617,0.6840976163025411,0.6336313987064519,0.6152800468533286,0.2895435514603899,-1.7474565042362975,1,1,0,0
10445,ΒΑΘΗΣ,1.7802008140030616,1.1738709496006428,1.4908161059928162,1.022288483500038,1.036068707691002,0.9396071383542536,-0.1076899001590154,-1.2101078354361408,-1.2376682838180688,-1.7061959063108472,1.1325302770277506,1.228991846364499,-1.306569404772889,0.01633211755966119,0.15413435946930185,-0.13525034854094353,-0.6864593161795062,-0.7277999887523984,-1.7337563546927752,-1.058525369335536,-0.38329438397829674,0.2919366013789425,0.2919366013789425,0.3746179465247269,-0.06634922758612322,-0.36951415978733265,-0.20415146949576388,0,1,0,1
10445,ΠΛΑΤΕΙΑ ΑΤΤΙΚΗΣ,-0.2101723215448425,-0.6736029231346238,0.014141753426132749,-0.06252735510878603,0.09878141284834506,-3.035542836069275,0.34586849035444467,0.35459814132624234,0.16596177032696202,0.3189204373545475,0.3022202354954563,0.05285585773584421,-0.04848400354545932,-0.32935103481199346,0.25174007987593056,0.17507097134101177,0.3048770857912208,0.3910349453824414,0.648369874029347,0.6487494240715991,-3.425340729462154,0.9368279061409226,0.7394618841698446,0.6472312239025908,0.5625915644803785,0.03919205621476958,0.7865260894091016,1,1,0,0
10445,ΚΟΛΩΝΟΣ,0.4261833341973421,-0.5857343814219753,-0.13470819960307956,0.3669138679967821,-0.6768069758277139,-2.868331628511836,0.5577326372278534,-0.9558071459913258,-1.3967141506540284,1.0073132223101502,0.8714271290698418,0.3134267887426182,0.3134267887426182,0.17175830855591373,0.5664062176474476,0.478224816714907,0.3741418516797772,-0.48887940006984065,0.5953181523794281,0.5042455579736894,-2.771476647159701,0.8352872106548662,0.709520294570751,0.6314580707944036,0.6039917327990222,0.024307441422813186,0.5273751057592738,1,1,0,0
10445,ΛΟΦΟΣ ΣΚΟΥΖΕ,-0.41158404186690967,-0.6561112246352967,-0.2926248718714782,-0.3554088782579559,-0.573500689916247,-2.414063403456674,0.3352151919932994,0.3352151919932994,0.2658223428292977,0.39139035560225316,0.031208424227196586,-2.5462402590071536,0.42113014810111105,0.2096471792203439,0.6524396453144502,0.5698291105954005,0.5533070036515906,0.7747032366986437,0.953141991691791,0.953141991691791,-2.5264137306745815,0.6788750164245461,0.5599158464291145,0.5797423747616864,0.5433937394853046,0.21295160060910587,0.7548767083660718,1,1,0,0
10445,ΣΕΠΟΛΙΑ,0.01565762148240852,-0.2728581715204568,0.1919728283174929,0.11383313437921687,0.22803730244285106,-2.7292495758365187,0.3642808713608708,0.3642808713608708,0.3061769963811271,0.36828803515257724,-1.3527888133853485,-1.7995875761606193,0.23204446623455752,0.001632548211435899,0.6548002462595893,0.5946927893839924,0.6848539746973878,0.7770187419066364,0.8972336556578304,0.8731906729075916,-2.869500308546245,0.5606318971544875,0.43640981961158715,0.41036325496549514,0.39433459979866925,0.0336898585450876,0.5205602592374229,1,1,0,0
10445,ΑΓ. ΜΕΛΕΤΙΟΥ,0.1377217476031137,-0.2806867089474622,0.2446833079243136,0.13142989111363138,0.2792885186164665,-3.102584344480294,0.04963575675036088,0.04963575675036088,-0.029012449368168432,0.13457581935837254,-0.003845023410239052,0.4208552896298192,0.4617523568114545,0.15030546058207842,0.5404005629299838,0.4114175048955957,0.6221946972932543,0.30760187281913703,0.39883379191663104,0.39883379191663104,-3.5241387292756112,0.7794911095303129,0.6159028408037719,0.8707230286278069,0.015030546058207984,-0.3970860540028856,0.31703965755336055,1,1,0,0
10445,ΑΓ. ΝΙΚΟΛΑΟΣ,-0.007101788733706461,-0.30861903649301453,0.29163649821676,0.28607857659907693,0.402794930570422,-2.189975504078743,0.8474286599850698,0.8474286599850698,0.5167323237329255,0.32498402792285863,-3.108422051400875,0.30831026306980935,0.2999733806432847,0.23605728203992907,0.6098275108291173,0.5222902453506086,0.6445645209396368,0.5347955689903956,0.5556377750567072,0.5556377750567072,-2.6373881943022326,0.12906729089952942,0.13184625170837097,0.1526884577746826,0.09155131998016852,-0.2210817710145057,0.18325702667193963,1,1,0,0
10445,ΘΥΜΑΡΑΚΙΑ,0.13784697349142808,-0.2778766227629461,0.2044312747596424,0.0626969387839066,0.20408864542207011,-3.1426005142048328,0.3615839309261311,0.3577007984336452,0.3519903094741071,0.5534563599666115,-0.6440331748485295,-0.11615557542882692,0.30025327950069186,0.012558845719162017,0.534497536620945,0.4305666375573515,0.5818945949851113,0.42576982683133946,0.5793819798429145,0.5736714908833764,-3.4782630552464826,0.6233527448313579,0.4575201454463713,0.339084604425551,0.3066490271353745,-0.13294441296986895,0.39287741042439994,1,1,0,0
10445,ΚΑΤΩ ΠΑΤΗΣΙΑ,0.26850110917311537,-0.25519976672796707,0.26344730096176594,0.16884632850556922,0.48613072527434925,0.0669805067455577,0.48455141020830256,0.47965553350355783,0.3411496022112631,0.6333228894299008,0.27102801327879006,-0.026199082151197015,0.39595183500308323,-0.016881123261521542,0.29661291734874645,0.28382046531376826,0.33751717755935573,0.2675535201334873,0.5500929854492402,-2.138059188468831,-4.315934664547217,0.27671354751655813,0.14105038334314746,0.3537841227396366,0.21401473939450455,-0.20845204077298504,0.3800007528360117,0,0,0,0
10445,ΤΡΕΙΣ ΓΕΦΥΡΕΣ,0.09534572565931797,-0.28690042483362777,0.19207264788771583,0.046788033777592136,0.38513803080945774,0.4267034150602151,0.595684182808621,0.5269264911040972,0.3319188005070862,0.4904111068090394,0.2247034168322356,0.19751110937846914,0.1963457247733077,-0.04139273467962198,0.2732611087139614,0.1427380329358824,0.5024534143957073,0.517214952727752,0.6819226435905661,-1.93825041034736,-4.376623465880105,0.5082803374215145,0.1664341865741646,0.13729957144512908,0.1376880329801829,-0.2923388863243811,0.15866495587308846,0,0,0,0
10446,ΑΓ. ΠΑΝΤΕΛΕΗΜΩΝ,0.5094999147961026,-0.1599841395945035,0.36895491731514785,-0.16989810207241315,-0.009525179635639059,-3.0939338587923597,0.26281720137517367,0.2744806866433027,0.1263544237380641,0.31880193066219303,0.13860108326959958,0.19166994123958664,0.18992041844936727,-0.09700131914660676,0.2902263917552769,0.1368515604793802,0.2948917858625285,0.15667948543519955,0.6506280865404638,0.3922818878514059,-3.6088767333802565,0.8191654486649282,0.6290506387944251,0.5129989603765412,0.4517656627188639,-0.08358831108825837,0.5071672177424768,1,1,0,0
10446,ΠΛΑΤΕΙΑ ΑΤΤΙΚΗΣ,-0.1683016854826442,-0.6415931802986771,-0.05066275902547995,-0.1026427497856223,0.054209152157263366,-2.7764205201143475,-0.053398548012855866,-0.032424165776307204,-0.08440415653644955,0.13354703279116484,0.020467754646293773,0.11713229886690936,0.09251019798052613,-0.2047788719809897,0.9743461815780287,1.0327096799753814,1.2461012209907028,1.361004358460491,0.9396928544046004,0.8557953254584058,-3.217794476744328,0.35788172975598964,0.1937343905134349,0.11895615819182663,0.07883125304364658,-0.382605156160424,0.13810668110345803,1,1,0,0
10446,ΑΓ. ΜΕΛΕΤΙΟΥ,-0.013380933978676415,-0.4572319936940942,0.03339046801284072,-0.1121735892056565,0.02973148078221183,-3.1405423249557254,0.12375154396924118,0.11961529753461722,0.12947865441718207,0.3604721091507973,-0.02292611805857787,0.6487366683638213,0.667986122924956,0.3432907778069747,0.4468560250739055,0.2115672375043346,0.3669946516053966,0.3630174915721044,0.41487965840623564,0.4164705224195525,-3.516622577703843,0.6110331912482105,0.6961444159606652,0.5913064774830809,0.37399445326399106,-0.09928759069778953,0.4134478807942504,1,1,0,0
10446,ΑΓ. ΝΙΚΟΛΑΟΣ,-0.08775797086427925,-0.4734018247462306,0.23106135278151388,0.1749491518198543,0.3213509852380025,-2.9663138801974163,0.25452645500184423,0.25095567857701134,0.20198503046501753,0.32645209441633516,-1.45485523065744,-0.07959619617894693,0.19025247935485234,-0.05409065028728349,0.4595910439708184,0.4004181775021592,0.7743294802739453,0.7273992758332846,0.9003268769787628,0.8804325511832654,-3.2024952351542195,0.5259054632891433,0.3876654045563275,0.4524494911211526,0.4345956089969882,-0.003079558503956591,0.4269439452294892,1,1,0,0
10446,ΘΥΜΑΡΑΚΙΑ,0.08933957207852435,-0.36760390056459397,0.37140344408044923,-0.05378172593726716,0.07784808099696444,-3.131620909981975,0.39605791585543226,0.3991919588776759,0.24938470241443134,0.44056132677129156,-0.3170413398057304,0.19150937460366602,0.3772536577219706,0.05758126945312243,0.44411324219650095,0.29785790115846583,0.46667835195665497,0.4290698356897316,0.6369613561652244,0.6513779540675451,-3.5509558663581697,0.595174115868643,0.42321962204821023,0.3597030167974064,0.2857396014724572,-0.1920974913189518,0.3730749336923125,1,1,0,0
10446,ΚΑΤΩ ΠΑΤΗΣΙΑ,0.2347228983252496,-0.24512774045916003,0.12479347925827575,3.2313174329239745e-05,0.2957947978069017,0.24955464534222224,0.39525474839130664,0.3036468991688284,0.13439049203396394,0.27136603801424086,0.07855332679359626,0.17975818879176267,0.1806306444986434,0.06284912406974286,0.4458571793903898,0.31062654482387436,0.5775979911293823,0.5016943446307575,0.6482669033867225,-2.638273744433043,-4.023733406959666,0.5531692313367215,0.5339752057853451,0.2757283165486446,0.2696211266004794,-0.05231502923851544,0.33156548178901224,0,0,0,0
10446,ΚΟΛΙΑΤΣΟΥ,-0.037709461047067426,0.42894511941039365,1.1925617056135118,0.9804459872237568,0.8531765561899037,-0.08013260472501843,0.08955996998678559,0.4713682630883447,0.3865219757324426,0.5986376941221977,-0.037709461047067426,-0.08013260472501843,-0.08013260472501843,0.30167568837654063,0.04713682630883458,0.004713682630883579,0.30167568837654063,0.004713682630883579,0.2168294010206386,-4.025484966774462,-1.2255574840296957,1.5743699987150708,0.1319831136647366,-0.16497889208092045,-0.16497889208092045,-0.9710186219619895,-0.7164797598942836,0,0,0,0
10447,ΑΚΑΔ. ΠΛΑΤΩΝΟΣ,1.3527790248673364,0.4471996776420948,0.852133532092406,0.9478451704170251,1.3601414585846148,1.286517121411831,0.35885047303475415,-0.34058073010669265,-0.4362923684313117,-2.416787038379198,-0.14915745345745457,-0.04608338141555716,-2.306350532620022,-0.23014422434751683,-0.023996080263721995,0.9110330018306332,0.39566264162114606,0.27786370214469186,-2.0339404850807217,-1.086640680124236,-0.1393408751677502,0.8079589297887357,0.05699069062634026,0.16742719638551606,0.13061502779912412,-0.2375066580647952,0.0938028592127322,0,0,0,0
10447,ΠΡΟΦ. ΔΑΝΙΗΛ,0.40316778449772067,-0.05073984247658981,0.3982160649307282,0.538514785995515,0.7654685994826703,0.5946342744214298,0.46506427908512665,0.2901035210513924,0.14567836701411183,-2.6083029988282047,0.4609378461126329,0.610314719716906,-2.287266513568192,0.17703925760506417,0.4790941511916053,0.4790941511916053,0.6738617874933095,0.5327377798340238,-2.577767394831751,-1.506270299640879,-0.43477320445000694,0.6367238907408659,0.2669954964054275,0.41142065044270815,0.5277860602670313,0.12422091555714442,0.4840458707585978,0,0,0,0
10447,ΑΓ. ΣΑΒΒΑΣ,-0.8617914472374496,-1.0109476592593158,-0.8617914472374496,-1.0109476592593158,-1.0109476592593158,-1.0109476592593158,1.8230203691561433,2.1213327931998758,2.1213327931998758,0.03314582489374807,0.3314582489374806,0.6297706729812131,0.9280830970249457,1.226395521068678,1.3755517330905445,0.4806144609593469,-0.1160103871281182,-0.1160103871281182,-0.8617914472374496,-0.7126352352155833,-0.563479023193717,-0.41432281117185077,-0.41432281117185077,-0.41432281117185077,-0.41432281117185077,-0.7126352352155833,-0.563479023193717,1,1,1,1
10447,ΒΟΤΑΝΙΚΟΣ,0.07774280396110379,-1.0141167228223809,1.0885768623023793,-0.6285016362770096,1.8002781198029272,-0.7674024393207969,2.2877537952470757,-0.5395389790894412,0.18456413582573064,-0.4044414123194719,-1.0205656886779852,-0.91490186350539,-0.014361657104836082,-0.8618219137707999,-0.5979103879876041,1.9323992407933868,-0.10067858471061815,-0.14830171718277377,1.5500913162252485,0.9534241761661226,0.3567570361069968,-0.2399101039521287,-0.5774059837287593,0.5612498850325727,-0.8891060000829724,-1.0660391658649395,-1.007833115065638,1,1,1,1
10551,ΚΕΝΤΡΟ,0.12945144206736767,-0.006013704823391305,0.3838248845622373,0.16708064953702292,0.7783671248815728,0.4698076236303996,-0.7674407179718656,0.7749804962093038,0.4846711605809134,-1.458124821077388,0.25946035387502664,0.4193844856210615,-1.6782556847748715,0.10574504136148484,-0.7570926859177105,0.8829763216472144,0.9864566421887664,0.7529674098395555,-1.5593473891707608,-2.1909536365489246,-2.260943962442483,0.39831212943805455,0.93584535814208,1.0058356840356388,0.651180403634138,0.37705162721769936,0.7147737642578553,0,0,0,0
10552,ΚΕΝΤΡΟ,-0.5094777440387803,-0.6009893145421901,-0.4595462738944766,-0.5197733480596854,-0.2698950616295638,-0.44522963997699483,-0.5286991506872513,-0.3975517140604429,-0.4459366342445248,-0.6377530164537482,-0.018867909514705915,0.03115193491303904,-0.7038569804677998,-0.5539300086097269,-0.7090710631908332,0.8761868331782285,0.8164458175719466,0.7378368924509587,0.06689933256502284,-0.9110504879957999,-0.8654935448818378,-0.48057935335349306,-0.45358100976219257,-0.29260725247396385,1.871855697569021,2.489724500248489,2.9137884993413055,0,1,1,1
10552,ΨΥΡΡΗ,-0.5694775346154011,-0.5694775346154011,-0.5694775346154011,-0.5694775346154011,-0.5694775346154011,-0.5694775346154011,-0.5694775346154011,-0.5694775346154011,-0.5694775346154011,-0.5694775346154011,-0.5694775346154011,-0.5694775346154011,-0.5694775346154011,-0.5694775346154011,-0.5694775346154011,-0.3748459721519096,-0.3748459721519096,-0.3748459721519096,0.30636449647031067,0.9875749650925311,1.6687854337147514,2.3499959023369716,2.15536433987348,2.15536433987348,1.1822065275560225,-0.5694775346154011,-0.5694775346154011,1,1,1,1
10553,ΚΕΝΤΡΟ,-0.30656019373330096,-0.4538229129817094,0.1304259188190413,0.28729272845321546,0.6714563438838461,-0.6955258543568145,-0.8475906187981057,-0.3609833725859736,-0.4154065514386463,-1.494266038106334,-0.11287770428702472,-0.06165588889627398,-1.3534060457817694,-0.4890379110628505,-0.41060450624576345,0.005572743804086375,0.16083887170729957,0.07920410342829057,-1.4622524034871147,-1.002856746701319,-1.081290151518406,1.859162188256879,1.7022953786227049,1.8079403728661283,1.699094015160783,1.0572206410454377,1.0876335939336959,0,0,0,1
10553,ΨΥΡΡΗ,0.4355868425041099,0.18034667454164985,0.5303297303350507,-0.07418645694445988,1.0188919354931114,0.8025387737299181,-0.9198020826594244,0.839304670500134,0.6081037427335843,-2.8259724228998464,0.3535706112474745,0.47164570279797546,-2.5707322549373863,-0.05651054503570226,-0.08903422294781628,0.4921497606121343,0.6406274206456983,0.7891050806792623,-1.72158144684067,-0.05297536265395074,-0.4262906221669117,-0.1512534328666431,0.9177857193750178,1.0591930146450788,0.3740746690616334,-0.004896882262130008,-0.6200186166868952,0,0,0,0
10553,ΚΕΡΑΜΕΙΚΟΣ,-0.11763395134031482,-0.22435628201678584,-0.34009740120112764,0.1905079893452705,0.8383576304939889,0.17247041232952892,1.253221901856045,0.35134305106896624,0.5798190266016929,-1.3036046401253236,-0.21984688776285044,-0.19429365365721654,-1.622268500736758,-0.2679470931381613,-0.10410576857850863,0.8473764190018597,0.4685873016712865,0.21455809203292592,-1.799638008058217,-2.0882392403100822,-2.097258028817953,0.42950588480384644,1.0442866347570385,1.388503729474107,1.096896234386285,0.7887542937006995,0.7151008542197548,0,0,0,1
10554,ΚΕΝΤΡΟ,0.56030235538241,0.03373280213749388,-0.1901629134154626,-0.45137458156057847,1.1435368736746794,0.23827950523525657,1.5650689307342578,0.9845985570784448,0.09039776718484706,-2.1140075803890146,0.2396615775534847,0.36819430314870044,-2.380747537807043,-0.06854054941138747,0.0088555004093876,0.6943633702505383,0.22169463741651904,-0.08236127259366874,-2.325464645077918,-0.9309536759857383,-0.5702328009281973,0.7261510335697852,0.5865617294287444,1.3453194321359858,0.2023456249613253,-0.42373313519601596,0.5285146920631631,0,0,0,0
10554,ΨΥΡΡΗ,-0.013285080798631227,-0.24812718173228085,-0.004170204734996423,0.47409270401572384,1.0858617386396832,0.5177011306731139,1.8395368829602314,0.7791729675573829,0.33879934754177193,-1.8875538117660464,0.38937797354194154,0.4846373645599288,-1.968515357978332,0.06785518847372565,-0.3410631729693416,0.9904236245616247,0.8951642335436375,-0.7515900419530502,-1.6578946795744638,-1.6537840491928244,-1.7259881654616178,0.24389740264392723,0.6626455323909144,0.8402962541017573,0.4059992181285697,0.1813443316189825,0.05516585120866543,0,0,0,0
10555,ΚΕΝΤΡΟ,0.1488746446469494,-0.04556392561207795,0.18469227601045446,-0.04994975802393571,0.8389122774459037,0.6839461988935961,0.7482717409341766,0.8418361657204755,0.7051443888842419,-1.9775231030354212,0.5479853941260056,0.6393569027063756,-1.7757748120899643,0.16130116981387974,0.302378779061971,0.7292664671494596,0.9163953167220574,0.16787991843166636,-1.8342525775814011,-2.0798591926454355,-2.1017883547047242,0.7270735509435308,0.6152348244411578,0.7080682771588138,0.35647071214155,0.08747299088094077,-0.24585027242024898,0,0,0,0
10555,ΜΟΝΑΣΤΗΡΑΚΙ,-0.05727670020875501,-0.2762460319802786,0.03396052136271315,0.5682051410089767,0.8692879721948217,0.6665385909248924,1.343721524366456,1.2828967099854773,1.1500958652536737,-1.6478455962713499,0.2509023593215374,0.3076721860771176,-1.5424159180109867,-0.15459640321832105,-0.005575607984923054,1.1703708033806666,1.4420549742823718,-1.5241684736966932,-1.3416940305537568,-2.1455953272890262,-0.7329390132907943,0.6797173007074377,0.3745794818961943,0.5053528328152986,-0.06944166308495077,-0.3370708463612574,-0.8104906516265421,0,0,1,1
10555,ΠΛΑΚΑ,0.11094577995939289,-0.27272940800023265,0.012635655620707675,-0.8227346982193634,0.795928213865151,0.5280995508019221,0.8533200702358429,0.8745763133360991,0.7629810370597537,-2.2431831433939884,0.5435103270496079,0.6513857607834084,-2.1469986433653285,-0.12712414276347725,0.058867984363765044,1.0031765840926494,1.1588785648020266,0.8937069321263298,-2.327676709717507,-1.4350916348659124,-0.5425065600143183,0.35007851483727587,0.5413847027395822,0.6572312276359789,0.2576138573511611,-0.17920193835910508,0.04292580203857285,0,0,0,0
10556,ΚΕΝΤΡΟ,-0.8728457948381507,-1.1263207769368877,-0.8918564184955561,-0.7651189274461876,-0.6890764328165665,-0.8538351711807455,-0.17578959406662417,-0.17578959406662417,-0.3658958306406769,-0.39758020340301903,-0.4292645761653611,-0.3342114578783348,-2.8562875297607673,0.2994759973685076,0.5402772303623077,0.23610725184382336,0.4135397393129392,0.305812871920976,0.5022559830474972,0.5022559830474972,-0.22648459048637157,0.47057161028515504,0.8824684561956025,1.3070390512109868,1.351397173078266,0.9078159544054762,2.441339596102835,1,1,0,1
10556,ΠΛΑΚΑ,-0.10683869024188199,-0.6586613022194738,-0.4756885414058513,-0.24301947518605962,0.8561079028231088,0.37269838659946397,0.8822468686536262,0.9451740086159832,0.8532035732863846,-1.4105599489491751,0.11905360705888662,0.13809310068852285,-1.611281390265001,-0.415020324416502,-0.24463299159535085,1.1584808779242806,1.058442860548226,0.25458898543934777,-1.5286693501092912,-2.235389537378839,-1.8681532026241607,0.9041906918199867,0.759942324829353,1.1768749649902002,0.9638907989637612,0.28589120377959715,0.06903459837085929,0,0,0,0
10557,ΚΕΝΤΡΟ,0.4231501314953937,-0.015789184011022153,0.3747299671949258,-1.1294529629217847,0.9341933873188107,0.692092565816471,1.2873448030320063,1.2478718430044509,0.9694558982767603,-2.8704736532038275,0.637883034045295,0.7594597509301656,-2.3410096827008844,-0.06473565444519083,0.1410500438317979,0.364203844520911,0.4863068675394823,0.10368230833904547,-0.8384056709852763,-0.93366708118511,-1.2815554355612981,0.42367643762909446,0.3015734146105231,0.4378867032390144,0.21841704548580645,-0.09210357339762923,-0.2357851478979308,0,0,0,0
10557,ΠΛΑΚΑ,1.1797259847036063,-0.4811476645416202,0.4204049552117923,-0.08530736571833562,1.8891279904528135,0.019045970346611405,1.0186806920264524,0.11010429003789932,0.010266242552685574,-0.8764862646338234,-0.23857632806372656,-0.07226319871021725,-1.1040066391792729,-0.3885842486570879,-0.1525349956832534,1.8883754423561914,0.400587855334074,-0.6627626051931146,-0.18840645495557895,-2.3517313833789038,-1.6511091054236224,0.11487042798317333,0.13217903420548427,1.6859400043648156,0.7226784406883816,-0.12168052372174264,-1.2173905524036863,0,0,1,1
10557,ΖΑΠΠΕΙΟ,-1.457481610960257,-1.0789431679022956,-0.36985002808949463,-0.36985002808949463,-0.1299312965738853,-0.2738825354832509,1.5548313514023937,1.7680924460829353,1.6028150977055156,-0.7910406900835644,-0.7590515258814832,-0.67907861537628,-1.8466831087522455,-0.47648057542976546,-0.2738825354832509,0.365900748558374,1.2029505451795,1.0536677789031208,-1.5907697951355955,-0.5013610364758284,0.5880477221839386,1.6774564808437051,0.14197659914380528,0.2752647833191438,0.2592702012181032,-0.11393671447284469,0.2219495096490084,0,1,1,1
10558,ΚΕΝΤΡΟ,0.015263853775682871,-0.3329479120374919,-0.07729876751642688,-1.9373666811007275,0.0769722679704227,-0.04203681654800412,0.6499789712072925,0.6543867150783454,0.41196080217043896,0.4582421128164938,0.5045234234625486,0.610309276367817,-2.1401228991691585,0.1651271453914796,0.36347561958885766,1.0334526879888901,1.2141701867020567,0.9056281157283576,-1.8139498527112479,-1.8139498527112479,-1.9505899127138862,0.7160951292730853,0.610309276367817,0.6852409221757153,0.44281500926780887,0.1342729382941097,0.4560382408809674,0,0,0,0
10558,ΠΛΑΚΑ,0.3477196073494353,0.05022535366505614,0.28439357589539965,-0.026515538034694176,0.921796714923403,0.7945528199456678,0.9742724917669341,1.0308910930981123,0.914892007443991,-1.8292360222308857,0.5526907808096939,0.646002970460033,-1.76847459641206,0.023395633173626727,0.16681627138884134,0.8346001233262574,0.9786125936111358,-0.3163159748134428,-1.790766937702733,-1.93300391177862,-1.9594390775569401,-0.24273152081856655,0.6679007570375967,0.7679203768107931,0.516589024560197,-0.022767268260156244,-0.5840213476580731,0,0,0,0
10559,ΚΕΝΤΡΟ,0.1863262900770217,-0.21393630821620788,0.20418187067002824,0.12606370557562468,1.016610787651825,-0.15218575866539363,1.4949915510394582,0.9117092516679117,0.4601118591697884,-2.6266716358462143,0.3522343930870407,0.5575735699066157,-1.3961245399781814,-0.04654024015677171,-1.0285971727721306,1.945844961012873,0.46457575431804005,0.43630441837911305,-0.7101726521968476,-1.6639582488732794,-1.7948991732219939,0.03380987251175765,0.2703963153690941,0.4065451173907688,0.372321921254173,0.05389740067888999,0.3395866901669944,0,0,0,0
10559,ΠΛΑΚΑ,0.09031149026106795,-0.21293626602839022,0.5675538608149693,-1.3762145442535247,0.3786454224707167,0.22453590697935272,1.1143940770746479,0.8161175954784596,0.6570368052938258,-0.2029937166418506,0.2891624779918602,0.31899012615147904,-2.221331242109392,0.11516786372741698,0.3736741477774469,0.960284561583284,1.0994802529948386,1.0050260338227122,-1.2817603250813985,-2.574291745331548,-0.35958886947984947,1.855114006371849,-0.04391292645721681,0.02071364455529067,-0.44161490191880126,-0.680236087195752,-0.4913276488514993,0,0,0,0
10560,ΚΕΝΤΡΟ,-0.12837173448082415,-0.4634031800665789,-0.0707272554861212,-0.2948039144354552,0.5520931679378498,0.2543355959877676,-0.41572729518374185,0.5863331216264327,0.22703031646396094,-3.143221327617318,0.31198007498247055,0.4225014444835927,-2.5316697497111087,-0.14917575697515303,-1.6622349763022808,0.5611949277791186,0.6136384011502394,0.5204537170610579,0.14641472929843652,0.02419109714425433,-0.29046974308247003,1.0080479942718912,0.804775357816886,1.0310191024427127,0.8069424434933786,0.3899951593362039,0.8888582820647986,0,0,0,0
10560,ΠΛΑΚΑ,0.354566670795974,-0.06166376883408218,0.4933101506726594,1.8807449494395132,2.158231909192884,1.8807449494395132,-0.6166376883408238,0.354566670795974,-0.20040724871076757,0.07707971104260321,0.354566670795974,0.4933101506726594,-3.1140203261211608,-0.339150728587453,-0.7553811682175091,-0.339150728587453,-0.20040724871076757,-0.20040724871076757,-0.4778942084641383,-0.4778942084641383,-0.8941246480941946,0.4933101506726594,0.354566670795974,0.21582319091928862,-0.4778942084641383,-0.6166376883408238,-0.339150728587453,0,1,1,1
10561,ΚΕΝΤΡΟ,0.15610951714720808,-0.13450945817086482,0.37407374863576276,0.09130934021817831,0.26410981202892436,0.032400088464514885,-0.24349157391514217,0.36621918173527435,-0.032400088464514885,-3.360772812546499,0.7825112274611625,0.9219297899448327,-2.904226111455607,0.0824729524551288,-0.6234562477262713,0.5517833247593141,0.7088746627690833,-0.6961109915557896,0.7275292591577434,0.7118201253567664,0.22385515666392103,0.11192757833196051,0.8836387763049515,0.8345477331768986,0.15021859197184176,-0.17280047181074606,0.1924368890619672,0,0,0,0
10562,ΚΕΝΤΡΟ,0.32598617867254076,0.1612283812899169,0.006593414678683087,0.7811645002550439,1.0021214615753848,-0.43741488674228624,0.5528772132036964,1.4394975635254434,1.0942741279080388,-2.1593433072687342,0.6038404301906946,0.7884948259860505,-1.3523093505979156,-0.1815516124171522,-1.647267695488418,0.9682623379607354,0.406619761713613,-0.08904988295445024,-1.1847590481749084,-1.7872420106376388,-1.3372996360058547,-0.6255599138381215,0.4341957489873996,1.0949722541681346,0.041499727683476276,0.11445392186349404,0.985715494463132,0,0,0,0
10563,ΚΕΝΤΡΟ,-0.10917848534994799,-0.5755841680074886,-0.40682191858212724,-0.2218368628034602,0.3723234198863632,-0.330664855423553,0.12830537432205577,0.1830573457644627,-0.002378343524018409,-2.1426621983858434,-0.042935359407282804,0.06431541592846082,-1.8580871369382717,0.3033764928848137,3.873745791141523,0.7645998901794927,0.24254096905991715,0.09022684274276863,-0.063213867348915,-0.8069844752970027,-0.395330764081869,0.26372074402117746,0.13168512564566112,0.5480704887138422,0.22406499515754114,-0.30250026106017497,0.06814580076188023,0,1,1,1
10563,ΠΛΑΚΑ,0.3395696941770101,-0.14897207432401827,0.12392906319276566,-1.4129672983135866,0.6746045728248475,0.4138865218043486,0.7257735361092444,0.7507488634266287,0.6502383998322775,-1.933185091704956,0.42241468235174806,0.5381540040664555,-2.042832870171521,0.28291834196928484,0.5156152940483283,0.9676078030605016,0.9718718833342014,0.804963598335097,-2.0927835248062894,-1.1321471545742174,-0.1715107843421455,0.7891255858899264,0.47906603455947333,0.756231252349957,0.4620097134646743,0.03438337744507093,-1.7687134240051086,0,0,0,0
10564,ΚΕΝΤΡΟ,0.029439873521656394,-0.480400221839099,-0.24868464589721917,-0.2779782343330534,-0.01236108975194976,-0.689734179650229,-0.1910848933548485,-0.7117866563378794,-0.6597823083281962,-2.9124263448995387,0.2871576234683778,0.2753085315168044,-2.340378516793023,0.3612144481657115,1.0675519850567257,-0.18219807439116845,0.8753333822867573,0.10645897120688347,0.3460739417831455,0.25885145936184134,-0.616664779282193,1.325269735003447,0.8723711092988639,1.869998823332724,0.7614504429744129,-0.01565250418294237,0.9026521220639959,0,0,0,1
10564,ΑΘΗΝΑ,0.9637598172123818,-1.0029939767825102,0.4797148279926466,-0.24941003954855143,1.7611254891963823,-1.1194191485200513,1.3582846113566127,-0.14570358405124584,-0.11879860738920901,1.7586795822271062,-0.4560891784523798,-0.4803036574482129,0.8463562826871303,-1.100341074159698,-0.9866064000883604,1.674051201090154,-1.0871331765256071,-0.12222287714619552,1.3582846113566127,-0.2530789000024655,-0.25112217442704465,-0.2491654488516238,-1.026230092990633,1.1430447980603182,-1.1184407857323408,-1.1194191485200513,-0.4568229505431626,1,1,1,1
10564,ΠΛΑΚΑ,1.3724063666295825,0.9169457813916702,0.8797653254538814,0.275582916464814,0.7868141856094095,0.6938630457649376,0.7961092995938567,0.6752728177960432,0.08968063677587015,-0.04509851599861411,-0.17987766877309838,-0.040450959006390515,-2.6337877606671567,0.16404154865144768,0.3685340563092859,-0.44943597432206694,-1.9459493258180647,-2.1597369474603503,-1.4904887405801523,-0.8212405336999545,-0.1519923268197568,0.517255880060441,0.3778291702937331,0.5265509940448881,0.6380923618582545,0.22910734654257803,0.6102070199049129,0,1,0,0
10671,ΚΕΝΤΡΟ,0.9147854470864919,-0.6182207594918738,1.2072603495745124,-0.47297812084136026,1.5494758817373662,-1.8497987502407491,-0.2650622888005566,-0.4033412392965935,-0.2063683457842532,1.9215357917051201,-0.08102195900367298,-0.038245017483316254,0.05626217889886723,-0.25710378805258327,-0.14866921536144642,1.4410413090462293,-0.4371648674754802,-0.5903660068739671,1.85587816053434,-0.6003141328089338,-1.9622125733058726,-0.3834449874266601,-0.1775187805728498,1.2948038578022192,-0.5565423786950804,-0.773411524077354,-0.4192582407925402,1,1,1,0
10671,ΖΑΠΠΕΙΟ,-0.3517434690521434,-0.7494235851819921,-0.546646100224693,-0.47380370271576033,-0.05643645212403787,-1.084104871033845,2.4713916127805455,3.032474944943946,0.018374658831082195,0.13452875215613702,-0.25330779674277487,-0.3970238783144529,-0.3104004866822086,-0.5308963926551941,-0.47380370271576033,-0.23952680261946327,-0.4678975623771982,0.9791068205705188,1.485066176240673,1.4417544804245508,-0.6057075036103141,-0.3478060421597686,-0.4186797262225139,-0.5289276792090066,-0.5702706615789415,-0.6509879128726236,-0.5053031178547582,1,1,1,1
10671,ΚΟΛΩΝΑΚΙ,0.18325159899414553,-0.2506605268052749,0.3273910831237292,0.1675680281821183,0.3557708779264452,-2.9422600128312837,0.29901128832101326,0.2624162897596164,0.35875822474778374,0.8382273895726166,0.6739233143989979,0.4924419950026826,0.19594782298483426,-0.1274324704250608,0.2818340440983168,0.04807415532857739,0.22955547472489263,-0.2364706294039169,-0.17896420309315034,-0.1782173663878157,-3.6435396791405017,0.7291892305937605,0.5372521973227604,0.6410624993642741,0.5357585239120912,-0.04079941260624366,0.44091026233459313,1,1,0,0
10672,ΚΕΝΤΡΟ,0.22493743093164076,-0.2576781270153172,0.2488292902359456,0.07202953138408973,0.2798887073315419,-3.115144499810177,0.1222024359231299,0.14848348115786525,0.3802345164096223,0.9034662351738986,0.7314448481829036,0.2966130088445553,-0.14538638828508443,-0.5252669512235315,0.24166173244465416,0.27033196360982,0.43757497873995393,0.6215422953831012,0.7840069386523743,0.7840069386523743,-3.1270904294623296,0.7218881044611817,0.5140289285137295,-0.11193778525905763,-0.3890833531889939,-0.9051475141619787,0.7935636823740962,1,1,0,0
10672,ΚΟΛΩΝΑΚΙ,-0.2003849533879678,-0.6744803076105361,0.02952934455098607,-0.03192746062601353,0.16177121997649413,-3.0466032431477617,0.10580162954744093,0.10744779397182484,0.22487418957787766,0.7077490873971602,0.49978364844999196,0.13268898181237826,-0.09448170875260241,-0.32329856374196697,0.29730542425077006,0.23310501169979725,0.4394242862225816,0.3093772966962521,0.5524609100302773,0.5524609100302773,-3.400528594390304,0.8213344326796506,0.9409557141848819,0.7258568960653833,0.48551689010533133,-0.10435869529890592,0.5486198597067148,1,1,0,0
10673,ΚΟΛΩΝΑΚΙ,0.08353394174616983,-0.3753226076070331,-0.16149285585461987,-0.20438879389613743,-0.06166230913981536,-1.2639184635216212,-0.3312567803462015,4.302674417357009,1.6879720121899615,0.1806347469492414,0.0351785206811864,-0.08181040125022512,-0.12132665932483523,-0.2637931686990875,-0.10416828410822822,-0.12223657316207955,-0.15876311434288692,-0.28875080537778863,-0.23792561818314206,-0.23558583974451383,-1.4739785722340222,-0.0004381066623766632,-0.15928306510702653,-0.0643920506515483,-0.12379642545449837,-0.3237174942661772,-0.13198564998969717,1,1,1,1
10674,ΚΕΝΤΡΟ,0.7346099514312415,-1.1977973461550544,0.5763053988041156,-0.01597197912840733,0.9775255580487279,-2.057554830250652,1.1685827767366384,-0.3434986397362541,0.2706138489034586,1.4961094373444852,-0.747448187819265,0.27607262658025605,0.9611492250183354,-0.9958225721135489,0.15052074001391477,0.8929145040583674,-0.9466935730223719,-0.21794675316991283,0.8901851152199687,-0.7938477980720434,-2.068472385604247,1.0075488352711137,0.9638786138567342,1.1167243888070626,-0.6464608007985123,-0.8511649636784165,-0.600061190545734,1,1,0,0
10674,ΑΘΗΝΑ,0.7311826202037873,-0.22726730950674334,0.27262311851700183,0.10516160663449277,0.8712089482246939,-0.07833345425804376,0.6741744459459119,0.9417565638688147,0.43723422168661713,-0.6726436708963951,0.10979352079294516,0.2537391607940806,-0.6619546382230435,0.1354471992089891,0.3802260474287417,1.1338028509000326,0.6948399091143918,0.579398356242194,-1.1885676479301677,-2.94833872705296,-2.9486950281420716,0.5676404203015072,0.20385700831843961,0.7108734581244193,0.21454604099179125,-0.2849880859428422,-0.006716935346587758,0,0,0,0
10674,ΖΑΠΠΕΙΟ,0.004693756426358891,-0.5402513646738929,-0.1600570941388335,-0.007979385924809755,0.6383508739847913,0.4799365945951832,1.1959691374362118,1.6965582603073732,1.5001245538642591,-1.680834176279071,0.036376612304280506,0.17578117816713562,-1.7632096015616674,-0.2044130923679238,0.06805946818220213,0.5686485910533636,1.1579497103827057,0.9931988598175133,-2.599636996738798,-1.4653907563092041,-0.33114451587961025,0.8031017245499836,-0.19173995001675515,-0.07768166885623731,-0.026989099451562727,-0.3374810870551946,0.06805946818220213,0,1,1,0
10674,ΚΟΛΩΝΑΚΙ,0.3350187832561719,-0.24785769411974706,0.4695287395736917,0.3338691255098683,0.5385082043519069,-2.9771451838444642,0.08669271005459697,0.10853620723436513,0.24074684805927773,0.6224332198320689,0.5040184719627994,0.6028890381449079,0.546555808576032,0.13497833539934764,0.5511544395612464,0.32237254804683246,0.5281612846351746,0.06140023963591804,0.017713245276381708,0.018862903022685295,-3.700279906269421,0.4706783973199953,0.26603931847795664,0.2602910297464387,0.19705985369974138,-0.38811593916878473,0.09588997202502567,1,1,0,0
10674,ΠΑΓΚΡΑΤΙ ΣΤΑΔΙΟ,-0.2048694710834752,0.30194113146595936,0.808751734015394,0.0847365875162017,-0.19038916815349136,-0.320711894523346,-0.320711894523346,-0.47999522675316825,-0.595837650193039,-2.0728285490513914,1.4893259717246348,1.5617274863745538,-1.2040103732523606,0.49018506955574936,0.8232320369453778,0.5625865842056686,0.620507795925604,0.4612244636957817,-2.8113239984805674,-1.5563644112153006,-0.30140482395003365,0.9535547633152324,0.1860987080260886,0.3453820402559109,0.5915471900656363,0.3164214343959432,0.4612244636957817,0,0,0,0
10675,ΑΘΗΝΑ,1.2747583491053585,-0.9938615148706145,-0.9938615148706145,0.06925741720180789,1.5927448153948776,-0.9938615148706145,0.12146415047322148,-0.2724593823928993,-0.29618971569808733,-0.6473986486148697,-0.9938615148706145,0.059765283879732685,0.4536888167458535,-0.9938615148706145,0.2591000836433119,2.029382948210337,-0.5809537153603433,-0.5951919153434561,-0.8324952483953361,0.028124839472815397,0.8887449273409669,1.7493650152091185,0.3160528835757631,2.038875081532412,-0.9464008482602385,-0.8752098483446745,-0.8657177150225993,1,1,1,1
10675,ΖΑΠΠΕΙΟ,0.817060293754368,-1.2324912877071803,-1.2324912877071803,0.2767239677326871,1.357396619776049,-1.2324912877071803,-0.41267065512256096,0.7238988582333885,-0.48719980353934456,0.5375759871914296,-1.2138590006029844,-0.43130294222675686,-0.058657200142839004,1.022015451900523,1.2642351842550694,1.860468371589338,-1.2324912877071803,-1.2324912877071803,-0.580361239060324,0.04071499774620594,0.6617912345527356,1.2828674713592654,0.7425311453375845,0.7984280066501721,0.42578226456625423,-1.2324912877071803,-1.2324912877071803,1,1,1,1
10675,ΚΟΛΩΝΑΚΙ,0.25487714141143897,-0.509453661071656,0.31656472476228703,-0.06979434990881374,0.50027467693433,-3.1114251044273815,0.6066045903417128,0.0892946808381101,0.11608007887203095,0.6620693034422559,0.5662912135027814,0.4840411023683174,0.42018904240866767,-0.04138559441829162,0.3879924528527426,0.6003817200914079,0.3801462251458365,0.11499784056763011,0.5584449857958753,-0.030833770950383407,-3.509147681294691,0.4388576531595822,0.37148831871062976,0.5000041173582298,0.11553895971983053,-0.39419528165296625,0.18209661544048233,1,1,0,0
10676,ΖΑΠΠΕΙΟ,0.0,0.0,0.0,0.0,0.0,0.0,0.0,0.0,0.0,0.0,0.0,0.0,0.0,0.0,0.0,0.0,0.0,0.0,0.0,0.0,0.0,0.0,0.0,0.0,0.0,0.0,0.0,1,1,1,1
10676,ΚΟΛΩΝΑΚΙ,0.8910376151406411,-0.6459908845336418,0.9002252969944968,-0.4085246458493678,1.1649718833371427,-1.9872510862449964,1.3111266992892494,-0.42916159278264404,-0.31862671263317843,1.8409025698777368,-0.3632929813380776,-0.3686642414987933,1.1607314147892094,-0.5268337183367114,-0.20922262409649506,1.2155748080091489,-0.31594108255282055,-0.4725557209231631,1.5420908862000255,-0.4418829984264444,-2.2452129229109485,-0.16879682393952936,-0.2619457830424678,0.8217766288577277,-0.4872560118893325,-0.7276905785571599,-0.4695873929396097,1,1,0,0
10677,ΚΕΝΤΡΟ,-1.9583214244906182,-2.148402612089649,-0.15511880699710726,0.3252214913950388,0.49603769376443835,-1.9416251039582708,0.7349235106118693,0.7362078429605114,0.7644631546306376,1.2448034530227838,1.0495849360291842,0.47163537914023845,0.011844398326365985,-0.27841471246674904,0.440811402772828,0.592362619912596,0.7721691487224902,0.7875811369061955,0.7362078429605114,0.7400608400064377,-1.994282730252597,0.4433800674701122,0.3059565061654073,-0.2552967301911912,-0.6585770876648112,-1.061857445138431,-0.20135477154822293,1,1,1,0
10677,ΜΟΥΣΕΙΟ,1.7574110093806732,-0.9550657113271025,-0.7482849747709044,-0.5577223351995061,1.222213808882278,-1.3686271844394988,-0.5455587624609062,-0.5455587624609062,-0.7158487808013047,0.9140699661710807,-1.0969740599441014,-0.8050483142177038,-0.784775692986704,0.5167265900434843,-0.7199033050475047,0.7883797145388819,-0.8658661779107033,-0.6955761595703048,1.4735943121466757,1.4735943121466757,-0.23336039550350898,1.5790119425478748,1.4573762151618759,0.5775444537364838,-0.7036852080627047,-0.8334299839411036,0.4153634838884852,1,1,1,1
10677,ΕΞΑΡΧΕΙΑ,-0.9270764576525268,-1.452433295919984,-0.11715133199019678,0.5614345841052688,0.7912782008472814,-2.29519322397403,0.9992319493281498,0.9992319493281498,0.7037187278027052,0.7803332667167093,0.7365535301944213,0.211196691926964,-0.27038040981820516,-0.5111689606907898,0.09080241649067172,0.047022679968383614,0.2659213625798241,-0.13904120025134084,-0.23754560742648906,-0.22660067329591704,-3.116063283766932,0.7365535301944213,0.4957649793218367,0.5285997817135528,0.3863156380161164,-0.2922702780793492,1.2509654343313066,1,1,0,0
10677,ΠΛΑΤΕΙΑ ΚΑΝΙΓΓΟΣ,-1.429292491219862,-1.7731933241326612,-0.5499511209871345,0.38598152554769916,0.590580755255314,-2.0953282815446506,0.4295132765493193,0.4295132765493193,0.1857354709402464,0.35550929984656504,0.18138229584008436,-0.4498280936834081,-0.9199710045009059,-1.1463361097093308,0.05078704283522386,0.5644617046543419,0.7647077592617947,0.8256522106640629,1.130374467675404,1.130374467675404,-2.2955743361521033,0.7603545841616326,0.5688148797545038,0.5731680548546659,0.4773982026511015,-0.0928677354701227,1.3480332226835048,1,1,0,0
10677,ΣΤΡΕΦΗ,-1.0185719601193484,-0.6803987017506098,0.26449716722086536,-0.570989706396018,-0.40190307721164875,-2.9382025149771875,-0.4914195279563148,-0.4914195279563148,0.294335984135754,1.1198765854476744,1.2292855808022662,0.7419182378590844,0.4136912517953088,0.025786631901755827,0.682240604029307,0.22471207800101375,0.4037449794903459,0.24460462261093954,-0.1532462695875763,-0.1532462695875763,-2.659706890438226,1.1198765854476744,0.9507899562633052,0.771757054773973,0.5330465194548636,-0.05378354653794735,0.5927241532846409,1,1,0,0
10678,ΚΕΝΤΡΟ,-0.6087273774653422,-0.7244365586544935,0.47871957181469105,-0.43653456754404596,1.442779953475961,-1.5141105914145783,1.8792942104738968,-0.6070822232304254,-0.415147562490127,1.78387526484872,-0.38443801677167927,-0.21114843736043848,0.9432014508062131,-0.43214748958426774,-0.23582575088419114,1.4707475754695474,-0.38553478626162385,-0.38224447779179016,2.0213258594217174,-0.5917274503712016,-1.5420782134081645,-0.35318008630825926,-0.272567528797334,1.0002334642833304,-0.5961145283309798,-0.7737911857019988,-0.5533405182231418,1,1,1,1
10678,ΕΞΑΡΧΕΙΑ,0.0030100006738405685,-0.6014357596417514,-0.04016469649155886,-0.283974751072638,-0.047783760697217584,-3.082711002617942,-0.06302188910853503,-0.06302188910853503,0.46269354108191685,1.2169808974421303,0.9630120905868397,0.7395195405541838,0.06650220238766326,-0.34746695278646067,0.3890425870938825,0.3814235228882238,0.5566619996183745,0.9680914667239454,0.843646751364853,0.843646751364853,-2.6992181042664534,1.2880921633616118,-0.0528631368343234,-0.04016469649155886,-0.15699034764499262,-0.751277355686373,-0.4922291726939764,1,1,0,0
10678,ΣΤΡΕΦΗ,-0.843649408314993,-1.141072860233336,-0.9051852949187881,-1.3564484633466187,-1.2846565956421911,-2.556398252120623,0.3050204749558487,0.3050204749558487,0.24348458835205364,0.510140096968499,0.3870683237609089,1.08447503860392,1.1357549441070824,0.8178195299874745,1.3408745661197328,1.3511305472203654,1.3716425094216305,1.0024271897988597,0.24348458835205364,-0.07445082576755434,-1.5308001420573716,0.2845085127545837,0.13066879624509598,0.05887692854066836,-0.07445082576755434,-0.43341016428969237,-0.3718742776858973,1,1,1,1
10679,ΚΕΝΤΡΟ,-0.44303155087768004,-0.933120739598252,-0.23474364567143696,-0.6268149966478945,-0.17960861194037261,-2.5112079272784937,0.9255425086245173,0.7821914209237499,0.44402988070655525,0.8238490019649986,0.2663725497953479,-0.03258185532420101,-0.40872530766724,-0.7566886316588461,0.2259401917259007,1.6900816430286096,0.3227328064982137,0.2259401917259007,1.5638836769330622,0.40972363749611523,-2.426667542224195,1.0688935963252846,1.0309116841994401,0.3325345902726251,-0.5484007264526031,-0.8914631585570034,-0.11957268632210254,1,1,0,0
10679,ΕΞΑΡΧΕΙΑ,0.5238978193889909,-0.07973978189846725,0.3830490457552507,0.061108991735273,0.24220027212151046,-2.1119863728995765,0.020866484982775782,0.020866484982775782,0.061108991735273,0.6043828328939854,0.26232152549775906,0.6848678463989798,1.026929153795206,0.5842615795177368,0.6043828328939854,0.12147275186401882,0.3025640322502563,-0.32119482241345054,-0.7236198899384227,-0.7236198899384227,-3.580837869365725,0.7251103531514771,0.48365531263649375,1.1275354206764492,-0.4419223426709422,-0.9449536770771574,1.087292913923952,1,1,0,0
10679,ΝΕΑΠΟΛΗ,-0.48654042674803616,-0.7520838939030285,-0.22099695959304383,-0.31471818329480583,-0.14289593984157548,-2.7670902034909117,-0.23661716354333748,-0.23661716354333748,0.20074854706488524,1.012999152480156,1.20044159988368,0.966138540629275,0.8411769090269257,0.6068738497725206,0.73183548137487,0.7474556853251636,1.0754799682813307,0.5131526260707586,0.43505160631929024,0.43505160631929024,-2.3141042889323953,0.9817587445795687,0.7943162971760446,-0.2522373674936311,-0.8458051176047905,-1.2831708282130132,-0.6896030781018538,1,1,0,0
10680,ΚΕΝΤΡΟ,0.36282594867895007,-0.25258833957604393,0.38313373724403593,0.06880448814966311,0.37430426395486815,-2.9305675881806303,-0.4415390679642343,-0.438890225977484,-0.15546413339519838,0.6444861466034021,0.11295185459550199,0.42816405101879157,0.4387594189657929,0.02554006903274101,0.4316958403344587,0.40873920978262246,0.42816405101879157,0.038784278966492676,0.6621450931817376,-0.07953066310835552,-3.442677038952361,1.1874987538872204,0.9279122391856877,0.5703185709743928,0.22420321803901597,-0.3249900205472197,0.3478158440873648,1,1,0,0
10680,ΕΞΑΡΧΕΙΑ,-0.4566793327027155,-1.0989835211922159,-0.2668357301935035,-0.3058591373759526,-0.08332024776793193,-2.8349977974708986,-0.31007788409837955,-0.31007788409837955,-0.23624981645590823,0.5906245411397706,0.375468458295997,0.1624217488134369,-0.33222630439112094,-0.26999979023532367,0.4957027398851646,0.48515587307909724,0.6771088489495227,0.6781635356301294,1.3921864184008879,1.4955457131003476,-2.521755853330699,1.2160537427395635,1.063124174051587,0.6423041884895005,0.17507798898071772,-0.6307026350028264,0.20882796276013316,1,1,0,0
10680,ΝΕΑΠΟΛΗ,0.0695676991605456,-0.6682228256705672,0.00012859094114674253,0.07130367686603058,0.5521695012853677,-2.9770731739655796,-0.23770035471029435,0.0088084794685716,0.12338300803057972,0.4948822370043636,0.19803004936643348,0.052207922105695886,-0.005079342175308172,-0.5519123194030742,0.43238703960690467,0.6771598960802856,0.7049355393680452,0.21018189330482828,0.18240625001706876,0.18414222772255373,-3.3902358678710027,0.6806318514912556,0.35947597597653586,0.8924211315604221,0.8403418003958729,0.18067027231158378,0.9149888417317267,1,1,0,0
10681,ΕΞΑΡΧΕΙΑ,3.410725092734944,2.8786232331236543,1.483143902087041,-0.3772394228950769,-0.3088357227719939,-1.0362827644655497,-0.21006691858786283,-0.21182085961665983,-0.23034686173332816,-0.07808285617088859,-0.13377048383519333,-0.1912120525282951,-0.29206366168412257,-0.381843518095669,-0.23681451927701708,-0.27397614482465354,-0.21269783013105834,-0.2646583331091695,-0.2595061313370783,-0.2606023444800764,-1.0850642493289662,-0.14023814137888227,-0.2088610841305649,-0.2650968183663687,-0.34150287443333804,-0.5049482540543585,-0.26696038070946554,1,1,0,1
10681,ΣΤΡΕΦΗ,1.0962793363814434,0.2746006342905102,1.0293985117926465,0.7045487923613474,0.9816264942292201,-2.4006323492613655,-0.16490192729301223,-0.16490192729301223,-0.0024770675773626467,0.6472223712852357,0.4561343010315303,0.3414814588793071,0.08351256403680478,-0.31777238349597653,0.47524310805690084,0.4561343010315303,0.7141031958740326,0.303263844828566,0.007077335935322623,0.007077335935322623,-3.4993887532201713,0.2746006342905102,0.016631739448007894,0.28415503780319545,-0.6235132959019052,-1.2732127347645035,0.2937094413158807,1,1,0,0
10681,ΝΕΑΠΟΛΗ,0.6133460105400422,-0.07360152126480507,0.637879850961644,0.4048083669564279,0.6317463908562435,-2.888859709643599,0.10426882179180719,0.10426882179180719,0.07360152126480507,0.44774258769423086,0.20240418347821396,0.3066730052700211,0.2453384042160169,-0.17787034305661226,0.3925414467456271,0.26373878453221816,0.41094182706182836,0.27600570474301905,0.5029437286428347,0.5029437286428347,-3.7782114249266603,0.39867490685102747,0.19627072337281354,0.2453384042160169,0.15333650263501056,-0.4845433483266334,0.2882726249538199,1,1,0,0
10682,ΚΕΝΤΡΟ,-0.030436260386482922,-1.3654375930148328,0.9440627668550674,2.308153622684657,2.979290479398987,0.744591750617991,-0.024202791129074284,-1.3373869813564938,-0.5457363856655969,-0.36184904257204215,-1.1971339230647995,-0.612226724411289,-0.0023856487281440552,-0.06264251821642755,-0.01381367570005989,0.5087588303793642,-0.0325140834722858,-0.24133530359547514,0.08903856704718262,-1.179472426835475,-1.4589396318759622,0.5575876728957319,0.125400471048733,0.4921362456929412,-0.0023856487281440552,-0.1166659184473024,-0.16445584942076863,0,1,1,1
10682,ΜΟΥΣΕΙΟ,-0.28645774950460823,-0.8745929077310366,0.36583760780106683,-0.2920590367258123,0.8241247440814006,-2.520352934906635,1.4871134679002835,0.07304304851085361,0.04198136482963099,1.5186843595107065,0.3286654289694398,-0.019632794603613887,0.04401819654643247,-0.6092955766176433,-0.1051797267092762,0.5883614728616289,-0.10110606327567322,-0.08786665711646358,1.5869182220235563,0.2059463180321504,-2.825877692426858,0.6520124640116752,0.4350898861723173,0.7640382084357569,-0.27219992748699784,-0.8333470654658065,-0.08786665711646358,1,1,0,0
10682,ΕΞΑΡΧΕΙΑ,0.08156958726570661,-0.4780512696309836,0.08156958726570661,-0.09895326979774186,-0.1531101269167764,-2.879005268574848,-0.7127309838134666,-0.7127309838134666,-0.1170055555040867,0.46066758709894834,0.2801447300354999,0.29819701574184476,0.24404015862281023,-0.13505784121043155,0.5689813013370174,0.42456301568625865,0.6231381584560519,0.09962187297205145,-0.31558069827388,-0.31558069827388,-2.9331621256938827,1.43549101524157,1.2188635867654318,1.092497586821018,0.8939224440512247,0.24404015862281023,0.8036610155195004,1,1,0,0
10682,ΠΛΑΤΕΙΑ ΚΑΝΙΓΓΟΣ,-0.1233405409203292,-0.6277061138538746,-0.10952230604543754,-0.35825053379348737,-0.26152288966924575,-2.990624277460348,-0.5378875871670789,-0.5378875871670789,0.1461150391400581,1.237755594256499,1.0166638362582325,0.4155706192004454,-0.3167958291688124,-0.6415243487287663,0.23593356582685387,-0.026612896796087606,0.15993327401494975,0.3188429750762038,0.4155706192004454,0.4155706192004454,-2.58989546608849,1.5141202917543322,1.2999376511935115,0.8577541351969784,0.5192073807621328,-0.03352201423353343,0.6021167900114828,1,1,0,0
10682,ΜΟΥΣΕΙΟ ΝΕΑΠΟΛΗ,0.25468884887284915,-0.06269263972254782,0.4133795931705476,-0.6181102447644925,-0.4065225857008945,-2.654641463251623,-0.06269263972254782,-0.06269263972254782,0.04310118980925116,0.6514157096170953,0.5720703374682461,0.7307610817659446,0.7307610817659446,0.3604826784046481,0.889451826063643,0.7043126243829948,0.9423487408295426,-0.03624418233959808,-0.7239040742962914,-0.7239040742962914,-3.368749812591266,0.17534347672399989,-0.06269263972254782,0.5720703374682461,0.8630033686806933,0.17534347672399989,0.7043126243829948,1,1,0,0
10683,ΜΟΥΣΕΙΟ,0.13239640787010395,-0.6332829037680416,0.18911339391737397,0.020495327290354942,0.3132776066154516,-2.850610479913342,0.008998640929421826,0.01129797820160845,-0.11133334298167813,0.3853235078106325,0.5761685014021223,0.4742312156685153,0.0718471930358562,-0.3473986362595048,0.6581781974434452,0.7999706625616202,1.0482990879577756,0.10940303514823771,-0.0024980454315112898,0.04502159152701226,-3.513586060060485,0.785408193171105,0.5570073574672337,0.6129578977571082,0.4489385056744624,-0.35276375656127357,0.563138923526398,1,1,0,0
10683,ΕΞΑΡΧΕΙΑ,0.11380261387306904,-0.7767410651298144,0.3438105839466615,0.32611766317176977,0.6445902371198208,-2.593214264685365,0.44996810859601183,0.44996810859601183,0.34970822420495873,1.1576849395916808,0.8215194448687381,0.5207397916955787,-0.004150191292875787,-0.5998118573808972,0.23765305929731112,0.32611766317176977,0.6445902371198208,0.09610969309817732,-0.06312659387584821,-0.06902423413414545,-3.6135060293707877,0.5207397916955787,0.18457429697263594,0.44996810859601183,0.28483418136368904,-0.6410953391889779,0.4381728280794173,1,1,0,0
10683,ΣΤΡΕΦΗ,-0.4864699684287306,-0.7851742067816846,-0.32052316934375613,-0.3039284894352587,-0.19191440005290092,-1.8638284008340185,-0.7022008072391973,-0.7022008072391973,-0.4532806086117357,0.023816438757565866,-0.09649499057904061,-0.1628737102130304,-0.28318513954963687,-0.5072133183143523,0.5631435357837329,3.6207133089243873,0.07774914846018256,0.0030730888719440585,0.08189781843730692,0.08189781843730692,-1.7601116514059094,0.9697131935419202,0.8037663944569458,0.8825911240223087,0.8452530942281894,0.2105065877281621,0.45527811637849946,1,1,1,1
10683,ΜΟΥΣΕΙΟ ΝΕΑΠΟΛΗ,-0.7431965296694034,-0.9476338195706264,0.34189370134478025,0.8923017895403806,1.018109352556518,-0.4129516767520432,-0.9476338195706264,-0.9476338195706264,-0.9633597649476435,-1.0734413825867637,-1.1520711094718494,0.46770126436091747,-0.9161819288165921,-1.0262635464557122,0.9866574618024836,0.6564126088851233,0.7664942265242434,1.2068206970807238,2.0717476928166674,2.0717476928166674,-0.2556922229818716,0.6878644996391576,0.5777828820000376,0.1846342475746087,-0.7589224750464205,-0.9476338195706264,-0.8375522019315064,1,1,1,1
11141,ΑΘΗΝΑ,0.5017226250922147,0.5017226250922147,0.5017226250922147,0.5017226250922147,0.5017226250922147,0.5017226250922147,0.5017226250922147,-0.04994523869696283,-0.33599524214320303,-2.215752407647067,0.5221547681955175,0.8695012009516663,0.11351190612946013,0.15437619233606586,0.7877726285384549,0.5221547681955175,1.0942547750879978,0.7469083423318491,-3.0330381317791817,-2.0182416909818057,-1.0034452501844304,0.01135119061294578,0.1952404785426716,0.5017226250922147,0.4608583388856089,-0.8467988197257748,0.01135119061294578,0,0,0,0
11141,ΑΓ. ΛΟΥΚΑΣ,0.08882768624545305,-0.33183987877070736,-0.0009709773468218866,-0.03713151302156347,1.022974857842944,-0.003080341927848479,0.10901731866385043,0.08671832166442646,0.0035490896125208115,0.16355945997325233,0.04935243480052682,0.16175143318951524,0.4227099656422337,-0.004888368711585558,0.21508822330975907,1.1784651612443329,0.40583504899402095,0.3229671547394048,0.2729450803893456,-3.2490910943304847,-3.2536111612898275,0.16446347336512085,0.44289959806063106,1.0097159947622054,0.23316849114712987,-0.07118268411527846,0.5977872258674408,0,0,0,0
11141,ΓΑΛΑΤΣΙ,-1.228871093160895,1.461723812800248,2.0446860424251625,1.8563443990078823,2.340651482080888,2.1702471380366823,0.18817555731197363,-0.19299205436585495,-0.33649044935044925,-0.4530828952754321,-0.3858180226264035,-0.2647412518581521,-0.5068947933946549,-0.6055499399465636,-0.412723971686015,-0.35442774872352356,-0.11227420718702066,-0.22438232826873497,-0.7400796852446208,-0.6175081395286129,-0.49493659381260563,-0.3723650480965978,-0.5472537169840721,-0.4396299207456264,-0.44411424558889495,-0.8387348317965293,-0.4889574940215807,0,1,1,1
11141,ΚΥΠΡΙΑΔΟΥ,0.06319030394457255,-0.06668079339626058,0.28751795709263994,0.19306140128540566,0.5729676954779126,0.4633106210907451,-0.19041834815220837,0.22196905416373486,0.3418131427571032,0.3646405882034591,0.2472499166440449,0.35136013512835956,0.31034540253899584,0.18399442529035778,0.4339229518362075,0.3507734484463271,0.6975052775275411,0.637663235960225,-0.8848953742199653,-3.2108947278672235,-3.3988478067292753,0.4537636287194888,0.3134388414078945,0.4553636833068502,0.42858943654500287,0.013641946889281388,0.36565395610878804,0,0,0,0
11141,ΛΑΜΠΡΙΝΗ,-0.32120367990006043,-0.5087171795173931,-0.2274469300913941,-0.32120367990006043,0.21008456901571554,0.053823319334604956,0.14758006914327132,0.3038413188243819,0.21008456901571554,0.36634581869682614,0.42885031856927036,0.6163638181866031,0.6163638181866031,0.39759806863304825,0.6163638181866031,0.5226070683779367,1.0226430673574907,1.0538953172937127,-3.133906174160051,-2.9463926745427185,-1.3369018028272792,0.27258906888815976,0.27258906888815976,0.39759806863304825,0.39759806863304825,0.24133681895193768,0.6476160681228252,0,0,0,0
11141,ΠΑΤΗΣΙΑ ΤΕΡΜΑ,0.2324411203051464,-0.17505382971658925,0.27880282120582295,0.12507718137726395,0.49353069906158786,0.37640640204935244,-1.2755342037273845,0.1787591508412052,0.03479386909699917,0.22756094126296994,0.37152622300717597,0.5423324894833526,0.5472126685255291,0.25196183647385234,0.5618532056520585,0.4105676553445878,0.505731146667029,0.33492488019085237,-0.4605443036839131,-4.130438943400622,-1.9001971211259732,0.3300447011486759,0.35932577540173477,0.5545329370887938,0.5545329370887938,0.09335601760311688,0.5764937427785879,0,0,0,0
11142,ΡΙΖΟΥΠΟΛΗ,0.29547678392901117,-0.2816172458746528,0.3116209592930385,0.21957506393395726,0.6065533569881052,0.25330916170953677,0.42414827115872167,0.22632188348907317,0.061024804388733506,0.457641411093047,0.08439771499038504,0.3236688513557455,0.511134051851466,-0.016322662653845257,0.25041766761448714,0.5836623620689619,0.4535451277917267,0.331379502275878,0.9694358659168393,-2.856974653198895,-3.7887586253286525,0.1629499712392345,0.06078384654747937,0.3648726422102033,0.13523981949500846,-0.2596900823205261,0.11620415003593144,0,0,0,0
11142,ΓΑΛΑΤΣΙ,0.09859793983227516,0.09859793983227516,0.09859793983227516,0.09859793983227516,0.09859793983227516,0.09859793983227516,0.09859793983227516,0.09859793983227516,0.09859793983227516,0.09859793983227516,0.09859793983227516,0.42644823237801704,0.5444743376944842,-0.15056828250248866,0.11171195153410483,1.8034194610701328,0.36087817386886867,0.38710619727252804,0.5838163727999731,-4.163455863262369,-1.868503815442176,0.42644823237801704,0.20351003344691257,0.37399218557069835,0.37399218557069835,-0.41284851653908217,-0.0849982239933403,0,0,0,0
11142,ΚΥΠΡΙΑΔΟΥ,0.5802991804862889,-0.15932250967230743,0.17223204108844264,0.04471106002661569,-0.21883230083449334,-0.4908770604330575,-0.29534488947158954,0.4272740032120966,0.39326840826227605,0.5377921867990133,0.17223204108844264,-0.05730572482284588,-0.05730572482284588,-0.27834209199667925,0.0192068638142503,-0.12531691472248693,0.1042208511888016,0.00220406633934004,0.13822644613862212,-3.823425365515469,-2.029630231912436,-0.2358350983094036,0.8268397438724877,1.2179040857954238,1.2179040857954238,0.6738145665982953,1.2434082820077892,0,0,0,0
11142,ΛΑΜΠΡΙΝΗ,0.23343667656112135,-0.14220970259739535,0.22940882823476005,0.10269668170545902,0.47814496996267924,0.41396351794262687,0.5521649367471224,0.37824112540883226,0.21824970746172626,0.37408121648160664,0.17902770900502754,0.30118376480451003,0.3029665829161782,0.06367277415005677,0.3263413092691602,0.19982725364115564,0.5483351793220576,0.5190177259301818,0.3921074884995843,-3.164812735179617,-3.655946109793969,0.27695064454591,0.1699815578458226,0.30118376480451003,0.2999952193967313,-0.1282773092062111,0.23026722214037804,0,0,0,0
11142,ΡΙΖΟΥΠΟΛΗ ΑΓ. ΑΝΤΩΝΙΟΣ,-0.10151915460205638,-0.4774559634093401,0.11287051146474801,-0.06679406784475707,0.37406355533486885,0.28800573163199666,0.5099443296025618,0.11890965698775659,-0.13926381412085997,0.04191055156939726,-0.17247911449740713,-0.012441758137679905,-0.01848090366068848,-0.213243346777715,0.1959087624061159,0.013224610335106536,0.8617245563178112,1.1787796962757613,1.3976987214848222,-4.099433490833732,-1.432395849235071,1.2346417923635906,0.3423580413390738,0.3604754779080996,0.3604754779080996,-0.48953425445535725,-0.1679497553551507,0,0,0,0
11143,ΚΑΤΩ ΠΑΤΗΣΙΑ,0.2661113961707172,-0.6668382055531304,-0.300785063210093,-0.5113466052658225,0.3632936463502847,0.6224463134957979,0.8751201639626733,0.5706157800666953,0.2207596794202524,0.428081813136663,0.06526807913294445,0.275829621188674,0.2790690295279929,-0.21008162970916336,0.16892914599114975,-0.16149050461937964,0.4507576715118954,0.6159674968171601,0.8654019389447166,-4.123286903606413,-1.9302074578875075,0.2628719878313983,0.19808382104502,0.544700513352144,0.544700513352144,-0.1971239963518877,0.48315175490508455,0,0,0,0
11143,ΑΓ. ΕΛΕΥΘΕΡΙΟΣ,0.32392508338838016,-0.18033347107362388,0.2337161500675591,0.08479768807731816,0.28505347764835326,0.11897789312458318,0.2691027152929629,0.2270141490778993,0.09659320981911942,0.2731239158867588,0.22178658830596465,0.40716393567995496,0.4235168180947249,0.1215246535006539,0.3798197716421429,0.26655595491689216,0.4650692242306157,0.4516652222512961,0.6420020503576347,-2.308754945369786,-4.264800954211898,0.29269375877656545,0.18385326270449012,0.38611965257242314,0.3526096476241241,-0.09803289892060144,0.3452374465354983,0,0,0,0
11143,ΑΝΩ ΠΑΤΗΣΙΑ,0.3720216476638946,-0.13804657604304482,0.21310859939973573,0.07872575321662154,0.3048302245723375,0.21364186466236715,0.3605564445173194,0.3354929771736433,0.1995103352026349,0.3096296119360201,0.18564543837421835,0.3229612435018053,0.2874991035368168,0.1440507478889687,0.09125748688845957,0.3514909350525855,0.5911936706054023,0.5607975506354121,0.7061123347024701,-2.9475546122166048,-3.824775969245267,0.2787002267033986,0.18564543837421835,0.33149348770390774,0.3309602224412764,-0.11858239395699852,0.2736342067084003,0,0,0,0
11143,ΠΡΟΜΠΟΝΑ,0.019432843315777167,-0.2937292600050782,0.3167553460471689,0.18277872439462167,0.5098004782312578,0.4329124170365694,0.6315674077627601,0.44974199266287457,0.22204773418933377,0.42829253353130914,0.1454896646735925,0.20488816688408143,0.27220646938930215,-0.06075513466838286,0.2685765609208834,0.22534765097880538,0.5038606280102089,0.545109587878604,0.7642240626995186,-2.1558723043039056,-4.2559393491236355,0.4111329662260568,0.11513043021045374,0.12866008904728732,0.07850135384731892,-0.29966911022612713,0.20950805038934167,0,0,0,0
11144,ΚΑΤΩ ΠΑΤΗΣΙΑ,0.1691655668739016,-0.25616418441611666,0.1189905508415038,-0.02304334069636073,0.28881368202808094,0.14677979049021642,0.4169529537415892,0.23941058931925852,0.02018436542385891,0.15141133043166854,0.1583586403438467,0.24095443596640923,0.3536552412084104,0.04720168174899619,0.32046253829467036,0.1815163400511072,0.47870681962761724,0.4470579633610279,0.6176530178711803,-2.597407624820155,-4.047079626494664,0.4794787429511926,0.304252148499588,0.4184968003887399,0.41772487706516453,0.1645340269324495,0.7419326729668119,0,0,0,0
11144,ΑΓ. ΛΟΥΚΑΣ,0.2384160683807807,-0.36352811762011084,0.11449808960078672,-0.16093416301941402,0.4169959392992731,0.06209166388547878,0.21732082359917573,0.2519488669199235,0.1117119251956691,0.5170325088925445,0.11728425400590436,0.16053613953296864,0.40412651323753923,0.011410006611434135,0.35556764789120326,0.5196859988021804,0.48094504612149697,0.49514121713804876,0.9029826162490782,-2.599226040983792,-3.9690902068332976,0.5001828479663568,0.19503150835823463,0.4859866769498051,0.20020581368202453,-0.13532798539142812,0.46900434152813564,0,0,0,0
11144,ΠΑΤΗΣΙΑ ΤΕΡΜΑ,-0.25798378755410184,-0.4823635902414117,-0.18344150411100224,-0.2700310252822795,-0.1367584579143136,-0.15031160035851351,-0.05468665089110294,-0.09609903058171382,-0.20603007485133543,-0.11266398245795817,-0.17666493288890225,-0.011768366484469843,-0.010262461768447629,-0.2466895021839352,-0.04489827023695855,-0.13224074376624695,0.9572813182758247,2.3765965131267612,2.556552126691416,-1.294799184535396,-3.0160482749487865,1.092059790359813,0.41063790635976116,-0.023815604212647553,-0.035862841940825264,-0.3588794035275901,-0.09082836407563608,1,0,1,1
11144,ΑΓ. ΕΛΕΥΘΕΡΙΟΣ,0.3613053857809631,-0.0608928836879305,0.32637900825798893,0.193864222950234,0.411126836071088,0.3006978483146256,0.43526712641784954,0.31507929788290906,0.14455639585897637,0.27861205076333306,0.24009031084828805,0.28374828275200575,0.2780984275644658,0.0500497272673992,0.32586538505912166,0.19026886055816314,0.47892509832156727,0.40239524169034446,0.5580230709471264,-2.9464280149242374,-3.866327164095513,0.19797320854117215,0.1517471206431181,0.3145656746840418,0.3145656746840418,-0.027507375761558137,0.34795118261041413,0,0,0,0
11144,ΑΝΩ ΠΑΤΗΣΙΑ,-0.08892841393684629,-0.3857139256284007,0.015308448706041087,-0.11209216119082127,0.29399728285542753,0.305579156482415,0.44818097551469843,0.39244320868482113,0.22305830689012915,0.36059305621060556,0.011689113197607497,0.03485286045158247,0.03557672755326919,-0.12801723742792906,0.1608057361450714,0.01820391711278796,0.680542315156135,0.9577834151021479,1.1452649944390079,-2.489271723130003,-3.888506830690429,0.7876746462057692,0.305579156482415,0.3504589167869915,0.35118278388867824,-0.09182388234359318,0.305579156482415,0,0,0,0
11144,ΚΛΩΝΑΡΙΔΟΥ,0.2273848409343033,0.017617532838346415,0.546143517988734,0.398539628871605,0.43496136774466276,0.26900968536065506,0.4215428323703783,0.31802841662589826,0.14523054272439853,0.28516669734193634,0.1548152108488874,0.3048837289123135,0.28954825991313127,0.06499317813939151,0.381287226247525,0.24354185291558458,0.43797369201235925,0.33035156135738397,0.47302619258191864,-2.689092745517317,-4.048198685569842,0.1723414611336671,0.107713413208542,0.27804665816374463,0.27804665816374463,-0.12916481329668347,0.28626208798473507,0,0,0,0
11144,ΠΛΑΤΕΙΑ ΚΟΛΙΑΤΣΟΥ,0.09595755640868048,-0.43960767450124955,0.27447930004532384,0.07307015337834158,0.41638119883342495,0.29278922246959493,0.5125082915608483,0.2836342612574594,-0.027634419955149536,0.1783522073179005,0.15088732368149382,0.4209586794394927,0.4209586794394927,0.03645030852979936,0.49419836913657716,0.26990181943925606,0.6681426321671528,0.6589876709550172,0.8878617012584061,-4.321311228446725,-1.8632041429883286,0.5949029424700683,0.031872827923731584,-0.00016953631874286557,-0.00016953631874286557,-0.3801004266223684,0.26990181943925606,0,0,0,0
11145,ΚΑΤΩ ΠΑΤΗΣΙΑ,0.2472683071465331,-0.25927059531243624,0.28090565613794904,0.13228573510398062,0.48558782549094404,0.31146507777067334,0.47723345123163813,0.39061178127988727,0.2043971760790422,0.5047149455056708,0.13866144177555617,0.2666152791154521,0.3714846612651606,-0.007320255808105135,0.27540935728314253,0.3110253738622888,0.3578538401052404,0.29849381247332996,0.6001306936251121,-2.24519329753113,-4.275086390588275,0.4090793454320372,0.1791142013469322,0.35983250769297076,0.22682207540665283,-0.23178910103840364,0.18966709514816074,0,0,0,0
11145,ΤΡΕΙΣ ΓΕΦΥΡΕΣ,-0.10749622454300053,-0.8354558398255226,-0.008896507199258344,-0.26553548780318303,0.25613393871051676,0.24144887442527854,0.5736110427818568,0.7533282580821529,0.07851458973668331,0.3729151642169348,0.06732596932888278,0.2862033560564807,0.2903990887094059,-0.1214820000527512,0.6666164499216988,0.36102725503364674,0.6903922682882749,0.24144887442527854,0.5421430478849179,-4.220013513185183,-1.8518720749966522,0.5162693631918791,0.2910983774848934,0.5547302458436935,0.5512338019662558,-0.3235764561686483,0.39948813768546104,0,0,0,0
11145,ΑΓ. ΕΛΕΥΘΕΡΙΟΣ,0.19928130165243754,-0.23193306674328992,0.16508809182370146,0.016744822920245345,0.34244378118790336,0.2543703619320679,0.4220552444760212,0.49717669031188083,0.43673414768532715,0.6418934066577437,0.2586876864053932,0.23071142381824547,0.23485605531263773,-0.007950273067175172,0.3781912278270365,0.23986415170169503,0.4217098585181552,0.34106223735643926,0.549157276970717,-1.763374403921228,-4.48760614658947,0.5104740496897227,0.1852931703588637,0.14453762733067319,0.14073838179414697,-0.29064867958051355,0.17044157417062478,0,0,0,0
11146,ΓΑΛΑΤΣΙ,-0.34951205335453384,-0.32845887876624674,0.6926200887656765,0.5773725342253238,0.9244279252030632,0.6735731578734496,-0.08723903486586106,-0.44836290015671465,0.3705808228869605,-0.4280280103484986,-0.11168548582896616,0.7039640346026593,-0.20275904225382685,0.23019330104412386,0.7821827703083188,-0.04959100501386534,0.1201966559304969,0.7859228048528264,0.2872597883987279,-3.1320977544680906,-3.1441104482037603,-0.15948857636472388,0.09508145706870502,0.7354694911630136,0.692496246562216,0.11898300233658389,0.6510091084029443,0,0,0,0
11147,ΓΑΛΑΤΣΙ,0.14303889870537342,-0.18695174047619478,0.3475688365500405,0.24036693809352533,0.7958890566302474,0.4495987135897939,0.5083325022543832,0.1292860235744389,0.19471993089256034,-0.13730817127136852,0.2140366472445567,0.40226688123033844,-0.10792168594885888,-0.1299811409309561,0.5885380161946195,0.5036306646027816,0.364495452095806,0.5815636236780772,0.06455739190405768,-3.2589757341109222,-3.2628939321539234,0.5569181579875991,0.3549350488708829,0.5615416316783406,0.4062634432341997,-0.8866243650149342,0.5631089108955412,0,0,0,0
11251,ΑΓΓΕΛΟΠΟΥΛΟΥ,0.37478135980521393,0.1103020476520958,0.4886436875834757,0.3552474164391916,0.370668950675525,0.2853364612344801,0.4503468775632477,0.4498328264220366,0.3580746977158527,-1.8515741327801207,0.6279515468516875,0.7289625960996715,-1.53286242522923,0.244212369937591,0.41744760452573637,0.46988082092927,0.5994217085144707,0.5022660428255702,-2.0443433107342885,-2.3227020037001065,-2.3406937936424956,0.6719029194252378,0.5927390436787262,0.6847541979555156,0.5639521797709038,0.23213216811912982,0.5133181423616091,0,0,0,0
11251,ΑΓ. ΠΑΝΤΕΛΕΗΜΩΝ,0.21965376586486787,-0.060489148484241646,0.2112756600151749,0.23588634594864805,0.3547507226911674,0.2636388215757561,0.74328538147068,0.8474880729762367,0.7500925924735556,-1.2941652348515351,0.7909358584908089,0.9014221293836353,-1.50361788109386,0.24426445179834105,0.4542407296562717,0.3971648835552382,0.47937504720535073,0.3736014608529767,-2.1319758198208345,-2.4351585252566,-2.4372530517190234,0.6045230033351399,0.45895341419672403,0.4956076272891309,0.4484807818846078,0.1510580242205065,0.43696088634127994,0,0,0,0
11251,ΑΓ. ΜΕΛΕΤΙΟΥ,0.43407507389468203,0.05750267537861687,0.3415097915778839,0.39410370198515554,0.5413666511255162,0.4361788303109729,0.514017817713735,0.5077065484648624,0.4046224840666099,-2.073602574324031,0.5203290869626076,0.6297244206097327,-1.7832841888758917,0.43407507389468203,0.6486582283563505,0.6171018821119875,0.7433272670894394,0.6297244206097327,-2.281874459536827,-2.6710693965506374,-1.0364506610926338,0.5981680743653697,0.3457173044104656,0.4445938559761364,0.33730227874530216,-0.009817529942690872,0.27629334267286704,0,0,0,0
11251,ΚΕΦΑΛΛΗΝΙΑΣ,0.3486996298302198,0.014820472258558485,0.2716169989454608,0.2508723815685427,0.3424762446171444,0.2552396694373676,0.4959864132063385,0.5236095089766558,0.45689918678035596,-1.6492253879604377,0.6620525344184042,0.5854066323205278,-1.6359051599605217,0.3902980467807767,0.585624996713969,0.47753462196055346,0.5543988884518711,0.5208799540586403,-2.036822186318645,-2.3501750909068293,-2.388061313168885,0.67711967756585,0.587371911861499,0.6906582699592071,0.601783961828621,0.24290208120793733,0.5239370555668177,0,0,0,0
11251,ΚΥΨΕΛΗ,0.5629865958013254,0.2506019248881361,0.6129681431474356,0.4067942603447307,0.5005096616186875,0.38805118008993933,0.31307885907077393,0.27559269856119123,0.1631342170324431,-2.2672185226721693,0.5692342892195891,0.7316743180944475,-2.473392405474874,0.35681271299862044,0.5504912089647978,0.4442804208543134,0.5629865958013254,0.4442804208543134,-2.6670709014410514,-1.625788665063754,-0.5845064286864565,0.456775807690841,0.31932655248903774,0.43803272743604965,0.5192527418734788,0.19437268412376202,0.5567389023830616,0,0,0,0
11252,ΑΓ. ΜΕΛΕΤΙΟΥ,0.4296306172984448,-0.2936587166891119,0.21045203124160944,-0.26078192878058665,0.3967538293899195,0.16113684937882147,0.2871645363615018,-0.008726554815225945,-0.14571317110074805,-2.5402392237716747,0.41319222334418215,0.6707270619609638,-1.5484561218644946,0.374835970784236,0.8844261833663782,0.654288668006701,0.9227824359263244,0.6378502740524384,-2.8361303149484023,-1.482702546047444,-0.12927477714648541,1.2241529917544731,0.5940145568410713,0.5666172335839669,0.5282609810240207,-0.35393282785474167,0.6433297387038593,0,0,0,0
11252,ΑΓ. ΝΙΚΟΛΑΟΣ,-0.9984390289764337,-0.9984390289764337,-0.9984390289764337,-0.9984390289764337,1.0752420312053905,0.5568217661599344,1.0752420312053905,0.5568217661599344,0.5568217661599344,-1.5168592940218897,-0.48001876393097764,-0.48001876393097764,-1.5168592940218897,0.0384015011144784,0.0384015011144784,1.0752420312053905,2.112082561296303,2.112082561296303,-1.5168592940218897,-0.8256322739612814,-0.13440525390067393,0.5568217661599344,0.0384015011144784,0.0384015011144784,0.0384015011144784,0.0384015011144784,0.5568217661599344,0,1,1,1
11252,ΚΕΦΑΛΛΗΝΙΑΣ,0.09179201330586283,-0.25225105970171596,0.054626866530352765,-0.008022952319792755,0.2553186591181071,0.14913252547379263,0.6322794335554234,0.25425679778166393,0.1268334374084866,-1.0029870245670192,0.29566938990294656,0.4082266915659199,-0.67911931695186,0.25000935243589134,0.4740620944253948,0.5027323505093597,0.8680126502458014,0.7395274285361809,-0.8054808159885942,-3.0056575050987897,-3.0980394413693433,0.7788162979845773,0.5972380094527996,0.7437748738819535,0.724661369825977,0.27337030183764055,0.6312175722189802,0,0,0,0
11252,ΚΥΨΕΛΗ,0.36509983662055334,-1.0980030823801006,-0.590201635438442,-0.7012832019569297,-0.279173249186676,-0.4569037556162565,-0.18078671884172964,-0.022098766672461335,-0.20617679118881257,-2.386549253994559,0.1810218121042021,0.3904899089676363,-1.2947761430699933,0.301624655752846,0.752298439913568,0.6316955962649241,0.9046388739960657,0.7332558856532558,-2.1992974704348227,-1.0101957488464386,0.17890597274194567,1.3680076943303292,1.2442310916383,1.4632204656318901,1.2791424411155388,-0.0030562124121491386,0.6348693553083095,0,0,0,1
11252,ΠΛΑΤΕΙΑ ΑΜΕΡΙΚΗΣ,0.26475858227860793,-0.09943159109833272,0.25939201225773995,0.19636112122833013,0.3975548835793011,0.21972148484857887,0.37040635288549856,0.38513811372709683,0.2581292898998887,-0.9429301261429892,0.5574997155737969,0.6869287572535533,-0.3208289111749242,0.22256261015374423,0.44027699001993614,0.43185884096759425,0.6597802265597507,0.5321400415536169,-1.1449657033991945,-3.062304376933212,-3.175844162276673,0.6694610979699439,0.4717398221030639,0.5870684641201477,0.5746516942679434,0.11449462169430534,0.446380148082884,0,0,0,0
11253,ΑΓ. ΝΙΚΟΛΑΟΣ,0.42941641852213164,-0.08384527601747503,0.25469239742962846,0.18780709342770188,0.48238704935108057,0.36474481252499696,0.4830195344953068,0.5073702125480176,0.3766039089792393,-0.8727123721536727,0.34988141163567993,0.4630962524521798,-0.5041316543558221,0.2293929916605782,0.4520277624282203,0.4000058593156107,0.6327603923908729,0.5113232446994318,-1.1468946821757546,-3.1120260252867316,-3.1392228864884606,0.5495885959251202,0.5002547546754723,0.6012942564656166,0.5554390835092131,0.08740007678178376,0.44032678726003455,0,0,0,0
11253,ΚΑΤΩ ΠΑΤΗΣΙΑ,0.02781471463786594,-0.6129253599562947,0.04445731397797401,-0.18853907678353896,0.3523454017699733,0.2649717552344059,0.527092694841108,0.15263420968867647,-0.45482066622526807,-0.23430622496883616,-0.042916332557593355,-0.03459503288753932,-0.042916332557593355,-0.3674470196897007,-0.12196867942310669,-0.35496507018461965,0.7226432370873779,1.1511901700951606,1.509006055907484,-3.9788910764931518,-1.4429750020441847,1.0929410724047823,0.531253344676135,0.5936630922015403,0.5770204928614322,-0.2176636256287281,0.5478959440162431,0,0,0,0
11253,ΚΟΛΙΑΤΣΟΥ,0.03933233812469964,-0.29050091027393204,0.04091934653720308,-0.04054708530464019,0.24484992754389515,0.1554484536395347,0.3760426229775129,0.4715276291298032,0.3527664995941291,-0.5404547352432238,0.3506504883774578,0.3204973285398925,-0.3518652355573984,0.09540663536648786,0.3284323706024097,0.2784416056085513,0.5310404445986823,0.42947190619846204,-0.7245477110936229,-3.0484570298028273,-3.3140164374950696,0.5775926913654498,0.7870778018159039,0.9108644579911722,0.9211800126724446,0.5437365118987098,0.5551100721883178,0,0,0,0
11253,ΑΓ. ΛΟΥΚΑΣ,0.5330101417257539,0.22154528088379016,1.0680908000952813,0.8444750025677177,0.45314735689448116,-0.08193330147504632,0.10175110363688102,-0.08193330147504632,-0.31353537748573734,-0.1218646938906827,-0.08991957995817361,0.2694629517825538,0.2774492302656811,-0.25763142810384637,0.07779226818749918,-0.10589213692442816,0.42918852144509934,0.5489826986920084,0.7646122177364449,-4.226811834218102,-1.8868322386618106,0.45314735689448116,0.18960016695128104,0.3652982935800811,0.3652982935800811,-0.21770003568821,0.42120224296197206,0,0,0,0
11253,ΠΛΑΤΕΙΑ ΚΟΛΙΑΤΣΟΥ,0.7431537039797702,-0.06647558654947897,-0.23230327256149386,-0.30058526091938237,-0.09573929584571689,-0.18353042373443065,-0.046966447018653684,0.15787951805501177,0.10910666922794858,0.24567064594372554,0.6553625760910565,1.1235819248308632,1.1333364945962758,0.46027118078280366,0.2164069366474876,0.0895975296971233,0.6358534365602312,0.5383077389061047,0.6748717156218818,-2.2319900744710854,-3.9390397834182975,0.2359160761783129,0.0895975296971233,0.20665236688207497,0.19689779711666233,-0.33960353998103293,-0.0762301563148916,0,0,0,0
11253,ΠΛΑΤΕΙΑ ΑΜΕΡΙΚΗΣ,0.2820942272967115,-0.07757160616280408,0.179775498812539,0.10148616868449788,0.33480387530370953,0.22163316046515502,0.3045733418879313,0.2565145451756684,0.14721953974939317,-1.0379723985256055,0.3867383814282516,0.5696718656878329,-0.3589481094942786,0.38208753013351654,0.6177306624000957,0.7572562012421492,1.099868913287636,0.963443941975406,-0.7876015704923651,-3.0998498058581734,-3.1145775016248347,0.3805372463686048,0.3022479162405637,0.3906140908405309,0.39293951648789843,0.0355991086757504,0.36968526001422286,0,0,0,0
11253,ΚΑΛΛΙΦΡΟΝΑ,-0.12897108014567038,-0.8448686512782877,-0.21067678119884953,-0.3663066879668098,0.14727200436745913,-0.07839136044608327,0.11225527534466807,0.069457050983479,-0.15620631383006342,-2.572360616402647,-0.06282836976928724,0.22119621008224027,-1.3662288389509547,0.43129658421898664,0.8865140615152706,0.6803044350477231,1.2405720994123801,0.6686321920401261,-2.4828734200110696,-1.2533971565441835,-0.023920893077297174,1.2055553703895892,0.9059677998612655,1.170538641366798,1.0693792019676238,0.0033143406070958764,0.7347749024165092,0,0,0,0
11254,ΚΑΤΩ ΠΑΤΗΣΙΑ,0.15965918703744938,-0.03565441882594334,0.19477174539491326,0.053590000332610646,0.22768976885503564,0.11064790766348942,0.256218722520475,0.22842128048748278,0.08797104705762734,0.23354186191461293,0.12015755888530255,0.2664598853747353,0.27377500169920693,0.11430546582572523,0.474940700622177,0.3293698857651914,0.5802783756945686,0.5173683753041125,0.6695227948531226,-2.673485365430416,-4.033365490149693,0.4420226771620546,0.2481720945635562,0.3798441884040457,0.3798441884040457,-0.014440581484975592,0.4083731420694851,0,0,0,0
11254,ΚΟΛΙΑΤΣΟΥ,0.099282979389927,-0.3146888110828963,0.056480016766279784,-0.07129941577196117,0.38904225087648,0.41841683306917904,0.573682481802017,0.6880335339093098,0.04577927611036798,0.1976878297354689,0.11564881804014505,0.2522406252361957,0.2505620776823272,-0.01171097760962877,0.26084318144977187,0.13495211490963302,0.39554662264772045,0.3714175015608605,0.5195493231897572,-2.785930447265822,-3.8925129221536428,0.3672211326761892,0.2998694120772149,0.4513583288138487,0.45219760259078295,0.13893866535007074,0.5973919660004098,0,0,0,0
11254,ΑΓ. ΛΟΥΚΑΣ,0.08331039400320923,-0.5936736179739998,0.03412779484247184,-0.2248041242684692,0.25110984996337216,0.17299631011984803,0.3827456300700517,0.44350060550390374,0.24243056775853614,0.4695384521184118,0.15853083977845467,0.31620446649964223,0.31620446649964223,-0.11775964374215839,0.27570114954374086,0.06305873552525854,0.45651952881115776,0.358154330489683,0.5881553089178373,-4.314192589780371,-1.9418554537918604,0.43048168219664973,0.2785942436120195,0.5317399745864032,0.5187210512791491,-0.0005893339768722146,0.8210493814142703,0,0,0,0
11254,ΠΛΑΤΕΙΑ ΚΟΛΙΑΤΣΟΥ,0.197726795650775,-0.3261345630314738,0.14577360305418835,-0.08152161455587828,0.2384234631847679,0.19469619274930747,0.3704711610344257,0.4670175106097492,0.36267818214493763,0.5142083272183154,0.24535055553097945,0.31505442226473324,0.3124567626349039,0.07087441706077592,0.4046736794938452,0.29990140775739543,0.5237330791943563,0.3877888918999545,0.5323919446271207,-2.5956231929590343,-4.063300883812608,0.39731364387599544,0.20248917163879546,0.3120238193632657,0.3124567626349039,-0.07242980585147561,0.3315062665869857,0,0,0,0
11255,ΚΟΛΙΑΤΣΟΥ,0.028765593997783834,-0.00997385397701806,0.33805381831482567,0.2497529713115323,0.5477487249638545,0.4149053547830561,0.4908158520292267,0.3782048251227175,0.24049941896127597,-0.5741268676019671,0.38588997876954056,0.47544554473558054,-0.2894625029288277,0.28786505980496085,0.5253206235047587,0.44015657390833185,0.6379316504112679,0.5071271985449327,-0.9249776575599907,-3.224250156793172,-3.2567160099542405,0.4614867962750244,0.37851850486340416,0.5069703586745894,0.4963052474912431,0.060447247807135986,0.427295704540179,0,0,0,0
11255,ΑΓ. ΛΟΥΚΑΣ,-0.3755393304303587,-0.08365545379934976,0.3390468442232772,0.1953734334463557,0.5054055303860284,0.3745871089944104,0.46230350715295193,0.3382906683770828,0.221839588063157,-0.49501511412906185,0.3624882954553012,0.47591467238444973,-0.20161888580566426,0.20671607113927054,0.45322939699862,0.3866859225335196,0.6483227653167556,0.5205290473099149,-0.6485188109065095,-3.249763721814983,-3.280010755662756,0.5522884328500764,0.3813926916101593,0.5129672888479716,0.5787545874668778,0.221839588063157,0.5961466319293472,0,0,0,0
11255,ΠΛΑΤΕΙΑ ΚΟΛΙΑΤΣΟΥ,0.2359416065695242,-0.01118067554316092,0.24218570699219652,0.2369022374037815,0.6756703709507939,0.5510285202059119,0.6233159904837722,0.471536318671122,0.2212919863471007,-0.5440906308473867,0.251551857626205,0.340890525212132,-0.34427941732187256,0.17686281026270154,0.41005594527865613,0.35602046085168415,0.6149104706840209,0.5166859678812141,-0.8803114228374345,-3.2348175976020266,-3.250187690950143,0.4501622826088975,0.38147717795950203,0.5049182401615625,0.49603240494468265,0.07551625724855855,0.43191029675800924,0,0,0,0
11255,ΛΥΣΙΑΤΡΕΙΟ,-0.13795253992736908,-1.264379529253665,-0.5735043091335369,-0.5885233356578875,0.7481700250093171,0.4928465740953566,0.5829607332414602,0.2375231231813962,-0.017800327732564195,-2.540996783823467,0.5379036536684084,0.9884744493989268,-0.9639989987666527,-0.37825696431697886,0.11737091098659132,0.17744701708399377,1.1987408207398353,0.8983602902528232,-2.420844571628662,-1.3144429510015,-0.20804133037433806,0.8983602902528232,0.6129987862901615,0.8983602902528232,0.8983602902528232,0.13238993751094194,0.9884744493989268,0,0,0,0
11256,ΚΟΛΙΑΤΣΟΥ,0.34721219219566457,0.021200421739092375,0.36711523068507684,0.2731728890150511,0.4873295831611267,0.37826093223914764,0.42005731306691335,0.3181537560011227,0.2102792873885085,-0.9632038619472362,0.3328820044832878,0.4495138100312434,-0.6316192407136285,0.3026293859793812,0.538281361694022,0.47339745621853807,0.6174954548818826,0.49330049470795034,-1.1765644345537352,-3.092430919544556,-3.0928289803143443,0.7166125865591555,0.4268243461533135,0.5470386986293633,0.5466406378595751,0.1816189119637549,0.5076306824203272,0,0,0,0
11256,ΠΛΑΤΕΙΑ ΚΟΛΙΑΤΣΟΥ,0.5233579961009825,0.1743609929206636,0.5456344005593008,0.4119759738093914,0.48251792126073245,0.36371043081636856,0.40455050565661865,0.2671793448303229,0.15579732253873171,-0.8577790803147478,0.5196452620245962,0.63845275246896,-0.23403975548183734,0.24490294037200466,0.5196452620245962,0.4156887078857778,0.6124636139342555,0.467666984955187,-0.9023318892313843,-3.1930888143617757,-3.2376416232784124,0.24490294037200466,0.20777559960814093,0.32658309005250485,0.3451467604344367,0.09639357731654977,0.45652878272602787,0,0,0,0
11256,ΚΥΨΕΛΗ,0.6569490508753635,-0.3621757421378541,-0.09383476022400969,0.06317326110855885,0.13739523482940943,0.041763076381390415,0.1188397413991968,0.11313035880528521,0.014643509060310396,-1.2328565877093707,-0.17804815348420555,0.36291584728891696,-0.5905510458943174,0.04604511332682411,0.2487281954106853,0.7026241116266562,0.9338541066800753,0.8139570722079321,-0.8745928299414187,-2.8514665530833043,-2.855748590028738,0.786837504886852,0.5541801641849551,0.979529167431368,0.6712225073601424,0.5384793620516982,1.255006877587602,0,0,0,0
11256,ΠΛΑΤΕΙΑ ΑΜΕΡΙΚΗΣ,0.3505012652564629,-0.3479921226515664,0.15894120569640138,0.17762999199494398,0.7406296792385395,0.48132276934626106,0.7312852860892682,0.8621067901790663,0.6518579443204622,-2.102401936427252,0.16594950055835483,0.3691900515550055,-2.132771214162384,0.2897627097861995,0.6868994186302295,0.549069619678478,0.8223931192946633,0.5607501111150671,-2.7845426363240566,-1.6710024527025604,-0.5574622690810642,0.5560779145404314,0.4416090984618581,0.6822272220555939,0.5046837522194393,-0.35500041751351985,0.16828559884567268,0,0,0,0
11256,ΚΑΛΛΙΦΡΟΝΑ,0.47245750202730413,-0.11779600791785876,0.4036901028103919,0.4094207194118013,0.8621394309231398,0.6501066166709939,0.47245750202730413,0.1973879051596554,0.031200023718784303,-2.2667772334463643,0.19165728855824604,0.3521145533977078,-1.9286708539632127,0.16300420555119932,0.47245750202730413,0.1973879051596554,0.31200023718784237,0.16873482215260865,-2.868491976594346,-1.7185482452448702,-0.5686045138953946,0.5813392174540817,0.7704495653005902,0.8392169645175024,0.8392169645175024,0.27761653757938626,0.8048332649090463,0,0,0,0
11256,ΛΥΣΙΑΤΡΕΙΟ,-0.677868891321087,-0.8260003127158928,-0.7107869849643771,-0.7437050786076673,-0.6449507976777967,-0.6860984147319095,-0.6202622274453291,-0.5791146103912164,-0.6202622274453291,-0.9329841170565859,-0.677868891321087,-0.6284917508561516,-0.9329841170565859,-0.6202622274453291,-0.513278423104636,2.8608261753326083,1.7992176553364998,1.6757748041741616,0.8281338928594392,0.792472624745875,0.7568113566323103,0.7211500885187461,-0.07711368233104099,0.7458386587512137,1.0421015015408255,-0.4474422358180556,-0.2828517676016047,1,1,1,1
11256,ΑΓ. ΖΩΝΗ,0.3389118507643908,0.012954646565900051,0.32612056670247436,0.2498139410917316,0.4112487675283319,0.30627202246846613,0.41786494893966797,0.4200703427434466,0.3128882038798022,-1.130321501312974,0.3552317649123531,0.46153174625448606,-0.9715331474409082,0.2586355163068464,0.4747641090771582,0.42271681530798105,0.5995893983710322,0.49593588959343365,-1.499504424065527,-2.8928722292929048,-2.909192143440867,0.862913418542208,0.547542104601855,0.6463437470111405,0.6436972744466061,0.24804962604870864,0.5903267443951616,0,0,0,0
11257,ΑΓΓΕΛΟΠΟΥΛΟΥ,0.36928691110371425,0.06285176685609421,0.3248361135427629,0.3102814276157258,0.3991830227376284,0.3106747975056457,0.4648757943542555,0.4845442888502517,0.3968228033981088,-1.7368154795275537,0.3838415970307514,0.4810039598409724,-1.5617658785131878,0.22098646260390326,0.40587031086626707,0.37794104868195255,0.45386143743649765,0.365353212204515,-1.989358948856144,-2.3618802346103114,-2.36856752273895,0.8582456842741786,0.7622634311337173,0.8212689146217058,0.7713109386018755,0.360239403635556,0.6328447373500626,0,0,0,0
11257,ΚΕΦΑΛΛΗΝΙΑΣ,0.28707871164919363,0.01876227525594283,0.28350115916395024,0.3271472994839191,0.4981543082785509,0.4015603911769806,0.4731114408818475,0.47382695137889613,0.3786640552714232,-1.7306608900280522,0.543231469592617,0.9582275578808449,-1.3256819486985056,0.35505220886881717,0.536791875119179,0.4909992033080642,0.5990412883624132,0.5024473712608429,-2.0211581518298116,-2.434723219123942,-2.448317918567867,0.4838440983375775,0.45164612597038745,0.6584286596174527,0.6219376242679706,0.16687294814501727,0.4502151049762901,0,0,0,0
11257,ΚΥΨΕΛΗ,0.39651429092356744,0.05180522674462246,0.3483722909129001,0.3988288101548495,0.5920140153258607,0.4872434447898251,0.5457236307002191,0.485237528122714,0.3894164319476357,-1.4285612735833981,0.43647832298370476,0.5256644640291077,-1.2793519338067465,0.24591623960814654,0.4445019896521493,0.37244329091823375,0.490792374277791,0.3900336370759776,-1.7400955621139667,-2.6788645623219796,-2.7017011520706298,0.6546603358525624,0.5566790217282876,0.6224113678966988,0.6102215666119465,0.243447419094779,0.5401687845451421,0,0,0,0
11257,ΠΛΑΤΕΙΑ ΑΜΕΡΙΚΗΣ,0.7556433091005342,0.24987720633002783,0.4114087058195229,0.35416696085479893,0.6176358143910627,0.49844752350561006,0.5533368679923316,0.48668552111559826,0.37455443166415264,-1.0298286537032535,0.34397322545012204,0.45610431490156766,-0.9474946369731709,0.24360413838868822,0.46472978332090964,0.3737702981714852,0.5094253924029544,0.39729430295150875,-1.459533807685017,-2.9603653126505196,-2.966638380591859,0.482764853652261,0.3486780264061268,0.3886688345321668,0.46080911585757234,0.13304131592257754,0.45924084887223743,0,0,0,0
11361,ΚΥΨΕΛΗ,0.3596484488845075,0.039633430004730616,0.34239031997727765,0.281148616826479,0.4814415300298155,0.37651210627385784,0.46299998656894703,0.46201380777424816,0.35185763640638656,-1.3108398114558748,0.45737876743916356,0.5509671350560844,-1.1326373032537926,0.4318367366564633,0.6554034694146926,0.5889350186519902,0.7053041164264545,0.5848916855937248,-1.604030767119843,-2.7953347511160542,-2.8069716608935003,0.5277919333806614,0.44633356493853643,0.49505079739665964,0.4846959200523217,0.12562822090247036,0.43795104518359623,0,0,0,0
11361,ΠΛΑΤΕΙΑ ΑΜΕΡΙΚΗΣ,1.242463583482133,-0.27000335763678446,0.5845404640954038,0.3954820964555392,0.5391664558618363,0.3652327576331609,0.6601638111513497,0.7811611664408631,0.5845404640954038,-1.9715286663955665,0.009803026470215269,0.19886139411007994,-2.2588973852081606,-0.11875666352489271,0.2669224064604312,0.14592505117091784,0.4711054435114851,0.2744847411660258,-2.856321826950133,-1.4724145758263238,-0.08850732470251436,1.295399926421295,0.251797737049242,0.4635431088058905,0.42573143527791757,-0.24731635352000067,0.32742108410518794,0,0,0,0
11361,ΑΓ. ΖΩΝΗ,0.425596675379885,-0.17407819602283456,0.4192171554713454,0.22783155821515833,0.425596675379885,0.22623667823802343,0.30917043704903785,0.15287219928981838,-0.03532363801209892,-2.328761045132074,0.47982259460247134,0.6935365115385469,-1.7083527340266011,0.14170803944987415,0.5468075536421368,0.34425779654600547,0.5420229137107322,0.3586117163402195,-2.9651181560088964,-1.736528946955984,-0.5079397379030716,0.7206494711498401,0.6696133118815235,0.8928965086804085,0.8673784290462502,0.18955443876392092,0.8227217896864732,0,0,0,0
11362,ΑΓΓΕΛΟΠΟΥΛΟΥ,1.0882488410361975,0.5422193255903489,0.9378928875076303,0.8271042901707916,0.7479695777873353,0.6134405667354595,0.9141524737925935,0.8983255313159022,0.7637965202640266,-1.942610643250179,0.11489187871968483,0.22568047605652364,-2.1483608954471656,-0.06711795976226467,0.1307188211963761,-0.16999308586075787,-0.1304257296690297,-0.2333008557675229,-2.694390410893014,-1.6577256786697363,-0.6210609464464588,0.4156037857768188,0.4235172570151644,0.5422193255903489,0.33646907339336246,-0.09877184471564719,0.24150741853321492,0,1,0,0
11362,ΠΕΔΙΟΝ ΑΡΕΩΣ,0.8514378225274158,-0.9501085743127458,-0.9422032025079864,-0.33085444960659566,1.7500150843350635,-0.4125432915891091,-0.2544358554939218,-0.1534227713219966,-0.5337589925954193,1.6349480058435661,-0.8526089887207137,-0.64970444573189,1.3178547590082184,-0.8886223491646174,-0.636528826057291,1.6920423577668282,-0.7551094031286815,-0.2535574808489485,1.9371088837143682,-0.5399076151102321,-1.0458514106148313,-0.69010967940066,-0.3905839254647775,0.8619783182670949,-0.5284887447255797,1.4856243161981113,-0.7226095412646708,1,1,1,1
11362,ΚΥΨΕΛΗ,0.4467314542699765,0.0962435216696939,0.43432049467086914,0.39483660849527746,0.6400747366521494,0.5297145370796945,0.5207105075666166,0.4607242028375976,0.35942887081547115,-1.5561784080918537,0.43018350813783335,0.5347032561342377,-1.5081771967011885,0.2704836603552015,0.48560696007306287,0.5081778718930082,0.6131843241874168,0.5116456400162882,-1.844794056808351,-2.530682088770786,-2.5684016718661122,0.5125582105750461,0.436267311862886,0.5709018882983009,0.535554988655745,0.20818551021066248,0.5079953577812566,0,0,0,0
11363,ΑΘΗΝΑ,0.23960244035412043,-0.4163720729230701,0.036024143130164735,0.19436281874879693,0.6015194131967083,0.42056092677541435,0.42056092677541435,0.35270149436742915,0.1717430079461352,-2.4747748559652885,0.895576953631311,1.0765354400526048,-1.5247428022534955,0.26222225115678216,0.5788996023940466,0.533659980788723,0.8050977104206639,0.62413922399937,-2.6331135315839207,-1.1025063339371426,0.4281008637096351,1.9587080613564127,-0.46161169452839357,-0.3032730189097614,-0.1901739648964527,-0.46161169452839357,-0.03183528927782049,0,0,0,0
11363,ΚΥΨΕΛΗ,0.40607912969719684,0.07828571265263344,0.36881033118766976,0.3849219194664038,0.5526888493723672,0.4465014419267608,0.6695408668530074,0.7181623147546673,0.6074453148748261,-1.3833392282779262,0.36399405568797705,0.4603769022949232,-1.443886691702635,0.10282578305582972,0.2883670630201829,0.5786623351028529,0.8365624207887802,0.7256160744565727,-1.7101005862868413,-2.618943240401477,-2.621351378151324,0.5977554272623491,0.4114114347147138,0.5100304092322315,0.45252178630137674,-0.03162857464392559,0.24869012676080948,0,0,0,0
11363,ΑΝΩ ΚΥΨΕΛΗ,0.5491195977804227,0.21120759660655586,0.5942833596120346,0.4587920741171991,0.5551051565773834,0.43702640576461504,0.4212462962089916,0.34234574843087456,0.18073566091293822,-1.832044519992269,0.409819320323885,0.5219125123396927,-1.5224278876767612,0.23297326495913986,0.4985144188606649,0.5240890791749512,0.7433781878272351,0.6193138782175063,-1.9321665944141555,-3.1526764472853044,-1.3455818323120161,0.4615127826612721,0.41634902082966024,0.5355160550600577,0.5104855364545862,0.10564410509652336,0.4555272238643115,0,0,0,0
11363,ΚΥΨΕΛΗ Ν. ΚΩΝ/ΠΟΛΗ,0.5024156234347877,-0.05707368525178113,0.5297745138351089,0.3943480063535189,0.6118511850360726,-0.4551455405764548,0.39503197861352696,0.3943480063535189,0.33621036425283635,1.027022346860947,0.8813362554792366,-0.23080263929382083,-2.6267574661019513,0.23361452525163176,-0.14804199583284916,0.7924198616781926,1.003767290020674,-0.7595131962800283,-1.5809638805496729,-1.723230110631343,-2.445504817199823,0.7035034678771487,0.5058354847348279,0.6474177425564901,0.5461898480753017,-0.03450260067151613,0.5564494319754221,0,0,0,0
11363,ΝΕΑ ΚΥΨΕΛΗ,0.45131583060893965,0.12041031682366493,0.42694447300627303,0.41892160373334547,0.595576102629693,0.4694808176419831,0.48083393453763523,0.35943127120012824,0.2639137143847081,-1.4069623428714044,0.4399627137132875,0.48416418216035984,-1.4367831965839841,0.3224957975662732,0.5292738999590844,0.5491040108034901,0.7272722586192579,0.5789248645160698,-1.7257578653013168,-2.6592868239078076,-2.6592868239078076,0.5201914064425627,0.42452247473520055,0.532301397797925,0.5159529094681858,0.1871666441700996,0.48991642805415697,0,0,0,0
11364,ΑΘΗΝΑ,1.1429251115410937,0.19963757406831326,0.6712813428047034,0.6039036615566477,0.806036705300815,0.6712813428047034,0.40177061781248047,0.06488221157220175,-0.06987315092390974,-2.360714313357805,0.6039036615566477,0.806036705300815,-1.6195598196291918,0.40177061781248047,0.6712813428047034,0.8734143865488707,1.2103027927891494,1.0081697490449821,-2.158581269613638,-1.5971005925465065,-1.035619915479375,-0.4741392384122442,-0.6762722821564114,-0.5415169196602999,-0.1372508321719655,0.06488221157220175,0.46914829906053623,0,0,0,0
11364,ΚΟΛΙΑΤΣΟΥ,0.4668750243112335,-0.7370696047205757,0.1121994444072681,0.03410573874033994,0.8736130746598177,0.5677460607976824,1.0070231551741533,0.9224216407016478,0.6133007224367238,-1.7555416827934305,0.44084378908892413,0.7239334721315387,-1.2251552651388766,0.04386745194870596,0.6458397664646106,0.5872694872144144,0.8540896482430856,0.5579843475893164,-3.044087826297745,-1.9475220425579622,-0.8509562588181793,0.24560952492160373,0.20005486328256228,0.4994140683391203,0.4603672155056562,-0.5971517154006627,0.3009258997690112,0,0,0,0
11364,ΠΛΑΤΕΙΑ ΚΟΛΙΑΤΣΟΥ,0.8445764128647048,-0.37887318296205896,0.4538412016320734,0.2808928294471382,1.1840676619684665,0.883009384461357,0.9150368607919006,0.47305768743039955,0.197621390987725,-2.2941162675285636,0.3065148105115731,0.5819511069542477,-1.128316129096778,-0.09062589598716699,0.4538412016320734,0.35775877264044276,0.9662808229207703,0.6780335359458783,-2.85779985094613,-1.8371909385461418,-0.8165820261461537,0.2040268862538337,0.08232247619776821,0.35775877264044276,0.3769752584387689,-0.5005775930181244,0.3065148105115731,0,0,0,0
11364,ΚΥΨΕΛΗ,0.40450237406436323,0.05382951278931752,0.35853579630263427,0.2786076576516554,0.45189059856099106,0.3436874859603576,0.4011851983495993,0.2999323586751379,0.17877646471209283,-1.2054335728344052,0.34795242616505406,0.45473389203078873,-0.983498721441865,0.27576436418185774,0.4967514510844654,0.489327295913327,0.6760369004300405,0.5597777896649804,-1.4148895251095002,-2.9019320098136805,-2.923414671585485,0.6343352628730081,0.5381371671448536,0.6329136161381093,0.6258053824636151,0.2926661642523216,0.6340193413763638,0,0,0,0
11364,ΚΑΛΛΙΦΡΟΝΑ,0.29362128855839076,-0.15349164209353472,0.3799603372360039,0.3429578878027411,0.8024049682657541,0.531053672421827,0.5742231967606336,0.21653285223909324,0.05002182978941066,-2.574068542519476,-0.06098551851037773,0.10860904139207675,-2.274965409600602,0.23811761440849655,0.6204762585522121,0.48171707317747664,0.7407342192103162,0.5495548971384584,-2.503147181105722,-1.4742735176974981,-0.4453998542892741,0.5834738091189493,0.5958079589300369,0.7284000693992286,0.7314836068520005,0.17336332790028666,0.7438177566630881,0,0,0,0
11364,ΛΥΣΙΑΤΡΕΙΟ,0.6655142594978719,-0.36503185838637914,0.4432396066208766,0.21591325708758588,0.8928406090311626,0.609945596278623,0.9484092722504114,0.7715998892800742,0.49375657318383004,-2.178590957996409,-0.01646478910200012,0.25127513368165333,-1.496611909396537,-0.07203345232124896,0.46344639324605796,0.4583946965897626,1.5445094776932624,1.2313042850029507,-2.6281919604066952,-1.627956022460216,-0.6277200845137373,0.3725158534327417,0.029000480804658012,0.27653361696313006,0.22096495374388123,-0.8196845574529604,-0.056878362352362904,0,0,0,0
11364,ΑΓ. ΖΩΝΗ,0.4517202979751536,-0.009220050827772443,0.373637506647882,0.3644019076736886,0.5617078857587298,0.4340886999335116,0.5340010888361495,0.48110629471122357,0.3509683091657709,-1.413031094905172,0.47606869527075446,0.6112442802566763,-1.2350359146752625,0.30395071438805893,0.5692642849194335,0.5247654898619561,0.7674098629112196,0.6297154782050631,-1.739635458628921,-3.52882285990221,-1.5125236838544376,0.5037754921933347,0.28044191699920296,0.3904295047827791,0.41057990254465565,0.01932634600155267,0.39966510375697256,0,0,0,0
11364,ΑΝΩ ΚΥΨΕΛΗ,0.4243587259566459,0.08622115873368995,0.3957089217488733,0.40640019014835915,0.5240041425427041,0.4195371735411915,0.4207250922522455,0.301094690291985,0.19914331385505737,-1.3965110253754034,0.41806974454518364,0.5216981826918345,-1.1119695552923539,0.30808244741583196,0.5191825901272497,0.5569863561672619,0.7353837955390756,0.6063897990328602,-1.5906309182758729,-2.773518444200692,-2.8002116764137877,0.5206500191232575,0.46789245283821274,0.6070885747452448,0.5628560721512933,0.17517530692026217,0.49619286918979305,0,0,0,0
11471,ΚΕΝΤΡΟ,0.17797619923069335,-0.41592954662289605,0.18589494250874122,-0.035829869276598814,0.15949913158191503,-3.0885054029640484,0.27960007129897424,0.2769604902062916,0.33899064588433314,0.8088360803818394,0.6055883362452777,0.44589368013797925,0.24264593600141754,-0.1295349980668318,0.46041137614773364,0.39046247719164423,0.6016289646062538,0.3020365105867765,0.3416302269770158,0.3178739971428722,-3.5583508374615547,0.5910706402355234,0.37858436227457243,0.291478186216046,0.13178353010874752,-0.4581628441058179,0.3574677135331115,1,1,0,0
11471,ΝΕΑΠΟΛΗ,0.3279465762246705,-0.6053572440561734,0.42324286062321437,0.13302235813673988,0.4465671260354454,-2.7568541264386828,0.041724519237435614,0.07904334389700524,-0.0012587698793901105,0.8407472115021496,0.5232039981042045,0.6428241592897892,0.382925201839215,-0.24416433395819598,0.5638548606798071,0.5095426426484692,0.8364155622113066,0.21265806432992862,0.13235595055353327,0.1376872112191861,-3.605857387443892,0.7317895716478704,0.3336110406819266,0.42091043408199125,0.11169731547412866,-0.8252717465143515,0.20699359987267252,1,1,0,0
11471,ΜΟΥΣΕΙΟ ΝΕΑΠΟΛΗ,-0.21716740765252274,-0.8640160433032501,-0.13340283612940695,-0.44984677299451103,-0.24043534418672158,-2.790601188334913,-0.45450036030135077,-0.4358860110739917,-0.31954632840299757,0.4901778629871216,0.44829557722556374,0.3412630691682491,0.06204783075786319,-0.23112816957304205,0.4669099264529228,0.6623605933401929,0.9276150698300596,0.48552427568028184,0.1132372911331006,0.06204783075786319,-2.9162480456195867,1.5232742451055497,1.1928695463199261,1.0532619271147332,0.7182036410222701,-0.10548131228836836,0.6111711329649555,1,1,0,0
11471,ΙΠΠΟΚΡΑΤΟΥΣ ΝΕΑΠΟΛΗ,0.7570797251482074,0.17423627075712295,0.923606426402803,0.21586794607077184,0.46565799795266516,-2.5456998497346044,-0.1310626815429689,-0.1310626815429689,-0.20044880706571705,0.5627985736845126,0.17423627075712295,0.27137684648897037,0.16035904565257333,-0.38085273342486226,0.3268857469071689,0.31300852180261923,0.6044302489981614,-0.11718545643841927,-0.5751338848885571,-0.5196249844703585,-3.642000632994025,0.9374836515073526,0.4517807728481156,0.7848341753573067,0.6876935996254593,-0.24208048237936594,0.6738163745209096,1,1,0,0
11472,ΚΕΝΤΡΟ,-0.05703470154905746,-0.6105692490456925,0.12492302167648002,0.04256321011123674,0.2503780834793506,-2.9913424066177248,-0.08193417946413101,-0.08863788505665081,0.08853147703137253,0.6372776633904934,0.4265897733398711,0.42850511779487677,0.331780222817091,-0.0618230626865716,0.4792617458525267,0.37870616196472967,0.5367220795026965,0.19196007760167805,0.23601300006680817,0.22930929447428836,-3.5132737706067667,1.0624841324017493,0.824023747753545,0.5865210353328435,0.34806065068463915,-0.24952681927712606,0.45053157902744184,1,1,0,0
11472,ΕΞΑΡΧΕΙΑ,0.6756737310332543,-0.2235371689025638,0.6756737310332543,0.44547574064968487,0.7476106030281198,-2.669390816727989,-0.029307614516427088,-0.022113927316940545,-0.10843817371077909,0.30160199665995396,0.049822944677924905,0.3447641198568733,0.48144417664711764,-0.10124448651129254,0.5821557974399293,0.4526694278491714,0.7476106030281198,0.07140400627638455,-0.16598767130667144,-0.16598767130667144,-3.7196691478530246,0.790772726225039,0.4023136174527656,0.5174126126445503,0.1793093142686827,-0.662352088071243,0.4023136174527656,1,1,0,0
11472,ΝΕΑΠΟΛΗ,0.14281341559659996,-0.6490810518985551,0.2547389885794433,0.08727140193594082,0.39064861291575315,-2.850143729617554,-0.14457442781423474,-0.15930147689092466,0.08390521928984028,0.970894346537336,0.6001934826355125,0.7861750738325681,0.5812587052511969,-0.03938122012359248,0.41631575559226985,0.24211580365656626,0.5349736938673144,0.15249119070413905,0.17395060507303006,0.1844699258420943,-3.5254841229914775,0.7138021469414062,0.4146326642692196,0.7058074631569174,0.16006510165786528,-0.675589740236597,0.4470321722379374,1,1,0,0
11472,ΜΟΥΣΕΙΟ ΝΕΑΠΟΛΗ,-1.2841152738444508,-0.9377829508846864,-0.5860391853786756,-0.6455650533873851,-0.5373362024624587,-1.809025200830344,0.06874536271712912,0.06874536271712912,-0.2992327304276206,-0.797085444682282,-0.4291073515375323,0.9886905955790035,2.2224994961231643,1.8328756327934295,0.8642274170153381,-0.3587585984363301,-0.23429541987266478,0.42590057076938626,1.7679383222384737,1.7679383222384737,-0.7429710192198189,0.4691921111393568,-0.15853522422521632,-0.22888397732641846,-0.3479357133438375,-0.678033708664863,-0.4020501388063007,1,1,1,1
11472,ΙΠΠΟΚΡΑΤΟΥΣ ΝΕΑΠΟΛΗ,0.5468251591088629,-0.34277729318346195,0.46878985627620284,0.07861334211290247,0.3595404323104787,-2.1688033794677075,0.016185099846774402,0.016185099846774402,-0.2023137480846738,0.17225570551209454,-0.030636081852821642,0.07861334211290247,-0.21792080865120583,-0.40520553544959,0.3439333717439467,0.4531827957096708,0.7497169464737791,0.2190768872116906,-0.35838435374999394,-0.35838435374999394,-3.713902375554377,1.4520346719677197,1.1711075817701435,1.0150369761048235,0.4531827957096708,-0.40520553544959,0.609253401374991,1,1,0,0
11473,ΠΕΔΙΟΝ ΑΡΕΩΣ,-1.1117049148140756,-1.3426637965201056,-1.24904466134297,-0.3358677307645432,-0.07721007664932453,-1.023245354889632,1.3320328588162158,1.3633297560726767,0.561694695759684,-0.8104128757160861,-0.2391256947765677,-0.6249397232114201,-0.8952743107932576,-1.0230416874454469,-0.7017223496692448,0.9026339973257281,0.7001206686575662,1.080164119507171,2.269242547808498,1.8373317878397257,0.27608504986395577,0.4191953739780977,0.38871314649837774,0.30955439985839217,-0.6872619611320948,-0.7066103683296899,-0.6119728959316283,1,1,1,1
11473,ΑΘΗΝΑ,-0.6345457026244153,-1.198918115782131,-0.3926718112711087,-0.13064176230502647,0.0709198138227291,-2.0857890507442556,-0.3523594960455576,-0.3523594960455576,-0.17095407753057756,0.2523252323377091,0.030607498597177995,0.09107597143550467,-0.4732964417222109,-0.8562634363649465,0.15154444427383135,0.212012917112158,0.43373065085268914,2.207472520776938,2.227628678389714,2.227628678389714,-1.6625097408759688,0.17170060188660688,-0.009704816628373119,0.17170060188660688,0.1313882866610558,-0.4934525993349865,0.43373065085268914,1,1,1,1
11473,ΕΞΑΡΧΕΙΑ,-0.11177645173685204,-0.864126088332719,0.07809546793534969,0.1523311057019248,0.5848964565340836,-2.5529868475223028,0.4806810419771609,0.6976775216025343,0.4878190840701008,0.7733407677876973,0.5006675598373926,0.4121558378849377,0.33363737486259865,-0.3416214071295173,0.3293545496068347,0.5320749450463282,0.30936803174660293,-0.12748014434131985,-0.23026795047965462,-0.23026795047965462,-3.6693766308581055,0.9946200726688347,0.6891118710910064,0.5192264692790364,0.33363737486259865,-0.37731161759421683,0.29651955597931107,1,1,0,0
11473,ΣΤΡΕΦΗ,0.22588183540605075,-1.5611039513128937,-0.08155657951333753,-0.6253382759020055,0.027968355801694544,-1.8454844851133279,0.28544802829668225,0.5333202503254391,0.07984858831934132,1.1731764513764158,0.45838213668883815,0.6486096559202096,-2.2989561471194255,-0.6464746669277135,0.4218738249171608,0.7100973389040873,0.9368331699071362,0.4852829979942846,1.2577220154792477,1.044436615128922,-1.9146581284701902,0.7888784327271805,0.30081994904265164,0.7331552200230415,-0.02199038662270605,-1.4573434862776,0.34117124100082136,1,1,0,0
11473,ΝΕΑΠΟΛΗ,0.05037652205134202,-0.9159104661393781,0.016902376963903676,-0.25535400308059486,0.16976763952987212,-2.640944742978701,-0.4082192656465633,-0.3267655126004633,-0.2542381982443469,0.9039672217810197,0.4766139694980569,0.716512009291365,0.6796904496951829,-0.04781430353847712,0.5859628434503555,0.37619153423574186,0.6183211837015459,0.16642022502112827,0.15191476214990499,0.14075671378742555,-3.426471347697254,1.0512534601657484,0.737712301180076,0.797965762337465,0.4966984565505199,-0.43499858171651395,0.5736889902516281,1,1,0,0
11473,ΜΟΥΣΕΙΟ ΝΕΑΠΟΛΗ,-0.3331030700349911,-0.7744098511422033,-0.19750601438752374,-0.28379504979954845,-0.11614778099904328,-2.1131226005344725,-0.2517448366465107,-0.2542102376582828,-0.3010528568819534,0.10573831006044883,0.021914675660196253,-0.09642457290486621,-0.3972034963410666,-0.7103094248361277,-0.0002739334457529577,0.17723493940184074,0.3572092132612066,-0.10875157796372688,-0.3380338720585354,-0.3380338720585354,-2.6160644069359877,1.464174267546895,1.2398227754756308,1.6219599323003115,1.7279721758065134,1.0475214965574042,1.4666396685586671,1,1,0,1
11473,ΓΚΥΖΗ,0.3527686586889801,-0.7815592967551686,0.4788050981827744,0.3527686586889801,0.7488831828123336,-3.6443869938284963,-0.295418744421962,-0.27741353877999136,-0.24140312749605014,0.5868363320345981,0.17271660226927396,0.0826905740594209,-0.3494343613478738,-1.087647792668669,-0.20539271621210892,0.5868363320345981,1.0909820900097753,0.3527686586889801,0.24473742483715644,0.3527686586889801,-1.5737883450018757,1.433080997207217,1.0009560617999222,0.8569144166641574,0.28074783612109766,-0.8895905306069922,0.3707738643309507,1,1,0,0
11474,ΠΕΔΙΟΝ ΑΡΕΩΣ,0.14380467523551926,-0.8660361869454173,0.19180640313761524,0.034447355278112615,0.17123423403671695,-2.9463516728678325,-0.042066677167333616,0.7003359867019253,-0.047119490630712135,1.3398778050666929,0.22681518213388072,0.19830287759053047,0.5350368033999707,-0.6123127680343385,0.02109349112489794,0.6068589376294226,1.154367367911224,-0.09800854051188157,0.34699995951281276,-0.39576361960383033,-3.126809296559923,0.5480297523058012,0.7162162575868293,0.5859258532811401,0.5090509055883098,-0.30373023152086437,0.40799463632073923,1,1,0,0
11474,ΓΚΥΖΗ,0.26805456841957626,-0.7187589695286019,0.347819368771298,0.03128237449015714,0.38754413100179974,-3.1728665028795984,-0.14810960732853723,-0.14779433143781895,-0.09798074070433264,0.836496999384613,0.8800050723037339,0.8115902040178699,0.03254347805303021,0.3273264358746106,-0.19445516326412257,0.5949956670944199,0.9537796307318086,0.31692233148090776,-0.2313424424781599,-0.2638158592221415,-2.990006486263003,0.9487352164803163,0.560945870896847,0.7431753357320058,0.44492434311252443,-0.5860278195362112,0.0650168947970118,1,1,0,0
11475,ΠΕΔΙΟΝ ΑΡΕΩΣ,0.17098784626811855,-0.8386176641968157,0.5557105003713845,0.7119312144618015,0.9241115873308755,-2.9277782586000054,-0.2067398504878153,0.3202136030112035,-0.16710175885293332,0.8448354040611116,0.11969149238768309,0.31788195056209284,0.6326550311920377,-0.21140315538603668,0.33420351770586776,0.6489765983358126,0.9147849775344327,-0.14844853926004772,0.3645149995443069,-0.2883476862066899,-3.3264908273979357,0.2968970785200965,0.60700685425182,0.45778109750873497,0.31555029811298213,-0.36995552192556447,-0.05285078884650891,1,1,0,0
11475,ΓΚΥΖΗ,0.16784680913098018,-0.8079871267159009,0.3029509808358907,0.15793427479393513,0.4975303585630717,-3.5343012003046663,0.12746240998005584,0.13039945719103216,0.11241004302380223,0.7299242191315727,0.6223548650295652,0.6230891268323092,-0.06050861152242839,-0.18019328536971327,0.6241905195364253,0.6473197663228638,0.9938913372180691,0.3007481954276585,-0.09942448706786458,-0.14274593342976524,-2.7519452494808503,-0.20222113945203565,0.48614930062053846,0.8958673865517346,0.4035448478118296,-0.4338807382177926,0.38959387355969205,1,1,0,0
11475,ΑΒΕΡΩΦ,-0.08222525772386402,-0.2272061763849107,-0.10589561179097368,0.440495061258141,-0.1640852322059516,4.900384273402719,-0.19071438053144996,-0.18972811577865373,-0.2143847345985596,-0.27651941402472247,-0.2420001476768542,-0.11871705357732475,-0.19367317478983867,-0.15520884943078547,-0.058554903656754365,-0.17000282072272901,-0.16803029121713653,-0.20945341083457844,-0.39191239010188206,-0.5309757202461514,-0.7962809387483387,-0.01713178403931246,-0.05756863890395813,-0.07433513970149414,-0.20452208707059727,-0.33964035820368155,-0.16211270270035913,0,1,1,1
11475,ΑΜΠΕΛΟΚΗΠΟΙ,0.24694285607389477,-0.6747569010447239,0.254375918631303,-0.13957639691133242,0.1726122304998126,-3.001305481513495,-0.25107233527245565,-0.25107233527245565,-0.33283602340394597,0.603729858829489,0.3064073565331605,0.49223392046836584,0.2766751063035276,-0.32540296084653775,0.3733049195498344,0.23950979351648655,0.566564546042448,-0.2882376480594967,-0.540961775011376,-0.5335287124539678,-2.3917943518060216,1.8301851808018446,1.465965115488842,1.4585320529314338,0.4699347327961412,-0.5112295247817431,0.4848008579109576,1,1,0,0
11476,ΚΥΨΕΛΗ,0.43114184129179395,-0.1289555309860201,0.46458049038300675,-1.6253350778177922,0.9745198890240017,0.3809838676549748,0.8073266435679378,0.8073266435679378,0.27230825810853326,-1.7340106873642336,-0.05371857053079136,-0.41318404826132876,-0.22509164712325685,-0.03699924598518497,-3.104995300103958,0.732089683112709,0.9912392135696081,-0.062078232803594556,0.1970712976533045,0.45622082811020354,0.7153703585671026,0.9745198890240017,0.46458049038300675,0.648493060384677,0.24722927129012368,-0.2877891141692808,-1.8928442705474944,1,1,0,0
11476,ΝΕΑ ΚΥΨΕΛΗ,0.09390915570576082,-0.05266218456109094,0.15212674412951036,-0.6677138834378801,0.15966078498434852,-0.05471692297604681,2.035636957839054,1.9959120151499072,1.466474416896279,-0.795792577970129,0.11377162705033418,0.016514008742423206,-1.7704234994641947,-0.05814148700097325,-0.7273012974716002,0.9952544070664006,1.1712769979476199,0.6171825387145213,-1.7848066683688857,-1.942336613515502,-0.8820915913982754,0.17815343071895132,0.12130566790517236,0.16514008742423084,0.11514145266030476,-0.0917022144452524,-0.5697713523249838,0,1,1,1
11476,ΓΚΥΖΗ,0.5212044545117936,0.2542468491281256,0.5731683948110745,0.2037104896062976,0.7050768586477104,0.3611726493593381,0.5560374254816413,0.5416188596293683,0.25838683338273866,-1.2130206739378315,0.6201358023892706,0.30378390210573675,-2.104402111379341,0.5124962117693317,0.4695260303680034,0.7480470400490388,0.8783851650304767,0.33262103381028274,-1.999760440392053,-2.187487312627092,-2.318681986075002,0.003135390374183383,0.6823783242862114,0.7700317840218115,0.5339099234311233,0.3062107894274065,-0.311931687209643,0,0,0,0
11476,ΑΒΕΡΩΦ,0.2721182104451248,-0.13079230114943147,0.5328250120651318,0.3195194471033079,0.6276274853814979,0.4024716112551283,1.2793944894315155,-0.3322475569467096,-0.5218525035794419,-2.915614954817688,0.3550703745969452,0.5920765578878606,-1.4224760000849206,0.33136975626785364,0.781681504520593,0.7105796495333184,1.2319932527733324,0.9949870694824169,-2.2519976416031247,-1.4501267214688607,-0.6482558013345964,0.15361511879966708,0.21286666462239592,0.42617222958421985,0.4024716112551283,-0.2966966294530723,0.3432200654323994,0,0,0,0
11476,ΓΗΡΟΚΟΜΕΙΟ,-0.5627402584814134,-1.388709209299265,-0.4282801967203677,-0.7548260609971928,0.12876863057539276,-0.15936007319827647,1.127614803657446,1.511786408689005,1.127614803657446,-0.7548260609971928,-0.8124518017519267,-0.5051145177266795,-2.0610095181044934,-0.6011574189845693,0.051934309569080954,0.7050260381227311,2.529841162022636,0.5321488158585297,-1.2542491475382194,-0.7612289210810518,-0.26820869462388414,0.22481153183328248,0.6089831368648414,0.9739461616448224,0.9355290011416666,-0.5051145177266795,0.35927159359432814,0,1,1,1
11476,Ν. ΦΙΛΟΘΕΗ,-0.27308800128875543,-1.319310276496355,0.17529297380021583,-0.29799805546036495,1.1218750323213773,0.6734940572324061,1.0720549239781583,0.42439351551631094,-0.07380756791587931,-2.0666119016446403,0.7482242197472346,1.2962454115226438,-0.9705695180938217,-0.2481779471171459,0.7482242197472346,0.20020302797182535,0.34966335300148244,0.0009225945989492347,-1.9171515766149834,-1.4438605473544026,-0.9705695180938217,-0.49727848883324105,0.8976845447768917,1.4207956823806915,1.3460655198658629,-0.9456594639222122,0.5489437863743585,0,0,0,1
11476,ΠΟΛΥΓΩΝΟ,0.5297950608065538,0.2884019142796369,0.5692416284301712,0.25317290420068295,0.5677530787085253,0.2536690874412316,0.4253484886710635,0.421875205987223,0.4419706272294432,-0.4476859230742812,0.7533256106737193,0.16237137118028053,-2.1486020716750436,0.39086375345293256,0.556837047416455,0.8203103481477867,0.7302530899882073,-0.025930168607931087,-2.1486020716750436,-2.3240028472089906,-2.3453387265525825,0.7518370609520734,0.7019706452769343,0.5657683457463307,0.43378360376039055,0.1621232795600062,-0.3405103431157734,0,0,0,0
11521,ΚΟΛΩΝΑΚΙ,0.9234147186353977,-0.7513174254502984,0.8642751848092538,-0.1970396925031661,1.4229928226982889,-1.1072202055932183,2.347558627800106,0.4405306571540607,0.12707336825573054,1.2828694227318398,-0.2565344187246622,-0.38529166203984033,0.07397210515057431,-1.0312090329878443,-0.35474511603954983,0.945259050949559,-0.068282449187988,-0.2902776962831227,0.8829227855652452,-0.788435030764605,-2.496022471420381,-0.30608375787629627,-0.3700183890396951,1.1674318942423698,-0.6859620247054907,-0.9464956466963409,-0.4433656186799276,1,1,1,1
11521,ΑΜΠΕΛΟΚΗΠΟΙ,0.9709377737289376,-0.5538911812846871,-0.33447833979345937,-0.048022685624356534,1.2657455628107723,0.1563788863615557,-0.19994124768566954,0.11969721275834119,0.19069035951656252,0.8066038759865366,-0.42838342421768855,-0.18120537747602766,0.3505095897385679,-0.5722884514302993,-0.041589284407792755,1.5760160881499623,0.5873039011833188,-0.13459143532794277,1.3340299090567562,-2.6289452403465297,-2.8911345565935056,-0.3044558007828284,-0.10468176300532171,1.0468970547595942,-0.32262733755242085,0.5839179005430221,-0.24249198906539837,0,0,0,0
11522,ΠΕΔΙΟΝ ΑΡΕΩΣ,0.0,0.0,0.0,0.0,0.0,0.0,0.0,0.0,0.0,0.0,0.0,0.0,0.0,0.0,0.0,0.0,0.0,0.0,0.0,0.0,0.0,0.0,0.0,0.0,0.0,0.0,0.0,1,1,1,1
11522,ΓΚΥΖΗ,0.2608359861782897,-0.362725043279183,0.3892161981254164,0.1691358347874849,0.40755622840357736,-2.074461202574206,0.6459766220196699,0.6459766220196699,0.42589625868173836,-0.014264467994124728,0.3831028546993628,-0.17932474049757338,-2.062234515722099,-0.13041799308914415,-0.06928455882860761,1.4468246108326985,1.7586051255614348,0.8538302985054941,-0.6622788711558121,-0.6683922145818657,-2.306768252764245,0.1385691176572166,0.6765433391499381,0.8660569853576014,0.7743568339667967,0.0040755622840362325,-1.316406617743553,1,1,0,0
11522,ΑΒΕΡΩΦ,0.7440571497912304,-0.014275157585600544,0.35216596525013605,0.2577223768904101,0.49273779045082283,0.2832718528993044,0.414299904960482,0.2690556074935772,0.1866411498617743,-0.8484605785608218,0.40763914662353296,0.5329011690795905,-0.5022005593430057,0.2530499046241921,0.5045680925716727,0.5707780187270174,0.5850936784362811,0.4998956203054547,-0.898068316025562,-3.0819023218130353,-3.266117026266269,0.4141010763534089,0.35107240791123395,0.5985146094137158,0.45346914055388415,0.03642613721804179,0.4035631601785342,0,0,0,0
11522,ΑΜΠΕΛΟΚΗΠΟΙ,1.5739330226708919,-0.656295140132192,-0.4231599252385287,0.4002178028614147,0.6972430675716718,0.3820239476156297,-0.8424648217169685,-0.05124367498166837,0.6727025186354966,0.8698731359502826,-0.28099398657379027,0.6714331798974186,0.7700184885548116,-0.49255044292012723,-0.03643472303742478,0.6688945024212626,-0.42569860271468474,-0.322882164930365,0.9883447515042313,-2.463833503155295,-2.699507395525114,-1.153452812546084,0.3265961560528894,1.1630903844463056,0.3722923506236982,0.7759420693325091,-0.48408818466627374,0,0,0,0
11522,Ν. ΦΙΛΟΘΕΗ,-0.2654200402183159,-0.3862010697558638,0.8618695687987982,0.49952648018615436,0.21770407793187585,-0.22515969703913324,-0.14463901068076795,-1.271928619697882,-1.5940113651313432,-2.9628630332235533,-0.023857981143220023,0.37874545064860643,-1.2316682765186993,-0.22515969703913324,0.539786823365337,0.29822476429024114,1.3852540301281726,0.9021299119779808,-0.7888045015476903,-0.4667217561142291,-0.14463901068076795,0.1774437347526932,0.982650598336346,1.4657747164865378,1.3852540301281726,-0.30568038339749853,0.9423902551571635,0,0,0,1
11522,ΠΟΛΥΓΩΝΟ,-0.5545781693666098,-1.310821127593804,0.3529133805060232,-0.1764566902530127,1.033532042910498,0.5041619721514621,1.1847806345559369,1.5629021136695338,1.033532042910498,-1.2351968317710844,-0.10083239443029327,0.4285376763287426,0.4285376763287426,-0.3277052818984515,0.8066591554423397,0.12604049303786496,-0.2520809860757321,-0.781451056834768,-2.747682748225473,-1.3360292262013778,0.07562429582271941,1.4872778178468145,0.12604049303786496,0.5041619721514621,0.5041619721514621,-1.4620697192392427,0.12604049303786496,0,1,1,0
11523,ΑΒΕΡΩΦ,0.050291448814524686,-0.21890709352794585,0.0977970739337842,0.0027858236952651846,0.07800306346742607,-0.02888459305090782,-0.0011729783980064408,-0.1199370411961552,-0.23078349980776072,-0.8760682410110356,0.22843754301174785,0.3511604079031682,-0.42476480237807035,0.8262166590957633,1.095415201438234,0.9331043156140971,0.9647747323602701,0.8420518674688497,-0.048678603517265946,-3.0850798090566025,-3.0850798090566025,0.35511920999643987,0.2957371785973655,0.40262483511569935,0.6520293669918118,0.29177837650409383,0.6520293669918118,0,0,0,0
11523,ΑΜΠΕΛΟΚΗΠΟΙ,0.33967813585146256,-0.2823211499001877,0.05186774315515656,-0.0052134880559674465,0.5642803717039288,0.11569634816433463,0.5814202522713994,0.9049064144746579,0.7321116004279401,0.6212064908737182,0.5305435027136585,0.23629596030196756,0.013244844862847112,0.0002929894114100057,0.2549094052621167,0.19092568821160405,0.21388227032912133,0.16370352495738594,0.1555601427873207,-2.482895680313819,-4.008345050818708,-0.16443599848590984,-0.012348641957357947,0.6399750478752019,0.3631000540929835,0.051557519072487415,0.23040170273125368,0,0,0,0
11523,ΓΗΡΟΚΟΜΕΙΟ,-0.41118365847832467,-0.18368450317269425,0.3168136384996927,0.3623134695608188,0.13481431425518833,-0.04718500998931598,1.5453090771500968,1.2723100907833405,0.2713138074385666,0.3623134695608188,0.04381465213293618,-1.0936811243952158,-1.139180955456342,0.4533131316830709,-0.09268484105044207,-0.18368450317269425,0.6353124559275752,1.4543094150278448,1.590808908211223,-0.8206821380284594,-2.686175211534629,1.499809246088971,0.2713138074385666,-0.6841826448450812,-0.6841826448450812,-1.0936811243952158,-1.0936811243952158,1,1,0,0
11524,ΓΚΥΖΗ,-1.6900534778423628,-0.7953192836905237,0.3099406032029245,-0.08479507068759276,0.9941491046131543,0.6520448539080395,0.8099391234642463,-0.19005791705839736,-0.5584778793562134,-2.3742619792525925,0.7046762770934417,1.0730962393912578,-1.347949227137248,0.4678348727591314,1.309937643725568,0.8625705466496486,1.0730962393912578,0.6520448539080395,-0.9532135532467306,-0.154970301601463,0.6432729500438061,1.441516201689074,-1.2426863807664432,-0.6374250141343168,-0.6374250141343168,-0.7953192836905237,0.4678348727591314,0,1,1,0
11524,ΑΒΕΡΩΦ,0.1355324974191882,-0.04510556044683161,0.38221027536525826,0.24236145637221068,0.35307510474170667,0.03841526200734959,0.36278682828289055,0.25790021403810487,0.18797580454158105,-0.8181587543250669,0.1763217362921604,0.30063179761931386,-0.6996757271226238,0.5414825414406736,0.8503153500503203,0.6172339850619077,0.5434248861489104,0.39774903303115244,-0.7055027612473341,-3.9997193864169,-1.9039294462294227,0.1918604939580546,0.3666715176993641,0.5278861284830162,1.246553670530622,0.055896364381480546,0.39580668832291566,0,0,0,0
11524,ΑΜΠΕΛΟΚΗΠΟΙ,0.729788671825953,0.019714231721413646,0.3112032293165968,0.3470509445487994,0.7355822419644907,0.4408343611663801,0.34560255201416495,-0.040394058465916045,-0.13272908254886226,-0.3876461686445255,0.24349087832243624,0.242766682055119,-0.19247527460253333,0.04397480667654069,0.38977852432051574,0.7497040691771766,0.29527091143561784,0.21379883136243,-0.33296935046207504,-2.8129794678899125,-3.7149659188335167,0.22031659776828502,0.2087294574912094,0.8934570282396458,0.5255653244424955,0.2456634671243879,0.4118665104736911,0,0,0,0
11524,ΓΗΡΟΚΟΜΕΙΟ,0.1680460409641879,-0.010479139805348607,0.25073629440678785,0.24598183789543202,0.6404152790630085,0.4145319824548691,0.6024728516096396,0.2859752073733073,0.1584439033039987,-0.3735891027804633,0.37388604051465085,0.4097775259435133,-0.36855497235667484,0.10111075125529641,0.407913033193962,0.4171422723042409,0.6020067284222518,0.614592054481723,-0.130552472876452,-3.3006562703010416,-3.3201402195338523,0.47074643885384065,0.32606180148866015,0.5013241199464818,0.4960103156102607,-0.4173114577574412,0.4341091563251577,0,0,0,0
11524,Ν. ΦΙΛΟΘΕΗ,0.1247277924968918,-0.1875365096886227,0.06387628745561205,0.05586951047649629,0.6547764285143549,0.3248972169747857,0.6659859162851169,0.29287010905832267,0.18878200832981784,-0.1779283773136838,0.20639691768387253,0.5250666414526797,0.7236347105347504,-0.020995548523014974,0.22401182703792719,0.4385934500782295,0.677195404055879,0.846939076013133,0.18878200832981784,-3.3069768207521215,-3.3470107056477003,0.13273456947600756,0.26564706732932913,0.27845791049591434,0.27045113351679856,-0.31084087516700537,0.20159285149640305,0,0,0,0
11524,ΠΟΛΥΓΩΝΟ,-0.25384910224304846,-1.5809190103245905,-0.4880379095515559,-0.8159022397834663,0.15207816375836442,-0.23823651508914798,0.08962781514276243,-0.34752462516645144,-0.7222267168600633,-1.3935679644777845,-0.40997497378205344,-0.00404770778064054,-1.25305468009268,-0.5348756710132574,0.2613662738356679,0.6204557783753792,2.5251914111512397,2.056813796534225,0.15207816375836442,0.5632096254777447,0.9743410871971232,1.3854725489165036,0.6829061269909813,0.4018795582207723,0.2925914481434689,-1.6121441846323916,-0.5036504967054564,1,1,1,1
11524,ΝΕΑ ΦΙΛΟΘΕΗ,0.15502502317962555,-0.205051387091279,0.143116984414761,0.07422047441804461,0.6390017415516209,0.5108485624630785,0.5766263004023304,0.7481587635628795,0.31351534864532293,-0.11971044260974967,0.17118593293194176,0.283178202268168,-0.3368903877022795,0.09917065087776084,0.33421265411758755,0.4334463104914589,0.8076989573872022,0.9347180375457576,0.00418986549134112,-3.263149151801497,-3.3181529499058713,0.5372163625852786,-0.13984069861702073,0.26304794626089695,0.26049622366842595,-0.1367219265595562,0.2304426020237678,0,0,0,0
11525,ΑΘΗΝΑ,-0.8793763433970435,-0.8802048263400946,-0.8793763433970435,-0.7703479880915375,0.7983016162811458,-0.8780507706881621,-0.8811990058717557,-0.8821931854034168,-0.7892373991930993,0.2685696224943635,-0.8802048263400946,0.09143996927006873,0.2468633693864284,-0.8117721352440854,0.7462728874575457,0.6097388984427479,-0.8553503380485658,0.4760217514343233,2.8425004299650793,-0.8856728137642308,-0.27988608580537055,0.32590064215348974,0.8630889824277308,2.290730789893141,0.9755969660940508,0.15738721153692495,-0.13954107525253828,1,1,1,1
11525,ΑΜΠΕΛΟΚΗΠΟΙ,-0.10384767262862211,-0.4629859923525074,-0.18209568642321164,0.6966896992698709,1.2183431245671346,0.8692366014835812,0.7027087772540701,-0.14798757784608288,0.5502254683210238,-1.1391290859108838,0.6445243567401445,0.7588868384399292,-0.6997363930643424,0.6766261059892069,1.7018757226311365,1.5413669763858246,1.503246149152563,-0.07776500136375893,-1.522343717571566,-2.429218133857578,-1.392933540911283,-0.3566489479649883,-0.5592912400996946,-0.49107502294543703,-0.41683972780698025,-0.5432403654751634,-0.33859171401239074,0,1,1,1
11525,ΕΛΛΗΝΟΡΩΣΩΝ,-0.6643494077343308,-0.15666303992353936,0.566270696272078,0.4881592046822854,0.8476713691142063,0.6244518759743868,0.18606166949546235,0.009448444154066702,0.4332741919459836,-0.5071299089603714,0.012514645982910378,0.7084658060847034,-0.5295898373566513,0.24102333727748523,0.8009884462700613,-0.11695572624001378,-0.053025418108623164,0.8849257213346569,-0.2853668616892526,-2.9354851023588404,-3.258816085210406,0.3959431846798119,0.07805471007444392,0.8359431471188792,0.7788351380566657,0.05344844039797343,0.5619013586659758,0,0,0,0
11525,ΝΕΟ ΨΥΧΙΚΟ,-0.08831705668339929,-0.5519816042712447,-0.35326822673359665,1.1702010010550383,0.04415852834169941,-0.022079264170849936,-0.35326822673359665,-0.5519816042712447,-0.618219396783794,-2.2741642095975276,0.8390120384922916,0.9052498310048409,-1.2805973219092874,0.11039632085424875,0.3091096983918968,-0.022079264170849936,0.04415852834169941,0.04415852834169941,-2.2741642095975276,-1.0818839443716395,0.11039632085424875,1.3026765860801368,1.3026765860801368,1.4351521711052355,1.7663411336679824,0.04415852834169941,0.04415852834169941,0,0,0,1
11526,ΑΜΠΕΛΟΚΗΠΟΙ,0.7083659626091695,-0.13130488454927106,0.2431429256700335,0.1195427285738345,0.8410166659408279,0.17154936888207123,0.33661979604224085,0.2625947599671402,0.06929215663964211,-0.1165809266438222,0.1562850822461472,0.3001476067351657,0.08023381343176464,-0.01135190638377955,0.3106840169794319,0.8388553510189272,0.39186840873332873,0.32864994726773183,-0.10617959858217486,-2.619518688387507,-3.9441345711474276,0.01931174907068731,0.13426668647928333,0.7534834116038476,0.24098161074813276,0.41159040739567304,0.2105881196589035,0,0,0,0
11526,ΕΛΛΗΝΟΡΩΣΩΝ,-1.9927727306416285,0.38942059521902683,0.6457605078348302,0.5485281271874565,0.5684165686835102,0.47560384170192627,0.6457605078348302,-1.952995847649521,0.6280818931716713,0.6435506810019354,-0.23817022532311244,0.5684165686835102,-0.3928581036257524,-1.1618778414731625,0.6104032785085125,-2.0413889209653155,0.9595559181058998,0.8004483861374702,-0.985091694841574,-1.9110091378245189,-0.6315194015783969,0.647970334667725,0.6899570444927273,0.7805599446414164,0.7805599446414164,0.3584830195584988,0.5662067418506154,0,0,0,0
11526,ΕΡΥΘΡΟΣ ΣΤΑΥΡΟΣ,0.5554427991715443,-0.8664441421796313,0.2048031114780119,0.11312069963087183,0.7861667495153404,0.14681853974687364,0.29000906156111556,0.24477502392792394,0.12222822398654799,-0.07854209069857991,0.2894018932707372,0.4996845111717935,0.4145797558037529,0.05958869536250859,0.3358502674846856,0.7198842111490306,0.10927530045847522,0.28322901565188996,0.2680498083924297,-3.0591312281661995,-3.531103379220351,0.3017476485084315,0.0862029054240956,0.7078420400565254,0.29456282373895365,0.4451405597527996,0.2568171950204291,0,0,0,0
11527,ΑΘΗΝΑ,0.3070631645002735,-0.06886343027395832,0.0936994215203041,-0.007902360851109914,-0.007902360851109914,-3.5030036744277515,0.03273835209745569,0.03273835209745569,0.6321888680887984,0.6728295810373639,0.9776349281516059,0.43914548158311173,0.43914548158311173,0.2054613821288595,0.40866494687168753,0.2969029862631321,0.4188251251088289,-0.10950414322252391,-0.19078556911965514,-0.19078556911965514,-3.096596544942096,0.7642711851716365,0.6220286898516569,0.4289853033459703,0.2969029862631321,-0.06886343027395832,0.1749808474174353,1,1,0,0
11527,ΑΜΠΕΛΟΚΗΠΟΙ,1.3488754368419944,-0.6045062749160173,-0.3972540463829789,-0.3336905865265101,1.5045437247294122,-0.36118456504321134,-0.22803515479804393,-0.2711745163278204,-0.18090262019798467,0.7467573073262372,-0.4167616787591146,-0.24165122034917216,0.6920311977072795,-0.4265154949471824,0.10293997706014998,1.3552906984958912,-0.2303917815280469,-0.17684398527409068,1.2135003235740462,-2.264291573227826,-2.642595625246913,-0.21716848709858583,-0.2739239141794905,1.5936373074942465,-0.18620503034049135,1.1299709983661634,-0.2344504164519409,0,0,0,0
11527,ΓΟΥΔΙ,1.3291038545160563,-0.626855020936522,-0.3522030016570681,-0.299349908430481,1.5959988277746928,-0.28870040457139257,-0.17536864745368586,-0.21060404293807725,-0.12238407887081369,0.7562657271821258,-0.3419479238668348,-0.18746438023190976,0.5038330431148441,-0.4556741070533966,-0.0032674060765651223,1.3297612312974816,-0.15314931224151365,-0.010498550672242464,0.6910539504647447,-2.14894522064846,-3.1091097475981258,-0.0390287029860967,-0.17221323890284482,1.4043077583111006,0.09297255472408604,1.071806582266228,-0.07833983451532443,0,0,0,0
11527,ΙΛΙΣΙΑ,0.8299750893580812,0.011694129551558333,0.3240324256699446,0.34142656806878935,0.43142234830629045,0.2650435949260363,0.28016893614242305,0.2408430489798175,0.13950326283002631,-1.6687312795890088,0.29605054441962914,0.41554074002908437,-1.6407493983386934,0.16219127465460642,0.3762148528664789,0.40344046705597497,0.5320058673952623,0.42915354712383247,-2.187530483311074,-2.9785858289281006,-0.9998130642943052,0.9789597003394905,0.8776199141896994,0.9918162403734193,0.8314876234797198,0.03286960725449977,0.28395027144651974,0,0,0,0
11528,ΑΘΗΝΑ,-0.16232832328387825,-0.9822851990251641,0.4819235076557035,0.07194506978506057,0.5990602041901729,0.384309593876979,0.7357196834803872,0.18908176631952997,-2.6612445160192255,-2.368402774683052,0.3062184628539994,0.794288031747622,-1.2556041576055927,0.13051341805229527,0.9895158593050709,0.4819235076557035,1.0285614248165607,1.1066525558395404,0.9309475110378362,-1.1189446783153785,0.10122924391867792,1.3214031661527343,-0.06471440950515374,-0.025668843993663936,0.07194506978506057,-1.1384674610711234,0.05242228702931567,0,1,0,0
11528,ΑΜΠΕΛΟΚΗΠΟΙ,0.6131984920969202,0.10952828346450827,0.7355183999076489,0.24623876866473438,0.7211278225181513,0.07355183999076456,-0.25023615127292886,-0.4660948121153911,-0.5884147199261197,-2.754196617045491,0.6923466677391564,0.8506430190236287,-1.2000142589797629,0.28941050083322684,1.2176027424558147,0.7355183999076489,0.6131984920969202,0.08794241738026204,-2.444799203171295,-1.5573802641522838,-0.6699613251332724,0.2174576138857394,0.44770685211769917,1.037720525087096,0.4692927182019454,-0.08474451129370777,0.8578383077183774,0,0,0,0
11528,ΙΛΙΣΙΑ,0.9556206214462463,-0.3446775800705703,0.25108123609665484,-0.02408681659314827,1.1609975562735275,-0.16084231709750313,0.08020996568743596,0.24221113592139018,-0.06668279216007847,-0.4673968780997811,0.1817774863756311,0.08937248674759944,-0.6123401633813033,-0.13052801869632397,0.17105538726267383,1.1795175456504539,0.61855681478619,0.17125033451927305,-0.8737644344808612,-2.460830050455135,-3.3547606955908713,0.2747673277734604,0.1434703504538838,1.2137307891836173,0.25897659998892336,1.0136174302845151,0.4896966781741036,0,0,0,0
11528,ΧΙΛΤΟΝ,-0.4290637371438673,-0.8335507974225794,-0.45285709363085036,-0.594735997127305,-0.13737481132196377,-0.001664555803615921,0.14638299567094537,0.5447014079715508,0.8892644593200834,1.0655115444088468,0.6275375379632696,0.45393415915083757,0.45393415915083757,0.08469651588987817,0.23186283193899565,0.0811715741881029,0.42044721298397253,0.42661586096207926,0.4803712219141521,-0.1444246947255143,-4.451903454294893,0.8258155086881285,0.36492938118101204,0.12435211003484994,0.11553975578041177,-0.3797145533190135,0.08822145759165344,1,0,0,0
11631,ΑΓ. ΔΗΜΗΤΡΙΟΣ,-0.2977076033892672,-0.37426098711793593,-0.4125376789822703,-0.4699527167787718,-0.43167602491443746,-1.0823797866081215,-0.4699527167787718,-0.4699527167787718,-0.3359842952536016,-0.25943091152493286,-0.3168459493214344,0.027644277457574782,-0.3168459493214344,-0.37426098711793593,2.1711390218602986,-0.3933993330501031,-0.37426098711793593,-0.5465061005074405,-0.5656444464396078,-0.5656444464396078,-1.120656478472456,-0.4125376789822703,-0.45081437084660464,2.1137239840637974,2.132862329995964,1.8075104491491223,1.788372103216955,0,1,1,1
11631,ΓΟΥΒΑ,0.32905438434837525,-0.49763488294853686,0.35751574056905544,0.24771921155036442,0.5289983889279655,0.42229807439353256,0.545789398246442,0.4156293047351305,0.2923761512271639,0.0995772569958616,0.33477047262700554,0.37383040919764615,-0.03987147996822426,0.10553151561943487,0.441351701988967,0.3013075391625238,0.4897002820123819,0.30535643502655363,-0.2239771566091096,-2.338572564184919,-4.167363557829211,0.3864534374796215,0.2985685801956801,0.38633435230715,0.3803800936835768,-0.11537147931513325,0.34024839056069295,0,0,0,0
11631,ΜΕΤΣ,-0.8960075168608543,-0.8554675873170872,0.543159981942881,0.23911051036462702,0.8674794182930184,1.394498502361992,1.7796278330277804,1.1309889603275052,-0.40952836233564804,-0.1257488555292777,-0.16628878507304487,0.44181015808346297,0.44181015808346297,-0.1257488555292777,0.6647797705741826,0.34046033422404504,0.9485592773805529,-0.3689884327918808,-0.06493896121362691,-3.064893747452399,-1.7372110548940236,-0.40952836233564804,-0.612228010054484,-0.14601882030116128,-0.14601882030116128,-0.7541177634576691,1.090449030783738,0,1,1,1
11631,ΝΕΟΣ ΚΟΣΜΟΣ,-0.4448069577473295,-0.7251559213275365,-0.2458496287549245,-0.33628477829692677,0.5318926573062951,0.8665027106117035,0.9478943451995056,0.9569378601537057,0.7851110760239014,0.929807315291105,0.4595445376726932,-0.028805269854119034,-0.028805269854119034,-0.19158853902972312,0.33293532831389006,0.17015205913828596,0.6132842918940971,1.201112763917112,1.363896033092716,0.052586364733683014,-3.799951005755614,-0.17350150912132267,-0.4628939876557299,-0.6799383465565354,-0.6799383465565354,-0.9241132503199415,-0.4900245325183306,1,0,0,0
11631,ΠΑΓΚΡΑΤΙ,-0.1727530890369471,-0.05951493703238148,0.7169752481417828,0.5174604088956434,0.8679594508145371,0.6199139749950123,0.43657601460666795,-0.2482451903733242,-0.49089837324025054,-2.324277977123694,0.18853053878714324,0.4150068427962745,-1.9468174704418086,-0.016376593411594576,0.46892977232225813,0.7439367129047747,1.0728665830132749,0.8140365212885534,-2.663992433137391,-1.5154340342339396,-0.36687563533048817,0.7816827635729632,0.42579142870147124,0.6576600256632008,0.7169752481417828,-0.16196850313175037,0.5228527018482417,0,0,0,0
11632,ΑΘΗΝΑ,0.5409144512689258,-4.482552538130373,0.3546301376941682,0.20870742539394133,0.7458271962011592,0.5347049741497673,0.5719618368647188,0.2149169025130999,0.01931837325960434,-0.7723899594331158,0.3266874906579545,0.531600235590188,-0.48675401195182066,0.028632588938342227,0.4291438631240712,0.42603912456449194,0.773769843237373,0.5502286669476637,-0.8282752535055431,-0.5188363104008065,-0.20939736729607059,0.100041575808666,0.2863258893834237,0.48813389575607785,0.4539817716007056,-0.4277639793198141,0.14040317708319683,0,1,0,0
11632,ΠΑΓΚΡΑΤΙ ΣΤΑΔΙΟ,0.5163623867416288,0.1264338508961035,0.7591480788718616,0.4354338226982179,0.5605052398562166,0.36921954302633625,0.4795766758128057,0.413362396140924,0.21471955712527904,-2.522137335979163,0.3103624055402192,0.5090052445558642,-2.4632801984930457,0.29564812116869,0.7150052257572738,0.3177195477259839,0.6635052304569214,0.4575052492555118,-2.4559230563072814,-1.5166612372579973,-0.5773994182087124,0.36186240084057164,0.3986481117693948,0.5972909507850398,0.5678623820419813,-0.06485184593377685,0.5310766711131581,0,0,0,0
11632,ΓΟΥΒΑ,0.3939249626406454,-0.1307755161612136,0.43318826377547837,0.33941062718071197,0.5526006176400944,0.4315658133153613,0.5089567002629454,0.3050146774262302,0.1911186551260122,-0.5535861060677209,0.3689392255548426,0.49029851997159907,-0.4276839503626366,0.2500136068282617,0.49370566593784493,0.4208576402785887,0.6358323262440999,0.5066852696187815,-0.7435750549474293,-3.2567508176687636,-3.2608069438190563,0.45638930535515243,0.3324340902022086,0.44957501342266076,0.43351275386750177,0.014271554973252052,0.36488309940454994,0,0,0,0
11632,ΜΕΤΣ,0.4454049970841343,-0.4608203393985335,0.097083857980047,0.18859195384637503,0.7081217884423018,0.5044424782882169,0.5782393297933202,0.5044424782882169,0.32437816061576497,-2.1463404277750913,0.17973633166576264,0.3745600196392352,-2.1433885537148876,0.1767844576055585,0.5546243373116871,0.38931938994025583,0.6254693147565862,0.4247418786627054,-2.8046083432006124,-1.6642009979417505,-0.5237936526828887,0.6166136925759738,0.6992661662616895,0.9206567207769991,0.8527636173923042,0.026238880535147894,0.551672463251483,0,0,0,0
11632,ΠΑΓΚΡΑΤΙ,0.16535925883083558,0.03338318950931772,0.36248275090660587,0.351344643145395,0.5999556144946874,0.48248010056040636,0.48479178330329914,0.2714865120272791,0.16556941180746218,-1.062354430621883,0.5161045768206657,0.6318988669419338,-0.8171059068986166,0.2611890161725747,0.48500193627992577,0.4919369845086043,0.757570346964653,0.6405151389836252,-1.2737683251082637,-3.0045882406051123,-3.004798393581739,0.4789074999577538,0.40157120455915735,0.5135827411011462,0.4990821857139094,0.12227789862237831,0.4461236356040009,0,0,0,0
11632,ΑΓ. ΑΡΤΕΜΙΟΣ,0.4930440141785675,-2.4740244282888835,0.044021786980229245,-0.22891329229719207,0.871631382208539,0.45782658459438413,0.7307616638718054,-0.2817394366734672,-0.6603268047034386,-2.4388069987047003,0.6163050177232094,1.0213054579413186,-0.8540226674164473,0.33456558104974227,1.1709795336740978,0.695544234287622,0.9156531691887683,0.6339137325153011,-1.6640235478526655,-1.0535881017268205,-0.4431526556009737,0.16728279052487113,0.40500044021810905,0.8100008804362181,0.7835878082480805,-0.6251093751192552,0.5722832307429802,0,0,0,0
11633,ΑΘΗΝΑ,-0.4415107856883478,0.7505683356701913,0.7505683356701913,0.7505683356701913,-0.4415107856883478,-0.4415107856883478,-0.4415107856883478,-0.4415107856883478,-0.4415107856883478,-0.4415107856883478,-0.4415107856883478,-0.4415107856883478,-0.4415107856883478,3.1347265783872698,3.1347265783872698,0.7505683356701913,-0.4415107856883478,-0.4415107856883478,-0.4415107856883478,-0.4415107856883478,-0.4415107856883478,-0.4415107856883478,-0.4415107856883478,-0.4415107856883478,-0.4415107856883478,-0.4415107856883478,-0.4415107856883478,0,1,1,1
11633,ΠΑΓΚΡΑΤΙ ΣΤΑΔΙΟ,0.8050278054749439,1.1372717831166548,1.7930164758305576,0.9973795820043554,0.28043205130382165,0.123053325052485,0.2629455261647843,0.21922921331719075,0.053107224496335356,-2.3075736692737148,0.009390911648741833,0.1667696379000785,-2.3338034569822708,0.06185048706585406,0.41158098984660224,0.3766079395685274,0.7175951797797568,0.5252434032503454,-2.193911255869972,-1.4361618331783506,-0.6784124104867293,0.07933701220489146,0.1667696379000785,0.3416348892904526,0.3241483641514152,-0.20919065258922578,0.30666183901237776,0,0,0,0
11633,ΠΑΓΚΡΑΤΙ,0.4188857340500454,-0.09376019758232346,0.4059073560340361,0.3311271779417918,0.5542934780170762,0.4280324004613282,0.496632398545949,0.3725343839928692,0.25733582865076726,-0.8782722477500499,0.42036897725187505,0.5138132989671423,-0.8164704476738149,0.30702447591206017,0.5222801455775865,0.4457695170832076,0.6166514942939972,0.4978684345474737,-1.121400529249958,-3.06896065505235,-3.1127781313064005,0.48791834473519985,0.4079468154365518,0.5233925779789588,0.5075713171594426,0.1162423190767229,0.4600457329008179,0,0,0,0
11634,ΑΘΗΝΑ,0.646006493767986,-0.4132600757995732,0.0868628500079841,0.28566947890042926,0.5528158864746524,0.37264737904087397,0.5931984829684304,0.686389090261764,0.5000078756750966,-2.5783885185813586,0.2608186502888736,0.34779655042931834,-2.0937973606560236,0.09307555716087301,0.4503062184519854,0.4627316327577632,0.8603448905426535,0.6708573223795417,-2.57217581142847,-1.5626108990840217,-0.5530459867395737,0.4565189256048743,0.3509029040057628,0.5279650578630968,0.6273683723093193,0.18937251803065114,0.7516225153670976,0,0,0,0
11634,ΧΙΛΤΟΝ,0.7793794562289648,-0.2385590162102006,0.8495821095006313,0.49856884314229843,0.9548860894081311,0.6389741496856316,1.0250887426797977,-0.2385590162102006,-2.344638614360198,-1.9936253480018649,0.18265690341979884,0.007150270240632411,-0.06305238303103416,0.814480782864798,1.6218112954889636,1.0250887426797977,0.7442781295931314,0.2528595566914654,0.6038728230497983,-0.8001802423835332,-0.08060304634895081,0.6389741496856316,-0.2385590162102006,-1.0107882021985328,-1.0107882021985328,-1.8181187148226985,-0.8001802423835332,0,1,1,1
11634,ΠΑΓΚΡΑΤΙ,0.4816476607204579,-0.10609748964922204,0.4209751441845255,0.29963011111266075,0.5899687504521486,0.4386051162669561,0.4512319881638321,0.24578722340145376,0.1104652755254999,-0.6781980251529612,0.4214516299164831,0.502533618637932,-0.5191312049677879,0.3276633550094986,0.5708299068851856,0.4769622176895416,0.5488321489264772,0.42613707294739933,-1.0585924678324325,-3.1614034172499106,-3.1914220183632382,0.40811002942167074,0.36300271346301943,0.5381112199574316,0.5062660902049331,0.12984236195844165,0.4567909883700039,0,0,0,0
11634,ΠΑΓΚΡΑΤΙ ΧΙΛΤΟΝ,0.7473735556280475,-0.22026349857147365,0.5076050820210865,0.3234971469300272,0.8244419935731421,0.5632656205369881,0.5975182596236969,-0.006184504279544196,-0.237389818114828,-2.4937824179517647,0.1907681704690309,0.4348182239618305,-1.487611144779696,-0.14319506062637904,0.32777872681586573,0.2721181882999641,0.36631294578841306,0.12654447218145207,-2.75067721110208,-1.6117769614690152,-0.4728767118359504,0.6660235377971143,0.9271999108332682,1.1969394436410994,1.0898999464951347,-0.2331082382289894,0.49476034236357075,0,0,0,0
11635,ΑΘΗΝΑ,0.29490252228785985,0.037053814328915184,0.42898385042651105,0.2794315998103232,-0.08155659133219936,-0.18985304867495612,-0.1279693587648094,-0.20016699699331392,-0.31877740265442844,-2.1495032291629355,0.5424372819284468,0.7229313774997079,-0.7158644129112032,0.4857105661774789,0.7745011190914969,0.4908675403366578,0.5940070235202356,0.4650826695407633,-1.252189725465808,-3.2582526733863975,-1.3914280277636382,0.47539661785912113,0.6352628167936668,0.7796580932506758,0.9292103438668637,0.6507337392712035,1.0993904911197672,0,0,0,0
11635,ΠΑΓΚΡΑΤΙ ΣΤΑΔΙΟ,1.3899437788130578,-0.3200734023612443,0.711024323894704,0.047868698008755296,0.6341756573617294,0.15230406534843874,0.46937199020476755,0.6313095066285649,0.3437987612079955,-0.8977819095147248,0.1596485766021729,0.2748320091912234,-1.00490429316675,0.20210343433717287,0.3043891886269829,0.5426379683212864,0.5625218890326156,0.49857090079888144,-1.263574396834851,-2.882233023389533,-2.897101180317824,0.5560730498829953,0.4070332117584385,0.5399509520089447,0.4471593220227422,0.04446514401312239,0.34648577752033727,0,0,0,0
11635,ΓΟΥΒΑ,0.5748581169931877,0.39645387378840524,0.7532623601979701,0.7532623601979701,0.9316666034027525,0.7532623601979701,1.110070846607535,0.9316666034027525,0.7532623601979701,-1.2091843150546366,0.9316666034027525,1.110070846607535,-1.2091843150546366,0.39645387378840524,0.7532623601979701,0.7532623601979701,0.9316666034027525,0.7532623601979701,-1.7443970446689838,-1.3281204771911586,-0.9118439097133324,-0.4955673422355069,-1.2091843150546366,-1.2091843150546366,-1.030780071849854,-1.387588558259419,-0.8523758286450718,0,1,1,1
11635,ΠΑΓΚΡΑΤΙ,0.19825922091898673,-0.37450395749990395,0.12425419359741934,0.16026934666496737,0.7056685314998986,0.5807909250411419,0.6569587422336064,0.5179759844429119,0.39676571733045907,-0.5089730668643784,0.5090427219326846,0.6310052637828407,-0.41239979741171034,0.28768588036347287,0.5247464570822421,0.4528101852893589,0.6650456956639175,0.5424249134182709,-1.0301113914083764,-3.147012503305613,-3.1709912605699073,0.35200537043710955,0.34119142108262385,0.45431473476476564,0.4160427574841075,-0.09907736915826369,0.22581128318737204,0,0,0,0
11636,ΠΑΓΚΡΑΤΙ ΣΤΑΔΙΟ,0.4427570883437724,-0.30269757853227114,0.25911009315127775,0.22433669761187047,0.6720441651817392,0.47318380944075383,0.5916306879968599,0.41450370446800405,0.2330300464967223,-2.3999679970027725,0.34930358783161536,0.5438172691301748,-2.3999679970027725,0.19716998234670852,0.6090173857665635,0.5296905771922906,0.8665578464802987,0.6590041418544614,-2.5521016024876797,-1.4915130385357576,-0.4309244745838355,0.6296640893680866,0.4840504955468186,0.6883441943408364,0.5764173274483692,-0.2168507582943594,0.3503902564422219,0,0,0,0
11636,ΓΟΥΒΑ,0.27316703596285363,-0.17293542183985308,0.31192551185371914,0.15309175771272135,0.365883390054728,0.4168013877937081,0.5855147534362991,0.6159135580565858,0.5102777120010896,0.45707980391558795,0.365883390054728,0.09913387951171253,-0.11365775283029408,-0.1744553620708674,0.16753118990735752,0.01857704726795288,0.43200079010385145,0.5087577717700753,0.44340034183645893,-1.0453811144420802,-4.650679342408078,0.3529638980911061,0.5817149028587633,-0.044500472319141934,-0.05058023324319927,-0.473883587580691,0.06645516454490437,0,0,0,0
11636,ΜΕΤΣ,0.03788764405607533,-0.7497964758697263,-0.09772097732309198,-0.1425741190171686,0.7384884713360674,0.19238179878011702,0.39592588038598514,1.35200600597025,0.14333187189829052,0.6149456073716809,-0.12421318382076298,-0.3684136219329579,-0.33011795709474046,-0.44789024142597084,0.05178949499049674,0.4730418082108888,0.23854643584536545,0.4974356221146849,0.16090590987199307,-1.0800310103307933,-4.262767977090593,0.6430116083147581,0.39959806742526627,0.7736365472834724,0.8796053732741564,-0.25929720705146153,0.2702846238277238,0,0,0,0
11636,ΠΑΓΚΡΑΤΙ,0.3160105958258347,-0.3473006399099911,0.2439115484632449,0.15484801936828108,0.5373970824333162,0.3253410607786404,0.3380644220779209,0.0997134537380654,-0.07756538036524353,-2.566254850504518,0.566236701378352,0.8936511988131713,-1.941113698666534,0.08020429974583522,0.4754767241101508,0.7435155354816609,1.0242777081524517,0.8079805660646824,-2.645987914646676,-1.401360438214833,-0.15673296178298965,1.0878945146488543,0.18199119014007958,0.3787791782356187,0.8283379441435312,-0.2684157998544517,0.3210999403455469,0,0,0,0
11636,ΚΥΝΟΣΑΡΓΟΥΣ,0.36411334235573484,-0.4507606350553618,0.5218308863707858,-0.017037389013971664,0.7452640737254413,-1.0947739397834866,-0.5953350504024919,0.19325266967276294,0.10125076899731655,0.6138327870462322,0.2589683130123675,-0.06960990368565532,-0.06960990368565532,-0.9239132671005147,0.03553512565771199,-0.46390376372328274,0.2983976990161303,1.2315598344385152,1.7835712384911935,-3.2502470413225164,-0.7136232084137801,1.8230006244949561,0.797836588397125,0.21953892700860478,0.21953892700860478,-1.3182071271381421,-0.2404705763686272,1,0,0,0
11636,ΜΑΚΡΥΓΙΑΝΝΗ,0.10215571371209362,-0.8418286354563362,0.013657180977553323,-0.31083743904909444,-0.1043408626685004,-0.9008276572793631,-0.5763330372527153,-0.281337928137581,0.013657180977553323,0.30865229009268763,0.013657180977553323,0.33815180100420106,0.33815180100420106,-0.1928393954030407,0.7511449537653891,0.4266503337387414,0.6331469101193354,-0.1043408626685004,0.24965326826966078,-3.614782661138599,-1.5645666527884152,0.48564935556176825,1.1936376174380905,1.5771312592877653,1.6066307701992786,0.33815180100420106,0.10215571371209362,0,0,0,0
11741,ΜΑΚΡΥΓΙΑΝΝΗ,-1.2637984576637793,-1.3559077853278447,-0.5637675674168825,-0.6716670655376448,0.5125957187146243,0.48101537780123044,0.646812167596548,0.9468254062737895,1.1047271108407588,1.2705239006360765,-0.7137741867555033,-1.20853286106534,-1.20853286106534,-0.2716494139679895,0.2757431618641704,0.13889501790613046,1.0152494782528096,1.741597319260868,1.881077158295024,-1.513809489894814,-0.37691721701263564,0.7599750558695427,0.31521858800591274,-1.1322137038579716,-1.1348453989340879,-0.16638161092334336,0.491542158105695,1,0,1,1
11741,ΒΕΙΚΟΥ,0.12757591542396218,-0.276957335338556,0.18959817583835284,0.04241102052658993,0.2803173030116407,0.22292356949384634,0.404361823840422,0.47934395956528236,0.44694427128910813,0.5793201405317628,0.2525461416320628,0.2238492748731656,0.22755209639044266,0.0007542784572230725,0.3636307871503744,0.20903798880405738,0.4330586905993192,0.3886248323919945,0.5441433361176308,-1.8367708994915153,-4.469476998275501,0.4404643336338733,0.16830695211400978,0.13590726383783555,0.18219253280379874,-0.18253538664799113,0.4228759314268073,0,0,0,0
11741,ΒΕΙΚΟΥ ΜΑΚΡΥΓΙΑΝΝΗ,-0.24550091899563473,-0.6845048574225825,-0.4237104385550888,-0.6106131054101259,1.1758286638322062,2.2059666183588065,2.2928980913146377,2.3711364169748856,-0.23246119805226004,-0.03686538390163973,0.13265098836223121,-0.12814343050526253,-0.1542228723920119,-0.5758405162277934,-0.14118315144863722,-0.4237104385550888,-0.11510370956188785,0.03702636811081683,0.24131532955702026,-2.04063583553355,-0.6975445783659572,0.6455466788016355,-0.0020927947193072317,-0.6279994000012922,-0.6279994000012922,-1.0713499120760315,-0.26288721358680095,0,1,1,1
11741,ΒΕΙΚΟΥ ΦΙΛΟΠΑΠΠΟΥ,0.12443107573341011,-1.1833478813036349,0.09060920615486584,0.07933524962868442,1.2180048587730081,0.28226646709995007,0.6261221411484834,0.8008684673042955,0.7275877498841162,1.358929315350276,0.006054532208505171,-0.37725998968166324,-0.16869179394730688,-0.7774854463611037,0.3668211410463107,0.479560706308125,0.6655809889901184,0.8177794020935677,1.4209360762442738,-3.3817694039090127,-1.6399431206139827,0.10188316268104727,-0.24197251136748615,-0.22506157657821402,-0.19687668526276045,-1.0198755116740044,0.045513380050140155,0,0,0,0
11741,ΚΟΥΚΑΚΙ,0.18844391404001576,-0.37539291073582975,0.17705954349571637,0.0460357879585981,0.5130019688302234,0.12489842754729014,0.2838656380567796,0.3871529271768776,0.4353812605736368,0.8443906459470107,0.16257034462115352,0.10564849189965665,0.21762930034449235,-0.2033854212392337,0.16960795550308405,0.0646647579401789,0.23439537332791505,0.19279067370238462,0.7959553239949007,-1.69887773364947,-4.430091721504566,0.7758774341258636,0.25012650353458327,0.30766932192213287,0.19568851347729718,-0.16219469872440506,0.3970883778337207,0,0,0,0
11741,ΦΙΛΟΠΑΠΠΟΥ,0.1401460311406063,-0.2984149003167893,0.24958799956939579,0.10102184919021778,0.6350140622968719,0.28263207216262937,0.4430940886753714,0.46265617965056566,0.2379564860165776,0.41877365124675153,0.15891506437356295,0.18297114922143698,0.17979891825248656,-0.09089812443128263,0.25276023053834623,0.09520609241380869,0.4000046180137949,0.466092763200262,0.6350140622968719,-1.3301830229679135,-4.625602294545908,0.5575587561383324,0.3101247405601997,0.12164135048839551,0.11952652984242856,-0.3108394716118451,0.20544111858483577,0,0,0,0
11742,ΜΑΚΡΥΓΙΑΝΝΗ,0.0757351114445718,-0.4589002007666613,-0.15335459071978394,-0.551759376158524,0.33624124121156374,-0.12388431349961196,1.2937472293839438,0.156361341575231,0.8719886393556335,1.5245050604475545,0.19278215587563222,-0.40635414044012824,0.003449525810187714,-0.5826197607947418,-0.2998719123710163,0.7746811202324242,0.00595171915907024,0.4958255725736271,2.026889880606524,-1.4397599935286116,-3.340314852746495,0.8789391764358627,-0.04742840561709032,0.23615350725626266,-0.5628802354868907,-0.7447062855056876,-0.16141721373284984,1,0,0,0
11742,ΒΕΙΚΟΥ,0.1796098182630941,-0.7390743987144904,0.17055563047257472,-0.31815994770871653,1.1037686604163415,0.19561256877657024,1.0679730342677765,0.29689313452633376,0.09517425305383181,1.2966439166050803,-0.29584032199255245,-0.4851360155664347,0.04674487649989085,-0.6083150820188498,-0.16129088017529905,0.7194920855861577,0.1724506930333811,0.5811525186472916,2.0948863797180812,-1.7436681184486311,-3.282458917823416,0.7693953996873926,-0.12486356650646518,0.19856044387115795,-0.45102488947191977,-0.6651669588430413,-0.1139143161551394,1,0,0,0
11742,ΚΟΥΚΑΚΙ,-0.03354234966156648,-0.43215491833175435,0.38988236807334214,0.152009373778954,0.7167554622737938,-0.08748180415008987,0.3132883426996389,0.34888838266206434,0.24424584095432897,0.9352102529523136,-0.04594842419392686,-0.17162735315218636,-0.13764549682441662,-0.2687183712315285,0.03603954662862869,0.5107067461276346,0.40444602078524344,0.6158886823802552,1.3516228416037142,-2.0843204093152257,-3.946310378259053,0.9217253893301828,0.030645601179776355,0.4022884426057025,-0.06213026054048388,-0.417591265619853,0.3138277372445242,0,0,0,0
11743,ΓΟΥΒΑ,0.49210560741277887,-0.8777877054269841,0.4642622473957105,-0.025780888904692545,0.2972020872933004,-0.8833563774303979,0.1579852872079586,0.43641888737864215,0.6090477194844659,1.1436402318121783,0.6647344395186027,0.6870091275322573,0.6870091275322573,-0.14272300097637963,0.9097560076688042,0.4030068553581601,0.7594018635766351,-0.24852776904123938,0.2303780232523363,-3.7122417551645426,-1.3622621697239736,0.9877174157165955,0.13571059919430392,-0.3097831610787898,-0.3097831610787898,-1.4290862337649377,0.23594669525575,0,0,0,0
11743,ΜΕΤΣ,-1.1330364472670449,-1.1192320232445683,-0.5725768319544979,-0.7713605378781598,0.332993383919962,-0.5946639103904604,1.6306092420327554,1.7603708278440346,1.8045449847159594,2.108242313210443,0.9707577737583775,0.1977100284996921,0.1949491436951968,-0.35722781720386415,-0.13083526323524916,-0.337901623572397,0.5179726658211474,0.17838383486822498,0.4185808128593165,-2.049650202359486,-1.040546806316452,-0.03144341027341819,0.18114471967272028,-0.2716403882645097,-0.2716403882645097,-1.025361939891728,-0.5891421407814698,1,1,1,1
11743,ΝΕΟΣ ΚΟΣΜΟΣ,0.2628216093183438,-1.2221855950667975,-1.4414206419537405,0.31659624346042414,-2.492094262883618,-2.384544994599457,0.8377965436067412,0.8502060745626059,-0.8954012798956941,0.9081172190233078,0.7592028475529314,0.9329362809350371,0.9329362809350371,0.4158724911073417,-0.7795789909742903,0.47792014588666515,0.5771963935335827,-0.07223572649000284,0.14286281007831847,-1.0898172648709075,-0.34317715235971524,0.403462960151477,0.3455518156907751,0.8336600332881197,0.8336600332881197,0.08908817593623815,0.8005679507391471,1,1,0,0
11743,ΚΥΝΟΣΑΡΓΟΥΣ,0.11835815153895275,-0.47186328655070664,-0.23452795548358046,0.06315758538668245,0.2458344180542611,0.12956088509522365,0.31982666630092127,0.358765199871508,0.40962922400199603,0.5945646723059196,0.3080818649919276,0.233818582868906,0.23878753726886487,-0.06133730848865057,0.3407866194062023,0.19144695353107496,0.3532541777188264,0.1933441906656047,0.3741237861986536,-0.7097406853705556,-4.765762645118796,0.7198726678103368,0.42670435821276376,0.2592054226214231,0.24249166691247057,-0.2216990186691412,0.34331626891890865,1,0,0,0
11743,ΜΑΚΡΥΓΙΑΝΝΗ,-0.6971050733327768,-0.9008817959006864,-0.4423841701228898,-0.18868215052584228,0.8088049064440753,-0.08577490562904792,1.4130028888579274,-0.0429817938897869,0.8047293719927171,1.7828576403186833,-0.5880845267589452,-0.7908423657140152,-0.4597051915411621,-0.6828407027530231,-0.24675851645769653,0.19849362235318602,0.9769207025626008,-0.05622728085670102,2.4522641739542665,-0.07660495311349198,-2.0573146964735733,1.7798009894801647,-0.4423841701228898,-0.6512553107549971,-0.6838595863658626,-0.8265032921633995,-0.29668381348683437,1,0,1,1
11743,ΒΕΙΚΟΥ,-0.2543305551683381,-0.650027915606176,0.1343633121644054,0.0065495629964311824,0.5808359976141783,0.5650781381277157,0.7419163390313512,0.6035973502057354,0.20089649666280293,0.6316113226261133,-0.01271004304257863,-0.2788427810361688,-0.2788427810361688,-0.41716176986178466,0.20439824321535016,0.35147159842233416,0.3304611191070507,0.5108010665632335,0.9782842313282899,-0.9791920915456165,-4.395145853555448,0.9415158925265439,0.37598382429016486,-0.05823274822569273,-0.05823274822569273,-0.2910988939700841,0.5160536863920544,1,0,0,0
11743,ΒΕΙΚΟΥ ΜΑΚΡΥΓΙΑΝΝΗ,-0.9471310766368446,-1.2005916742469218,-0.7541739765207858,-0.8719105121848216,-0.6217203738987453,-0.39769391020467715,-0.13278670496059639,-0.15077423124260186,-0.38788253223267416,-0.3126619677806512,-0.49253723060070603,-0.561216876404727,-0.557946417080726,1.023320666073756,1.7820672292419872,1.590745358787929,2.0028232336120544,-0.3159324271046522,-0.18347882448261182,-1.539084214281025,0.020107268436450214,1.5792987511539254,1.420681473939877,1.1394219720757914,0.43463798775357654,-1.0452448563568746,-0.5203361348547145,0,1,1,1
11743,ΚΥΝΟΣΑΡΓΟΥΣ ΝΕΟΣ ΚΟΣΜΟΣ,-0.11751628234272811,-1.654920017321298,0.11963642145715765,-0.5100448955287459,0.021504268160653203,-0.5918216899424996,-0.05209484681172514,0.1605248186640345,0.31590072805016656,0.8883382889464425,0.2668346514019143,0.6511855851465568,0.6511855851465568,-0.5264002544114966,-0.16658235899098034,-0.6981315226803795,-0.07662788513585125,0.1605248186640345,0.7329623795603105,-2.8570388952034773,-0.15840467954960497,2.5402295361042677,1.1582017105118299,-0.019384129046223653,0.03785962704340395,-1.4423003518455382,1.1663793899532051,1,0,0,0
11744,ΑΘΗΝΑ,0.020821464783344016,-0.40750581075973014,0.17073601122341997,0.11184101083624727,0.28317192105347694,-3.3576099210626533,0.19215237500057367,0.19215237500057367,0.3956078308835339,0.5669387411007635,0.39025373993924545,0.2349851025548811,0.14396555650197784,-0.05413580843669396,0.41167010371639917,0.2778178301091885,0.44914874032641816,0.1975064659448621,0.3956078308835339,0.3956078308835339,-3.4111508305055374,0.534814195435033,0.3634832852178033,0.4812732859921487,0.47056510410357183,-0.03807353560382867,0.5883551048779172,1,1,0,0
11744,ΓΟΥΒΑ,0.21780038757063097,-0.19543169911743127,2.506470406150668,2.125025403053995,1.9978770686884375,-0.38615420066576767,-0.13185753193465247,-0.11596399013895776,-0.4179412842571571,-0.11596399013895776,0.23369392936632566,0.13833267859215745,0.13833267859215745,0.011184344226599842,-0.2431123245045154,-0.52919607682702,-0.19543169911743127,-0.38615420066576767,-0.08417690654756836,-2.754291928224278,-1.3079796248160604,0.13833267859215745,-0.211325240913126,-0.00470919756909486,0.011184344226599842,-0.7993862873538299,0.3608422637318833,0,1,1,1
11744,ΜΕΤΣ,0.2329954759187886,-0.34547605050027164,0.5222312391283187,0.3776133575235537,-0.056240287290741514,-1.5024191033383922,-1.357801221733627,-1.213183340128862,-0.6347118137098018,-0.6347118137098018,0.08837759431402355,1.245320647152144,1.245320647152144,0.8114670023378489,1.100702765547379,0.9560848839426139,0.8114670023378489,-0.6347118137098018,-0.4900939321050367,-1.9362727481526874,-1.2854922809312446,-0.6347118137098018,0.08837759431402355,1.6791742919664392,1.6791742919664392,0.3776133575235537,-0.4900939321050367,0,1,1,1
11744,ΝΕΟΣ ΚΟΣΜΟΣ,0.44442036304932686,-0.9584835814146563,-0.24664226519290053,0.38037176988165966,-0.9552868601870366,-1.5786474995728885,0.47593090086443585,-0.5679127485686858,0.1403893405796339,0.7642066544265743,0.5975204761292586,0.5611006878574478,0.5510538497135,-0.7978483397267637,0.47421837163535385,0.5880444810616715,0.7167125104733666,-0.10701404871508059,0.5571047863229232,0.1410743522712667,-3.9329185150995647,0.8674150826325835,0.5128073635973351,0.4972804319203249,0.4940837106927052,0.057388757276792435,0.32362996809140904,1,0,0,0
11744,ΚΥΝΟΣΑΡΓΟΥΣ,-0.35922822435422136,-1.4698192996478074,0.02947865199853377,-0.386993001236561,-0.03530582739359209,-0.4240127037463472,0.02947865199853377,0.09426313139065963,-0.1648747861778438,0.21457716454746478,-0.3499732987267748,-0.4517774806286869,-0.47028733188357996,-0.22965926556996966,1.547286454899768,1.0845401735274405,1.7046201905663594,1.8897187031152904,2.352464984487618,-1.6271530353143988,-0.37773807560911443,0.8716768840961698,0.09426313139065963,-0.655385844432511,-0.655385844432511,-1.4050348202556815,-0.8497392826088885,1,1,1,1
11744,ΚΥΝΟΣΑΡΓΟΥΣ ΝΕΟΣ ΚΟΣΜΟΣ,0.11015354532148439,-0.08381248013591218,0.045498203502352196,-0.019157138316779995,0.11015354532148439,0.17480888714061657,0.23946422895974878,-0.019157138316779995,-0.5363998728698375,-0.5363998728698375,-0.665710556508102,-0.9243319237846307,-0.9243319237846307,0.5627409380554097,2.1791244835337147,1.985158458076318,2.243779825352847,1.1446390144275995,-0.5363998728698375,-0.9889872656037628,-0.9243319237846307,-0.8596765819654985,-0.9243319237846307,-0.9243319237846307,-0.9243319237846307,-0.47174453105070535,1.4679157235232605,0,1,1,1
11744,ΑΓ. ΓΕΩΡΓΙΟΣ,0.3867377502250118,-1.9767712660082826,-1.067448984512204,0.3488746314007484,-0.09515648935652171,-0.26523680920882764,0.37418420280734155,0.39200214107758313,-0.21239042411186115,0.6807337316839978,0.46610856615608787,0.4290553536168355,0.43249745532813216,0.167253146987036,0.33773841998184745,0.4274355410468135,0.44991044045586825,0.32700716170545197,0.4733977227211867,-0.04676458882711562,-4.15683650868659,0.692477372816657,0.4879760358513843,0.3994937742139347,0.3966591022163963,-0.03846304940575307,0.18952556982483798,1,0,0,0
11744,ΑΓ. ΙΩΑΝΝΗΣ,-0.9722986975550404,-1.1979409416290545,0.17001516306965633,0.23347704421547283,0.35334948637979285,-2.5941023268370174,-0.6902458924625227,-0.6902458924625227,0.3604008065071058,1.2629697828031625,1.1007894198749648,0.8539932154190119,0.7975826544005082,0.5860430505811199,0.4309140077802352,0.0995019617965269,-0.401141767242692,-0.05562708100435784,-0.020370480367793126,-0.03447312062241901,-2.9184630526934128,0.38860608701635757,0.26873364485203755,0.8751471758009506,0.9033524563102024,0.48732456879873876,0.40270872727098345,1,1,0,0
11744,ΑΓ. ΣΩΣΤΗΣ,-0.22458241029434317,-1.8625872080707269,0.17936999240931786,0.02400368367714055,-0.18463107376321186,-0.9703406922087944,0.0328817584618364,-0.3666316068494767,-3.9666909320436425,-0.038142839815730384,0.04175983324653224,0.05063790803122809,0.05063790803122809,-0.348875457280085,0.7431277412375041,0.5744443203282831,0.7963961899456793,0.9206892369314211,1.1426411065488173,0.19268710458636165,0.38356571245732235,0.5744443203282831,0.37468763767262653,0.6765421803522853,0.6898592925293291,0.05507694542357602,0.45902934812723706,1,1,0,0
11744,ΝΕΟΣ ΚΟΣΜΟΣ ΑΓ. ΓΕΩΡΓΙΟΣ,0.1834388098103167,-4.782759049313182,0.543888654424119,0.397038717729607,0.543888654424119,-0.1903610290484413,-0.03016109810897358,-0.016811103864017938,0.4504386947094296,0.6373386141388085,0.397038717729607,0.3035887580149175,0.3035887580149175,-0.003461109619062293,0.4237387062195183,0.2635387752800506,0.41038871197456267,0.00988888462589335,0.17008881556536107,-0.6442608333769332,-0.11026106357870744,0.4237387062195183,0.17008881556536107,0.07663885585067157,0.07663885585067157,-0.3639109542328647,0.3569887349947401,1,1,0,0
11745,ΑΘΗΝΑ,-0.3423757665184915,-0.45302386516483756,-1.7089516342155706,-0.46308278322359625,-0.10527269799060707,-1.10254257410183,0.8431395761209306,0.8143998102387627,0.18068797253696262,0.29708402435974224,0.18068797253696262,-0.145508370225642,-0.10670968628471546,-0.2762743049895055,0.36462247418283655,0.24822642236005696,0.4652116547704239,1.2296894272360877,1.3891951278821189,0.9523506864731682,-3.242218144029223,1.4696664723521888,1.0443179372961051,-0.5219993032820403,-0.5205623149879319,-0.741858512280624,0.25110039894827374,1,1,0,0
11745,ΝΕΟΣ ΚΟΣΜΟΣ,0.08927513625063377,-1.3425607028460693,-0.20739300882839537,0.18507422476573693,-1.8191525840609912,-0.6977195263895686,0.7028700150194128,0.7011531854761314,-0.33649859048315806,0.9909540123820348,0.931895076093154,0.22799496334777242,0.2283383292564287,-1.1434084758254248,-0.10060621123629114,0.39040703814219463,0.5325605243258961,0.13047904528938783,0.810686910337486,0.46285724486867047,-3.4652487501592155,1.2110515598307128,0.9882070851127847,0.29907170643962316,0.28018658146352754,-0.011674440894313647,-0.03880034767816006,1,0,0,0
11745,ΚΥΝΟΣΑΡΓΟΥΣ,0.12953199549797076,-1.3877699921009887,0.13125229253606482,0.25683397631693106,0.40994041270730225,0.17942060960269846,0.3634923926787627,0.372093877869233,0.3222052637645053,0.4701508090405943,0.31532407561212905,0.3187646696883172,0.3170443726502231,0.03319536136470349,0.4581087297739359,0.2946805111550004,0.4529478386596537,0.23619041185980238,0.26199486743121325,-0.49493582933017244,-4.615047235565442,0.6163760572785892,0.36865328379304485,0.13469288661225293,0.13469288661225293,-0.3143046403302963,0.23447011482170832,1,0,0,0
11745,ΜΑΚΡΥΓΙΑΝΝΗ,0.35570840904287077,-0.811359473548316,0.8420791125153039,-0.6674321916492022,1.413228899846119,-0.703167561298811,2.4265114675314035,-0.544699680714684,-0.5188223440718639,1.5702180754792276,-0.6917075979284192,-0.685792778124346,0.49285829324981734,-0.19831304593864918,-0.5610886605884701,1.2308552892205298,-0.6609012447822048,-0.6289858629227266,2.2693990664857098,-0.8297200600234598,-0.6778447390126228,-0.5259694180017856,-0.5692215378190707,0.6995073101546236,-0.6648444579849202,-0.6994707989212652,-0.6610244701947896,1,1,1,1
11745,ΒΕΙΚΟΥ,-0.40292088488863576,-0.4454962758247393,-0.42846611945029783,-0.4369811976375186,-0.3892967597890826,-0.44379326018729515,-0.4131389787133006,-0.3961088223388592,-0.368860572139753,-0.3586424783150881,1.4073847377144848,2.9094445299402163,2.9094445299402163,1.8637929285495143,-0.3909997754265268,-0.40121786925119163,-0.37567263468952955,-0.3399093063032026,-0.33820629066575847,-0.4386842132749627,-0.3909997754265268,-0.34331533757809085,-0.3705635877771971,-0.4046239005260799,-0.4046239005260799,-0.42335707253796545,-0.38418771287675024,1,1,1,1
11745,ΒΕΙΚΟΥ ΜΑΚΡΥΓΙΑΝΝΗ,1.6141372566509888,1.6141372566509888,2.085180130889835,1.9418192561214904,2.4333422553272426,-0.515795739907271,-0.454355365006552,-0.2905143652713012,-0.20859386540367583,-0.12667336553605046,-0.4953156149403647,-0.9253982392453979,-0.9253982392453979,-0.6796367396425218,-0.3724348651389266,-0.454355365006552,-0.12667336553605046,-0.6796367396425218,-0.6181963647418027,-1.3554808635504312,-0.6591566146756154,0.03716763419920029,-0.1471534905029568,-0.18811374043676948,-0.18811374043676948,-0.3724348651389266,0.05764775916610664,0,1,1,1
11745,ΚΟΥΚΑΚΙ,-0.5543458266076868,-0.6974883233766771,-0.625917074992182,-0.6974883233766771,-0.30384645726195386,-0.33963208145420143,-0.2680608330697063,1.109685698331825,2.8273956595597087,2.9884309684248227,1.8432909942729003,-0.08913271210846847,-0.08913271210846847,-0.25016802097358254,-0.2680608330697063,-0.33963208145420143,-0.30384645726195386,-0.46488176612706794,-0.41120332983869656,-0.9837733169146576,-0.5275066084635012,-0.07123990001234469,-0.23227520887745876,-0.33963208145420143,-0.33963208145420143,-0.44698895403094413,-0.12491833630071604,1,1,1,1
11745,ΚΥΝΟΣΑΡΓΟΥΣ ΝΕΟΣ ΚΟΣΜΟΣ,-0.880813593684804,-1.281048649717953,0.25585396544933864,-0.0002964704118766425,0.1597975520013829,-1.281048649717953,-0.8007665824781743,0.3038821721733165,1.2804557088941997,1.6806907649273486,1.136371088722266,-0.4485597331690033,-0.4325503309276774,0.1918163564840348,1.7927565806166301,1.520596742514089,1.6967001671686746,-0.5766349510996109,-0.3364939174797217,-2.1135375662669027,-0.9368465015294449,0.23984456320801267,-0.09635288385983237,-0.12837168834248427,-0.12837168834248427,-0.8007665824781743,-0.016305872653202595,1,1,1,1
11745,ΑΓ. ΓΕΩΡΓΙΟΣ,0.6147705663324875,-0.8729537459370139,-0.2588992185336987,0.46194740059193223,-0.261661082974793,-1.1261246530373312,0.37264711699654757,0.38461519624128987,-1.5468486695640404,0.7850855401999737,0.6248974026165002,0.5825488145197197,0.5825488145197197,0.309124234851377,-0.9806664591396943,0.7860061616803384,0.313727342253201,0.12315869581768937,0.2271889230989107,0.014525361134644098,-3.938623275551766,0.6838171773598467,0.5337558760603859,0.5181053108941844,0.5144228249727253,0.06884202847616673,0.4840423161206872,1,0,0,0
11745,ΑΓ. ΣΩΣΤΗΣ,0.2802411549564337,-0.46038735868144903,0.3810006794084892,0.25838692020085086,-1.3052260654170056,-1.9839725880101329,0.5284592528645795,-0.18237848813279822,0.10414203174171115,0.7447011546566621,0.5328300998156961,0.33913256650832,0.3928479750917788,-0.32903190557157763,-1.0189355901188708,0.557214824911399,0.6012683612871265,0.4226387477322838,0.7766773507727254,0.40469527077506845,-3.717588515568786,0.9769311545067763,0.7146803374397825,0.35857133321197,0.32061397811016823,-0.07207211376119868,0.37455943127000163,1,0,0,0
11851,ΑΝΩ ΠΕΤΡΑΛΩΝΑ,0.5251062174556531,0.2432423821603374,0.5104867239237384,0.3171585414576982,0.5727072883955674,0.47083865746518566,0.48031208927386637,0.45376308901990925,0.3701395860173571,-1.9424303788350399,0.4598447983291858,0.5548130283125038,-1.6719112705204902,0.2874517306008475,0.46814867065531335,0.6211270509732689,0.7172648404391401,0.2865160830148049,-1.9790375906389543,-2.2665153114505254,-2.268620518519121,0.6551612319155663,0.5592573543462058,0.6546934081225451,0.597969773218716,0.2803174177572731,0.04219510710944624,0,0,0,0
11851,ΘΗΣΕΙΟ,0.41128405832406767,0.03412662029155418,0.3146037745315008,-0.08602819283913592,0.6907179001489866,0.42606431753696006,0.9421561921706623,0.8734714581813386,0.5030955508465053,-1.8210567390302006,0.32747129431684247,0.4711006367856558,-1.6496057321606488,0.17984258759042293,0.4380624103097786,0.864255531848594,0.7131491170720822,0.5232662575370408,-1.7591535357385573,-2.1371804007835937,-2.418874752841073,0.6590707568931463,0.5500446095227517,0.6731554744960203,0.45597260676775414,0.14889098594460115,-0.32790278772305764,0,0,0,0
11851,ΠΕΤΡΑΛΩΝΑ,0.7745188617184703,0.23613234026234792,0.5419358844494254,-1.2347396363557783,0.7228337556586825,0.4837901401321642,0.526861061848654,0.3028922689229071,0.21459687940410305,-2.2425992045216394,0.5850068061659152,0.6969912026287887,-2.016476865510068,0.3847270201842377,0.6000816287666866,0.8542000668939763,0.7809794999759437,-0.841717475692809,-2.4644144513615616,-1.4149196588697606,-0.36542486637795973,0.6840699261138417,0.5806997139942662,0.6991447487146131,0.49025077838963765,0.06384865339638879,0.35673092106851934,0,0,0,0
11851,ΠΕΤΡΑΛΩΝΑ ΣΥΝ ΠΕΡΙΚΛΕΟΥΣ,0.3538460946839692,0.033760989368973,0.35732528061130614,-0.028864357323091477,0.023323431586962255,-0.07409377437847138,0.983578747531951,1.272351179500915,1.143621300189449,-2.3320854412201295,0.3329709791199477,0.4408257428673921,-2.0885424263065455,0.20076191388114495,0.4199506273033706,0.6704520140716286,0.8652864260024958,0.7435149185457037,-2.5443157827876814,-1.5759423663455734,-0.6075689499034652,0.36080446653864306,0.22859540129984027,0.33645016504728464,0.2773040042825571,-0.0566978447417868,0.26338726057320944,0,0,0,0
11852,ΒΕΙΚΟΥ ΦΙΛΟΠΑΠΠΟΥ,-0.48098063387414347,-0.6950208272051411,-0.6085815183599305,-0.019970986699687082,0.029422904069004673,-0.6785561969489105,0.5727557025246139,0.9926037740584939,1.317780221619048,0.09116526752986936,0.0006098011206011501,0.38341245457796225,-0.6044653607958729,-0.6456269364364493,-0.567419942719354,-0.6126976759239882,1.5194719422578726,3.030101768267029,1.4865426817454115,-1.567646230785362,-0.3039858586196647,0.9596745135460327,-0.707369299897314,-0.6909046696410834,-0.6991369847691987,-0.7979247663065823,-0.7032531423332564,1,0,1,1
11852,ΦΙΛΟΠΑΠΠΟΥ,-0.7939355056528166,-1.2544351544739996,0.29591366322398316,-0.041786079244884346,0.23451371004782545,-0.2106359504793181,0.14241378028358884,0.17311375687166772,-0.11853602071508151,0.219163721753786,0.034963862225312815,0.5261634876345747,0.5261634876345747,-0.2873858919495153,0.17311375687166772,-0.1645859855971998,0.9252631832795999,0.8178132652213239,1.1862129842782703,-3.7411332581083876,-1.185360207150822,1.3704128438067436,0.6489633939868902,-0.2873858919495153,-0.2873858919495153,-0.2873858919495153,1.3857628321007829,0,0,0,0
11852,ΑΝΩ ΠΕΤΡΑΛΩΝΑ,0.5198269520065238,0.22155040381844035,0.4911645064007684,0.4387726176970731,0.5387934961314005,0.4452365520176589,0.42644011142753446,0.38306371006570883,0.29886246036334135,-1.914779889135161,0.47049692692836914,0.5621827321598359,-1.6992587106040509,0.31119496663288004,0.4972882336518497,0.5804688621457036,0.7199537606425547,0.5526569342137095,-1.9487155443182365,-2.3053376049263443,-2.308484520319261,0.5796183444719423,0.4571437994503169,0.549680122355545,0.5043475303440683,0.26569227108665117,0.3621409752911811,0,0,0,0
11853,ΠΕΤΡΑΛΩΝΑ,0.49092217314945363,0.1673566647608554,0.5586451865331137,0.4257074195207439,0.5435956280034114,0.42069090001084314,0.29276965250837406,0.10214191113214566,0.02689411848363444,-1.901957633073203,0.48841391339450324,0.613826901142022,-1.3476322272291705,0.4181826402558928,0.7041242523202355,0.681549914525682,0.6991077328103347,0.5686782255529153,-1.854300697729146,-3.183678367852844,-1.3990515522056532,0.3855752634415379,0.4181826402558928,0.5360708487385604,0.513496510944007,0.13224102819155015,0.49844695241430476,0,0,0,0
11853,ΚΑΤΩ ΠΕΤΡΑΛΩΝΑ,0.655393953185362,0.05945692749864763,0.6408515450048741,0.32085822309148343,0.72152872233812,0.3471673100902084,0.5769494277304482,0.32103924891945634,0.241870620152651,-1.2593765712264262,0.36382168626371314,0.4866778815146397,-1.0163192262015086,0.20174322828532973,0.44069732120952865,0.6959437386512867,0.5668723233066246,0.45686896184177245,-1.5046665681296758,-2.835809823156905,-2.858619077481488,0.3725712679490689,0.32387532022436477,0.657324895350406,0.6333691441153285,0.03725109260064126,0.35265842687205234,0,0,0,0
11854,ΓΚΑΖΟΧΩΡΙ,0.6394461261180026,-0.0019797093687865318,0.2770719715108827,0.2644949943444751,0.4987411940688172,0.4307469112629259,1.2899116639431472,1.1700373503258243,1.0242230213027859,-1.2577122733272983,0.24759468127711484,0.3415289794887218,-1.323348372914488,0.023567275500478962,0.2031822306582379,0.208291627632091,0.3505686818270773,0.2503458950322665,-1.6436682601214323,-2.584583364383303,-2.597553372086161,0.5431536446876941,0.4008765904927078,0.505029682652021,0.39183688815435236,-0.040889732477360136,0.38908567439920066,0,0,0,0
11854,ΚΕΝΤΡΟ,1.3346475646131373,1.1054590640362238,1.3522774492729,0.9115303327788356,1.4404268725717129,1.3170176799533748,0.2592246003676202,-0.09337309282763132,-0.16389263146668162,-1.4156144423098245,-0.35782136272406995,-0.3049317087447822,-1.309835134351249,-1.5566535195879252,-1.5213937502684,0.45315333162500854,1.3170176799533748,1.140718833355749,-1.5213937502684,-0.939607556496235,-0.35782136272406995,0.22396483104809506,0.11818552308951959,0.1887050617285699,-0.1815225161264442,-0.7985684792181343,-0.6398995172802712,0,1,0,1
11854,ΜΕΤΑΞΟΥΡΓΕΙΟ,0.40747011879387074,0.3143416723041109,0.6546186883243872,0.18539459254905885,0.13883036930417894,0.042120059487889876,0.17464900256947116,0.1925583192021173,0.09584800938582824,-1.9279047701031835,0.2534499957531141,0.33583285226328624,-1.7380660137971347,0.042120059487889876,0.2391225424469972,0.37523334885510773,0.6116363284060365,0.5005985652836306,-1.8777586835317743,-2.8126250117559017,-0.27129298158341725,2.2700390485890676,0.42179757209998764,0.5149260185897475,0.45045247871222144,0.056447512794006775,0.35016030556940314,0,0,0,0
11854,ΚΑΤΩ ΠΕΤΡΑΛΩΝΑ,0.7736753656461254,-0.009394132213621682,0.6858405740610968,0.23159327266479385,0.846064632439719,0.2012604950623369,0.9820969050004308,0.5449699443368029,0.3486442978914528,-1.0609924526521746,0.24294480293319795,0.3815823447358386,-0.9988381721661586,0.19604995657847926,0.4634622351964585,0.8626267011919807,0.3886537898210739,0.2812794789215791,-1.2050266235988107,-2.884867012662484,-2.920782510069074,0.18414015432966183,0.2068432148664701,0.8101491350331288,0.292817099850121,-0.07415368194156655,0.22936018474314057,0,0,0,0
11854,ΡΟΥΦ,0.3891683185870592,0.21328713843588967,0.563499884816192,0.43100789448205107,0.33028298954966323,0.22258482196811008,0.9865444855322208,1.2608261497327231,1.1167120549833067,-1.5827153972046872,0.33183260347169996,0.4449544197803817,-1.7035852831235527,-0.02070456379165746,0.190817736566357,0.3767714072107653,0.6789461220079288,0.5658243056992471,-1.748524086862618,-3.05329900921755,-1.3429126427695024,0.3674737236785449,0.25667632825291825,0.3674737236785449,0.28611899277161623,-0.1260783104901555,0.19701619225450395,0,0,0,0
11854,ΤΑΥΡΟΣ,-0.2808397982663645,-0.5038596380661245,-0.42951969146620456,0.23953982793307552,1.1316191871321155,1.0572792405321956,2.1723784395309957,2.3953982793307556,2.3210583327308356,-0.7268794778658846,0.016519988133315497,0.0908599347332355,-0.9498993176656446,-0.13215990506652453,-0.13215990506652453,-0.05781995846660451,0.0908599347332355,-1.0985792108654846,-1.0242392642655647,-0.8755593710657246,-0.7268794778658846,-0.5781995846660446,-0.9498993176656446,-0.9498993176656446,-0.05781995846660451,-0.05781995846660451,0.016519988133315497,0,1,1,1
11855,ΒΟΤΑΝΙΚΟΣ,0.6240953119565861,0.062010323106987016,0.6956866291916912,0.41517641221845386,0.9358768292090981,0.3739249097223895,1.0170491405723214,0.51963586208752,0.43327384557156595,-1.2560417163237134,0.2008016686018099,0.33626628002436953,-1.4100029691880567,0.01689980908709732,0.3153743900505563,0.8592288761841528,0.541991515053129,0.4476453367637432,-1.2645581555487073,-2.7256597600867276,-2.738301349561328,0.437798203909844,0.28290546550526696,0.6891662304100553,0.2585537720962999,-0.19042225829634854,0.1216253976819445,0,0,0,0
12131,ΠΕΡΙΣΤΕΡΙ,0.057821375203617256,-0.611511437180696,-0.08736343704511305,-0.09305192185263408,0.24143098482960254,0.06006006922464166,0.4628414934991147,1.589381684800183,1.4389120866657557,0.3939190775731502,1.435168696663387,1.1016032875307504,-1.068094917763723,-0.11220927068828557,0.06453745726669047,0.24557807375379528,0.28224127583581793,0.25912033758589376,-0.6590745101519687,-2.756363808831997,-2.7646212867783984,0.2407336866919064,0.08578670051543033,0.3179869803682404,0.13338647338868695,-0.2840015118754207,0.02578236077157945,0,0,0,0
12131,Ν. ΚΟΛΟΚΥΝΘΟΥ,2.870133683633441,-0.7121076438633973,-0.4191156834354152,-0.19798967556524003,-0.21457412615550314,-0.3361934304840995,-0.18693337517173125,0.012080031911426424,-0.10401112222041556,-2.3373838017091852,0.49855724922581185,0.6257047037511626,-2.077560742461729,-0.10953927241716993,0.11711488564975964,0.23320603978160162,0.4875009488323031,0.36035349430695235,-1.6131961259343612,-0.7600182789019351,0.09315956813049109,0.9463374151629167,0.675458055521952,0.8247181108343202,0.6865143559154607,0.1281711860432684,0.5096135496193206,0,0,0,1
12132,ΜΠΟΥΡΝΑΖΙ,0.0,-0.10884837139504443,0.3628279046501481,0.29026232372011845,0.3991106951151629,0.21769674279008885,0.9796353425553999,1.306180456740533,1.1610492948804738,-2.285815799295933,0.7982213902303258,0.943352552090385,-2.2495330088309182,0.14513116186005923,0.4716762760451925,0.03628279046501481,-0.14513116186005923,-0.25397953325510364,-2.3220985897609476,-1.2578034027871803,-0.19350821581341265,0.8707869711603554,0.29026232372011845,0.9070697616253702,0.5079590665102073,-0.6530902283702665,-0.21769674279008885,0,0,0,0
12132,ΠΕΡΙΣΤΕΡΙ,0.3049670093178513,-0.03495685007623728,0.3479500052370195,0.3476813615125247,0.5702079133023851,0.4614967527901555,0.5539101940163672,0.4921221373825629,0.3561884127881934,-1.2495846764253988,0.3108771712567369,0.4592580550860322,-0.9982236982064298,0.21891146957134994,0.4477959228409206,0.4507510038103635,0.6725611723349044,0.548805963250966,-0.7890397847331445,-3.035169965234178,-3.0439456602343418,0.5493432506999555,0.3980072859012175,0.5731629942718279,0.5283890401893611,0.11360312956938784,0.4449303897796428,0,0,0,0
12132,ΚΟΛΟΚΥΝΘΟΥ,0.7481949536820961,-0.48494857115326473,0.16577731221466616,0.6403398348918312,0.8236935368352815,0.16577731221466616,0.5504605692332772,0.5936026167493832,0.41743925605861737,-2.5270054869156113,0.025565657787321935,0.29879862538932606,-2.5198151456629274,0.04713668154537489,0.46058130357472327,0.8776210962304138,0.8416693899669923,0.6223639817601204,-2.214225642423844,-1.3417975704314793,-0.4693694984391157,0.4030585735532487,0.25925174849956234,0.8704307549777295,0.4390102798166703,-0.14340736165075957,0.4497957916956968,0,0,0,0
12132,Ν. ΚΟΛΟΚΥΝΘΟΥ,0.5040704394198381,0.16989151730505717,0.4458116442811838,0.3207979797128215,0.5782425165639582,0.34372389446645857,0.5071721808276831,0.45633059340344084,0.34952280231590793,-1.4484083476575624,0.1870185242092449,0.3144596385750512,-1.4489477809458833,0.16463204274392867,0.3681332507629781,0.5820185495822043,0.7766191083439593,0.6436488027728641,-1.0716141957654326,-2.807780234226163,-2.810342542345687,0.7013681646231975,0.448373952400708,0.6711599004772286,0.5035310061315172,0.12242138793282034,0.42814520408867524,0,0,0,0
12133,ΜΠΟΥΡΝΑΖΙ,0.40508110114219054,0.026692389468208965,0.3579698863327531,0.4250498319648271,0.5478602032976105,0.4105952546937497,0.5247864151352611,0.47018023433341316,0.3680880904225073,-1.3135146009175374,0.33816176192423963,0.4680923509498131,-1.163133461826958,0.1943119503413324,0.41444980863270364,0.471036801875403,0.7355020304647449,0.6171351032560334,-0.8056235839889772,-2.980876856872002,-2.9867122232518075,0.5449157523720207,0.4343650039839659,0.5693279273187293,0.5020338398011578,0.047892436132455814,0.37633255301415885,0,0,0,0
12133,ΠΕΡΙΣΤΕΡΙ,0.3214283820185337,-0.10926369408966251,0.2899733427522047,0.2524692574731202,0.6299297286690675,0.4073248353996627,0.9928724894344013,1.0908670348410414,0.9166545096736812,-0.9573399450779926,0.10124310715423113,0.22585345501699575,-1.4243262972627222,0.06494883107769775,0.3492539936772093,0.3589324672976182,0.7194556096578498,0.668643623150703,-0.7395742886187923,-3.7423207293506544,-1.6789911343997315,0.38433846055119153,0.2560986850807736,0.3915973157664982,0.3371559016516981,-0.24718194318048936,0.13995700163586675,0,0,0,0
12133,Ν. ΚΟΛΟΚΥΝΘΟΥ,1.2876372087436727,0.6151767709084858,0.9514069898260792,1.1531451211766353,1.489375340094229,1.3548832525271914,1.220391164960154,1.018653033609598,0.8841609460425606,-1.3349584988135568,-0.3935138858442948,-0.32626784206077614,-1.8056808052981876,-0.7297441047618883,-0.595252017194851,-0.7969901485454071,-0.9987282798959631,-0.9987282798959631,-1.8056808052981876,-1.1556357153908403,-0.5055906254834928,0.1444544644238548,-0.05728366692670131,0.07720842064033609,0.3461925957744109,0.2789465519908922,0.6824228146920044,0,1,1,1
12134,ΠΕΡΙΣΤΕΡΙ,0.40310443508986815,0.026762120171941357,0.34251015984762045,0.3038006645989194,0.6991814730950472,0.5352353755711369,0.685456047492158,0.3154388134972217,0.42334469404343733,-0.6155498475577303,0.31860135395871686,0.4408651682001206,-0.80618778657666,0.0774892691743241,0.5692643109368251,0.18925344908356387,0.4055712166498344,0.6478218160003654,-0.5115022663745388,-3.177523875414978,-3.25506936753084,0.1485831787487358,0.40304118428063823,0.544343492100243,0.47400859223659014,0.0007660375784509532,0.4113902910989855,0,0,0,0
12134,Ν. ΚΟΛΟΚΥΝΘΟΥ,-0.41397305515498994,-0.628920603023927,-0.41397305515498994,1.305607327796507,1.9504499714033185,1.9504499714033185,1.7355024235343814,-0.41397305515498994,-0.41397305515498994,-1.0588156987618014,-0.41397305515498994,-0.41397305515498994,-0.8438681508928643,-0.628920603023927,-0.628920603023927,1.09065977992757,1.5205548756654441,1.5205548756654441,0.23086958845182143,-0.05572714204009468,-0.3423238725320108,-0.628920603023927,-0.8438681508928643,-0.628920603023927,-0.8438681508928643,-0.8438681508928643,-0.8438681508928643,0,1,1,1
12134,ΑΝΘΟΥΠΟΛΗ,0.7620947477790231,0.22982162918046764,0.5659941251374501,0.21581444184892673,0.6873897486774715,0.5846703749128379,0.5379797504743682,-2.296141152940747,0.19246912962969184,-0.05966024233804495,0.3792316273835709,0.4866200635920514,0.0757425685335174,0.31386475316971324,0.5519869378059091,-1.9833139692029997,0.43526037670973466,0.6967278735651654,0.8181234971051868,-3.136572392833203,-1.493062412599067,0.15044756763506903,0.23449069162431463,0.360555377608183,0.360555377608183,-0.003631493011881218,0.33254100294510114,0,0,0,0
12134,ΑΣΠΡΑ ΧΩΜΑΤΑ,-1.7148274741338132,0.33007640371787944,-0.33172885129594104,-0.07146835775118018,1.1629099830611143,-0.011980244940949122,0.41930857293322604,0.486232699844736,0.40443654473066826,0.7911092779971701,-0.2573687102831522,0.3672564742242739,0.739057179288218,-1.157126416537897,0.3077683614140428,1.4008624343020384,0.4713606716421782,0.35982046012299496,1.1257299125547198,-2.8079215470218086,-1.9862419888304923,-1.1645624306391757,0.2780243050089273,1.0885498420483255,0.017763811464166408,-0.2648047243844311,0.017763811464166408,0,0,0,0
12135,ΠΕΡΙΣΤΕΡΙ,0.3263294357182091,-0.03568609578187664,0.24101629229257843,0.13329560035274599,0.914476190756111,0.9270161949704808,-0.4009908087152397,-0.16396417167969235,0.4552242331347643,0.36415502220089835,-0.16088056408599488,0.05312180291661117,-0.08070676664986004,0.0983480476241744,0.3738169926611505,-0.8481139098013762,0.8577378110320771,0.9434621021368674,1.0351480345894728,-2.736926347860881,-3.47596430115038,0.4424786550808147,0.12137231765711569,0.2519117057903096,0.16372052861056127,-0.12099923920750728,0.32160123740787294,0,0,0,0
12135,ΑΝΘΟΥΠΟΛΗ,0.24241651382455998,-0.1727943174732903,0.19628197701368774,0.0927030257610592,0.497743103793726,0.4035212455450663,0.550956484877166,0.35852583309989455,0.19017952505457764,-0.7987431564257422,0.22451598807783707,0.29587399298636435,-0.08117617206051753,0.1543784735611318,0.44192600987439906,0.33631290796873387,0.6435510226033964,0.5437149085523554,0.37886733963026153,-2.6899337015670186,-3.8337772967826136,0.6121437365205098,0.4014870948920296,0.5289876578243696,0.44029868935196975,-0.17035333668964625,0.21239245018573835,0,0,0,0
12135,ΑΣΠΡΑ ΧΩΜΑΤΑ,0.29369745947097836,0.04897314969507624,0.427887425602975,0.2874387970189722,0.601750946939214,0.49789958184575583,-0.02156940167075597,-0.2422137728601259,0.324142139534127,0.36360353668914897,0.24150657936272357,0.5510451731755031,0.3910780040632099,0.29189411605260374,0.5596375741689353,-0.6046857999534322,0.27131478527821057,0.5597436531935456,0.2642074906293222,-2.9945401453982954,-3.671960796559505,0.25137192865147906,0.26717770331840984,0.39256311040775377,0.4233260275447332,-0.060606482727336805,0.2853172165267667,0,0,0,0
12135,ΑΓ. ΙΕΡΟΘΕΟΣ,-0.6214482003647605,-0.9556932483697115,-0.2872031523598094,-0.4710379287625325,0.6486829820540535,0.966215777658757,1.2001873112622228,0.9996402824592521,0.7823810012560339,0.9996402824592521,-0.3874766667612947,-0.6214482003647605,-0.6214482003647605,-0.8387074815679786,-0.6882972099657506,-0.8554197339682261,0.6988197392547961,1.2837485732634606,1.5010078544666787,-2.994588041199913,-0.9055564911689689,1.1834750588619751,0.39799919605034023,0.1640276624468745,0.1640276624468745,-0.5880236955642654,-0.153505133157829,0,0,1,1
12136,ΠΕΡΙΣΤΕΡΙ,-0.4143295674544403,-0.2163149160225935,0.4200378015917472,0.3280188232751049,0.7063534928223921,0.5845910063629968,0.6537859732228737,0.373976674398456,0.3937024037570179,-0.2811722879449856,0.2406128427491211,0.5350873435050351,-0.2510501008791188,0.2862608656626518,0.7220514554532895,0.38423543067917404,0.3734258686921087,0.6727543447352081,0.005590932922066505,-3.204952253306282,-3.2893632278040026,0.3068816542940281,-0.4061363325725245,0.5041389478796473,0.4984243386762943,-0.3162861517246246,0.38967463702935345,0,0,0,0
12136,ΑΣΠΡΑ ΧΩΜΑΤΑ,0.43077782560754646,0.12302322939339615,0.49975730406933877,0.4015942001044805,0.7093487963186308,0.5713898393950462,0.7305732512299515,-1.314933590848582,0.2105741059025941,-0.13697634327028255,-0.07064992167240533,0.6085326354898575,0.507716474661084,0.34057389223443346,0.7624099335969325,-1.0655462456405638,-0.8028936161129698,0.8260832983308947,0.4732267354301879,-3.432072968252823,-2.052483399016977,-0.6728938297811305,0.0009826136533020635,0.8897566630648568,0.8897566630648568,0.17608436667169794,0.3962880863766503,0,0,0,0
12137,ΠΕΡΙΣΤΕΡΙ,0.26237630083556795,0.0025178491370473764,0.40622211675209496,0.2756771125812742,0.5567183385414751,0.45105077856169756,-0.3046323776573177,0.39168974836326775,0.24870602209692538,-1.1351941777780867,-0.4843164918886644,0.3693985731227786,0.3681670164796576,0.21249825678916945,0.5169390589686684,0.36878279480121806,0.4538833588408758,0.5388607672162213,0.6761793329242073,-2.6339986124562835,-3.712719076165924,0.5149685683396749,0.32481622264180016,0.43738049982305505,0.43947414611636065,0.014217637246696406,0.4403362357665453,0,0,0,0
12137,ΑΝΘΟΥΠΟΛΗ,-0.11562948718722516,-1.1082641618098727,-0.37179327418661806,-0.6599775345609351,0.10851382643724364,0.14053429981216775,0.4607390335614089,-0.05158854043737693,-0.5318956410612387,-0.2437113806869216,-0.4038137475615422,0.04447287968739541,0.04447287968739541,-0.27573185406184575,0.5888209270611053,0.30063666668678835,0.8129642406855742,0.9090256608103465,1.3893327614342081,-3.7659634519285743,-1.2203358186221072,1.32529181468436,0.6528618738109536,0.6848823471858777,0.6848823471858777,-0.2116909073119975,0.8129642406855742,0,0,0,0
12137,ΑΣΠΡΑ ΧΩΜΑΤΑ,0.24613493719513782,-0.10025311043324028,0.30855703745899543,0.16934651237526452,0.4133219890458466,0.3119175812147886,0.44281076050293144,0.34149036626576823,0.15834073157504197,-0.09159971026207295,0.05055129060797696,0.1922822235085527,0.19085399241234063,0.0521475488919787,0.3624097511455805,0.22210704934121683,0.6193233212759662,0.6382263799023026,0.7897869032885734,-2.629650381824843,-4.015958694683409,0.3938308352622464,0.20564038493783046,0.31511009778279203,0.31418594824994894,-0.1426799753501287,0.24176623031260672,0,0,0,0
12137,ΑΓ. ΙΕΡΟΘΕΟΣ,0.43554257581233563,-0.3062378522189939,0.037543439819348316,-0.07785355151127901,0.5811944627818514,0.21947442731160186,0.48989429098662185,0.23995672391668998,-0.06165513393470604,0.360306950374038,0.058159607644077564,0.13138716478775872,0.4121151123751433,-0.05536318661157439,0.3232246225334536,0.48601202561702994,0.3565585562240872,0.2608406341807014,0.7892303381041191,-2.0849847475902763,-4.270164665791935,0.6129219418367918,0.25026480782905464,0.6176074345242303,0.20970182827780162,-0.22497802189684682,0.20930021461887832,0,0,0,0
12137,ΛΟΦΟΣ ΑΞ/ΚΩΝ,-0.16341373895865632,0.131714752806141,0.4858689429238978,0.36781754621797885,0.8990488313946141,0.7809974346886951,0.9580745297475736,0.574407490453337,-0.07487519142921713,-3.3508014500184675,0.42684324457093836,0.574407490453337,0.574407490453337,0.24976614951205994,-0.16341373895865632,-0.25195228648809553,-0.0453623422527374,-0.1339008897821766,-0.015849493076257666,-2.8195701648418323,-1.2996584322531262,0.2202533003355802,0.36781754621797885,0.5448946412768573,0.5448946412768573,0.131714752806141,0.4858689429238978,0,0,0,0
12137,ΧΡΥΣΟΥΠΟΛΗ,-0.35785603588981607,-0.43096731870107197,-0.23143444269535274,-0.27941372204023945,2.067763086546122,2.2109393487181648,2.3411688212257147,1.373967475701808,0.9406308098725935,1.0297351857988117,0.159253974827296,-0.4964628428861554,-0.4964628428861554,-0.47970817390857595,-0.4789465980459587,-0.5185485429020557,-0.3220619703468054,-0.28550632894117745,-0.2367654737336735,-1.2214830640977765,-1.727931012738247,-0.3441476703627056,-0.4294441669758375,-0.4355367738767755,-0.4355367738767755,-0.5276874532534627,-0.3875574945318888,0,1,1,1
12241,ΑΓ. ΣΑΒΒΑΣ,0.6668311454634382,-1.3804325944344078,-0.7502813213858022,-0.4158644081639679,1.2133781902065854,-0.921233250905919,0.15355941546873247,-0.6916335791416746,-0.06273013039613547,1.2216970188936958,-0.376349971900194,-0.14966189017643816,1.0507450893735788,-0.9944389433524896,-0.6113568823110601,1.1035696515367293,-0.16588360611630326,-0.3164544053529998,1.9421075831974481,-0.6059496436644384,-2.060912781040031,-0.40588181373943555,-0.15714883599483745,1.870981597922655,-0.17295461050034702,1.5070328428615791,-0.4907338663479607,1,1,1,0
12241,ΑΙΓΑΛΕΩ,-0.4259394186181754,-0.5792346504799313,-0.47562470947602326,-0.4591759954377596,-0.32419479570108073,-0.7689883722203128,-0.1583510603462165,-0.23075931698888216,-0.34115223285392987,-0.2848535415064708,-0.4428968557710245,-0.36591009109708955,-0.37184519410058675,0.2710112483639229,0.40819691493047217,0.5776017120874347,0.591845959295828,0.6016812728444805,0.3091654819578334,-0.32046415952745394,-0.7778062395397943,-0.27060929429807756,-0.3085939535204596,0.38750884160399623,4.568195397267415,-0.43611388090988484,-0.3726930659582292,1,1,1,1
12241,ΑΡ. ΙΕΡΑΣ ΟΔΟΥ,0.018809575432949283,-0.9635445283827515,-0.049769862003241155,-0.0841308691178397,0.4874594940457517,-3.200574410656822,0.351013503138404,0.3177931103678585,0.1752163173612256,0.7473769876968435,0.23609660797505785,0.18134711946051082,0.23310249532191857,-0.5030214869713272,0.32435164284616363,0.9826286961577878,0.8016987458323707,0.41061060261517657,0.8699930296825479,0.369263332643253,-3.035185330769128,0.7921461007009263,0.529662224775715,0.5074202450666803,-0.005000748999158416,-0.4656663672035894,-0.02909622701727938,1,1,0,0
12241,ΝΤΑΜΑΡΑΚΙΑ,-0.40974815259588676,-0.7422930242407891,-0.5222862036708384,-0.3570276241643779,1.8988026789146089,-0.8436786558398447,2.478728491661207,-0.5770344447343285,0.8007962886968369,0.059667321707740605,-0.6064362778980547,-0.6784200763333841,-0.5962977147381491,-0.7280990358169213,-0.5141753531429141,0.8170179897526858,-0.7362098863448457,-0.21204617097772838,2.876160167529505,-0.38034631943216063,-1.0748378958856915,-0.5172169220908857,-0.3387782104765479,0.31921453860132293,0.30197898122948347,0.037362482755948376,0.24520302753401232,1,1,1,1
12242,ΑΓ. ΣΑΒΒΑΣ,1.3644593190441483,-0.999204300722411,-0.7858928163496768,-0.39589909239548604,2.423475425803732,-0.6576904595802052,-0.6070559153099098,-0.3323365793753279,-0.34741920958350103,2.433171402366129,-0.477776227811283,-0.4400696522908502,1.150070503942259,-0.8171354074951782,-0.43360566791591887,1.0067855169646143,-0.8710019439529394,-0.2105982069807877,1.4581870924806526,-0.4023630767704174,-0.49932284239438746,-0.5962826080183575,-0.49070419656114567,0.7148288893635488,-0.9065538580150617,0.4153309466583968,-0.695397035100638,1,1,1,1
12242,ΑΙΓΑΛΕΩ,0.945393249597496,-0.7388770647352202,-0.06663564754872243,-0.022634391151060758,-1.6384583066429699,-2.4427034930224525,0.24381766147922382,-0.5726500961218316,0.7987223949386237,1.3389600429321364,0.4320452582914432,0.2975969748541436,0.517603256842452,-0.6435410092069532,0.37093240218357976,0.44671234375733043,0.2975969748541436,-0.692431294093244,0.9356151926202378,0.6398289690581789,-2.9487179415955618,0.7351650245864458,0.5273813138197101,0.18759383385998946,0.4100446300926123,0.23159509025765113,0.4100446300926123,1,1,0,0
12242,ΑΓ. ΣΠΥΡΙΔΩΝ,0.41951957710778737,-0.8882757660004592,0.2740003537181404,0.4918097719529668,0.06464043877690638,-2.8598265345053533,0.4833602686593744,-0.8056584004631112,0.037414261497553086,0.7302735315721303,0.5932038114760757,0.4260914130028037,0.5321796210223527,-0.13063697067500696,0.7039861879920649,0.7922365557251412,0.8250957352002227,-1.6900397451924496,0.4392350847928363,0.42515257930351563,-2.7959858429537663,0.6739435096148475,-0.4197977500557248,0.5134029470365918,0.5049534437429994,0.14819663801354238,0.5115252796380158,1,1,0,0
12242,ΒΙΑΜΑΞ,0.3312312499649889,-0.7374197638979464,0.37783761576782177,0.34158822014339624,0.0012205183711925737,-2.8893157041479367,0.5129489994588625,-0.5020340780250532,-0.6267884915376866,0.7158514606812965,0.606632502436274,0.5529645660572543,0.5534353374290001,-0.6936380263255882,0.12503338914033443,0.7054944905028891,0.7817594527257066,-1.9058743085709886,0.7111437469638386,0.7134976038225675,-2.5498895451192243,0.7412731147555689,0.6179310153581729,0.4578687489646055,0.45551489210587653,0.1363319020622333,0.46540109091253806,1,1,0,0
12242,ΔΕΞ. ΙΕΡΑΣ ΟΔΟΥ,0.8339805713281739,-0.3657354941059324,-0.7124489939024691,0.4127884331087931,-0.4747800526865982,-3.1224241069538956,0.7714004413692421,0.03467190780939891,-0.2850063733887545,0.7764460114140658,0.5251465003756116,0.31202764624350937,0.38891610916537384,-0.6332260134971788,-0.057805107340502704,0.5597877275490276,0.40857124023550767,0.2678224280896069,0.654599260182355,0.46166268622954726,-3.126415378780398,0.8125933788993693,0.5963869371278975,0.26066826160814055,0.3677548377833524,-0.015482564576459782,0.34809970671321855,1,1,0,0
12242,ΛΙΟΥΜΗ,0.3015094356136014,-0.16037735936893718,0.43622641748350843,0.2630188693650565,0.416981134359236,-0.04490566062330254,0.10905660437087697,0.14754717061942185,0.2822641524893289,0.45547170060778086,0.2630188693650565,0.20528301999223916,0.20528301999223916,-0.1218867931203923,-4.875471724815685,0.22452830311651162,0.22452830311651162,0.1283018874951494,0.2822641524893289,0.1283018874951494,0.416981134359236,0.7056603812233225,0.34000000186214624,0.03207547187378722,0.03207547187378722,-0.4298113231087513,0.03207547187378722,1,1,0,0
12243,ΑΙΓΑΛΕΩ,0.21370382480806566,-0.23599398722503742,0.6029944680606026,0.5604857196594636,-0.7595227833232768,-3.101978550480784,0.24950066556691963,0.24502606047206288,0.5067904585211825,0.7215715030743065,0.4620444075726151,0.16224586621721307,0.45980710502518674,-0.1621630031599011,0.5336380890903231,0.35912849039090994,0.5224515763531812,-0.3478591145964561,0.20475461461835218,0.20475461461835218,-3.430862024952755,0.6320794011771715,0.15329665602749956,0.4396713820983314,0.4217729617189044,-0.04806057324105405,0.4307221719086179,1,1,0,0
12243,ΑΓ. ΣΠΥΡΙΔΩΝ,0.33672770799640467,0.0684495668714005,0.43112186876260983,0.3168552530982562,0.3864088452417758,-3.205537377598558,0.699400009887614,0.699400009887614,0.7788898294802078,0.9527738098390068,-0.7910341074735203,0.27711034330195927,0.27711034330195927,-0.006072138996656222,0.5056435746306666,0.44602620993622116,0.5602928256005748,-0.5227559663485161,0.40628130013992425,0.40628130013992425,-3.0763664207605927,0.8931564451445615,-0.05078516251749025,-0.04581704879295313,-0.13524309583462119,-0.47307482910314497,-0.13524309583462119,1,1,0,0
12243,ΔΕΞ. ΙΕΡΑΣ ΟΔΟΥ,0.3154597370724214,-0.12283850573656874,0.4252303166668018,0.16491722791441407,-0.925731887912608,-3.471625258933701,0.2362681046507613,0.23705218021929259,0.3429023819710165,0.5906702616269036,0.572636523550684,0.33898200412836005,0.4173895609814889,-0.014636077279250953,0.542841651946495,0.6533963071094067,0.2982100745647331,0.05671479945709628,0.19941655292979074,0.1492357165437883,-3.071746718982744,0.4252303166668018,0.5585231633171208,0.8070751185415392,0.2229388199857294,-0.15576967961488283,0.20725730861510364,1,1,0,0
12243,ΛΙΟΥΜΗ,0.1588299366921664,-0.418428271310179,0.23344413812321338,0.14604438299426323,0.42169710413786254,-3.366452544475215,0.4377267535501591,0.4365817785921379,0.29622693165470815,0.6448718063721578,-0.4662309758075633,-0.3696714210144437,0.1906984063570893,-0.3051711650459172,0.3905919511116205,0.49249472237550557,0.47360263556815607,0.5056619343927492,1.0334953900405135,0.7020251396933817,-3.101200012533641,0.6978268981806374,0.32132096615133904,0.36225382090059627,0.13488087715355673,-0.1833267465964965,0.1302055627416369,1,1,0,0
12243,ΑΝΑΓΕΝΝΗΣΗ,0.17922758361030752,-0.19733592434533104,0.22212241868993168,0.09040111096754602,0.029665061297281733,-3.2859538502334895,0.22971442489871471,0.2031424031679741,0.23180222660613006,0.3005098827956165,0.08091110320656722,-0.9060497039352274,0.0755966988604191,-0.1984747252766485,0.7047842134133132,0.6875123992883317,0.8435281268788232,0.4612706142665973,0.7104782180699004,0.7100986177594613,-3.070340873904051,0.9315953989007064,0.7928514854351963,0.20902620797978094,0.11241792897301682,-0.2597801754125715,0.11127912804169937,1,1,0,0
12243,ΑΝΩ ΛΙΟΥΜΗ,0.25647662117257547,-0.11350724212858701,0.33924595160967413,0.2198003909190108,0.09985920549519121,-3.0483490995134948,0.2760537981322485,0.27506254866593594,0.34420219894123694,0.5191577297454035,-1.9044472153888021,0.24829881307549687,0.37641780659639507,0.10506326519333216,0.557320834198437,0.4492746423703681,0.5937492520854235,0.2646544292696541,0.392277798057396,0.38831280019214576,-3.0919640760312475,0.670818898091225,0.5290702244085291,0.48124243765894814,0.4078899771518188,-0.01834729336258139,0.38236530339427044,1,1,0,0
12243,ΙΕΡΑΠΟΛΗ,0.3263522895909948,-0.012552011138115028,0.3798634949692753,0.2728410842127143,0.3798634949692753,-2.260022637025896,0.2728410842127143,0.2728410842127143,0.6830936587795314,0.9684867541303608,0.8257902064549462,-3.1875501969160913,0.308515221131568,0.0587962626995923,0.36202642650984845,0.2728410842127143,0.3798634949692753,-0.11957442189467603,-0.1017373534352492,-0.1017373534352492,-2.3135338424041767,1.0933462333463486,0.950649685670934,0.1658186734561533,0.1123074680778728,-0.1552485588135297,0.1658186734561533,1,1,0,0
12244,ΑΙΓΑΛΕΩ,-0.06822091654468289,-0.3138162161055406,0.5457673323574613,0.6685649821378902,0.791362631918319,-2.1557809628119733,-1.7464554635438772,-1.3371299642757808,-0.9278044650076849,-0.19101856632511174,1.0369579314791768,0.1773743830161748,-0.06822091654468289,-0.43661386588596945,0.791362631918319,1.2825532310400345,1.4053508808204633,0.05457673323574596,-0.3138162161055406,-0.3138162161055406,-2.278578612592402,1.2825532310400345,1.0369579314791768,0.5457673323574613,0.30017203279660365,-0.06822091654468289,0.30017203279660365,1,1,0,0
12244,ΝΤΑΜΑΡΑΚΙΑ,0.40177976302818347,-0.5756718263995855,0.18316656277603927,0.10799127257075646,0.8789268348828635,-3.2266809108801326,0.2096075269172077,0.20148513923985528,0.21133569450813372,1.061248515725561,0.414222569682851,0.239159192722043,0.4330595964239448,-0.2839571370512697,0.3383560124411978,0.3065577287681586,0.5040872844110051,0.16830432149407532,0.4696967493515769,0.23397468994926487,-3.2505296236349124,0.7531162342634476,0.5370952853976925,0.16657615390314925,0.041111186801918664,-0.5544153650311952,0.030396547738177206,1,1,0,0
12244,ΙΕΡΑΠΟΛΗ,-0.0005953777719454784,-0.510238750557275,0.25124941976099185,0.09362315463842646,0.2796787083713885,-3.3363481895394744,0.6191928828232975,0.6202347939242021,0.36734808529036017,0.5359888391939169,0.4440029734283405,0.18546017596101652,0.03646688853166055,-0.32165284129354466,0.347551774373173,0.3198667079777082,0.5062199505966429,0.4807675508459738,0.7500271482083164,0.7433291482739297,-3.1821453466055956,0.6784329711318726,0.47079497316588703,0.11520559887145006,0.016670577614473395,-0.5330119503341895,0.02188013311899633,1,1,0,0
12351,ΑΓ. ΒΑΡΒΑΡΑ,-0.07002289847969423,-0.8130555802626858,0.14210655669392114,0.1861552960195899,0.4805863430911654,-1.6488224500997168,0.552455338833046,0.5582512255864235,0.3751012041796954,1.0636525504809389,0.34496259306213256,-0.6113587212451499,-3.4513432304001097,-0.46993908446273963,0.1351514925898682,0.27077524261890096,0.5304309691702116,0.6637363644978934,1.8136402963679834,1.0474240675714819,-1.3335262107159827,-0.06190865702496577,0.35191765716618556,0.42610500760941716,0.10964959087500732,-0.7087296187018913,0.11660465497906028,1,1,0,0
12351,ΑΡ. ΕΛ. ΒΕΝΙΖΕΛΟΥ,-0.06344626518246832,-1.3914655372731954,-0.20543994636126567,0.089007765550253,0.6823544019494282,-2.8345486544570857,1.0417898174725595,1.202256030842329,0.9418600951382647,0.8167810217487912,0.45200415113429454,0.10302908516508721,-0.775640277364524,-0.9982009061714164,-0.01782133627705537,0.7101744805502898,0.6302752148086154,0.4435468472396326,0.9407472919942302,0.36654086967244787,-2.4586437524022444,0.3839005987193854,0.32247386516868315,0.6287172904069671,-0.027391443315751742,-0.8902590012000736,-0.09260170755617123,1,1,0,0
12351,Γ ΝΕΚΡΟΤΑΦΕΙΟ,0.2930224118114663,-0.8775722231292419,0.13156108285412726,-0.31245757177855515,0.09119575061479251,-3.3398574897286624,0.3737530762901359,0.3737530762901359,0.2122917473327968,1.1003290565981616,0.696675734204814,0.6563104019654792,0.25265707957213157,-0.514284232975229,0.2930224118114663,0.25265707957213157,0.6159450697261445,0.2122917473327968,0.2122917473327968,0.17192641509346204,-2.8554735028566456,0.8177717309228183,0.4544837407688054,0.6563104019654792,0.4141184085294706,-0.7968415586505724,0.4141184085294706,1,1,0,0
12351,ΔΕΞ. ΕΛ. ΒΕΝΙΖΕΛΟΥ,0.4361732591844094,-0.02254131861850508,0.48471909853364054,0.4558435294197266,0.5999306813404984,-0.1210864655609563,0.6591352878123152,0.8025441545525589,0.33539946093450845,-1.3949060345928774,0.5332649378828717,-0.11837332483884358,-3.141393476570007,0.21524608609808812,0.5345246103609954,0.5504158631619414,0.9131046389786521,0.5877215480909912,-1.4039175377056088,-1.4980053820331607,-2.031815819108838,0.11224363654073743,0.6476044397433363,0.7051617822052989,0.5540010848304474,0.06612024426482123,0.5388850150929623,0,0,0,0
12461,ΧΑΙΔΑΡΙ,0.6870084518319057,-1.0528595043614477,2.9520896549055955,-0.36487643920973345,0.6960124698274397,-1.6523876039936556,0.37719414249261773,0.3924756096540521,0.9074166669901876,0.6374229442790357,-0.24852169961955878,-0.26900267013052687,0.2254574166946406,-0.5605553091690136,-0.3324746561412979,0.07188184215109666,0.308332427400013,0.18138845537847087,1.1890141593716403,0.0830417517793641,-2.162446200867424,0.12260870409776682,-0.12214840479491673,0.8726053579792852,-0.5337334809147117,-1.0955334769740839,-1.3094106086567319,1,1,1,1
12461,ΚΕΝΤΡΟ,0.3270559061318958,-0.5349700178871731,0.09578065822434072,-0.7031701981835767,-0.42984490520192076,-2.784647429351572,0.11680568076139118,0.11680568076139118,-0.0513944995350125,0.4321810188171481,0.13783070329844163,0.3270559061318958,0.11680568076139118,-0.4508699277389712,0.3691059512059967,0.41115599628009764,0.6424312441876526,0.747556356872905,0.39013097374304717,0.39013097374304717,-3.1630978350184806,1.483432145669671,1.1470317850768637,0.9998566273175105,0.2639808385207444,-0.6190701080353749,0.2219307934466435,1,1,0,0
12461,ΑΓ. ΓΡΗΓΟΡΟΥΣΑ,-0.4045927744499232,-0.6085270183464769,-0.3386391683502932,-0.20758603162570466,1.4384072026161405,-0.5319449174509354,-0.13043454708038207,-0.062108509106664656,1.8156238705960388,1.6292456225677319,-0.3683420154138676,-0.6088117101713675,-2.035592239247536,-0.5378285484986721,-0.32374029618102423,-0.06476563280564256,0.021875579236029664,0.0921944599839805,2.483036405414309,-0.2199226773709592,-0.7644432411115016,-0.15188133122213227,-0.23225932311621372,1.9304495733018694,-0.3118781368105872,-0.5395366994480151,-0.9679978959082014,1,1,1,1
12461,ΑΝΩ ΛΟΦΟΣ,0.8666996812115985,-0.47354397179224583,0.8785602445125175,0.4634405289803533,0.9378630610171124,-1.0309904469354378,-0.8293608708198151,-0.8412214341207341,-1.0191298836345188,1.151353200433654,0.7125123582996518,0.32111376936932556,-1.4935524156712778,-0.37865946538489403,0.5939067252904621,0.5346039087858672,0.9853053142207883,0.2143686996610548,-0.3549383387830561,-0.3549383387830561,-3.2014735310036104,0.9853053142207883,0.5227433454849482,0.8666996812115985,0.43971940237851537,-0.9123848139262479,0.4159982757766774,1,1,0,0
12461,ΔΑΣΟΣ,-0.6870513051089331,-1.0817403527247031,-0.3754546885701673,0.12309989789185806,0.2892847600458665,-0.41700090410866936,0.18541922119961124,0.8293855620463939,0.47624272996912603,-0.20926982641615882,-0.3546815808009162,-0.39622779633941835,-1.2479252148787117,-0.7078244128781842,-0.14695050310840566,0.18541922119961124,0.3723771911228707,2.366595536970972,2.262729998124717,2.262729998124717,0.6008813765846324,-0.18849671864690778,-0.3546815808009162,-0.41700090410866936,-0.9986479216476989,-1.372563861494218,-0.9986479216476989,1,1,1,1
12461,ΣΥΝ. ΣΙΔΗΡΟΠΟΥΛΟΥ,-0.03822262039476641,-0.9372963930024953,0.11395523605829277,-0.12393198782235147,0.14019279751571675,-2.394355639271441,0.9710489103341433,0.9675505688064868,0.48303026722605696,0.11045689453063624,0.456792705768633,0.4235584612558959,-0.21313969677759306,-0.659178241553801,0.4148126074367546,0.9483096904043758,1.322632233863625,0.8276169077002254,0.8416102738108516,0.8206202246449125,-3.003067065083678,0.43930099813035034,0.08946684536469704,0.23464801876244315,-0.18865130608399733,-1.1856786414661091,-0.8620820501578799,1,1,0,0
12462,ΧΑΙΔΑΡΙ,2.2366247577760876,-0.5961305748359608,-0.5416038891557873,-0.4601899067436661,0.9007209586118369,-0.5972587131603782,-0.5775162924830739,-0.37351127881759716,1.754533647141726,1.8722360789892731,-0.5812767535644652,-0.5169728690726744,1.4768235962809804,-0.6113604422155954,-0.640880061704517,-0.5203572840459265,-0.507195670261057,-0.38084417792631015,1.6276180856447706,-0.6476488916510212,-0.7254904360358206,-0.5397236586150916,-0.5609702637249523,1.4747553426862152,-0.614556834134778,-0.6295986784603431,-0.7202257905218729,1,1,1,1
12462,ΑΓ. ΓΡΗΓΟΡΟΥΣΑ,0.2469201443080155,-0.1966361461614023,0.3491309416770553,0.37034450339515784,0.5246249522540858,-0.27763338181233943,0.16592290865707834,0.16206589743560515,0.02899901029477981,0.4841263344286172,0.4204856492743094,-0.9043977053017341,-4.501060669325492,0.18906497598591754,0.5651235700795544,0.6191217271801791,0.7753306816498436,0.489911851260827,-0.1908506293291925,-0.1773510900540363,-1.0625351653821353,0.5786231093547106,0.40891461560988984,0.5053398961467198,0.3028468070193769,-0.1754225844432997,0.2989897957979037,0,1,0,0
12462,ΔΑΣΟΣ,0.12697406014148227,-0.2505771910065533,0.2046919104376414,0.3307574931854809,0.4859995446491543,0.04796521565435703,0.5723025063152379,0.8178496014369899,0.6738391994347216,0.5063972528664187,0.3711656113627198,-0.32255011715291326,-3.987230777338829,-0.04911754750629358,0.21043683458744056,0.8463160233477924,0.9998152326536616,0.7296101484844572,-0.40704568695164445,-0.457975407785257,-1.1693777567171257,0.6242004727920751,0.4595987134438976,0.5604899094678982,-0.11018157273899004,-0.17447308344910176,-1.6398805896147204,0,1,0,0
12462,ΑΦΑΙΑ,-1.3614611982194185,-0.3859313565752036,0.06358776486987495,0.5854071645893368,0.7415338524572079,0.5927419754287669,-1.297543560904384,1.875286042209131,1.9748299036013979,0.5592114115913719,-0.10196939407726353,-0.09673024347767055,-0.25442867652541956,-0.41212710957316856,-0.16483920127237942,0.7614426247356613,0.8526038451685793,0.49005462367674435,-2.7697448793900143,-1.7058480309659976,-0.641951182541981,0.4219456658820355,0.3129713334105013,0.3643150092865126,-0.034908266402473256,-0.31991805902033194,-0.04853005796141503,0,1,1,1
12462,ΔΑΦΝΙ,0.4533063703792059,0.1978422896540763,0.5081928079441627,0.46178148206203007,0.559447054787909,0.4056843142566699,-0.8014137354255775,0.691820227738687,0.5949618085064105,0.5332145662458341,0.4311096493051425,0.23819996433419155,-2.323705224359525,0.22568908518335581,0.4355489935199552,0.763253311922491,0.863743921875978,0.4783281286808774,-2.3648700525332425,-2.3793988154180843,-0.8776897405709954,0.6240193342760935,0.5275644917906179,0.5985939992276208,0.567115012977131,0.08040145633494089,-1.4927407026959518,0,0,0,0
12462,ΣΚΑΡΑΜΑΓΚΑΣ,1.2151714425161735,-0.662685415666073,-0.6591987828381995,-0.5110604705639299,1.370936764101416,-0.6539688335963895,-0.6879635036681548,-0.5517887002845256,2.160637308159559,1.933221681961519,-0.6544482456102221,-0.5213024544958079,1.4138223478842584,-0.6012988864403275,-0.6477146859613917,-0.6152018348414725,-0.6086861897443842,-0.2923832178907473,1.8455546577956778,-0.6548187003481837,-0.5688296182307567,-0.4828405361133299,-0.4644921308566463,1.4681702370887346,-0.5189489773369934,-0.5317405615242539,-0.5181426934955478,1,1,1,1
13121,ΜΠΟΥΡΝΑΖΙ,-0.4542567625794979,-0.4542567625794979,-0.4542567625794979,-0.4542567625794979,-0.4542567625794979,-0.4542567625794979,-0.4542567625794979,-0.4542567625794979,-0.4542567625794979,-0.4542567625794979,-0.4542567625794979,-0.4542567625794979,-0.4542567625794979,-0.4542567625794979,-0.4542567625794979,-0.4542567625794979,-0.4542567625794979,2.2712838128974897,2.2712838128974897,2.2712838128974897,0.9085135251589959,-0.4542567625794979,-0.4542567625794979,-0.4542567625794979,-0.4542567625794979,-0.4542567625794979,2.2712838128974897,1,1,1,1
13121,ΑΓ. ΦΑΝΟΥΡΙΟΣ,0.9833155813284481,0.14047365447549293,1.3204523520696303,0.814747195957857,1.6575891228108124,0.05618946179019741,0.3933262325313795,0.7304630032725616,0.5618946179019706,0.8990313886431526,-0.02809473089509811,-0.11237892358039363,-0.11237892358039363,-0.2809473089509847,0.814747195957857,0.5618946179019706,0.7304630032725616,0.30904203984608397,0.5618946179019706,-2.472336318768668,-1.292357621174531,-0.11237892358039363,-0.7866524650627578,-1.0395050431186443,-1.0395050431186443,-1.8823469699715996,-1.3766418138598264,0,1,1,1
13121,ΙΛΙΟΝ,0.00864349602809059,-0.3770134159882402,0.21845133019101698,0.06772354917381322,0.34463061267121686,0.2415269188158006,0.5763684388605333,0.47882907134017133,0.26362056749910406,0.47187366342135356,0.1766370543496537,0.1342499802090937,0.13523192015057386,-0.028833878405068646,0.41655771338463815,0.2851414178832108,0.4657365387871026,0.2799044048619833,0.4936399987908303,-0.9644589859787427,-4.735926644547103,0.5644215029058581,0.24128143383043055,0.18244686567007795,0.18162858238551116,-0.2879841946273728,0.16567205833645865,0,0,0,0
13121,ΠΑΛΑΤΙΑΝΗ,0.0413569390026257,-0.37378107213724804,0.1857000312616322,0.0317542823047226,0.219157708809063,0.03044023454606218,0.3126572608675931,0.34510413244682353,0.32771826979377794,0.4837867112839082,0.20177184615601737,0.17225631188456786,0.17468224620824865,-0.04405616531030182,0.4911655948517706,0.2807157922724628,0.45912304565982026,0.22188688492320385,0.47954132621746687,-0.6042448328869223,-4.828605135189723,0.5285654156751827,0.27242718333322014,0.2561532072451949,0.2586802221656957,-0.22023964556761857,0.2962822041827478,1,0,0,0
13121,ΠΕΤΡΟΥΠΟΛΗ,0.2693959352304528,-0.25015336842827707,0.3213508655963258,0.16548607449870684,0.3213508655963258,-1.8607562097703398,-0.665792811355261,-0.665792811355261,-0.3021082987941501,0.7889452388891828,0.5291705870598178,0.8928550996209287,0.9967649603526747,0.5811255174256907,0.9448100299868017,0.5811255174256907,0.7889452388891828,0.009621283401087864,-1.549026627575102,-1.549026627575102,-3.1076745385512914,0.8409001692550557,0.6330804477915638,0.6330804477915638,0.42526072632807177,-0.1462435076965311,0.3733057959621988,0,1,0,0
13122,ΑΓ. ΦΑΝΟΥΡΙΟΣ,-1.0524279015327977,-2.374081545318172,-0.1272703508830359,-0.6559318083971856,-0.325518397450842,-1.44892399466841,-0.2594357152615733,-0.2594357152615733,-0.325518397450842,0.26922574225257634,-0.4576837618293794,-0.4576837618293794,-0.4576837618293794,-1.44892399466841,1.260465975091607,0.6657218353881885,1.3265486572808756,0.797887199766726,1.3265486572808756,0.20314306006330765,0.9300525641452634,1.6569620682272193,0.797887199766726,0.33530842444184505,0.33530842444184505,-1.3167586302898726,1.0622179285238007,1,1,1,1
13122,ΙΛΙΟΝ,0.2359686123970339,-0.5656289499851247,0.1397132037557832,0.19671092360914405,0.29285522558401395,-2.022755844014123,0.7053942778559998,0.3908142697764372,0.12886178600592307,0.8642027396696524,0.14815731040072555,0.05804980396588024,0.3187060432952848,-0.3873397859993683,-0.18856995984408068,0.590695162595533,0.3225577410631532,0.2415239457160749,0.9736057704993002,0.3381126743564681,-4.120597847505852,0.6741733046029894,0.43847902965380914,0.40777655417724246,0.14356490152365164,-0.49663171016263524,0.17160081700707863,1,1,0,0
13122,ΠΑΛΑΤΙΑΝΗ,0.7849459579374096,0.2086605529419655,0.6301230133117679,0.4925026180889753,0.552711540998947,-0.4708401484705731,-0.10098533630931793,0.3032745746576354,0.5699140904017962,1.060186748382995,0.6559268374160415,0.4322936951790035,0.47530006868612623,0.3376796734633336,-0.1611942592192897,-0.30741592914350685,0.12264780592772011,0.09684398182344649,0.28607202525478637,-0.2730108303378087,-4.487635434035833,0.41509114577615447,0.24306565174766365,-0.32461847854635595,-0.32461847854635595,-0.7546822136175829,-0.4622388737691486,1,1,0,0
13122,Ν. ΛΙΟΣΙΑ,0.26240800262498043,-0.06407314047146001,0.6189104002590246,0.46505147075380554,0.412514275312999,-1.0285059424919794,0.42377224576460043,0.44253552985060274,0.6376736843450269,0.8253065252050501,0.5213413230118125,0.412514275312999,0.42377224576460043,0.13481767084016463,-2.0492285967705057,0.3599770798721925,0.3599770798721925,0.146075641291766,0.2736659730765818,-0.004030631396252572,-4.02312608261795,0.6564369684310292,0.34121379578619015,-0.13162096318106836,-0.13162096318106836,-0.7057774562127395,0.42001958894739994,1,1,0,0
13122,ΡΑΔΙΟΦΩΝΙΑ,-0.015103234963831706,-0.3441947757546928,0.15491336667236766,0.07116756537136847,0.19657585073668382,-3.0476270750392094,1.038242195470344,1.0260380334717059,0.5542840472484893,0.4036257715411642,-1.2014319478659257,-1.0154236856797867,0.041709243305690355,-0.11904902853843874,0.39941743981749595,0.3417632952032402,0.48021740891192727,0.7899506237739142,1.0538130228479168,1.0538130228479168,-2.7399980260390566,0.4894757387039976,0.3607007879597475,0.0787425624739714,0.028663414962318622,-0.35219060602966257,0.2719049885903464,1,1,0,0
13123,ΑΓ. ΝΙΚΟΛΑΟΣ,0.14089593307400083,-0.16408133978238054,0.27412284700599904,0.18583995223178335,-0.4257197370223288,-3.0565500012939553,0.41216519156204534,0.4073497609379972,0.3559851676148172,0.48279150738141785,-0.6295729667736994,-2.2331113645817258,0.36561602886291344,0.1489216507807477,0.551812679659441,0.48760693800546595,0.6224389954788135,0.6144132777720667,0.7669019142002573,0.7669019142002573,-2.507590910152469,0.7331938998319204,0.5662589715315853,0.3527748805321184,0.3335131580359259,-0.021223564602286107,0.4683452155092735,1,1,0,0
13123,ΙΛΙΟΝ,0.27275504584833,-0.2951790375928168,0.35757583107072544,0.247441602117576,-0.7013560658495716,-3.2453986582390897,0.47086386612803444,0.19117106162757197,0.4294494122865713,0.7433361145479211,0.1258540773124788,-0.27874604789219615,0.32387990269470535,-0.45237137341592537,0.5073816210183025,0.6145280336622483,0.570374748204015,0.1521634598129674,0.8186954814578381,0.44405651424267856,-3.227720745076301,0.6137810795849473,0.4474593050392717,0.3514342086573622,0.2729210356432858,-0.15309177311068276,0.39874130021975496,1,1,0,0
13123,ΡΑΔΙΟΦΩΝΙΑ,0.1733757008297075,-0.15118529825020535,0.3454626243184722,0.24423502226625765,-0.9110249861546407,-3.2145856053553477,0.7041879390910074,0.7041879390910074,0.5137535127302788,0.6257365475005412,0.07214809877749295,-1.641129065956238,0.27966468298453273,0.02216697026421203,0.5631019687307335,0.45807833160156086,0.5624692962179071,0.40366849549849554,0.5105901501661472,0.5080594601148418,-2.788164331710394,0.5358970506792008,0.415689273242196,0.33217650154911904,0.3220537413438976,-0.043630971069727416,0.45301695149895016,1,1,0,0
13123,ΜΙΧΕΛΗ,0.18838487417777913,-0.48133122210179086,0.4014373416176526,0.2738805460432562,-0.6074287542005717,-3.1698095783535383,0.5530290650257172,0.24306433499937438,0.33671471452270313,0.7023889737063699,0.20958711408819364,-0.26501687159877674,0.3113922012693741,-0.47120221680045926,0.6344903025762572,0.5398956937451772,0.5902832031679031,0.015676749887277363,0.7048783055177141,0.6098545015467473,-3.27255889484247,0.6884830511740333,0.5028990726869236,0.19499447933203792,0.24126171541184926,-0.1360866515767421,0.4608379489780041,1,1,0,0
13231,ΠΕΤΡΟΥΠΟΛΗ,0.2699713375348098,-0.17856892104521904,0.3769917481817496,0.18472048332236252,0.5770492047585829,-1.094280682672023,0.668695859310361,0.6700862506884764,0.4858792558221587,0.6275005490501989,0.5437195371517595,-0.3125231989596515,-2.4594463886416174,0.13228286563343877,0.4896134498090972,0.8803134270595253,1.0754449256110354,0.20799960753880897,-1.4943955958256898,-1.5190253859523055,-2.796953964312145,0.7006748610070153,0.6054131888721371,0.6470852047476531,0.41210906184615004,-0.10885072479971816,0.40849404426304997,0,0,0,0
13231,ΚΗΠΟΥΠΟΛΗ,-0.02539162937490817,-0.8562460666975662,0.12329116714843398,-0.11657467163636286,0.3253908951458373,-2.9456306283676903,0.4274614648414955,0.4206567601951183,0.15016975050162398,0.6615433046768717,0.44277205029584427,0.23556879381365803,-0.47824472359131187,-0.46531578476319513,0.3451245386203312,0.9425776065722508,1.2967624834161848,0.7489837593828189,0.2818407854090231,0.2777579626211968,-3.146369415435818,0.7523861117060076,0.401943822417581,0.5074167444364278,0.17194480537003107,-0.7409063229414724,0.2610864362375726,1,1,0,0
13232,ΠΕΤΡΟΥΠΟΛΗ,0.48360289627679004,0.18562098325977727,0.462443516501891,0.16571746595353237,0.7089731247425307,0.035602502913281216,0.7573428580049347,0.7604634859573478,0.5490980268390223,-0.7450872753282257,0.6203777360447522,-0.21907118315438792,-2.623591133365616,0.3630400992859987,0.27212326784313234,0.9756345889200797,1.0342415041239366,0.0635359287312234,-1.8323597216751037,-1.9435606348086556,-2.142786090063325,0.5623036109791122,0.64564721117161,0.7718043046136785,0.3614797853097921,0.1856970961366654,-0.4582939552137675,0,0,0,0
13232,ΜΙΧΕΛΗ,0.24626113438892402,-0.14908782190032183,-0.23637265640573973,0.2051859181510803,0.34381477295380286,-0.19529744016789602,0.30273955671595915,0.30273955671595915,0.17437950597269752,0.035750651169974945,0.4054275973105685,-0.2107006462570874,0.06655706334835773,0.34381477295380286,0.7032229150349355,0.8829269860755018,1.0574966550863376,-0.7703504674977082,-3.789378860979222,-2.238789448000621,-0.6882000350220207,0.8623893779565799,0.6210724825592481,0.985615026670111,0.2051859181510803,0.27193314453757633,0.26166434047811543,0,0,0,0
13341,ΑΝΩ ΛΙΜΝΗ,-0.05955507380395288,-0.3980786512158962,0.10970671490201878,0.44823029231396205,0.6174920810199337,-1.413649383451726,-1.3572287872164022,-1.3008081909810785,-1.2443875947457543,-0.05955507380395288,-0.22881686250992453,-0.22881686250992453,-0.3980786512158962,-0.5673404399218678,-0.9058640173338111,-0.45449924745121983,-0.0031344775686291937,0.44823029231396205,2.817895334197565,2.817895334197565,0.44823029231396205,0.36359939796097623,0.2789685036079904,0.1943376092550046,0.10970671490201878,0.025075820549032946,-0.05955507380395288,1,1,1,1
13341,ΑΝΩ ΛΙΟΣΙΑ,-0.1911587474729058,-0.20270274975536048,-0.1930206833249146,-0.19227590898411107,-0.1848281655760758,-0.20381991126656576,-0.18743487576888812,-0.18743487576888812,-0.190786360302504,-0.19153113464330754,-0.19897887805134284,-0.19376545766571812,-0.19190352181370932,-0.1959997806881287,-0.19264829615451284,-0.18371100406487048,-0.18855203728009343,-0.19004158596170048,-0.19264829615451284,-0.19264829615451284,-0.20195797541455696,5.003642279631708,-0.19376545766571812,-0.1878072629392899,-0.190786360302504,-0.1930206833249146,-0.19041397313210226,1,0,1,1
13451,ΑΓ. ΝΙΚΟΛΑΟΣ,-0.1493603983730931,-0.5249931754697527,0.056461395979827335,-0.051090894692927345,0.10367557120075387,-3.4295452158405144,0.6737667309869922,0.6729664907290104,0.3765574991725496,0.47642748336867896,0.3259823148680995,0.06926524010753622,-0.02916431162422587,-0.26923638901876756,0.4298535003541379,0.4298535003541379,0.6087872220388696,0.6467186102672072,0.8502997318977785,0.8496595396913931,-3.0347066725522915,0.5042758443464458,0.3365454862734593,0.1616129658786366,0.05982240506335092,-0.42096194193211794,0.2765274669248239,1,1,0,0
13451,ΑΝΑΓΕΝΝΗΣΗ,0.004591077776367703,-0.602808512037062,0.11615426774209969,0.004591077776367703,0.21532154771163925,-3.3299087111993995,0.7607415875441068,0.7607415875441068,0.5500111176088353,0.8351170475212615,0.6119906675897975,0.46323974763548814,0.3392806476735637,0.11615426774209969,0.7731374975402993,0.7359497675517219,0.9590761474831858,0.5004274776240655,0.5252192976164504,0.5252192976164504,-2.747300941378355,-0.05738847220459452,-0.2557230321436736,-0.2557230321436736,-0.35489031211321315,-0.937498081934258,-0.2557230321436736,1,1,0,0
13451,ΡΑΔΙΟΦΩΝΙΑ,-0.2563063289248143,-0.6242251963082989,0.05161346162382509,-0.04234735681564943,0.11727282872610849,-3.4305971109041704,0.5180213796607348,0.5180213796607348,0.27462889816089114,0.5134931474467842,0.4523620125584514,0.17387573140049073,0.04255699719592393,-0.1883828457155556,0.523681669928173,0.542926656837463,0.7206597712350232,0.5655678179072159,0.7863191383373066,0.7953756027652078,-2.9585289025998227,0.7319803517698996,0.5485869471049012,0.0946316676563556,-0.07404498231330349,-0.5642261194734537,0.16708338307956486,1,1,0,0
13451,ΑΝΩ ΛΙΜΝΗ,1.0611570939674764,1.0611570939674764,1.0611570939674764,1.0611570939674764,1.0611570939674764,-0.6242100552749863,-2.3095772045174487,-2.3095772045174487,-0.6242100552749863,1.0611570939674764,1.0611570939674764,-0.6242100552749863,-0.6242100552749863,-0.6242100552749863,-0.6242100552749863,-0.3834433196689203,-0.14267658406285436,0.098090151543212,0.338856887149278,0.579623622755344,0.8203903583614103,1.0611570939674764,1.0611570939674764,-0.6242100552749863,-0.6242100552749863,-0.6242100552749863,-0.6242100552749863,1,1,1,1
13451,ΖΕΦΥΡΙ,-0.5784664285320748,-0.832427299594937,1.0299524215327196,1.0299524215327196,0.9876256096889092,-2.5466631792692573,0.03527234320317572,0.03527234320317572,-0.5149762107663591,-0.8112638936730319,-0.9805711410482734,-1.0017345469701786,-1.1498783884235149,-0.938244329204463,-0.15519831009397098,0.47970386756318467,0.47970386756318467,0.5643574912508055,1.2627498866736766,1.2627498866736766,-1.74245375423686,0.7548281445479521,0.5008672734850899,0.8183183623136677,0.8606451741574781,0.14108937281270165,1.0087890156108144,1,1,0,1
13451,ΑΤΤΑΛΟΣ,-0.42447012246663024,-0.734637735635751,0.02915001179320887,0.14933996189624316,0.31605505397464556,-2.742973030905808,1.0759657062389913,1.0759657062389913,0.6417310478022223,0.6068371913206962,0.4633846702299779,0.07567515376857697,-0.2616321255528418,-0.5213975015819804,-0.11817960446212349,-0.2151069835774737,-0.05614608182829933,0.7309042365883446,1.370624938749656,1.370624938749656,-2.6654311276135276,0.8859880431729049,0.7037645704360465,-0.005743844688317214,-0.5175204064173664,-0.9401237793602935,-0.2926488868697539,1,1,0,0
13451,ΓΕΡΟΒΟΥΝΟ,-0.2979009093714773,-0.8114358149667504,-0.06748295500503923,-0.013662702890250778,0.4552088684847639,-2.9410732910088657,1.0474185176228354,0.6362915917459792,0.2552516818082929,0.6736667668256934,0.21787650672857872,-0.024875255414165038,-0.25809634791158165,-0.5509308446611424,0.3200976105715971,0.7147794594133791,0.7596296695090361,0.6379734746245663,1.418740882039796,0.8665226702370187,-2.9160319237054573,0.5193072937464738,0.2767424074791286,0.14480803944773743,-0.2390350086209274,-0.814238953097729,-0.009551433631482217,1,1,0,0
13451,ΚΑΜΑΤΕΡΟ,-0.25190166056239527,-0.6596748650784229,0.002010482736882967,-0.06398065650904029,0.11306008802706567,-3.4111978860383703,0.5554845538317232,0.5514635883579573,0.3300739599200212,0.5157479538556834,0.43308163426267204,0.10312593803305571,-0.09673969875119218,-0.29483138017936683,0.4690337961457557,0.5313587609891277,0.6959818180327212,0.5315952883699374,0.7057977043363263,0.7076899233828043,-3.0290879023402018,0.6908964793453113,0.5065233860041027,0.29483138017936683,0.12701520349484155,-0.40540793070793,0.34805004086156305,1,1,0,0
13451,Ν. ΟΛΥΜΠΙΑ,-0.11686972213267785,-0.5893458708320533,0.11161128111896039,0.0566065951509734,0.24512692910962963,-3.3099622614024864,0.6334506095331959,0.6367414881808532,0.33539102915965957,0.44681077765891525,0.3372715312440352,0.13182667852599833,0.007713540957207196,-0.24427373834912633,0.4750183089245496,0.5022855891479961,0.7082005673871269,0.5652824089745795,0.7655558809605834,0.7603845002285504,-3.150589709751652,0.5958405678456834,0.4054397318026515,0.14687069520100332,-0.04447039188421635,-0.580413485931269,0.168496469171323,1,1,0,0
13451,ΟΛΥΜΠΙΑ,-0.43957304787208507,-0.5155312705443814,-0.19270882418712215,-0.24967749119134436,-0.13574015718289992,-1.730862833301122,0.28203006751472964,0.28203006751472964,0.4529360685273963,3.4153067527469516,-0.2116983798551962,-0.17371926851904806,-0.5535103818805295,-0.49654171487630727,0.05415539949784079,0.20607184484243338,0.3200091788508778,0.11112406650206301,0.14910317783821114,0.14910317783821114,-1.6169254992926776,-0.47755215920823324,0.09213451083398894,2.484818525011322,-0.34462526953171474,-0.5914894932166777,-0.26866704685941845,1,1,1,1
13461,ΑΝΩ ΛΙΜΝΗ,-0.5188554739782414,-0.6403216398517603,-0.559344195936081,-0.7212990837674396,-0.6808103618095999,-1.1666750253036755,1.4650919019559008,1.4650919019559008,0.7362949067147874,-1.126186303345836,-1.126186303345836,-1.0856975813879963,-1.0452088594301565,-0.883253971598798,-0.8022765276831187,-0.7212990837674396,-0.6808103618095999,0.6958061847569478,1.7485129556607784,1.7485129556607784,0.37189640909423066,1.343625736082382,1.222159570208863,0.7362949067147874,0.12896407734719284,-0.0329908104841657,0.12896407734719284,1,1,1,1
13461,ΖΕΦΥΡΙ,1.956559046218635,1.355097085093135,1.2034169238584802,-0.031223435140394815,-0.07115656534626819,-2.813067172280413,0.08397460714074606,0.08989062643050508,-0.2731228905438746,-0.3174930352170673,-0.3704085410865785,1.0916698928296986,-0.4527398095357248,-0.5782908855739439,0.11371903745870111,0.4788688947321605,0.7049922986962829,0.5551198100223879,0.571881864676705,0.46522918359188276,-2.5313989205402194,0.19982998489852682,0.039768796336713395,-0.09794298601934373,-0.3140420239647078,-0.8454977568280596,-0.2136340299079645,1,1,0,0
13461,ΚΑΤΩ ΛΙΜΝΗ,0.70445528435818,0.8784213759222427,0.8204326787342218,-1.0931943284704686,-1.0352056312824478,-1.8470473919147405,0.8784213759222427,0.8784213759222427,0.5884778899821381,-1.1511830256584896,-1.2091717228465104,-1.3251491172225522,-1.3831378144105733,-1.499115208786615,0.5304891927941171,1.0523874674863054,1.1683648618623472,-0.5133073565902594,-0.3683356136202071,-0.22336387065015484,-0.07839212768010252,0.06657961528994978,0.008590918101928857,1.34233095342641,0.9943987702982845,0.646466587170159,1.1683648618623472,1,1,0,1
13461,ΛΙΜΝΗ,-0.7281342220708584,-0.87376106648503,0.8009476442779443,-0.29125368882834335,-0.2184402666212575,-1.3834550219346309,2.257216088419661,2.257216088419661,1.3834550219346309,-0.5825073776566867,-0.6553207998637726,-0.07281342220708584,0.2184402666212575,0.07281342220708584,0.14562684441417167,-0.07281342220708584,0.0,2.1115892440054895,-0.9465744886921159,-0.9465744886921159,-1.6018952885558886,0.0,-0.07281342220708584,0.0,-0.14562684441417167,-0.3640671110354292,-0.29125368882834335,1,1,1,1
13561,ΑΓ. ΑΝΑΡΓΥΡΟΙ,0.4778398159322663,0.19642082482227596,0.3998622624453063,0.17453823502607776,0.6677295989606968,0.15043406250945338,0.009530178466420888,0.6011376569159211,0.5006665783846457,-1.9456292342126775,0.48578197415779006,0.5823652829283196,-1.8287184435502482,0.3546530540846329,0.5319908947426553,0.7272124763001087,0.8236847059346168,0.7287120446363963,-1.702088228485954,-2.263148944529594,-2.270813404915064,0.031523847398640385,0.5867529088011614,0.7239356417874799,0.5154956430434906,0.2567923352498583,0.4833382331653212,0,0,0,0
13561,ΑΝΑΚΑΣΑ,0.3973099786909126,0.206369746213241,0.5708920082160687,0.3278771668808502,0.43202638459594384,0.293160760975819,0.7097576318361934,0.7097576318361934,0.6056084141210999,-2.6577337409518336,0.5361756023110374,0.6750412259311622,-2.6577337409518336,-0.0019286892169462328,0.206369746213241,0.7965486465987714,1.0569216908865056,0.9006978643138651,-2.067554840566303,-1.2170028958930383,-0.3664509512197739,0.48410099345349067,0.05014591964060058,0.1542951373556942,0.11957873145066299,-0.2796599364571959,0.01542951373556937,0,0,0,0
13561,ΚΟΚΚΙΝΟΠΟΥΛΟΥ,0.5139750501356309,0.19910544430790653,0.5184875126395314,0.4753684264911488,0.5941966057605289,0.3409973208194448,0.41119118199123045,0.41018841254591926,0.3069031596788631,-2.4843055913449295,0.4347562639560442,0.5365373626551335,-2.4898208232941412,0.2587702263039244,0.46483934731538096,0.5676232154597814,0.7120220155845978,0.6002132224323963,-2.3785134148645954,-1.5791390387106647,-0.7797646625567337,0.019609713597197376,0.5265096682020213,0.636814307186256,0.5144764348582865,0.1770445165110596,0.491914122338784,0,0,0,0
13561,ΜΥΚΟΝΙΑΤΙΚΑ,0.510628523053229,0.2807450174166324,0.5404742950369603,-0.15379521039412145,0.6481322582639909,0.15176864562979378,0.6680294395864784,0.6673188259678181,0.5532653401728451,-1.9644387107404842,0.5877301006778681,0.6733590417264305,-1.9047471667730216,0.3798756172197398,0.5259067158544248,0.7007176660448508,0.8353789467809715,0.7401567218804956,-1.7633350566596282,-2.106916741281868,-2.1079826617098583,-0.4728607251725817,0.6165099522336089,0.7049813477568123,0.2036434397919933,0.30739302811639246,0.17806134952022368,0,0,0,0
13562,ΑΓ. ΑΝΑΡΓΥΡΟΙ,0.4245212950518852,0.12371182571316273,0.3820616608310796,0.410521589191663,0.5540185742589409,0.4399025508325241,0.40536380282210743,0.5600052905807464,0.46504675938410744,-1.881469728779589,0.44395509726574633,0.5641499403419964,-1.7624722289677,0.17740806595335723,0.36087789538469073,0.6680424943573299,0.8036185932142188,0.7063574788168855,-1.5471346480387553,-2.420826817710256,-2.4257082940957284,0.5647025603101631,0.46790196255296856,0.6063332645787187,0.432902697902413,0.10271226692282939,0.37349605132449626,0,0,0,0
13562,ΑΝΑΚΑΣΑ,0.43754382569331973,0.13310151572495565,0.4181777336211687,0.4435096834406648,0.5843957087048911,0.4497508884686566,0.4567263529117062,0.4842610809763759,0.38715527333497424,-1.81984496347518,0.3827497168446271,0.4806815663279688,-1.6799685449066584,0.27049980876765717,0.4637935997816381,0.6148674744297923,0.7996254997437255,0.6951770979517454,-1.4713470886033446,-2.5155557592425,-2.520787357574787,0.5048203445979959,0.40330898046624714,0.5150081939819237,0.474440361299977,0.15916772495950957,0.448741281772952,0,0,0,0
13562,ΠΥΡΓΟΣ ΒΑΣΙΛΙΣΣΗΣ,0.36691681390278946,0.09038408858811355,0.4027712805233212,0.39494099470964183,0.5268194926242414,0.4225530552105111,0.48766806355584463,0.4658256873387391,0.36114712961902573,-1.8408116652488034,0.5041528757951695,0.605534471067018,-1.8408116652488034,0.2490504063916161,0.4534620781592454,0.5552557937370769,0.7732674356021493,0.662407073292689,-1.5630425790161782,-2.123732255306218,-2.6844219315962574,0.5503103500652794,0.425437897352393,0.5243467707883427,0.5111589209968826,0.20371717273347253,0.515692244362697,0,0,0,0
13562,ΣΥΝ. ΣΕΚ,0.2711653931270259,-0.11660777691116576,0.2685973588883624,0.4124072762535196,0.5459450566640226,0.41625932761151485,0.6781988199551939,0.6781988199551939,0.5433770224253591,-2.734718683228625,0.22365675971175078,0.3507744545255951,-2.5896247487441366,0.06443863691461246,0.3071178724683152,0.6550865118072223,0.9285821582248873,0.7873402750983937,-2.194147475989954,-1.290627429686839,-0.3871073833837237,0.5164126629193921,0.38287488250888907,0.5087085602034016,0.4342355672821595,-0.015170424483956682,0.35462650588359035,0,0,0,0
13671,ΑΓ. ΑΝΝΑ,-0.1585588110385683,-0.7645634990538465,0.09399738547048421,0.07121525434209029,0.31010217217410646,-2.753769005578755,1.0996657452810155,1.1257024665706086,0.4995193195558959,0.29252738530363115,0.12459053298575604,0.0054725330858678605,-0.2952515978089318,-0.6812459909271487,0.2586796476271602,0.4611151556537461,0.7065112538081606,0.6817763685830471,1.0586579092499064,1.0749308600559022,-3.1007083167625824,0.5105849261039729,0.2860182049812329,0.08488453301912664,-0.2229996962303111,-0.8791250727280558,0.11027033627647986,1,1,0,0
13671,ΑΓ. ΠΑΡΑΣΚΕΥΗ,-0.06046153834736401,-0.6540839148487598,0.23634964990333393,0.23634964990333393,0.5331608381540319,-2.8801678267289943,0.08794405577798496,0.08794405577798496,-0.06046153834736401,0.08794405577798496,-0.06046153834736401,0.08794405577798496,0.08794405577798496,-0.20886713247271296,0.8299720264047298,0.9783776205300788,1.1267832146554277,0.3847552440286829,0.3847552440286829,0.3847552440286829,-3.4737902032303904,0.5331608381540319,0.3847552440286829,0.23634964990333393,0.23634964990333393,-0.3572727265980619,0.8299720264047298,1,1,0,0
13671,ΛΥΚΟΤΡΥΠΑ,-0.19310243300307642,-0.6871491877910773,0.08283333147810679,0.06436998253120409,0.26117710866851856,-2.9733581540954686,0.5498951916514037,0.5563877978744903,0.31920477678735565,0.46386815919550534,0.32590027695491375,0.14025231776352948,-0.024294671202823154,-0.3521712854686997,0.43181091596901494,0.4549408256387612,0.6560087246099763,0.674472073556879,0.9861171722650388,0.9818563994311382,-3.3550016636462816,0.5515183432071753,0.3476099290133598,0.1852947734361932,-0.0756268391541021,-0.6252665347272824,0.25245266905624586,1,1,0,0
13671,ΠΡΟΦ. ΗΛΙΑΣ,-0.6501317203046452,-0.6501317203046452,-0.6501317203046452,-0.6501317203046452,-0.6501317203046452,-0.6501317203046452,-0.6501317203046452,-0.6501317203046452,-0.6501317203046452,-0.6501317203046452,-0.6501317203046452,1.0651995287076108,1.6369766117116962,1.522621195110879,1.293910361909245,-0.6501317203046452,-0.6501317203046452,-0.6501317203046452,-0.6215428661544409,-0.5929540120042366,-0.5643651578540323,-0.5357763037038281,-0.5357763037038281,1.293910361909245,1.9800428615141474,1.7513320283125131,1.408265778510062,0,1,1,1
13671,ΝΕΑΠΟΛΗ,0.012587056015504855,-0.49718871261245173,0.05506837006783457,0.586084795721956,0.7347693949051101,-0.32726345640313287,1.4144704197423854,1.4144704197423854,1.1171012213760774,0.7560100519312749,0.586084795721956,-0.2635414853246383,-2.090237989574816,0.22499362627715344,0.45864085356496687,0.24623428330331829,0.37367822546030743,-0.05113491506298972,-1.7503874771561783,-1.7503874771561783,-2.6637357292812673,0.26747494032948316,0.140030998172494,0.30995625438181285,0.37367822546030743,-0.05113491506298972,0.37367822546030743,0,0,0,0
13671,ΑΓ. ΔΗΜΗΤΡΙΟΣ,-0.44051353948704425,-0.8409010931990313,-0.22854365811011002,-0.13433482194258367,0.006978432308705853,-1.8536460819999394,0.14829168655999536,0.14829168655999536,-0.15788703098446524,-0.15788703098446524,-0.32275249427763636,0.33670935889504805,-0.5818267937383338,-0.8409010931990313,0.5486792402719823,-0.3934091214032811,-0.2520958671519916,1.3965587657797194,2.59772142691568,2.59772142691568,-1.0057665564922023,0.9490667939839693,0.737096912607035,-0.0636781948169389,-0.6760356299058601,-1.076423183617847,-0.44051353948704425,1,1,1,1
13671,ΑΧΑΡΝΕΣ,0.0704845248487512,-0.6555728910695492,0.15165864588309533,0.025387790940782227,0.27792950082540846,-2.9690353405483574,0.5124325171468471,0.5124325171468471,0.3275359081241743,0.7018387995603168,0.45380676306648743,0.40871002915851845,0.15616831927389224,-0.33087640693217263,0.5259615373192378,0.6251743519167695,0.9002644287553803,0.4628261098480812,0.4808648034112688,0.47184545662967503,-3.4741187603176096,0.44929708967569054,0.1967553797910643,0.18322635961867362,0.025387790940782227,-0.6961599515867213,0.2057747265726581,1,1,0,0
13671,ΓΕΡΟΒΟΥΝΟ,-0.011412696608292059,-0.5209295333442661,0.15797574778845971,-0.0015016706063544554,0.1976198517962101,-2.993280019645792,0.6228929675157145,0.6683935868882462,0.32736419218521146,0.42512294865886874,0.23320944516680422,0.00480534594033311,-0.09295341053332416,-0.3344220440350767,0.49765363894577574,0.5269362157696823,0.7328152559008407,0.6296504852443083,0.8535495726517169,0.8567030809250608,-3.391523064450921,0.5778428493250891,0.3692608021024932,0.139054698148397,-0.0627698313456051,-0.6560798879161425,0.24402147353255435,1,1,0,0
13671,ΑΓ. ΙΩΑΝΝΗΣ ΡΩΣΟΣ,-0.7308473162656293,-1.0257153251089386,0.029601759172379193,0.9297251545887973,1.084918843453697,0.6503765146319779,1.7522517055727655,1.7522517055727655,1.4884224345024362,-0.6066923651737095,-0.7153279473791393,-1.367141440611718,-1.227467120633308,-1.0877928006548985,-2.205187360482176,0.9297251545887973,1.100438212340187,-0.18766940523848036,-0.07515398081142809,0.03736144361562418,0.14987686804267644,0.2623922924697287,0.13823734137780896,0.20031481692376885,-0.5290955207412597,-0.8550022673575489,0.10719860360482902,1,1,1,1
13671,ΒΑΡΥΜΠΟΜΠΗ,0.7142600853188223,0.7142600853188223,0.7142600853188223,1.8162613598107198,1.963194863076306,1.4489276016467538,0.7877268369516155,0.7877268369516155,0.49385983042044285,0.4571264546040463,0.4203930787876497,0.567326582053236,-2.004009725094525,-0.3877411891730751,-2.150943228360111,-0.09387418264190243,-0.02040743100910927,-0.3142744375402819,-0.3877411891730751,-0.46120794080586824,-0.5346746924386614,-0.6081414440714545,-0.6816081957042477,-0.7550749473370408,-0.828541698969834,-0.9020084506026272,-0.7550749473370408,0,1,1,1
13671,ΒΑΡΥΜΠΟΜΠΗ ΑΔΑΜΕΣ,-0.39527501192243625,-0.39527501192243625,-0.39527501192243625,-0.39527501192243625,-0.39527501192243625,-0.39527501192243625,2.653989365764929,2.653989365764929,2.653989365764929,1.1293571769212463,-0.39527501192243625,-0.39527501192243625,-0.39527501192243625,-0.39527501192243625,-0.39527501192243625,-0.39527501192243625,-0.39527501192243625,-0.39527501192243625,-0.39527501192243625,-0.39527501192243625,-0.39527501192243625,-0.39527501192243625,-0.39527501192243625,-0.39527501192243625,-0.39527501192243625,-0.39527501192243625,-0.39527501192243625,1,1,1,1
13671,ΒΑΡΥΜΠΟΜΠΗ ΣΥΝ ΦΛΟΓΑ,0.16229364176021455,-0.10945385141967953,0.026419895170267507,-0.6529488377794677,-0.5850119644844942,-0.6529488377794677,1.928652347429526,1.928652347429526,1.5889679809546584,-0.10945385141967953,-1.8078756837940175,-1.8078756837940175,-1.2983491340817161,-0.7888225843694148,0.5699148815300557,1.0454729945948704,1.1813467411848173,0.7737255014149762,0.451025353263852,0.1283252051127278,-0.19437494303839645,-0.5170750911895207,-0.5170750911895207,-0.5170750911895207,-0.5510435278370074,-0.5850119644844942,0.9095992480049233,1,1,1,1
13671,ΕΦ. ΟΠΛΙΤΩΝ,-0.4574872403110364,-0.8564727936973425,-0.045748724031103964,0.05991868280179904,0.2493912743642458,-2.844113153261087,1.071046455082164,1.0692246032402173,0.4006049772458139,0.243925718838406,0.243925718838406,-0.10404798297339528,-0.2771239079583226,-0.504855388201648,0.44432942145253235,0.5281346061820761,0.7194290495864695,0.7285383087962025,0.9872412703526202,0.9872412703526202,-3.1356094479725436,0.5299564580240227,0.34048386646157597,0.12003979358603695,-0.0074898353502252935,-0.5194302029372209,0.028947201488706775,1,1,0,0
13671,ΛΑΘΕΑ,-0.2719828874567244,-0.8607053400529258,-0.02409974952148173,0.502651918590909,0.7505350565261516,-1.7592817150681805,1.4012282936061637,1.4012282936061637,1.7420676082671223,0.6885642720423409,-0.5818368098757778,-0.39592445642434576,-0.48888063315006175,-0.8916907322948311,-0.3029682796986297,0.4406811341070983,0.6885642720423409,0.7505350565261516,1.525169862573785,1.525169862573785,-1.5423839693748431,-0.39592445642434576,-0.5818368098757778,-0.6438075943595885,-0.9226761245367364,-1.449427792649127,-0.3029682796986297,1,1,1,1
13671,ΛΟΦΟΣ ΓΥΦΤΙΣΣΑΣ,-0.6937025249105396,-1.1540829816231775,-0.20983326938603256,0.09552111516826803,0.30222254471271764,-1.9620976607514804,1.0914461847915253,1.0773529055044038,0.5136217340195411,-0.09708703508906003,-0.5433742125145763,-0.44941901726709915,-0.6561204468115488,-1.0178479485143357,0.15189423231675428,0.9833977102569267,1.260565536236984,1.2464722569498625,1.8383899870089682,1.8289944674842205,-1.6567432761971799,0.18008079089099743,-0.04071391794057377,-0.18634447057416328,-0.6749114858610442,-1.2151538585340376,-0.012527359366330636,1,1,1,1
13671,ΛΟΦΟΣ ΠΡΟΦ. ΗΛΙΑ,-0.2538467599638072,-0.7697288850515454,-0.04503732838067508,-0.21699803674325446,-0.020471512900306604,-2.3665068912754967,1.0972730914564592,1.1095559991966435,0.6305225973294581,-0.057320236120859326,-0.26612966770399143,-0.19243222126288598,-0.3766758373656496,-0.7205972540908083,0.569108058628537,0.7779174902116691,1.0112927372751697,1.2937996152994071,1.8096817403871452,1.8096817403871452,-1.8014931352270216,-0.15558349804233326,-0.3521100218852811,-0.45037328380675506,-0.7083143463506241,-1.3470255488402045,-0.008188605160122361,1,1,1,1
13671,ΝΕΑ ΚΗΦΙΣΙΑ,0.9004281268416717,-0.9161424139324615,-0.9161424139324615,-0.7677413349771328,1.3839329755142238,-0.9161424139324615,-0.9161424139324615,-0.9161424139324615,-0.8388325185147808,1.4796163378501832,-0.9161424139324615,-0.819611045431043,0.5801644650199813,-0.9161424139324615,-0.7649146477589361,1.3524154130313302,-0.9161424139324615,-0.7178503055759604,2.1567492609692116,1.400575096511357,0.6444009320535022,-0.1117732324043525,-0.8679473968622072,0.5798817962981616,0.5798817962981616,0.5798817962981616,0.5798817962981616,1,1,1,1
13671,ΠΑΛ. ΜΕΝΙΔΙ,-0.02686752604693166,-0.7359890842968452,0.11984727910822288,0.0546406990392653,0.29101455178923646,-2.9204095166069237,0.2543358505004479,0.29101455178923646,0.20950632670303954,0.6048212183710948,0.3602965431125039,0.44180476819870085,0.35622113185819404,-0.11245116238743846,0.5151621707762781,0.44995559070732055,0.6578015646771228,0.6618769759314327,1.028663988819319,1.0368148113279387,-3.262744061968951,0.6292736858969539,0.38882442189267286,0.11169645659960317,-0.3610512489003392,-0.9968154045726755,-0.0472445823184809,1,1,0,0
13671,ΠΛΑΤΩΝΑΣ,-1.3452549131856322,-1.8512873340898253,-1.120351615005991,0.28529399861676735,0.5101972967964087,-0.6705450186467082,-0.10828677319760496,-0.10828677319760496,-0.27696424683233595,0.6226489458862293,0.34151982316167767,-1.963738983179646,-1.1765774395509012,-0.3894158959221566,0.28529399861676735,1.9720687349640773,2.309423682233539,-0.7267708431916186,-0.3050771591047911,0.11661652498203635,0.5383102090688638,0.9600038931556913,0.73510059497605,0.73510059497605,0.45397147225149836,-0.27696424683233595,0.45397147225149836,1,1,1,1
13671,ΧΑΜΟΜΗΛΟ,-0.6739810257893106,-1.1936237277158301,-0.688970719114114,-0.6440016391397038,-0.4991012703332704,-2.6176445935721575,0.555173826844572,0.5651669557277742,0.7400467111838144,1.1197856087455018,0.9499024177310627,0.21540744481569382,-0.10936924388838082,-0.3142283859940279,0.29035591143971107,0.2953524758813122,0.46523566689575124,0.6950776312094041,1.1497649953951086,1.1497649953951086,-2.602654900247354,1.0048646265886754,0.8099986133662305,0.13546241375007545,-0.2942421282276233,-0.7289432346469232,0.22540057369889613,1,1,0,0
13671,ΧΑΡΑΥΓΗ,-0.2218009837372748,-0.7935546307044721,0.13308059024236488,0.34995266322992247,0.5717536469671973,-1.9962088536354732,1.5871092614089441,1.5871092614089441,0.724549880208431,0.3795261277282258,0.2168720729875576,-0.5076778072208734,-1.1829385799321324,-1.3406637239230832,-0.02957346449830331,0.3006635557327503,0.47317543197285294,0.7935546307044721,1.2716589734270423,1.2519433304281733,-2.4545975533591746,0.4041706814768119,0.23165880523670926,-0.2464455374858609,-0.5520380039683284,-0.9611375961948575,0.009857821499434436,1,1,0,0
13672,ΑΓ. ΑΝΝΑ,-0.8785086233958377,-1.017298741480439,-0.13606510014809,-0.09426084771296908,-0.008980172745322387,-1.5624261932344161,-0.8266713503762877,0.4441779236513885,-0.41364533631729294,0.32545384673564504,-0.9688058086556989,-0.5139755421615831,0.36224158887855146,-1.0122822311882247,-0.6611265107332088,0.9759280146261267,-0.41531750641469783,0.03951276007941789,1.5411215075489617,0.24853402225502252,-1.049069973331131,2.48088110229048,0.5595576603723222,2.022706495601555,1.352166286542215,-0.8467373915451458,0.05289012085865659,1,1,1,1
13672,ΑΓ. ΠΑΡΑΣΚΕΥΗ,-1.4560695221776945,-1.4560695221776945,-1.4560695221776945,-1.4560695221776945,-1.4560695221776945,-1.4560695221776945,-1.4560695221776945,-1.4560695221776945,-0.5310371198530416,0.6582902545643694,0.5261427685179904,0.39399528247161136,0.5261427685179904,0.6582902545643694,0.7904377406107483,0.6582902545643694,0.7904377406107483,0.39399528247161136,0.4931058970063956,0.5922165115411799,0.6913271260759641,0.7904377406107483,0.6582902545643694,0.7904377406107483,0.9225852266571274,0.7904377406107483,1.0547327127035064,1,1,1,1
13672,ΕΙΡΗΝΗ,-1.4172124842980314,-1.9677842407879143,0.3262647445865973,0.9685984604914606,1.1521223793214215,0.1427408257566364,-1.14192660605309,-1.14192660605309,-1.9677842407879143,-0.3160689713182659,1.3356462981513824,-0.7748787683931682,-0.1784260321957952,0.4180267040015778,0.9685984604914606,1.3356462981513824,1.5191702169813432,-1.0501646466381096,-0.5684143597094622,-0.08666407278081474,0.3950862141478327,0.8768365010764801,0.6933125822465191,0.6015506228315387,0.1427408257566364,-0.49959289014822683,0.23450278517161688,0,1,1,1
13672,ΠΡΟΦ. ΗΛΙΑΣ,-0.29547553983094027,-0.6901812459619266,-0.15194619214694524,-0.22371086598894277,-0.06822073933128149,-1.8742983643548856,-1.5393965530922304,-1.5393965530922304,0.4460927565363674,2.1086410338759762,1.9172685702973165,1.52256286416633,0.6135436621676948,0.5537397672993636,0.5657005462730299,-0.06822073933128149,0.08726938732637979,-0.139985413173279,-0.10410307625228024,-0.10410307625228024,-2.233121733564873,0.20687717706304232,0.05138705040538104,0.3623673037207036,0.4341319775627011,-0.06822073933128149,0.23079873501037482,1,1,0,1
13672,ΝΕΑΠΟΛΗ,-0.32035904934240017,-1.0651990408233212,-0.10079276649855858,-0.02167399933308047,0.25032602269735016,-2.753846337662845,0.7980713338429678,0.8191384611947223,0.4506978117318154,0.38936906321893,0.1819748984005466,0.144522227552983,-0.3100595648593202,-0.5932953881440198,0.3402124327315028,0.6697959361900625,0.9867391632375694,0.7489147033555406,1.0696031974878037,1.123909570216771,-2.9415778502862575,0.6515377591518752,0.3631521936256355,0.27420210036267195,-0.21830052128278934,-1.0446000718571613,0.10753771509101394,1,1,0,0
13672,ΑΓ. ΔΗΜΗΤΡΙΟΣ,-0.35433685468305154,-0.8592577055611768,-0.12662745134585782,-0.15962881414834967,0.05157990778759814,-2.8558401551119332,1.29903142172179,1.2957312854415408,0.6291037568312055,0.2792893111247919,0.13408331479382776,0.05157990778759814,-0.24543235743482847,-0.5688457128992486,0.22648713064080492,0.24958808460254922,0.43439571629650353,0.8238117973659074,1.4409372817725048,1.4574379631737509,-2.50602570940552,0.43439571629650353,0.209986449239559,-0.0672249983013725,-0.33453603700155643,-0.9384609762871572,-0.0012222726963888092,1,1,0,0
13672,ΑΝΩ ΛΙΜΝΗ,0.296932529037855,-0.22878407975047838,0.5597908334320216,0.8226491378261883,1.085507442220355,-1.5430756017213119,0.5597908334320216,0.5597908334320216,0.296932529037855,0.296932529037855,0.296932529037855,-1.280217297327145,-1.2364075799281176,-1.1925978625290894,-1.1487881451300617,-1.1049784277310342,-1.061168710332006,-1.0173589929329785,1.3483657466145218,1.3483657466145218,-0.7545006885388117,-0.5792618189427008,-0.40402294934658933,-0.22878407975047838,1.6112240510086884,1.085507442220355,1.6112240510086884,1,1,0,1
13672,ΑΧΑΡΝΕΣ,-0.5032754819551261,-1.0774704612743682,-0.1542054064218423,-0.053025674383209334,0.1864330247748887,-2.6685217475818717,1.3398819700153046,1.3331366545460623,0.7049791514728827,0.3398889517001487,0.17041290053543848,0.17884454487199122,-0.06988896305631483,-0.5496495258061662,0.18896251807585454,0.5245419626706539,0.8188063500163448,0.7648438262624072,1.1990735095948737,1.1990735095948737,-2.6955030094588404,0.2505135217326896,-0.002435808363892846,-0.09181123833135198,-0.33379943079041585,-0.9796633869703564,-0.020142261470653615,1,1,0,0
13672,ΑΓ. ΙΩΑΝΝΗΣ ΡΩΣΟΣ,-2.770790197846767,-0.4914459219249435,-0.0572851074636438,-0.437175820117281,-0.27436551469429366,-0.7627964309632558,2.2220591684581796,2.2220591684581796,2.00497876122753,-0.0572851074636438,-0.22009541288663118,-0.7627964309632558,-0.6542562273479309,-0.545716023732606,-0.22009541288663118,0.10552519795934359,0.3226056051899934,-0.7627964309632558,-0.45074334556919665,-0.1386902601751375,0.17336282521892168,0.48541591061298084,0.268335503382331,0.4311458088053184,0.21406540157466852,-0.38290571830961856,0.5396860124206433,1,1,1,1
13672,ΑΓ. ΠΕΤΡΟΣ,-0.07541619858902386,-0.424348892060774,0.05005617406348903,0.10024512312449418,0.25320192026279564,-0.8043509349512417,0.6869778371471973,0.6786130123036964,0.4527627415291733,0.3655295681612357,0.22332754582172112,-1.386303749063373,-4.210029621233734,-0.2164232459508955,0.16238382196192913,0.647543662884979,0.8136451847773531,0.6367888880861922,0.7981105100679945,0.7933306101574226,-0.7469921360243785,0.5710652643158283,0.37628434296002256,0.34760494349659105,0.09546522321392227,-0.3430905935810514,0.15401899711842829,1,1,0,0
13672,ΒΑΡΥΜΠΟΜΠΗ,-0.26940286872467445,-0.48698265578059285,-0.2601441543818694,0.4203713498143009,0.5129584932423513,0.32315484921484805,1.68650053619289,1.7003886077070975,1.3092079267235845,0.6460525119201738,-0.017102902883237143,0.061596169030605684,-2.225306273642239,-0.26940286872467445,0.07085488337341073,1.0198731035109272,1.08005474673916,0.5916575651561942,-2.385019096055626,-1.5424760908603672,-0.6999330856651087,0.14260991953014976,0.07548424054481324,0.16112734821575986,-0.2994936903387908,-0.7601147288933415,-0.586513834965747,0,1,1,1
13672,ΒΑΡΥΜΠΟΜΠΗ ΣΥΝ ΦΛΟΓΑ,-0.832321262189058,-0.832321262189058,0.8261786698481794,1.4895786426630744,1.655428635866798,1.3237286494593508,-0.832321262189058,-0.832321262189058,-0.832321262189058,0.5774036800425938,1.9871286222742455,2.152978615477969,-0.6664712689853343,-0.832321262189058,-0.832321262189058,-0.832321262189058,-0.832321262189058,-0.832321262189058,-0.5006212757816105,-0.168921289374163,0.1627786970332845,0.494478683440732,0.3286286902370082,0.494478683440732,-0.832321262189058,-0.832321262189058,-0.168921289374163,0,1,1,1
13672,ΛΑΘΕΑ,-1.8486116260699115,-2.2959709056182,-0.314808381904351,-0.314808381904351,-0.12308297638365595,-2.0403370315906066,0.8355440512198193,0.8355440512198193,0.771635582712921,1.4107202677819044,1.155086393754311,0.8355440512198193,-0.0591745078767576,-0.5065337874250461,-0.12308297638365595,-0.6982591929457411,-0.4426253189181477,0.7077271142060226,1.2189948622612095,1.2189948622612095,-1.1456184724940295,0.6438186456991243,0.4520932401784292,0.38818477167153087,0.0047339606301407535,-0.6343507244388428,0.06864242913703911,1,1,1,1
13672,ΠΑΛ. ΜΕΝΙΔΙ,-0.03286338714820929,-0.7736463433238941,0.0892436935400904,0.2642638425266533,0.512548239926196,-2.1371754110099075,0.6143041404997791,0.6020934324309491,0.25205313445782335,0.2805447866184266,0.0363306252418272,-0.7451546911632908,-2.5034966530748064,-0.49687029376374814,0.2317019543431067,0.5776720162932891,0.8340968857387185,0.7852540534633986,1.3143847364460306,1.3143847364460306,-2.4261621686388835,0.8056052335781153,0.5451101281097426,0.3375280909396331,0.05261156933360049,-0.6026964303602745,0.2683340785495966,1,1,0,0
13672,ΠΛΑΤΩΝΑΣ,2.2780280011536562,1.6193211092538038,1.8148747177865723,-0.40826104237542954,-0.26416890977233687,-1.8594746635922919,0.6106761810321547,0.6106761810321547,0.3224919158259692,0.14752289766507093,-0.02744612049582738,-0.377384156817624,-1.2110600668783746,-0.5626454701644574,0.1886920784088117,0.7033068377055715,1.0429525788414329,0.4871686388009323,-0.10978448198330894,-0.09949218679737373,-2.2094126999140884,-0.1612459579129849,-0.3156303857020128,-0.3670918616316888,-0.5420608797925871,-0.9949218679737356,-0.3156303857020128,1,1,0,1
13672,ΧΑΡΑΥΓΗ,1.755416922655541,0.7731110799260155,1.755416922655541,1.5098404619731596,1.755416922655541,-0.7003476841682725,-1.4370770662154166,-1.4370770662154166,-0.4547712234858912,1.2642640012907782,1.0186875406083968,0.7731110799260155,0.28195815856125284,0.03638169787887147,-0.9459241448506539,-0.8055947387464356,-0.6652653326422182,-0.5249359265379999,-0.3846065204337825,-0.24427711432956423,-0.10394770822534681,0.03638169787887147,-0.20919476280350988,-0.20919476280350988,-0.4547712234858912,-0.9459241448506539,-1.4370770662154166,1,1,1,1
13672,40 ΜΑΡΤΥΡΩΝ,-0.10391644701381011,-0.38871001796519206,-0.2874500816269227,-0.1861901452886539,-0.08493020895038453,0.016329727387884258,0.11758966372615363,0.11758966372615363,-0.38871001796519206,-1.791582052651629,0.6027935253470266,0.5711497952413175,0.44457487481848107,0.19142503397280822,0.0015626533385535806,-1.4645968415593018,-1.4013093813478834,-0.8950096996565378,-0.8106264193746469,-0.8106264193746469,-1.8021299626868654,1.5942970686592453,1.4466263281659362,1.4571742382011725,1.3727909579192816,0.9192308264041177,1.5626533385535362,0,1,0,1
13672,ΑΓ. ΑΘΑΝΑΣΙΟΣ,-0.08352771522292217,-0.7219788664075035,0.1351073552546755,0.041406610764276486,0.3087293229868854,-2.967122195177456,1.031694871162807,1.0427184881616773,0.4924562729680598,0.2673907592411211,-0.03759597772762854,0.03222026326521776,-0.19008934621200338,-0.5566246114244464,0.29954297548782666,0.6293328507040349,0.9085978146754201,0.6844509356983872,0.9903563074170427,0.9710649776690193,-3.0194843759220906,0.3436374434833085,0.10019923475825232,0.07998927026032313,-0.11108675772009834,-0.8579368093935726,0.18655090124940432,1,1,0,0
13672,ΑΓ. ΜΑΡΙΝΑ,-0.6593676113496344,-1.1069527061754763,-0.6867707804206044,-0.9608024711303035,-0.8146522360851306,-2.477111159723972,0.7199252318891846,0.7199252318891846,0.47329671025045533,-0.18437934745282256,-0.2665888546657323,-0.31226080311734883,-0.5040829866141382,0.3271464752052825,0.8934786360053274,0.8752098566246808,1.09443520919244,1.4415420174247255,1.8617239431795976,1.8982615019408908,-1.2987748896722657,0.1535930710891397,-0.038229112407649694,-0.11130422993023613,-0.2848576340463789,-0.7781146773238373,0.02571161542461344,1,1,1,1
13672,ΑΓ. ΜΑΥΡΑ,0.18441290231127525,-0.510616960633049,0.5262308676937297,0.6145338420841971,0.5746550794562442,-2.592858066421168,1.167139552785832,1.167139552785832,0.6686550199364192,0.24992801234291234,-0.14885961393661792,-0.12037478348808005,-0.35395039316609067,-0.9179500360471406,0.1217462753244919,0.4037460967650169,0.6743519860261267,0.5148369355143146,0.9022306296144298,0.9022306296144298,-3.0628577688220426,0.4721096898415078,0.22429166493922825,-0.0035869786490747564,-0.49637454540878,-1.154374128770005,-0.006435461693928544,1,1,0,0
13672,ΑΥΛΙΖΑ,-0.7220343594581032,-0.7354927502709038,-0.13435129396580972,-0.3766023285962208,-0.20971828251749314,-2.62774249855067,1.631389580673631,1.0410148370187773,0.3411785147531453,-0.08410663493135408,-0.133454067911623,-0.425052535522303,-0.774970696655119,-0.21958776911354694,0.3187478633984776,0.17608892078279112,0.3994982082752813,0.9171976415410116,1.634081258836191,1.6206228680233903,-2.39894985473306,0.6121407831175311,0.37886200902898703,0.31157005496498397,0.12046090542321525,-0.5300279838621478,-0.13076238974906287,1,1,0,0
13672,ΜΠΟΣΚΙΖΑ,-0.5659227645054717,-1.1455276967230386,-0.21561209118716226,-0.08185710682926226,0.28119213642789487,-0.5977691893525908,1.4977255655878425,1.5232027054655377,1.0263984778504807,0.25571499655019964,0.013682167712094894,-2.470338970363191,-1.6773629916699266,-0.8843870129766622,-0.037272112043295585,1.618741980006895,1.9563140833863568,-0.4958606298418099,-0.22675833988365393,0.042343950074502035,0.311446240032658,0.580548529990814,0.31940784624443774,0.30666927630559015,-0.28567422585082414,-1.0181419973345622,-0.030902827073871774,1,1,1,1
13672,ΠΥΡΓΟΥΘΙ,-0.8851173535666989,-1.0685965746515422,0.006795526706845668,0.33298080863545626,0.5980063502024523,-1.904446359593607,1.143347368426848,1.056704402914561,0.2667244232437072,-0.45190252600526293,-0.3193897552217649,-0.4722891061258011,-0.8545374833858916,-0.8749240635064298,-0.0390742785643652,0.3125942285149181,0.6642627355942013,1.255473559089808,1.8161045124046074,1.8161045124046074,-2.3070813169742355,0.4654935794189543,0.24633784312316906,0.03227875185751837,-0.27351994995055406,-0.9564703839885824,0.39414054899707074,1,1,1,1
13673,ΑΧΑΡΝΕΣ,-0.8441606330990218,-1.1610876842277391,-0.6064653447524837,-0.5008229943762447,-0.3951806440000055,-2.2967429507723094,1.1102228488614019,1.1102228488614019,0.5556005093861465,0.2914946334455487,0.1594416954752498,-0.36877005640594573,-0.580054757158424,-0.7121076951287229,0.21226287066336935,0.5820110969802063,0.7404746225445649,1.2158651992376408,1.7704875387128962,1.7704875387128962,-2.006226487237652,0.608421684574266,0.4763687466039671,-0.10466418046534798,-0.3951806440000055,-0.7385182827227826,0.10662052028713025,1,1,1,1
13673,ΠΑΛ. ΜΕΝΙΔΙ,0.1554055858562014,-0.724446704175506,0.06489057844064722,0.10968390262321634,0.33620351092470574,-3.0024077241336196,0.4582827260544019,0.4770819968253247,0.26680867190611424,0.5325514500876771,0.2127317572193857,0.13010780173236702,0.031005473100465395,-0.3654038414271411,0.3844781815463347,0.5525111696716198,0.643258266849778,0.5522790799090158,1.0914235984380731,0.9143391095712325,-3.354255804241261,0.5067894864386348,0.2951236229438004,0.14844289297808183,-0.06090207289071269,-0.6443757360771312,0.28839301982828486,1,1,0,0
13673,ΧΑΜΟΜΗΛΟ,-0.7141923286156124,-1.0953813583279417,-0.39929704320107956,-0.36615017105218134,-0.21698924638213943,-2.6118507591400344,1.1088856395737887,1.1088856395737887,0.5536755310797438,0.3962278883724773,0.22220680959076175,-0.16726893815879212,-0.3744368890894059,-0.6561853023550406,0.28850055388855816,0.4625216326702737,0.6365427114519893,0.5702489671541928,0.3050739899630073,0.3050739899630073,-2.9847530708151395,1.0674520493876658,0.8768575345315013,0.5205286589308455,0.3050739899630073,-0.20041581030769035,1.0591653313504414,1,1,0,0
13673,ΧΑΡΑΥΓΗ,-0.28234571502899486,-0.8029812095745722,-0.06218442761946832,-0.07537013085815139,0.12001801713324331,-2.821592505387509,0.7061824611074274,0.7449404372938595,0.3541641413110701,0.3965182183807794,0.22830061039636798,0.014532391223778683,-0.19364189324149053,-0.5428632456841879,0.33618363689468406,0.4652437019278548,0.6730184196283154,0.8712035349733702,1.2575845965432653,1.2439993265397735,-3.164420789593269,0.5159886810585442,0.30741482982846646,0.10163794595204871,-0.08336146615432297,-0.6335649012957351,0.32539533424485245,1,1,0,0
13673,ΑΓ. ΜΑΡΙΝΑ,1.8592973328672608,0.9592789028139853,1.5092901656243203,0.2092635444362557,0.40926764000365023,-2.1157840665347063,-0.11574311086076047,-0.11574311086076047,-0.09074259891483616,0.40926764000365023,0.2092635444362557,0.8342763430843637,1.0842814625436068,0.5342701997332718,0.7092737833547421,-0.09074259891483616,0.08426098470663408,-0.2657461825363064,-0.21574515864445776,-0.21574515864445776,-3.115804544371679,0.05926047276070976,-0.1407436228066848,-0.31574720642815507,-0.5157513019955496,-1.1407641006436575,-0.4157492542118523,1,1,0,1
13673,ΑΓ. ΜΑΥΡΑ,-0.3955026216865546,-0.6485493227656297,1.552956976622324,2.666362461370255,2.843495152125607,0.768512203277191,-1.15464272492378,-1.15464272492378,-0.6991586629814447,-0.6991586629814447,-0.8003773434130748,-0.5473306423339996,-0.4208072917944621,-0.6232446526577222,-0.26897927114701703,0.009372100039965654,0.08528611036368819,-0.01593257006794186,0.08528611036368819,0.08528611036368819,-1.306470745571225,-0.06654191028375689,-0.14245592060747944,0.18650479079531826,0.3636374815506708,0.009372100039965654,0.2877234712269483,0,1,1,1
13673,ΑΥΛΙΖΑ,-1.456566514082224,-1.507050847689695,-1.204144846044868,-1.0022075116149833,-0.9517231780075122,-1.6585038485121084,1.0171658326838633,1.0171658326838633,0.7142598310390363,0.5628068302166229,0.4618381630016805,0.007479160534440027,-0.6993015099701563,-0.8002701771850986,0.007479160534440027,0.9666814990763922,1.1181344998988056,1.219103167113748,1.6229778359735174,1.6229778359735174,-0.6993015099701563,0.4618381630016805,0.3608694957867382,0.20941649496432468,-0.7497858435776275,-0.901238844400041,0.25990082857179586,1,1,1,1
13673,ΑΓ. ΣΩΤΗΡΑ,-0.8174903766217029,-1.0647522157044436,-0.5372602923279302,-0.32296669845622156,-0.2240619628231253,-1.9878630816133418,0.056168121470647446,0.056168121470647446,0.9957631099850619,1.5067709107560592,1.3419296847008988,0.7649853935078373,0.3528823283699362,0.1880411023147758,0.666080657874741,0.682564780480257,0.8144377613243854,1.04521547780161,1.5067709107560592,1.5067709107560592,-1.4933394034478606,-0.7515538861996387,-0.8339744992272189,-0.5702285375389622,-1.0152998478878954,-1.2460775643651198,-0.6196809053555103,1,1,1,1
13674,ΑΓ. ΠΑΡΑΣΚΕΥΗ,-0.08555124262344661,-0.690990805804761,-0.05922778335469381,-0.0197425944515646,0.16452162042970503,-0.3751092945797274,2.5073094953487045,2.4809860360799516,1.7570909061892497,-1.507018043136098,-0.7304759947078903,-1.1779748022766878,-0.9739679929438537,-0.7699611836110195,-0.6778290761703847,0.9673871281266655,1.2306217208141936,-0.20400680933283422,-0.1381981611609522,-0.0723895129890702,-0.0065808648171882,0.05922778335469381,-0.1513598907953286,-0.09871297225782301,-0.38827102421410387,-0.954225398492289,-0.08555124262344661,1,1,1,1
13674,ΝΕΑΠΟΛΗ,0.05779346212903629,-0.8383494252536018,0.21139000505378977,0.11355781210808691,0.39922781550953923,-2.6971610912219557,0.7377272031016711,0.7064209013590461,0.3679215137669143,0.5567376461521208,0.2162816147010749,0.116492777896458,-0.40397448857468116,-0.574202504300204,0.34835507517777375,0.6907677504877336,1.0165489529969243,0.7504453881846125,0.9803510416070141,0.9646978907357017,-3.2420864059295207,0.35226836289560187,0.03529205775152464,0.11747109982591503,-0.1104779097375726,-0.9978158997550974,0.12431935333211423,1,1,0,0
13674,ΑΓ. ΔΗΜΗΤΡΙΟΣ,-0.27721147793705,-0.680497217072868,0.3174641035005122,-0.05848022959219951,0.1124035581772149,-2.7447733733273942,0.6523963275285645,0.611384218463905,0.20809847932808698,-0.03797417505986978,-0.1815165567861779,-0.031138823549093208,-0.9334052229716013,-0.49594272628190045,0.06455609760177887,0.009873285515566252,0.20809847932808698,0.5088539458022564,1.1172002302613717,1.1172002302613717,-2.956669270161468,-0.14050444772151843,-0.31822358700170944,1.158212339326031,1.3017547210523392,0.6045488669531284,0.8642922243626383,1,1,0,0
13674,ΓΕΡΟΒΟΥΝΟ,0.16793290839407232,-0.4531888075840021,0.27662920869023533,0.16793290839407232,0.3853255089863984,-2.813451328300685,0.6958863669754356,0.6958863669754356,0.21451703709242792,0.07476465099736117,0.10582073679626489,-0.002875563499898133,-0.2513242498911279,-0.49977293628235764,0.40085355188585026,0.6182461524781763,0.8511667959699541,0.7424704956737912,1.0840874394617321,1.0840874394617321,-3.1705963149880776,0.7269424527743393,0.5095498521820132,-0.03393164929880185,-0.4531888075840021,-1.012198351964269,-0.11157186379606115,1,1,0,0
13674,ΑΓ. ΙΩΑΝΝΗΣ ΡΩΣΟΣ,-1.2273232117872699,-1.303765487953951,-1.1891020737039293,-1.0744386594539075,-0.9979963832872264,-1.1508809356205887,1.5628198682965924,1.5628198682965924,1.333493039796549,0.5690702781297374,0.4161857257963751,-0.31001589778709593,-0.443789881078788,-0.57756386437048,-1.7624191449540378,1.1806084874631866,1.2952719017132084,0.30152231154635334,0.40663044127553993,0.5117385710047265,0.6168467007339131,0.7219548304630997,0.6837336923797591,0.6455125542964185,-0.845111830953864,-0.9597752452038858,0.033974344962969284,1,1,1,1
13674,ΑΓ. ΠΕΤΡΟΣ,-0.6388130608797334,-1.0832047554047655,-0.388842732709403,0.333293770893774,0.499940656340661,-0.7499109845109915,1.6942433353766844,1.6942433353766844,1.3609495644829104,0.8610089081422495,0.666587541787548,-1.333175083575096,-0.999881312681322,-0.666587541787548,-0.13887240453907249,1.055430274496951,1.2498516408516525,0.5832640990641045,-1.1387537172203945,-1.1387537172203945,-2.166409510809531,0.5832640990641045,0.388842732709403,0.3055192899859595,-0.166646885446887,-0.6388130608797334,-0.027774480907814498,1,1,1,1
13674,ΒΑΡΥΜΠΟΜΠΗ,2.0017434755188583,1.7371311189019223,2.0017434755188583,-0.3797677340335655,-0.3797677340335655,-0.5120739123420335,-0.24746155572509754,-0.24746155572509754,-0.3797677340335655,-0.4459208231877995,-0.5120739123420335,-0.5120739123420335,-1.5043702496555436,-0.5120739123420335,-0.4459208231877995,-0.24746155572509754,-0.18130846657086352,-0.3797677340335655,-0.4459208231877995,-0.5120739123420335,-0.5782270014962675,-0.6443800906505015,-0.6443800906505015,-0.6443800906505015,0.6125286032799444,1.8694372972103903,2.134049653827326,0,1,0,1
13674,ΛΑΘΕΑ,-0.22421210797436772,-1.0421814358833474,-0.014379730461618733,0.05347025987184501,0.3587952163724319,-2.5863969566208835,1.127761773485021,1.1151969604603056,0.5925007386321404,0.5309331548110343,0.22183875440303283,0.16404061448934149,-0.39132412120308396,-0.6501592695122235,0.26330263738459403,0.6804544298051489,1.0247303066823539,0.6879933176199782,0.72191831278671,0.7206618314842386,-3.1480440988256664,0.4316711319157818,0.12634617541519497,0.1690665396992277,-0.11112879075192815,-0.9831268146671844,0.16027117058192683,1,1,0,0
13674,ΠΑΛ. ΜΕΝΙΔΙ,-0.09632075910387237,-1.0025348941121965,0.03326592807265863,0.00440276238695597,0.3223439225433816,-2.426203102599252,0.808405583858797,0.8125714015866303,0.4599646867664484,0.6933992587296828,0.38587264289284057,-0.3087774632233744,-2.0423527548203197,-0.48939541756586424,0.3619191909577987,0.7627303680571954,1.0727862303716507,0.7343135399851891,0.8772903555726131,0.8662806944347677,-2.6431231828557182,0.6559068991791824,0.323087818566209,0.3634069830034534,0.0627242105766232,-0.8336704969303794,0.24170559366889277,1,1,0,0
13674,ΠΛΑΤΩΝΑΣ,-0.3302267427035126,-0.7626615072393184,-0.25056770713112736,0.05668857293378723,0.21600664407855774,-0.6033434360945478,2.321281155634454,2.321281155634454,1.957125564446407,0.8646587908822663,0.6825809952882429,-1.1950962717751241,-0.5179944694098493,0.15910733295542542,0.5460226485927253,0.6029219597158576,0.7963796175345075,-1.3316546184706417,-1.1268170984273653,-0.9219795783840888,-0.7171420583408125,-0.5123045382975361,-0.23918784490650088,-0.23918784490650088,-0.48954481384828313,-0.9105997161594623,-0.3757461916020185,1,1,1,1
13674,ΧΑΡΑΥΓΗ,-0.5599762621353737,-0.9393150203561109,0.5509443869396423,-0.3974025086122006,-0.3161156318506141,-2.402478802064669,0.1987012543061007,0.1987012543061007,0.09031875195731863,0.30708375665488274,0.1987012543061007,-0.01806375039146342,-0.207733129501832,-0.47868938537378714,1.3909087801427034,0.740613766050011,0.957378770747575,0.6593268892884244,0.740613766050011,0.740613766050011,-2.673435057936624,1.363813154555508,1.1470481498579437,0.6593268892884244,-0.8580281435945244,-1.2373669018152615,0.14451000313170967,1,1,0,0
13674,ΑΓ. ΑΘΑΝΑΣΙΟΣ,0.5423108551872557,-0.17471354870723393,0.6932633612703062,0.6555252347495436,0.9196921203948819,-2.2125723808284152,-0.5520948139148601,-0.5143566873940975,0.08945333693810438,1.5612402712478464,1.2593352590817455,1.1838590060402203,0.9196921203948819,-0.13697542218647132,0.16492958997962961,0.42909647562496794,0.6555252347495436,0.24040584302115484,0.127191463458867,0.16492958997962961,-3.042811164285193,-0.13697542218647132,-0.21245167522799654,-0.2879279282695218,-0.5143566873940975,-1.1181667117262994,-0.7030473199979106,1,1,0,0
13674,ΑΓ. ΜΑΡΙΝΑ,-0.5668718053026189,-1.2808327962376962,0.1024666236990161,0.9502953004344205,1.2626532339685168,-2.039416349106216,-0.20989130983508023,-0.20989130983508023,-0.38838155756884957,0.013221499832131438,-0.2545138717685226,0.013221499832131438,0.1024666236990161,-0.4330041195022919,-0.1652687479016379,-0.9238523007701576,-0.6561169291695036,1.173408110101632,1.976614224903594,1.976614224903594,-2.2625291587734275,0.5933148049668817,0.32557943336622774,0.4594471191665548,0.3702019952996701,-0.4330041195022919,0.5040696810999971,1,1,1,0
13674,ΑΓ. ΜΑΥΡΑ,0.8638223397781143,-0.041933123290199284,0.8638223397781143,0.5241640411274967,0.7506029068945751,-2.5327606467280614,0.8638223397781143,0.8638223397781143,0.2977251753604183,-0.041933123290199284,-0.26837198905727766,0.1845057424768791,0.41094460824395745,-0.26837198905727766,0.5241640411274967,0.6373834740110359,0.8638223397781143,0.5241640411274967,0.6373834740110359,0.6373834740110359,-3.2120772440292966,-0.38159142194081686,-0.6080302877078952,0.07128630959333991,-0.26837198905727766,-1.174127452125591,-0.7212497205914344,1,1,0,0
13674,ΑΥΛΙΖΑ,0.9131170962383233,-0.010208128521390157,0.6099356791530443,0.2654113415561362,0.49968789112203366,-2.2840687566609827,-0.42363733363767975,-0.43741830714155605,-0.023989102025266475,0.5685927586414152,-0.3133895456066692,-0.28582759859891654,-0.5063231746609377,0.2929732885638889,1.0784887782848391,1.0784887782848391,1.3678892218662417,0.19650647403675464,-0.3822944131260508,-0.3822944131260508,-3.3865466369710884,0.9820219637577048,0.7201834671840548,0.4583449706104047,0.11382063301349672,-0.5614470686764429,-0.14801786356015334,1,1,0,0
13674,ΜΕΓ. ΣΧΙΝΑ,0.3789842541990933,-0.5405025756292591,0.3789842541990933,-0.3303341573827785,0.03746057454856245,-0.9608394121222201,1.6662658159587866,1.6662658159587866,1.2459289794658255,-0.5667736279100691,-0.8820262552797898,-1.670157823704092,-1.2760920394919408,-0.8820262552797898,-0.041352582293867755,1.850163181924457,2.244228966136608,0.03746057454856245,-0.00851376694285517,-0.054488108434272785,-0.10046244992569041,-0.14643679141710803,-0.46168941878682884,0.5366105678839537,-0.46168941878682884,-1.2760920394919408,-0.3828762619443986,1,1,1,1
13675,ΑΓ. ΑΝΝΑ,-0.38740425293031794,-0.9233362848109514,-0.05475678486647647,0.4904154544603748,0.24092985341249373,-2.5496127953452876,1.044827901233444,1.044827901233444,0.6012979438149887,0.582817528922553,0.4719350395679392,0.15776798639653336,-0.6368898539781991,-0.9695373220420406,0.5920577363687709,1.044827901233444,1.2665928799426716,0.9801464491099192,0.9339454118788302,0.9339454118788302,-2.484931343221763,0.08384632682679082,-0.09171761465134774,-0.34120321569922885,-0.5906888167471099,-1.0896600188428722,-0.3504434231454467,1,1,0,0
13675,ΑΓ. ΠΑΡΑΣΚΕΥΗ,-0.3480842608600156,-0.825456961468037,-0.2436589826020109,0.21879582111200982,0.4127284807340185,-0.07956211676800357,2.362000341550106,2.362000341550106,1.9592171254120878,-0.33316636396601496,-0.39781058384001783,-0.8304295937660372,-0.9771222465570438,-1.1238148993480503,-0.646442198740029,1.0343075179840464,1.3127749266720588,0.01989052919200089,-0.011188422670500502,-0.042267374533001896,-0.07334632639550329,-0.10442527825800468,-0.2834400409860127,-0.3580295254560161,-0.9646906658120432,-1.402282308036063,-0.6364969341440285,1,1,1,1
13675,ΝΕΑΠΟΛΗ,0.2850716297742334,-0.029169759102556942,0.33562046697680087,0.33119453192219817,0.4518594981476818,-0.2038777217842417,0.7733221494819817,0.7761174768848887,0.6111931601133783,0.4982153442458888,0.3919929029354245,-0.45732073964780573,-2.305963928770273,0.14157815642500965,0.4518594981476818,0.8182803318787353,0.9459336166114863,0.17092909415553267,-2.0851330639406234,-2.089326055044984,-2.4569116085272484,0.646833584500442,0.5261686182749584,0.5420088068914312,0.38943051948275975,0.05375828718368276,0.48633520278353426,0,0,0,0
13675,ΓΕΡΟΒΟΥΝΟ,-0.12862848604154206,-0.6860185922215577,0.3001331340969315,0.4501997011453972,0.664580511214634,-2.6797601258654598,1.0075898073254128,1.0075898073254128,0.5788281871869393,0.664580511214634,0.4287616201384735,0.3001331340969315,0.10719040503461838,-0.2786950530900078,0.32157121510385517,0.23581889107616044,0.4716377821523209,0.10719040503461838,0.17150464805538942,0.17150464805538942,-3.6873499331908723,0.23581889107616044,0.042876162013847356,0.19294272906231308,0.15006656704846574,-0.4287616201384735,0.2786950530900078,1,1,0,0
13675,ΑΓ. ΙΩΑΝΝΗΣ ΡΩΣΟΣ,1.832619810875397,-0.5097508469797302,-0.44080985556498203,1.6365398834995941,2.3204623420524046,-0.44730205655022737,-0.1643502969432844,-0.16241809426910422,-0.21497400700680463,-0.4245793531018687,-0.46036374662768526,0.19681702691447156,-0.15441877519799835,-0.5056545773104683,-0.5415935470502193,2.961876341773251,-0.28785669187688034,-0.4374864669653922,0.6370500841996798,-1.0054767650673926,-1.0087228655600153,-0.4140681705543286,-0.4331583329752286,-0.43261731622645816,-0.46971560757071723,-0.5211894868108767,-0.5488586291051367,1,1,1,1
13675,ΑΓ. ΠΕΤΡΟΣ,0.2561026760641175,0.0032522404734551713,0.30669708741847806,0.4201696494223684,0.5212368509499491,0.07014389010061452,0.9100597670554554,0.9105462517800166,0.744898203066942,0.5115071564587259,0.40630483477237533,-0.36270589357767663,-2.3906174679108676,0.14165714461110487,0.3748049488570403,0.7024524108489808,0.8049790665502451,0.04618451741597745,-2.1718209630394862,-2.180091203357026,-2.2604828040907576,0.5278043947315247,0.5116287776398663,0.491804525113999,0.30548087560707515,0.020887311738797182,0.3771157512987058,0,0,0,0
13675,ΠΛΑΤΩΝΑΣ,0.09982698957414002,-0.10348816520073817,0.2060170704119745,0.3860222074419622,0.4822839473884544,-0.049961457786545184,1.2247511792627441,1.2221611772910896,0.9717943200311547,0.45552059368135794,0.34328717490966293,-0.47126844517567706,-2.2139081051038794,0.032486938311123044,0.3135021522356362,0.8315025465665361,0.9463259673098855,-0.08060981445112342,-2.0490113129085428,-2.0645513247384697,-2.2963565012015477,0.4874639513317634,0.4352322449033977,0.41149056016323143,0.225873752194659,-0.045644787833787684,0.2992571413915365,0,0,0,0
13675,40 ΜΑΡΤΥΡΩΝ,-0.16114390531211004,-0.8409697558475767,-0.3333664541144288,0.17423684761872044,0.6818401493518684,1.1894434510850176,1.6970467528181656,1.6970467528181656,0.9718991789136677,0.20142988164013884,-0.07050045857404783,-0.3424307987882345,-0.7503263091095145,-1.2035435427998256,-0.20646562868114116,0.6093253919614189,0.8359340088065744,-0.025178735205016713,-0.7956480324785457,-0.7956480324785457,-3.333664541144288,0.20142988164013884,0.0654647115330455,0.20142988164013884,0.15610815827110774,-0.5237176922643589,0.6999688386994811,0,1,0,1
13675,ΑΓ. ΑΘΑΝΑΣΙΟΣ,0.1825193505174543,-0.4334834574789537,-0.022814918814681697,-0.2281491881468177,-0.022814918814681697,-2.4868261508003138,1.6198592358424064,1.6198592358424064,0.5931878891817263,-0.022814918814681697,-0.2281491881468177,-0.022814918814681697,-0.2281491881468177,-0.4334834574789537,0.3878536198495903,1.0038564278459983,1.2091906971781343,-0.022814918814681697,-0.8441519961432257,-0.8441519961432257,-2.897494689464586,0.5931878891817263,0.3878536198495903,0.3878536198495903,0.3878536198495903,-0.2281491881468177,0.5931878891817263,1,1,0,0
13675,ΑΥΛΙΖΑ,0.7875124633680145,0.34046202424188793,0.852707319073908,0.7968260141831421,0.9458428272251843,-1.3173500208508313,2.156604433191777,2.156604433191777,1.0389783353764606,-0.2742323295565361,-0.3766813885229401,-0.3580542868926848,-0.4325626934137059,-0.6560879129767692,-0.050707109993472804,0.37771622750239847,0.5081059389141853,0.0796826014183141,-0.01345290673296226,-0.01345290673296226,-2.164883145027446,-0.17178327059013207,-0.2835458803716637,-0.5443253031952375,-1.3173500208508313,-1.5595023420441498,-0.507071099934727,1,1,1,1
13675,ΑΜΥΓΔΑΛΕΖΑ,-0.024490611945688273,-0.024490611945688273,4.604235045789375,-0.024490611945688273,-0.024490611945688273,-0.024490611945688273,-0.024490611945688273,-0.024490611945688273,-0.024490611945688273,-0.024490611945688273,-0.024490611945688273,-0.6857371344792688,-0.6857371344792688,-0.6857371344792688,-0.6857371344792688,-0.024490611945688273,-0.024490611945688273,-0.6857371344792688,-0.3551138732124785,-0.024490611945688273,0.30613264932110196,0.6367559105878922,0.6367559105878922,-0.024490611945688273,-0.6857371344792688,-0.6857371344792688,-0.6857371344792688,1,1,1,1
13675,ΜΕΣΟΝΥΧΙ,0.09345101072428635,-0.18433917576495745,0.13757652771174747,0.3170871536380097,0.4274009461066625,0.1325622644177178,0.541726149210539,1.2367030417630516,1.000029814284851,0.22683041434547563,0.26293311006248926,-0.22244757679958296,-2.891038501882174,-0.020874192379590154,0.11250521124159911,0.8325534202642599,0.9609185605914196,0.25691599410965366,-2.884018533270533,-1.7447779128669914,-0.6055372924634499,0.5337033279400916,0.37124119721353016,0.496597779564272,0.29101298450905544,-0.00783710781511301,0.3291213855436809,0,1,0,0
13676,ΘΡΑΚΟΜΑΚΕΔΟΝΕΣ,-0.5876677765992216,-0.9848852716757763,-0.580789959440638,-0.6244593875639737,-0.08021677363851865,0.07834988770252538,0.8691104275928299,0.7373955181722834,-0.380108445087445,0.43057892122807084,-0.2649285618495209,-0.8826601810310747,-0.7050617516621692,-0.4864319610252752,1.1386172218685615,1.3339754941743576,1.348202211858551,1.6797977939083457,2.069242413428967,0.5033613014336303,-2.5551474589844574,0.43189795465574443,-0.007764151789877615,-0.5754667173932411,-0.7735572732277896,-0.8798807891656197,-0.25150268588927205,1,1,1,1
13677,ΑΧΑΡΝΕΣ,-1.7419442340103006,-1.7971238339696332,-2.332690539457272,-1.4043749166120312,-1.5017506812461474,-0.6626961759821796,0.17635832928178835,0.20232519985088598,-0.09953967051487421,-0.02488491762871846,0.11793287050131862,0.5983199760296252,0.5983199760296252,0.5820906819239391,0.643761999525546,0.549632093712567,0.6534995759889577,0.9472497993018749,1.2410000226147921,0.9780854581026783,1.1014280933058922,1.224770728509106,0.9001848463953853,-0.2910453409619694,-0.2910453409619694,-0.4825510114090646,0.11468701168018142,1,1,1,1
13677,ΒΑΡΥΜΠΟΜΠΗ,-0.651078063087039,-0.8159639749655413,-0.495918567358673,0.11730881277373453,0.19650962999627358,-0.07490369685991284,1.6795565115551625,1.7031778079197795,1.3057842337856362,0.7011253631188249,0.09646649245201373,0.13861429576927134,-2.1234722031481597,-0.7015627945329849,-2.1470934995127764,0.7930631538713044,0.9389593961233501,0.5888084147184406,0.494323229259973,0.3998380438015054,0.30535285834303777,0.21086767288457012,0.12842471694531896,0.2020675820820658,-2.0118499987584992,-0.6700677327134956,-0.30833768446318577,1,1,1,1
13677,ΒΑΡΥΜΠΟΜΠΗ ΑΔΑΜΕΣ,0.5276195618912923,0.13145572512501538,0.5599594669334373,0.49527965684914727,0.6408092295388,0.12337074886447912,1.6110063808031516,1.6110063808031516,1.1178228289104395,0.8510186123127429,0.5842143957150462,0.7216589921441626,-3.5148685683768397,-1.0004409513500616,-0.7174667822312923,0.2850702740752044,0.4467697992859297,-0.05449872886731869,-0.17577337277536265,-0.29704801668340663,-0.41832266059145057,-0.5395973044994945,-0.7821465923155825,-0.6851268771891472,-0.6527869721470022,-0.6204470671048572,-0.24853815912018903,0,1,0,1
13677,ΒΑΡΥΜΠΟΜΠΗ ΣΥΝ ΦΛΟΓΑ,-0.26816114539787334,-0.46556917972655487,-0.22703447157939802,0.38575296831588435,0.4721189833346825,0.28704895115154355,1.3604551378137495,1.356342470431902,1.0108784103567092,0.5811046689536421,0.15133092755057498,0.1266549232594898,-2.159988141047738,-0.3134004865981962,-0.4038791689988419,1.1671597708669155,1.4056944790140724,0.977977071301929,-2.2134528170117562,-1.3950320080240972,-0.5766111990364383,0.2418096099512207,0.1924576013690503,0.21302093827828797,-1.818636748354393,-0.4079918363806894,0.3199502902063238,0,1,1,0
13677,ΜΕΓ. ΣΧΙΝΑ,-0.8578955114184856,-1.1824481234141477,-0.8437845282882395,-0.7450076463765162,-0.6321197813345467,-1.111893207762917,2.1900768447146897,2.1900768447146897,1.2164190087277031,-2.1984389087918728,1.2305299918579493,0.12987330769874716,-0.03240299829908395,-0.19467930429691505,0.10165134143825479,0.7507565654295791,0.891866396732041,-0.5474538825530696,-0.25817872838302286,0.031096425787023877,0.3203715799570706,0.6096467341271173,0.4120929703036708,0.1863172402197319,-0.49100995003208486,-0.8578955114184856,-0.3075671693388845,1,1,1,1
13677,ΒΑΡΥΜΠΟΜΠΗ ΚΤΗΜΑ,0.9543709546301996,-0.1344184443141127,0.6244347731319232,-0.4643546258123892,-0.39836738951273387,-0.5303418621120445,2.07615397172434,2.07615397172434,1.5482560813270974,0.7234156275814061,-0.10142482616428505,-0.10142482616428505,-1.140723797883856,-2.180022769603427,-2.180022769603427,0.7894028638810614,0.22851135533399142,-0.10142482616428505,-0.06843120801445741,-0.03543758986462976,-0.0024439717148021173,0.03054964643502553,-0.03543758986462976,0.03054964643502553,-0.3818705804378201,-0.7942908073106657,-0.4313610076625615,1,1,1,1
13677,ΟΛΥΜΠΙΑΚΟ ΧΩΡΙΟ,-0.06382867593504825,-0.452350776668188,0.1618857871499351,0.006579234377714681,0.1956406690916471,0.05431341086094379,0.7839643942474458,0.7701555789076545,-0.4346209396887029,0.4177750689403883,0.12335748755990017,0.06488312136794452,0.062325933342057244,-0.18367555474829847,0.36799514203644934,0.21302954766768056,0.48852393765660285,0.8690335159086291,1.05775399221911,-0.0737164696351457,-4.621078696469621,0.447097491637229,0.159158119922322,-0.03280146122094933,-0.03450625323820752,-0.45149838065955894,0.10460477537006017,1,0,0,0
13678,ΚΕΡΑΜΙΔΙΩΤΗ,-0.017521648348348955,-0.7797133515015419,-0.24496612210095955,-0.33897650458537193,-0.10243425188265691,-3.856784365292416,0.896299703973251,0.8942779753176723,0.44747594243476607,-0.13276018171633833,-0.2904550168514817,-0.19341204138370116,-0.35009601219105513,-0.6796377830503931,-0.15601006125549408,0.15937960901479262,0.3575090172615112,0.38480235411182445,0.8942779753176723,0.9114626688900918,-1.632882844155779,1.0580379964195519,0.8467673519115714,0.8629411811562014,0.6082033705532776,-0.025608562970664,0.47982360092402626,1,1,0,0
13678,ΛΥΚΟΤΡΥΠΑ,1.194254754863008,0.6245572569601596,0.51061775737959,0.2827387582184506,0.51061775737959,-2.2239302325540824,-0.4008982392649674,-0.4008982392649674,0.2827387582184506,0.51061775737959,1.4221337540241474,0.852436256121299,0.7384967565407293,0.39667825779902033,0.51061775737959,0.2827387582184506,0.39667825779902033,0.05485975905731127,-0.059079740523258414,-0.059079740523258414,-2.793627730456931,-1.654232734651234,-1.7681722342318036,-0.059079740523258414,0.51061775737959,0.05485975905731127,0.2827387582184506,1,1,0,0
13678,ΓΕΡΟΒΟΥΝΟ,0.23129622216290374,0.23129622216290374,-0.46259244432580715,-0.46259244432580715,-0.46259244432580715,-1.850369777303229,-0.46259244432580715,-0.46259244432580715,-0.46259244432580715,-1.156481110814518,-1.156481110814518,-0.46259244432580715,-0.46259244432580715,-0.46259244432580715,1.6190735551403255,1.6190735551403255,2.3129622216290366,0.9251848886516146,0.23129622216290374,0.23129622216290374,-1.850369777303229,0.23129622216290374,0.23129622216290374,0.9251848886516146,0.9251848886516146,0.9251848886516146,-0.46259244432580715,1,1,1,1
13678,ΑΓ. ΠΕΤΡΟΣ,-0.16854124039993507,-0.939831662569129,0.05182745164840606,0.25015927449191305,0.5366385741547566,-2.0416751228108345,0.9333022198417705,0.9222837852393535,0.5366385741547566,0.6578413547813442,0.34932518591366657,-2.691762764353441,-1.545845565702067,-0.39992836705069323,0.21710397068466192,0.8010810046127659,1.1095971734804435,0.8010810046127659,1.1095971734804435,1.1095971734804435,-1.3805690466658114,0.41543579352816895,0.1179380592629084,0.20608553608224486,-0.04733845977334745,-1.0169607047860485,0.10691962466049135,1,1,0,0
13678,ΚΟΝΤΟΧΕΡΙ,-0.060548961642027686,-0.5768085293266806,0.11153756091952327,0.19758082220029874,0.3051348988012681,-1.7599033719373434,2.1980866469783287,2.1980866469783287,1.2085891422494106,0.15455919155991102,-0.03903814632183382,0.3696673447618497,0.6062863132839823,-0.4692544527257112,-0.4907652680459051,-0.03903814632183382,0.15455919155991102,-0.10357059228241543,0.6277971286041761,0.6708187592445639,-2.0825656017402516,0.2621132681608804,0.15455919155991102,-0.08205977696222155,-1.329687065533466,-1.7383925566171496,-0.44774363740551737,1,1,1,1
13678,ΛΑΘΕΑ,-0.3063393823385027,-1.0694370402363438,-0.1713844343411913,0.05436400269778958,0.3199503992142377,-1.6098744750081857,0.9653871070274662,1.216150076761601,0.6998007105110181,0.29462704512778565,-0.0558852339956662,-0.8964970611093542,-2.8414541835053893,-0.9517760901517313,-0.21431060773164048,0.8656377976381491,1.0144897082438793,0.8715054040728147,1.317443493107409,1.32238463536818,-1.5227868426620945,0.487949236080456,0.23348040965074293,0.28875943869311993,0.08833435574059108,-0.6534546261576745,0.2529361573025293,1,1,1,0
13678,ΠΑΛ. ΜΕΝΙΔΙ,-0.9744853795606878,-1.6994756504623252,-0.14376736081922836,0.37731939639132345,0.7020546218993485,-2.1450425877872896,0.8379902976934055,0.8379902976934055,0.30179957650573624,-0.022935649002288817,-0.2948070005904028,-0.15131934280778708,-0.4005347484302249,-0.6799580820068977,0.30935155849429496,1.34397309092684,1.6460523704691887,1.1023096672929609,0.9210620995675515,0.9210620995675515,-2.492433759260991,0.3924233603684409,0.09789606281465074,0.17341588270023797,-0.06824754093364115,-0.861205649732307,-0.030487630990847538,1,1,0,0
13678,ΧΑΜΟΜΗΛΟ,2.2615343345523042,1.7476934338545855,1.40513283338944,0.33463095693585965,0.5059112571684325,-2.106113321378303,-0.050749718587429216,-0.050749718587429216,-0.007929643529286004,0.24899080681957325,0.12053058164514362,0.4202711070521461,0.4202711070521461,0.16335065670328683,0.07771050658700042,-0.13638986870371564,-0.050749718587429216,0.24899080681957325,-0.7786909945758638,-0.7786909945758638,-2.7912345223085944,0.3774510319940029,0.24899080681957325,-0.26485009387814523,-0.5645906192851478,-0.9499712948084366,-0.050749718587429216,1,1,0,1
13678,ΜΠΟΣΚΙΖΑ,0.6848979203248446,0.34806287754213405,0.6175309117683024,2.0322380914556866,2.234339117125313,2.0322380914556866,1.1564669802206393,-0.4603412251363712,-0.5950752422494554,-0.6287587465277265,-0.6624422508059975,-0.7971762679190818,-0.3929742165798291,0.011227834759423525,-2.4139844732760922,0.21332886042904986,0.28069586898559196,-0.05613917379711858,-0.08982267807538964,-0.12350618235366069,-0.15718968663193175,-0.1908731909102028,-0.2582401994667449,-0.325607208023287,-0.7971762679190818,-0.931910285032166,-0.7298092593625397,0,1,1,1
13678,ΑΓ. ΣΩΤΗΡΑ,-0.4616252746457691,-0.6288870007205665,-0.0924959481358715,0.011321674945037198,0.1382098809328145,-2.0073543294059655,1.3032743177296788,1.3032743177296788,0.311239252734329,-0.23668709130380025,-0.2078488626702145,-0.45585762891905196,-1.1249045332182412,-1.2171868648457158,0.29393631555417754,0.7380450365113981,0.9168420540396297,1.3609507749968504,1.8627359532212424,1.8569683074945251,-1.770880854610562,0.21318927538013743,0.040159903578622945,-0.39818117165188044,-0.6000487720869807,-0.8768957669694039,-0.27129296566410316,1,1,1,1
13678,ΜΕΓ. ΣΧΙΝΑ,-0.4967152398162266,-0.83986180207733,-0.4967152398162266,-0.6682885209467783,-0.5539063335264105,-1.0114350832078816,-0.1535686775551233,-0.1535686775551233,-0.21075977126530718,0.8186799155180028,0.6471066343874511,0.2467689784161639,0.8472754623730947,1.4477819463300254,2.9919414765049903,-0.4967152398162266,-0.43952414610604273,-0.8970528957875138,-0.41092859925095077,0.07519569728561225,0.5613199938221752,1.0474442903587382,0.9330621029383706,1.1046353840689223,-1.240199458048617,-1.4689638328893526,-1.1830083643384333,1,1,1,1
13678,ΛΟΥΤΡΟ,-0.8060469197467558,-1.219090853510571,-0.2342786795584178,0.0579183390867265,0.24910898091626538,-2.3319646837825094,1.1834179664606157,1.197847448862845,0.04709622728505449,-0.6094452220163808,-0.057517520131108286,-0.25411921786148317,-0.49400936279854607,-0.652733669223069,0.05250728318589049,0.2058205337095773,0.4006185461396735,0.7938219416004233,1.4395412791001867,1.437737593799908,-2.8388002531608154,0.517858090657787,0.31584533702657613,0.4889991258533283,0.534091258360295,-0.07735805843417365,0.6531344881786871,1,1,0,0
13679,ΑΓ. ΠΑΡΑΣΚΕΥΗ,0.17680258986530847,0.02703080251613443,0.26432802639241204,0.29558711086637757,0.5755597805027647,0.04415534444535034,1.258638730790377,1.4497268732703577,1.1632305686133169,-0.2610964108960697,0.13222441722417502,-0.1385064361329527,-2.092063306692869,0.0003926261817985736,-0.34046730364735617,0.9582797017144471,1.036835140088152,0.507061612785901,-2.014323322696746,-2.104566940482455,-2.104566940482455,0.5105952484220884,0.43584526381043165,0.42769072003461456,0.0028389893145437032,-0.20265551383604719,-0.008577371971600235,0,0,0,0
13679,ΕΙΡΗΝΗ,-0.2661259254518152,-0.9513083583591245,-0.23006369214090416,0.04040305769092846,0.2748075742118501,-0.6988727251827473,2.2041370563455893,2.2041370563455893,0.6173987906655047,0.1125275243127505,-0.3923437420400037,-2.2315176408964654,-1.2848840164850515,-0.3382503920736372,0.18465199093457252,1.3927368068500916,1.663203556681924,-1.1135884082582241,-0.7439505168213861,-0.37431262538454824,-0.004674733947710307,0.3649631574891276,0.1125275243127505,0.18465199093457252,-0.03172140893089357,-0.7349349584936584,0.04040305769092846,1,1,1,1
13679,ΠΑΝΟΡΑΜΑ,0.0447230148007674,-0.11200944677528557,0.13194803689526646,0.3963488851192167,0.48357390721371574,0.22008165296991652,1.160022125436159,1.1554791555354036,0.9651287166937625,0.3577336409627978,0.2845918255606398,-0.1756110253858578,-2.1313595676609536,0.04699449975114498,-1.0383210095392623,0.8242966497703527,0.9455939461205154,0.4740336704221299,-2.055037673328267,-2.1004673723358187,-2.116822063978537,0.6584782483927893,0.5730704142585924,0.505834459727416,0.2309847807317289,0.010196443555028198,0.2605140850866374,0,0,0,0
13679,ΑΧΑΡΝΕΣ,-1.0444992589942617,-1.724052993761613,-1.0444992589942617,-0.3649455242269104,-0.19505709053507256,-1.3842761263779373,0.8242735116159543,0.8242735116159543,0.48449664423227873,0.48449664423227873,0.14471977684860307,-2.2337182948371264,-1.2143876926860995,-0.19505709053507256,-0.02516865684323474,0.19325932933198514,0.411687315507205,0.6301153016824261,0.848543287857646,1.0669712740328658,1.2853992602080857,1.5038272463833056,1.3339388126914677,0.9941619453077922,-0.19505709053507256,-1.0444992589942617,-0.3649455242269104,1,1,1,1
13679,ΠΑΛ. ΜΕΝΙΔΙ,0.14722864685288672,-0.34966803627560544,0.21821388729981417,0.4311696086405965,0.5731400895344514,0.005258165959031813,2.5607268220484203,2.5607268220484203,2.1348153793668554,0.2891991277467416,0.14722864685288672,-0.278682795828678,-0.5626237576163878,-0.8465647194040976,-0.5626237576163878,0.07624340640595927,0.21821388729981417,-0.5626237576163878,-0.49163851716946033,-0.4206532767225329,-0.34966803627560544,-0.278682795828678,-0.4206532767225329,-0.5626237576163878,-1.1305056811918075,-1.4854318834264446,-1.05952044074488,1,1,1,1
13679,ΜΠΟΣΚΙΖΑ,0.23385440937356408,0.0133161430795212,0.3019769939698519,0.5176985118580966,0.6336445270548087,0.16091507637147812,0.31229859769656215,0.9966209247774533,0.6339885805123657,-0.7797270765893849,0.4805407384419396,0.0322390832451567,-2.2010119097573897,0.24520817347294538,-0.016272454270381587,1.0385954465994085,1.1252969179037748,0.4079454588974107,-2.1555968533598646,-2.173831686610386,-2.198603535554491,0.6456863980693041,0.5572646594771526,0.534901184735947,0.2816778399739883,0.04118447314163894,0.33018937748952665,0,0,0,0
13679,ΜΕΓ. ΣΧΙΝΑ,0.0581392546039322,-0.18248778708210678,0.11498028807307527,0.42097451824862875,0.537498636860372,0.10361208137924666,0.8823342399065066,0.8813868893486876,0.7677048224104015,0.24287261337864716,0.184136878793866,-0.2649072856123642,-0.1455411153271638,-0.026174945041963348,0.24571466505210432,0.8444402175937445,0.9581222845320307,0.4048695587657049,-2.610547266772335,-2.614336669003611,-2.6380204329490873,0.45792119000357173,0.35655468031693327,0.3897119498406001,0.27981928513359017,0.016455830059893952,0.3347656174870951,0,0,0,0
13679,ΑΜΥΓΔΑΛΕΖΑ,1.355712091705208,-0.8322318196941512,-0.826194242870444,-0.6525831052254759,1.4562562281979645,-0.8257013794562638,-0.7984706758228088,-0.7984706758228088,-0.7201053929681605,1.3921839843545412,-0.8185548599506511,-0.67784235520221,1.2442017442469426,-0.7586719551277594,0.46510790228162474,1.2798111259214604,-0.8114083404450385,-0.6628100210697146,1.36113358926119,0.635351139929695,-0.09043130940180014,-0.8162137587332953,-0.7150535429728135,1.4674688708705637,-0.8197870184861016,-0.7176410758972596,1.6849448523775674,1,1,1,1
13679,ΜΕΣΟΝΥΧΙ,0.5205754385833296,0.18110876385446475,0.4074198803403746,-1.289913493303949,-1.257583333805962,-1.370738892048917,0.9731976715551492,0.9731976715551492,0.8115468740652136,0.14877860435647763,0.01945796636452915,-0.6433103033442068,-0.9181166590770974,-1.1929230148099879,-0.23918330961936782,0.8115468740652136,0.9247024323081685,0.21343892335245188,-0.34021505805057756,-0.893869039453607,-1.4475230208566365,-2.001177002259666,1.199508788041059,1.312664346284014,1.344994505782001,0.9570325918061556,0.79538179431622,1,1,0,1
13679,ΑΓΡΙΛΕΖΑ,-0.4957544318327283,-1.157388673556256,-0.5212019026682486,-0.9538089068720936,-0.7502291401879313,-1.7935754444442633,0.394907047410482,0.394907047410482,0.06408992654871815,-0.0885948984644036,-0.3430696068196065,-2.226182448648108,-1.5772719423423407,-0.9283614360365733,-0.26672719431304565,0.9038564641208878,1.183778643311611,0.21677475156183992,0.5157825338792034,0.8147903161965668,1.1137980985139302,1.4128058808312938,1.1328837016405704,1.2092261141471314,0.827514051614327,0.03864245571319786,0.8784089932853676,1,1,1,1
14121,ΗΡΑΚΛΕΙΟ,-0.2330768533216326,-0.4588327864006242,0.34340281408396184,0.27528884337549464,0.8249417206934735,0.6869753716714506,0.8013151809697708,0.3535962041319807,0.557266458773598,-0.011429883672850161,-0.10830659839278145,0.4081980066372601,-0.5273418497466115,-0.4232349397600622,0.5578590977298782,0.3018390686168461,0.32404327484547635,0.8891047650267395,0.17817507307305125,-3.1629653253795222,-3.1677854555572673,0.6756757222383755,0.27114037068153346,0.47627246808197526,0.38650742083740597,-0.543264083038672,0.32463591380175655,0,0,0,0
14121,ΝΕΟ ΗΡΑΚΛΕΙΟ,-0.41590069742008956,-0.44078282364484983,0.17928586791942122,0.16539461953627285,0.7854633111005439,0.67097500025042,0.7894322392100148,0.5369473510152083,0.5378632575020093,0.1389859825001776,-0.08770087298306771,0.3375850390548592,-0.41590069742008956,-0.7515804248326529,0.3340740641887887,0.2942321320129456,0.877053959780643,1.029857691995275,0.33117369364725224,-3.094316566988455,-3.1069866067225353,0.720891903781074,0.19531423143843857,0.35575051770974553,0.2956059917431471,-0.48795200771510083,0.22523384334060428,0,0,0,0
14121,Π. ΗΡΑΚΛΕΙΟ,-0.01840962917529095,-0.6295489583550372,0.0060359439918989,-0.01840962917529095,0.6660664195060249,0.42975921222318963,1.073492638959189,0.9268191999560499,0.6905119926732147,-2.063689250830175,-0.40953879985032854,-0.20582569012374646,-1.9007187630489093,0.6334723219497718,1.130532309682632,0.8779280536216703,0.7638487121747842,0.5275415048919491,-2.552600714173972,-1.5557645639118967,-0.5589284136498224,0.4379077366122529,-0.01840962917529095,0.19345200494035442,1.1386808340716952,-0.11619192184405035,0.5519870780591389,0,0,0,0
14122,ΗΡΑΚΛΕΙΟ,0.14741601451691694,-0.2150956692916939,0.25129955647660457,0.22563262153207836,0.7026323441064047,0.5529873589232527,0.6724399232637648,0.5970939602884516,0.4844296247951103,-0.5955404352786514,0.22988792916761822,0.34410578967075983,-0.5195527989297251,0.12340392143065623,0.42981984347234864,0.3523124543964439,0.7006735517027436,0.7793967429602312,-0.6064151103472533,-3.201409777804496,-3.2142094729939372,0.5662936383550202,0.2728125006340561,0.4182021781816684,0.36254545609143257,-0.15163754986963507,0.2904754045498288,0,0,0,0
14122,ΝΕΟ ΗΡΑΚΛΕΙΟ,0.20152951114115586,-1.2771025917871544,-0.06368820485888103,-0.1971637874209911,1.1150571995857275,0.7614335782523448,0.9833150661478006,0.5655538272196379,0.23446504450063757,-2.0242191643101344,0.022984251350281346,0.3922089148013131,-1.6497941534865528,-0.4190452753164468,0.19286226552023963,0.5690207254680044,2.037252133651215,1.7477661299126128,-1.9375467081009718,-1.1390044782272217,-0.34046224835347344,0.4580799815202765,-0.060221306610514544,0.24659918836992029,0.23619849362482082,-0.9165451739570389,0.2604667813633863,0,1,1,0
14122,Π. ΗΡΑΚΛΕΙΟ,0.3570098388767959,-0.09644509541709426,0.3079014985946165,0.28239067247400385,0.73775891872694,0.5815051087381874,0.6408177794686118,0.49221721731604307,0.35126990299965805,-1.1500422141983975,0.19182723974582888,0.32767238883809136,-0.7354912897384416,0.18034736799155318,0.4635175379303538,0.494130529275089,0.9833006201378369,0.8276845808020996,-1.2201969860300823,-3.853552012330325,-1.7119181595048913,0.429715693320542,0.24731328655816143,0.3869850595685158,0.35445875626473466,-0.13471133459801327,0.264533094189575,0,0,0,0
14122,ΑΓ.ΤΡΙΑΔΑ,-0.48420686218943687,-0.2533267689600364,0.20843341749876448,0.03527334757671414,0.006413335923039084,-0.1378867223453362,1.9111741050655928,2.74811444302217,2.517234349792769,1.1319537904163663,-0.3110467922673866,-0.19560674565268632,-1.003687071955588,-0.6285069204578122,-0.3687668155747367,-0.3110467922673866,0.43931351072816494,0.29501345245978966,-0.9748270603019129,-0.6188869165732536,-0.26294677284459506,0.09299337088406426,-0.5996469088041372,-0.513066873843112,-0.541926885496787,-1.2634271768386633,-0.9171070369945628,1,1,1,1
14123,ΛΥΚΟΒΡΥΣΗ,-0.13147166196073273,-0.4216702852164743,0.0024400859201293237,-0.03411725622287395,-0.3533583429430725,-2.468542428141415,0.6130098528402118,0.27913452869337047,3.2107282531873143,0.4923762740530217,-0.36064721023279034,-0.9168612381396284,-0.01620585365821856,-0.45834063305389183,0.26540433682204156,0.3510626531880276,0.25613786988007475,0.017526346124428972,0.8686852364524063,0.7897507589040669,-2.292931579021702,0.42050465240557167,0.3758109002647439,-0.021573624142894463,-0.10819248891140144,-0.41302534959378573,0.05436620250346782,1,1,0,1
14123,ΛΥΚΟΒΡΥΣΗ ΠΕΥΚΗ,0.08295774865093926,-0.15945125714726022,0.209010431666003,0.13143954981057915,-2.282954147939488,-2.3411323093310554,0.6259539216389061,0.635650281870834,0.4708121579280584,0.5677757602473382,0.4611157976961305,0.37384855560877867,0.37384855560877867,-2.4283995514184076,0.5774721204792662,0.4902048783919144,0.5968648409431222,0.23809951236178692,0.5386866795515542,0.5386866795515542,-2.147205104692496,0.5289903193196263,0.7617029648858978,0.2962776737533548,0.2962776737533548,0.04417230772322734,0.5192939590876984,1,1,0,0
14231,ΝΕΑ ΙΩΝΙΑ,0.48990819806360053,0.25514242124534686,0.5249877429000259,0.17106948639009584,0.6581581613789584,0.5340785843907712,0.27946562691333326,0.5172501182724069,0.4320321537637414,-1.8698938240187863,0.51943608397438,0.6107608733012561,-1.8227394210190808,0.4098255180611575,0.5887624248083839,0.6850837071683413,0.7908081118336117,0.37037404182078587,-1.9796431814051498,-2.234290836750873,-2.2401547764910865,0.1978909385746229,0.49643139730123453,0.5936548242366094,0.4043085570037968,0.23890381888783244,0.37838924939468727,0,0,0,0
14231,ΠΕΡΙΣΣΟΣ,0.7300708807159628,0.43880809370010915,0.736334596565766,0.6549062905183232,0.7519938861902744,0.6298514271191099,-1.574976552011653,0.5327638314471588,0.4419399516250108,-2.0572826724465076,0.6392470008938149,0.736334596565766,-2.0290959511223927,0.466994815024224,-0.08734403768336838,0.7175434490163562,0.8302903343128156,0.5766098423957818,-2.2827764430394266,-1.5520095938957075,-0.8212427447519888,-0.09047589560827003,0.5327638314471588,0.6298514271191099,0.48578596257363393,0.20391874933248527,-0.24080507600354933,0,0,0,0
14231,ΠΕΥΚΑΚΙΑ,-0.19854715613402438,-0.13137756333689316,0.2108675047246802,-0.5056081517780529,0.4411632514577015,0.3196182740152736,-0.771087970928619,0.8089967358229438,0.7066430706082677,-1.7434477904680423,0.5243256044446258,0.601090853355633,-1.7530434465819182,0.5595096768621708,-0.15376742760260356,1.282382437440821,1.4263172791489593,1.125653387580848,-1.7786318628855873,-2.015324713694526,-1.1645098715975304,-0.313695029500535,0.8569750163923233,1.1448446998086,0.40597917904015657,0.6362749257731779,-0.521600911967846,0,0,1,0
14232,ΝΕΑΠΟΛΗ,0.5817725161275544,0.03820963559312341,0.5041206760512071,0.45420163600212676,0.6594243562039017,0.4985741160457538,0.46529475601303355,0.44310851599122003,0.28780483583852545,-2.524301086926337,0.23233923578399165,0.38209635593123287,-2.0916694065009738,0.36545667591487274,0.6871571562311687,0.6261449961711815,0.8757401964165835,0.7204365162638889,-2.646325407046312,-1.6035721260210765,-0.5608188449958414,0.4819344360293937,0.3931894759421396,0.5484931560948342,0.33217731588215244,-0.2890374047286259,0.1380477156912842,0,0,0,0
14232,ΝΕΑ ΙΩΝΙΑ,0.680021596744408,0.2738140057687661,0.7071021028094507,0.5987800785492796,0.7341826088744936,0.5987800785492796,0.3008945118338089,0.13841147544355215,0.0030089451183381737,-2.461317106800556,0.6529410906793652,0.7883436210045791,-2.2175925522151707,0.2467334997037233,0.5175385603541512,0.4362970421590229,0.6258605846143224,0.49045805428910844,-2.569639131060727,-1.630848254139244,-0.6920573772177603,0.2467334997037233,0.3008945118338089,0.4633775482240656,0.40921653609398007,-0.02407156094670462,0.38213603002893726,0,0,0,0
14232,ΠΕΡΙΣΣΟΣ,0.4856045230078345,0.15935588139699458,0.4500896023868189,0.43656294637847903,0.5847602745403345,0.4692771937290454,0.4686813057991626,0.4299485903567798,0.3356195310563306,-1.567884872161326,0.4216657481314087,0.5231454625904517,-1.5261727170695292,0.3074936207658618,0.518140003979436,0.5698630762932642,0.7476164457773072,0.6400586744334595,-1.6698412969642753,-2.5982346917216974,-2.6007970098201936,0.49251682299447513,0.4048021197157251,0.5128366014034791,0.4463950972215454,0.13266010213824458,0.4258369636405884,0,0,0,0
14232,ΣΑΦΡΑΜΠΟΛΙΣ,1.7841190233396154,-1.067526953511398,-0.7002695170987676,-0.17746775467608183,1.6112919944395538,-0.5965732997587307,-0.8817378974438321,-0.9983961419513736,2.160017811197249,-0.03488545583353117,-0.613856002648737,0.7255534713267391,-1.050244250621392,-0.6354593812612446,1.4816717227645078,1.6242540216070585,-0.3546154592986448,-0.324370729241134,-0.9163033032238445,-0.7391555986012814,-0.5620078939787185,-0.38486018935615557,-0.4021428922461617,1.4557476684294985,-0.073771537336045,-0.38486018935615557,0.055848734339001074,0,0,1,1
14233,ΝΕΑΠΟΛΗ,0.40699920712952226,0.10731803084733832,0.4199495196773221,0.4100087868061236,0.5719788930377605,0.4654580123629002,0.5012081709455588,0.440469381108695,0.3480844049754471,-1.4655065480213605,0.4100087868061236,0.5202688422307008,-1.2093274779736871,0.3094158661003266,0.5231872225231626,0.5445278784117905,0.7685135658582433,0.6528727467694395,-1.5491363832772227,-2.7546098428322767,-2.765006572624172,0.4989281863420729,0.3438892333050331,0.44685333799845545,0.4589828560890003,0.14069700544237157,0.4539668899613314,0,0,0,0
14233,ΝΕΑ ΙΩΝΙΑ,0.4430579216327475,0.040635042931881464,0.43354116436617296,0.40906950282355276,0.5735734498600554,0.4389793113756441,0.4253839438519662,0.3030256361388651,0.1793077916733961,-2.5234512720337716,0.45121514214695424,0.5939665011455723,-2.3086444651596607,0.18474593868286726,0.4457769951374831,0.5123942960035048,0.6809768532971109,0.5640566925934809,-2.652607263508712,-1.5418657368242268,-0.4311242101397419,0.6796173165447431,0.4253839438519662,0.5586185455840097,0.5205515165177116,0.08821882926475413,0.5055966122416659,0,0,0,0
14233,ΠΕΡΙΣΣΟΣ,0.6908389127667349,0.028133061895341715,0.4505595984157035,0.512567163409518,0.7334691136999825,0.5823256740275594,0.4738124352883839,0.37305014217343524,0.23740859374946588,-2.4211657553603336,0.2645369034342598,0.40017845185822914,-2.39403744567554,0.10951799094972334,0.3808010877976621,0.5862011468396728,0.8729861349360653,0.7179672224515288,-2.583935613469097,-1.5414334270105896,-0.4989312405520821,0.5435709459064253,0.19477839281621837,0.33041994124018775,0.4311822343551364,0.05138589876802218,0.4738124352883839,0,0,0,0
14233,ΣΑΦΡΑΜΠΟΛΙΣ,0.9654766421217272,-0.0017905555935043994,0.2955006026059512,0.32536435007431974,0.9894655540225479,0.3301376539729524,0.3486189075291969,0.3252419576666625,0.2469108167660237,-1.2324462145871338,0.2962349570518947,0.4363742638194437,-1.1784711628102875,0.1677229290117842,0.4118957822879941,0.9783278449257382,0.533676227906956,0.4760294039003921,-1.3845799773050933,-2.772632272545944,-2.776671221998633,0.34825173030622514,0.2820374377636539,0.9681692750901867,0.32316128673648925,-0.0004442391092746704,0.29843802038972517,0,0,0,0
14233,ΚΑΛΟΓΡΕΖΑ,-0.31986120188773826,-1.6340735313830104,-1.6340735313830104,-0.13211658338841367,0.055628035110910905,0.055628035110910905,0.2433726536102355,0.2433726536102355,0.2433726536102355,-1.0708396758850367,-0.31986120188773826,-0.13211658338841367,-1.0708396758850367,-1.6340735313830104,-1.6340735313830104,0.2433726536102355,1.1820957461068584,1.1820957461068584,-0.883095057385712,-0.13211658338841367,0.6188618906088846,1.369840364606183,1.5575849831055075,1.5575849831055075,1.1820957461068584,0.2433726536102355,0.6188618906088846,1,1,0,1
14234,ΝΕΑ ΙΩΝΙΑ,0.31799833095703306,0.010112997381673905,0.2659281537406936,0.4128857967554496,0.5458733922243584,0.44354732968075056,0.7276654395092788,0.7537912427119021,0.6471108796345236,-1.8905391856091702,0.2962268282881803,0.3902071481420613,-1.8188746559908633,0.09338899509003563,0.2779024802085626,0.5538562765362711,0.7880813594153452,0.6824895714714093,-1.7691630582303164,-2.264464743946716,-2.276439070414585,0.6536423304351795,0.6024792991633755,0.7069825119738687,0.435745874557745,0.06708176269850524,0.34648271361544875,0,0,0,0
14234,ΚΑΛΟΓΡΕΖΑ,0.42706492966223314,0.09846745348218382,0.40610758629407745,0.37524106426815257,0.5226258594768124,0.41567506913606156,0.4114608207413781,0.3776329349786486,0.27273231953260857,-1.3606875785256538,0.4020072365046557,0.505996663108602,-1.2063549683960293,0.2949425475586431,0.5106665059243323,0.5675019099499283,0.8271907299466398,0.7107863553691665,-1.4811923028925489,-2.801277137875832,-2.8085666486125818,0.4922149318719344,0.3856058373469687,0.4928983235035047,0.5106665059243323,0.1658954277971194,0.48469762392466115,0,0,0,0
14235,ΝΕΑ ΙΩΝΙΑ,0.2808173542505064,-1.4166606826368833,-1.0771650752594055,0.22423475302092674,0.6203129616279843,0.4505651579392454,1.1295563726942013,1.4690519800716793,1.2993041763829403,-1.3600780814073037,0.6203129616279843,0.7900607653167233,-1.3600780814073037,0.2808173542505064,0.6203129616279843,0.7900607653167233,1.4690519800716793,1.2427215751533607,-0.7942520691115071,-0.34159125927486983,0.11106955056176741,0.5637303603984047,-1.303495480177724,-1.1903302777185647,-1.0771650752594055,-1.1903302777185647,-0.8508346703410868,0,1,1,1
14235,ΚΑΛΟΓΡΕΖΑ,0.394829304005855,0.03556844335711115,0.35628737588823217,0.3516957382424504,0.6202369702533239,0.5061417317823829,0.5499710002193907,0.3707579914991808,0.2821254708821205,-1.2065391100942195,0.4429719290192033,0.5622153672748088,-0.9855839409578117,0.2531842396602232,0.475391673609117,0.5029414994838077,0.7590992239045425,0.6359598506767585,-1.2708220371351644,-2.9432912644774962,-2.9549790693940317,0.461895041741213,0.35934846765208667,0.4742785493313517,0.45660770142182794,0.09205950045369907,0.41764835170004316,0,0,0,0
14235,ΑΛΣΟΥΠΟΛΗ,0.3073605183954813,-0.0860870193823014,0.24334722851893728,0.2791151864987357,0.6590787718634992,0.5404199906289298,0.660923944298965,0.6352334665436336,0.5185617940857196,-0.9398341116382043,0.27868937747516664,0.37165768095440466,-0.9608406901342764,0.12681749240221304,0.3483801209992977,0.5052197780138901,0.9872355926940307,0.8572219041642872,-0.9941957303138503,-3.004724003265615,-3.0163627832431685,0.5536200703595696,0.26392799799144034,0.37137380827202526,0.33021226932701914,-0.07487404842831698,0.23852139291848828,0,0,0,0
14341,ΝΕΑ ΦΙΛΑΔΕΛΦΕΙΑ,0.22599985405493853,-0.3674455966124973,0.32459639905576515,0.06167227905356085,0.4396775399084649,0.24372857034846254,0.4251628014225388,0.4526371278423275,0.35580308680050626,0.7380590924977173,0.16223868142033457,0.03544207307542296,0.12201212047362507,-0.1667274986928335,0.23761164484367941,0.3064529759483575,0.3242853689453524,0.3495824845922522,0.907674179376111,-1.1370377664769935,-4.634364004660888,0.3743612167217975,0.11527313474801652,0.18846888739847245,0.10760105869116987,-0.3551080688994601,0.16234235812380546,1,0,0,0
14342,ΑΓ. ΜΑΡΙΝΑ,0.33854194068184695,-0.17494529186314314,0.34973512286266417,0.18603483346821229,0.3567308617256749,0.18043824237780368,0.36652489613389,0.34134023622705123,0.13286721810933047,0.2867734730955673,0.20702205005724458,0.19303057233122303,0.20142545896683597,-0.06021517450976661,0.43508313699139545,0.26018966541612637,0.5246285944379333,0.45187291026262133,0.6099766085666646,-0.9178927591148862,-4.751557656044785,0.5638047320707935,0.22521097110107255,-0.01824074133170202,-0.01264415024129341,-0.39041404884387465,0.11467829706550249,0,0,0,0
14342,ΝΕΑ ΦΙΛΑΔΕΛΦΕΙΑ,0.04917573344878662,-0.33389000436987815,0.2322681708468603,0.07774334779458535,0.38387130606831493,0.32998239718874006,0.5091792508123866,0.5241123219476905,0.35725148360972975,0.5267093777973085,0.2692762167039177,0.15078554356509347,0.15727818318913864,-0.07256125950206024,0.35627758766612294,0.1933123331025893,0.48775354005303756,0.4867796441094308,0.6594838581090322,-1.1048909597252417,-4.6742195930440715,0.41568524022613623,0.11604992157645183,0.03619045420069629,0.03521655825708951,-0.36667783447130625,0.19785718083942092,0,0,0,0
14342,ΚΟΚ. ΜΥΛΟΣ,0.120243418422544,-0.3303152875649006,0.17275786219472927,0.011599406125740433,0.22907770044315987,0.209099379442872,0.43057333796034897,0.47072024968473697,0.3571292245688145,0.5384562713619034,0.2475338636529496,0.18055892087103215,0.18112973004246896,-0.05004798438943357,0.4045063857980686,0.25571546177687704,0.4551181323321312,0.41592256922680454,0.5884972087245293,-1.0417337848989612,-4.726687525971106,0.43932574525571316,0.18227134838534256,0.16039033014693202,0.16724004020417357,-0.29150026390719846,0.22241826010973056,0,0,0,0
14342,ΝΕΑ ΜΑΔΥΤΟΣ,0.33492791725972776,-0.2702199674881146,0.2980375206820064,0.11667488134916959,0.34256041310339425,0.19954197908040566,0.44250976343712195,0.4397838720643839,0.24915320206423777,0.4681331423408594,0.11031446814611419,-0.07377406255946067,0.07360579765990874,-0.1835366218350453,0.34001624782217205,0.25169736734545994,0.5004803866306841,0.5477291704248098,0.7276380010255197,-0.8373870991091404,-4.730323431562077,0.5006621127221998,0.17191961316999363,0.0761499629411309,0.066336753999274,-0.3881602008819133,0.22552881016717485,1,0,0,0
14343,ΝΕΑ ΧΑΛΚΗΔΟΝΑ,0.10257192782945208,-0.39585640829892244,0.24340998769096092,0.045788952827485366,0.3347919080346278,0.19873664355858928,0.36674505167372734,0.3747842183854753,0.2333355889002894,0.4921153477354173,0.060035577379950134,0.03612160045259856,0.15284216017886348,-0.13839955031509485,0.25521433374871744,0.2475822134527542,1.594600564888298,0.40999373335085254,0.7565937563915311,-1.2562507696638483,-4.430296958349053,0.434416518297935,0.10755824642281475,0.11671679077797067,-0.034297429478155866,-0.40206386613963924,0.09320986026640381,0,0,0,0
14451,ΜΕΤΑΜΟΡΦΩΣΗ,0.0652413879172293,-0.6212659027738867,0.06457866501513555,0.04985148941305219,0.27598727078304225,-0.2709063952003235,0.43702893599182385,0.4651578413918031,0.3005816540385215,0.6071278141958867,0.2415993157521776,-0.031368884032437566,0.10610930021301064,-0.196975973677865,0.4069118618855634,0.4365871207237613,0.45853061237086556,0.4691341788043656,0.8369453894663976,0.08048401466538559,-4.710634388082385,0.633857637913668,0.33283416860708404,-0.004418152680625009,-0.07908493298318767,-0.5031539544451782,0.1492599247271149,1,0,0,0
14452,ΜΕΤΑΜΟΡΦΩΣΗ,1.0343155806460973,-1.058536199279066,-0.7935448801144688,-0.2023970891083656,1.1213771534568404,-0.999591563696039,-0.1403091241327014,-0.10700136772448399,-0.20288733314207963,1.542727481491875,-0.24066496162239548,-0.3306103228667506,1.0009213105848713,-0.5743192833912922,-0.46793632807534924,1.4378440961614103,-0.23792536261046418,-0.5443278836817285,1.9410940157110228,-0.2370313881960445,-2.7689111192542835,-0.04739346080172603,-0.23561833186357467,0.8838106622958922,-0.35073916613336165,-0.6255642038565756,1.2032190692027462,1,0,1,0
14561,ΝΕΑ ΚΗΦΙΣΙΑ,-0.935952526918646,-1.2659557710723457,-0.6491376267984843,-0.22943551426743675,-0.12866271152251504,-1.4198834587816218,1.453802509603783,1.4493729358567535,0.7960108081698984,-0.15413276056793482,-0.30363087453018134,-0.4708472834805459,-0.9248785925510723,-1.1552164273966077,-0.38557798885022754,0.7550372510098753,0.9288980205807842,1.117154904829539,2.0362914573381654,2.03850624421168,-0.3977593166545587,0.2855024338247456,0.11939341831113838,-0.19842849803823007,-0.8429314782310261,-1.1784716895685126,-0.3390674645064175,1,1,1,1
14561,ΑΓ. ΚΥΡΙΑΚΗ,-0.3343711501346006,-0.8882374724434482,-0.3066778340191582,-0.38975778236548536,-0.25129120178827347,-2.07905006540747,1.991867403562559,1.991867403562559,1.105681287868403,-0.9436241046743329,-1.1374773174824295,-0.6666909435199091,-0.41745109848092776,-0.7774642079816787,-0.05743798898017684,0.44104170109778595,0.6348949139058826,0.5518149655595554,0.9118280750603064,0.9118280750603064,-1.9405834848302586,0.8564414428294216,0.6348949139058826,0.41334838498234355,0.02564195936615029,-0.4728377307118125,0.19180185605880457,1,1,1,1
14561,ΚΑΤΩ ΚΗΦΙΣΙΑ,-0.8315875386022756,-1.3248419811971412,-0.5804851274468037,-0.2960400929534136,-0.05644531286147088,-2.021397905914357,1.4625619875243925,1.4595129570716625,0.7832183314919424,0.1068253500911666,-0.1377855768746222,-0.3482670339340464,-0.7730658250740713,-1.1171144871272796,-0.234075925688256,0.6192591777919143,0.7156478824266039,0.9303586397914277,1.8969012933068305,1.7799562220714775,-1.2635663046793744,0.5069368301461842,0.4223508240381913,0.06964684973207204,-0.5922878259735004,-1.0869192500631473,-0.08929615709410998,1,1,1,1
14561,ΚΗΦΙΣΙΑ,-0.28954850806237087,-1.1229313249248616,-0.5064286232120748,-0.3418157479072529,0.2968667788319599,-1.8626767065670935,1.4589931761948245,1.4558108534736418,0.7628359724306124,0.5318764900902208,-0.08809783640931103,-0.3935043836210107,-0.3902256268779738,-1.091011663691179,-0.3189608847278487,0.6752738805871571,0.3751712045774288,0.8271574650072476,2.2807074764129784,1.704224893769612,-1.1062482391441153,0.13061452515561944,0.021258344373154207,0.024826403181753158,-1.0469413157038894,-1.3840746561055635,-0.6031519471316628,1,1,1,1
14562,ΚΗΦΙΣΙΑ,-0.3556538255819319,-0.9197061468285932,-0.4067388082194756,-0.3246852091643536,0.1819295927437223,-2.055751460198218,1.314004570675196,1.3208864854346578,0.5837275390846101,0.7565694751587865,0.0869062312573068,-0.36915296607164555,-0.5478180607884434,-0.9440575375159198,-0.02796880741986401,0.4598530734142969,0.11919829282093547,0.9212060513274506,2.4902826164847514,1.6731875833132623,-1.5779877624740397,0.1938405990581755,0.06731924309576155,-0.2945106598344055,-0.7307181799726026,-1.1579262731176572,-0.4562356566817589,1,1,1,1
14562,ΑΛΩΝΙΑ,-0.2969942458204971,-1.0448446408236995,-0.3521441888666443,-0.24635071835399613,0.2886251883154397,-2.5944078265677817,0.9862612382882981,0.9890509241233172,0.43325966930027715,0.6939879992655257,0.10429133198609941,-0.300213114091673,-0.3109426749955927,-0.7952750541985276,0.3199555061548852,0.7130866176745028,0.5248901194197514,0.8371203417238143,1.9373295168117397,1.3590061840904681,-2.41286365607346,0.3605132463717017,0.21029939371682596,0.0347637773286998,-0.3652342531694263,-1.024887657542409,-0.04828302406763862,1,1,0,0
14562,ΚΕΦΑΛΑΡΙ,-0.7109557701141592,-1.1590831251229106,-0.5629211299301539,-0.31769973674812046,0.08540677408095905,-1.758228011378419,1.406411297522391,1.4112671666943124,0.4798420899601788,0.34304531843119157,-0.06810806131135776,-0.5641697820029337,-0.5729103465123923,-0.9882952693904731,0.03705619104054114,0.49378537143955326,0.29296049640080174,1.22285944282376,2.2906650737292877,1.940903754231745,-1.2621662906868432,0.3140488425188606,0.22456211063630813,-0.2801014354455286,-0.755976614293831,-1.1366073878128742,-0.40559096875989875,1,1,1,1
14562,ΚΟΚΚΙΝΑΡΑΣ,-0.2313816646556591,-0.8612834131888076,-0.5564319137502589,-0.38932466543839184,0.9457565791886511,-1.2205593214228272,0.26965954209027465,0.2694725166304964,-0.10579406841456372,0.8513087220006345,-0.39643163290996536,-0.550540611767244,0.03933768837335885,-0.7834808219210553,-0.25737820356483593,1.389474482512551,-0.173871335773847,0.356439355427383,3.839508005607636,0.4178772189645384,-1.0396121890873697,-0.18359665968231603,-0.20127056563136073,0.7365686024266777,-0.7779635708575969,-0.8773676027297371,-0.5091144724263614,1,1,1,1
14562,ΜΑΡΟΥΣΙ,-0.24859752779652924,-0.28673464853804226,3.221880459681154,1.086201698156426,3.4507031841302322,-0.32487176927955524,-0.32487176927955524,-0.32487176927955524,-0.32487176927955524,-0.32487176927955524,-0.28673464853804226,-0.28673464853804226,-0.28673464853804226,-0.32487176927955524,-0.3375841428600596,-0.3502965164405639,-0.36300889002106823,-0.36300889002106823,-0.36300889002106823,-0.36300889002106823,-0.36300889002106823,-0.36300889002106823,-0.32487176927955524,-0.28673464853804226,-0.28673464853804226,-0.32487176927955524,-0.32487176927955524,0,1,1,1
14562,ΠΑΛΙΑΓΙΑΝΝΗ,-0.7874053542683336,-1.043563868386149,-0.5013482123197321,-0.34983489560966774,-0.21165475077008905,-1.9550679817138963,1.7224632414727858,1.7293318451636421,0.739848878169115,0.26753136554494117,0.11803822639101098,-0.38458194957517583,-0.8047788812510877,-0.963564837163235,-0.18216015845052985,0.11278576474506209,0.19157268943429556,0.9527755925856589,1.592363806857744,1.5370109418196671,-1.5142652389654156,1.0360069078983876,0.8945944789689941,-0.1235750093226383,-0.751446193769145,-0.9983118911287432,-0.32276451635746956,1,1,1,1
14563,ΚΗΦΙΣΙΑ,-0.7948493958450715,-1.1877542562832266,-0.5063472468012334,-0.2748282570298662,-0.10049166834660767,-2.0156040002591573,1.470729289774737,1.467142937093253,0.6994642214400014,0.261929194298932,0.052326804247745794,-0.39297865370320595,-0.7189382640869898,-0.9574307174056875,-0.10626968100010994,0.42411203222827193,0.42829611035667015,1.0116761465447626,2.2312353000650202,1.8116320363313716,-1.2991304312248741,0.36055389303974683,0.24280197999768308,-0.24573895194671674,-0.682477011825234,-0.9970798387176514,-0.18198157094255366,1,1,1,1
14563,ΚΟΚΚΙΝΑΡΑΣ,-0.4734349963580021,-0.5338476957566061,-0.3513964911471676,-0.27800355312275915,-0.24549230123756666,-0.7249119559027933,0.3564511012039452,0.35851338210711037,0.14888859383243636,-0.11023093611820235,-0.15123393289878095,-0.2902559279003877,-0.40331744565038546,-0.4562088852845046,-0.2122531855041982,-0.07092628831670098,-0.03125770859111162,0.4669650954853271,4.756509374068934,0.4138310345684827,-0.4661563578762426,-0.06158536893177626,-0.09009336965200103,-0.30105257498166427,-0.4431073360173375,-0.5265690572748466,-0.27982321274319905,1,1,1,1
14563,ΚΗΦΙΣΙΑ Ν. ΕΡΥΘΡΑΙΑ,-0.3814678603383989,-1.0002993547685772,-0.26765976940871095,-0.28188578077492193,-0.08983462733107347,-2.863906843742218,1.0411332762827008,1.0197942592333844,0.6001269239301599,0.7068220091767424,0.4863188330004719,0.23025062840867397,-0.11117364438038997,-0.5095019626342979,0.3796237477538894,0.5787879068808434,0.8135170944233249,0.7423870375922699,1.0624722933320172,1.0624722933320172,-2.707420718713897,0.5645618955146324,0.35117172502146743,-0.16096468416212847,-0.5735190137822473,-0.9078302808882058,0.21602461704246295,1,1,0,0
14563,ΠΟΛΙΤΕΙΑ,-0.44640947721408136,-0.7629543792386119,-0.44640947721408136,-1.128198496959224,-1.0551496734151016,-2.1021828108808562,1.7207056212615506,1.7207056212615506,1.3311118956928976,0.3571275817712653,0.23537954253106125,-0.03246614379738763,-0.3003118301258365,-0.49510869291016296,0.18668032683497965,0.5275748367075509,0.649322875947755,1.1363150329085712,1.2093638564526936,1.2093638564526936,-1.2986457518955097,0.47887562101146935,0.3814771896193061,-0.2759622222777957,-0.7873039870866527,-1.3716945754396321,-0.6412063399984078,1,1,1,1
14564,ΠΑΝΟΡΑΜΑ,-1.829718659723761,0.13366094162326891,-1.7074441293907607,0.5365846320539168,0.7392109966057455,-1.5257791128960179,1.8559850403138127,-0.043345997525454996,-0.29371765487397894,0.1371544996327832,0.06961237811550698,0.07776401347104031,-0.05615571022700738,-0.13534302510933124,0.1220157482582213,0.8882694716783551,0.9884181346177647,1.173576709122022,1.511287316708403,1.0524666981255266,-1.1403232125129414,0.510965206650812,0.25477095261976423,-0.053826671553997854,-0.22734005269320748,-1.7691636542255131,-1.26958485886497,1,1,1,1
14564,ΝΕΑ ΚΗΦΙΣΙΑ,-0.9258157439053689,-1.318743798307371,-0.7462002628933188,-0.3301678239679717,-0.1397293588436569,-1.489762299031665,1.6309415454238536,1.487095643109075,0.9637544680919131,-0.015380179681468273,-0.17956715142709878,-0.3193448398557071,-0.8380804897187136,-1.110267026329282,-0.4750115900661506,0.708378098294011,0.9134007264064837,1.0540227611133537,1.9370554506700315,1.879102592480246,-0.4120694129593638,0.27837556640106,0.0699755531755402,-0.17020258361365,-0.7977821446198562,-1.2673921928385414,-0.3865855071063721,1,1,1,1
14564,ΚΑΤΩ ΚΗΦΙΣΙΑ,0.6412359542432731,-1.1391042990879552,-0.9618214721739594,-0.6640964987265853,1.6082787191328938,-1.0810116213421261,-0.13775680639153018,-0.35385155162709275,-0.48931766654301323,0.5122802256264541,-0.784037846313879,-0.6903884433960338,0.6710334915353148,-0.8158385793902596,0.2806607130622648,1.877958951599523,-0.3310651995802374,-0.11446965539859007,2.9023431958158454,-0.17281273261746152,-0.7139259938620163,-0.37363310999743976,0.8107563974929555,0.9705112612939855,-0.9360303264505957,-0.9202551596489266,0.40435805274519404,1,1,1,1
14564,ΚΗΦΙΣΙΑ,-0.9834141785933638,-1.328130680228424,-0.38936025093904414,-0.05741102714231934,-0.28346694651520205,-1.9604864413977505,1.7270038048509342,1.7217466904469136,1.1622395145904432,0.44501890661335686,0.24900364097773428,-0.10397404043507259,-0.9616347046338501,-0.7648684226547962,-0.05966407617261386,0.20919977477586457,0.3774274357045215,0.8806083858036292,1.7630525893356463,1.7570444585881944,-0.8166885503515698,0.1356001731195772,-0.019109193627312636,-0.372837891383551,-0.7919050110183302,-1.1681641990775138,-0.366829760636099,1,1,1,1
14564,ΚΗΦΙΣΙΑ Ν. ΕΡΥΘΡΑΙΑ,-0.9418041117410656,-0.9418041117410656,-0.9418041117410656,-0.9418041117410656,-0.9418041117410656,-0.9418041117410656,-0.9418041117410656,-0.9418041117410656,-0.9418041117410656,-0.9418041117410656,-0.9418041117410656,-0.9418041117410656,0.26090519311745747,0.08908957813766848,0.26090519311745747,0.08908957813766848,0.08908957813766848,0.08908957813766848,0.6045364230770355,0.6045364230770355,0.26090519311745747,1.1199832680164026,0.9481676530366135,1.2917988829961915,2.1508769578951368,1.6354301129557696,1.8072457279355587,1,1,1,1
14564,ΑΔΑΜΕΣ,-1.0390813002258454,-1.418215729013333,-0.8531831286913355,-0.21815647997780177,-0.040349018338012334,-0.622880130757894,1.761997727744044,1.706868006833506,1.2752380417523663,-0.3103529415688037,-0.4433792647215351,-0.38241670644503584,-0.9011629199274692,-1.1273264848915188,-0.6900518384884811,0.8389041755696449,1.0240497229279018,0.9224454591337364,1.6158004815068836,1.5960440968802403,0.39786640828534175,0.04036992456513017,-0.10432207331952388,-0.032634620531418294,-0.9402993770926292,-1.3199982740123066,-0.7357737571958555,1,1,1,1
14564,ΚΑΛΥΦΤΑΚΗ,1.337442787288741,-0.8119256120225476,-0.7910436338044117,-0.5775708021287934,1.645905922054467,-0.8090883867211704,-0.5537381095972251,-0.618880802516845,-0.5913029725874589,1.4048552604494626,-0.7108069022814653,-0.5984527803469294,1.0936683893944146,0.6501533302831355,-0.6127523958658703,1.441852678379421,-0.6212640717700019,-0.4153950039020744,2.46677194624891,-0.3005441237023265,-0.5898276154307428,-0.6259171212642604,0.14717002885499084,1.3913500680149073,-0.7636927818991357,-0.8486960519283957,-0.7382712431987963,1,1,1,1
14564,ΣΥΝ ΠΕΛΟΠΟΝΝΗΣΙΩΝ,-0.8715069617492076,-1.2462145508262201,-0.8335618894376113,-0.3307896813089615,-0.16952312398467764,-0.6533227959575294,1.7135010894782845,1.7135010894782845,1.2107288813496346,-0.24541326860787005,-0.34027594938686057,-0.28335834091946627,-0.9805990446450467,-1.1987832104367249,-0.7434423426975704,0.9735721794021583,1.15855440692119,1.0352329219085021,1.5617208002318996,1.5617208002318996,0.3332490841439722,0.0676335779627987,-0.15055058782887953,-0.1126055155172833,-1.0043147148397944,-1.3458203656441603,-0.8193324873207628,1,1,1,1
14565,ΑΓ. ΣΤΕΦΑΝΟΣ,-0.3249024762243457,-0.33866497064143497,-0.3469224672916885,-0.33392455589777087,-0.3261258090614203,-0.34891038315193473,-0.3213853943177562,-0.35319204808169585,-0.34279371896656174,-0.3424878857572931,-0.29707165418089854,-0.35319204808169585,-0.343864135199002,0.022218216295572475,3.439292663454203,-0.3322424732467933,-0.32505539282898005,3.269096482496199,-0.3016591523199283,-0.31236331464433104,-0.33667705478118876,-0.33117205701435304,0.9542449215417844,-0.3236791433872711,-0.3493691329658377,-0.3498278827797407,-0.3493691329658377,1,1,1,1
14578,ΕΚΑΛΗ,-0.42161134822666124,-0.4219295988459718,-0.4219295988459718,-0.4209748469880401,-0.40569881726113266,-0.4219295988459718,-0.4219295988459718,-0.4219295988459718,-0.41970184451079784,-0.35095971073971427,-0.4219295988459718,-0.4219295988459718,-0.4219295988459718,-0.4219295988459718,-0.3535057156941988,0.6066564027657972,-0.4219295988459718,-0.1654195996816507,3.5562031425361793,2.5616699571906416,1.567136771845104,0.572603586499566,-0.4219295988459718,-0.4212930976073507,-0.4212930976073507,-0.4212930976073507,-0.4212930976073507,1,1,1,1
14671,ΚΗΦΙΣΙΑ Ν. ΕΡΥΘΡΑΙΑ,-0.9657185287368226,-1.2980729080747646,-0.46890012663371367,-0.13997208110337947,0.0005076050085340912,-1.9490763315202178,1.5355051508167603,1.5731948227004446,0.9393230682930297,0.4425046661899207,0.264335308194323,-0.09200340779687241,-0.4346367885576372,-0.7087434931662491,0.09987128542915588,0.6172476903779107,0.7885643807582932,0.935896734485422,1.5320788170091528,1.5286524832015451,-1.7058066311800746,0.37055165623016006,0.21979296869542356,-0.44491578998046016,-0.9759975301596456,-1.3117782433051952,-0.35240477717505364,1,1,1,1
14671,ΠΟΛΙΤΕΙΑ,0.34100339452635337,0.7794363303459506,1.705016972631767,1.0717249542256821,1.2665840368121697,-0.8768658716391944,1.0230101835790602,0.34100339452635337,0.04871477064662191,0.04871477064662191,-0.09742954129324383,-0.2922886238797315,-1.607587431338523,-1.8511612845716328,-0.14614431193986574,0.09742954129324383,0.19485908258648765,0.3897181651729753,0.584577247759463,0.584577247759463,-2.6305976149175834,0.7794363303459506,0.8281511009925725,0.0,-0.8281511009925725,-1.2178692661655477,-0.5358624771128411,1,1,0,0
14671,ΝΕΑ ΕΡΥΘΡΑΙΑ,-0.3542204584750425,-0.33763491998962886,-0.3223143802022553,-0.3487387974502024,-0.347333243341269,-0.3899215328419498,-0.32175215855868194,-0.32104938150421525,-0.18372674506142608,3.4712761598088804,-0.3432571364253623,-0.33271548060836215,-0.32737437499441535,-0.35787489915826926,-0.08379184791626426,3.391581241832359,-0.33763491998962886,0.3475727081153836,-0.3145838326031218,-0.3145838326031218,-0.2757905391965611,-0.3428354701926823,-0.18822451821001282,-0.3314504819103221,-0.32821770745977535,-0.3388999186876689,-0.06650353237638394,1,1,1,1
15121,ΑΝΩ ΠΕΥΚΗ,-0.3171072791766642,-4.488762623845181,-0.07258751652291452,-0.2059619325158689,-0.028129377858596403,0.24602914390469868,0.4016326292298121,0.39422293945242576,-0.18373286318370982,-0.042948757413369114,-0.1540941040741644,0.10524503813435795,0.10524503813435795,-0.17632317340632347,0.2830775927916304,0.13488379724390337,0.7647074283217434,1.2685663331840153,1.1722403660779928,0.23120976434992596,0.47202468211498244,0.712839599880039,0.5275973554453801,-0.22078131207064158,-0.22078131207064158,-0.6134948702721184,-0.09481658585507359,1,1,0,0
15121,ΗΛΙΑΚΟ ΧΩΡΙΟ,0.07844653237850126,-1.448491216890722,0.30065016007066436,0.19429628698723586,0.01862247876907274,-3.5442322695257813,1.0042949810958475,0.8305203491827455,-1.0961940123018652,0.4307437369673581,0.2978013956130725,0.09553911912405227,0.09079117836139922,-0.1333116256358251,-2.1749261535766395,0.2987509837656031,0.4478363237129091,0.8134277624371945,0.9549163971642557,0.6140142504057662,0.576505518380807,0.5389967863558478,0.35857503737503166,0.07749694422597066,0.07654735607344004,-0.18079103326235568,0.4791727327464193,1,1,0,0
15121,ΛΕΩΝ ΜΕΛΑΣ,-0.45830695841195973,-2.580826319839559,0.6878534967589438,0.008647301102112084,-0.6705588945547196,0.15722365640204403,0.9850062073588076,0.9850062073588076,-0.33095579672630376,0.43315117338763187,-0.37340618395485575,-0.2885054094977518,-0.2885054094977518,-1.6469178008114151,0.9850062073588076,0.30580001170197596,1.0274565945873597,0.22089923724487198,1.0274565945873597,-0.5007573456405117,0.5605023350732878,1.6217620157870873,0.6029527223018398,-0.33095579672630376,-0.33095579672630376,-2.368574383696799,0.5605023350732878,1,1,0,0
15121,ΠΕΥΚΗ,0.17102934622827265,-1.8155032905541066,0.04727282577594704,0.14869212672959056,-0.2131893278815634,-0.7987667052983597,0.752906977144252,0.33659300213982934,-0.1021969328570561,0.742177712291883,0.4554936053098328,0.1963726097588685,0.23406377723594077,-0.2352953132239444,-0.5507911960811064,0.3815449221247548,0.5373042498091467,0.8170975789334255,1.0586447786055093,0.359716417769935,-4.090153686087603,0.7157245248110421,0.4604420162546754,0.15895892326935748,0.1215452367798465,-0.27201529724455226,0.3823311182561784,1,0,0,0
15122,ΜΑΡΟΥΣΙ,-0.04922858904058985,-1.8586142895355084,-0.5884045899675164,-0.07287856252189166,0.31295231218567665,0.5363252268554034,0.7163579378288912,0.6153573630073683,0.44329838162505336,0.7159782364197878,0.19003754175303925,-0.051452554436767314,0.05231441636536655,-0.22508458451393956,0.31295231218567665,0.21515207781231158,0.5738071802397602,0.9619705064603926,1.1907677269744545,-0.7382239173880568,-4.001703285573933,0.6898873253085351,0.304544638126957,0.03940456845584859,0.011198178065305145,-0.39643840613649095,0.09972284944485688,1,0,0,0
15122,ΠΕΥΚΗ ΜΑΡΟΥΣΙ (ΟΡΙΑ),-1.0209666803665072,-3.944028869810527,-1.156293633581508,-1.2374898055105086,-0.39846269557750286,0.4405644143555028,0.5758913675705037,0.49469519564150316,0.1157797266395006,0.2511066798545015,0.00751816406749988,-0.12780878914750105,-0.12780878914750105,-0.1819395704335014,0.6300221488565041,0.467629804998503,0.7924144927145051,1.063068399144507,1.2254607430025082,-0.29020113300550215,0.31877015646200196,0.9277414459295061,0.5488259769275036,0.3052374611405019,0.3052374611405019,-0.15487417979050122,0.16991050792550097,1,1,1,0
15122,ΠΟΛΥΔΡΟΣΟ,-1.3512748905557945,-0.9015031902185141,-0.45173148988123374,-0.5575601252547114,-0.08133126607406164,-0.21361706029090882,-0.47818864872460315,0.1038688458295244,0.1832403223596327,0.3155261165764799,0.1832403223596327,-0.1342455837608005,-0.1342455837608005,0.1038688458295244,0.3948975931065882,0.262611798889741,0.9769550876607157,0.7652978169137603,0.9240407699739769,-2.727047150411005,-0.8485888725317753,1.0298694053474546,3.1199849539736397,-0.47818864872460315,-0.47818864872460315,-0.08133126607406164,0.5536405461668048,0,1,0,1
15122,ΨΑΛΙΔΙ,1.09130968695565,-0.8720993954754369,-0.7115114363907498,-0.6337464010859603,1.6514708355738896,-0.1314348519017714,-0.05999217719086727,-0.2136255396222806,-0.24681793274017855,1.6337682259110107,-0.6400687616798456,-0.5714711492361899,1.180454971329433,-0.7494455999540617,-0.5186794382772474,1.1248181981032421,-0.1326993240205485,0.249171255850125,2.1774912369851482,-1.7626038851241845,-0.8942276575540355,-0.025851429983886523,-0.49560282210956597,1.6944628876123098,-0.6625131417881385,-0.8142497960413863,-0.6663065581444697,1,1,1,1
15123,ΜΑΡΟΥΣΙ,-0.5947762572289035,-0.5947762572289035,-0.3461110587770593,-0.49851876105399606,0.8089788953218302,0.812989624329118,-0.38621834884993733,0.9694080556133426,0.792935979292679,-0.26990720763859083,0.06298329996629744,0.006833093864268088,0.006833093864268088,-0.17364971146368338,0.11913350606832679,-1.324728936555285,1.3584487693202603,1.530910116633636,0.21940173125052206,-3.55068353560002,-1.1723212342783482,1.2060410670433235,0.21539100224323424,0.24747683430153672,0.24747683430153672,-0.09744586032521499,0.40389526558576133,0,0,0,0
15123,ΑΓ. ΘΩΜΑΣ,-0.9754838815597647,-1.3373683984619196,-0.9645176840778813,-1.0906289551195414,0.0005076943278650684,0.07178797796010769,0.29659502633871904,0.45560488982602954,0.37335840871190346,0.5104358772354469,0.049855582996340735,0.5268851734582721,0.6036485558314565,0.28014573011589383,0.6420302470180487,0.47205418604885474,1.0916443437752714,1.0971274425162132,1.2835527997082323,-3.4757769074291986,-1.521052206283468,0.43367249486226256,0.1375851628514086,0.28014573011589383,0.28014573011589383,-0.0488401943406106,0.5268851734582721,0,0,0,0
15123,ΠΑΡΑΔΕΙΣΟΣ,1.672692615789413,-0.6104419435229004,-0.6214239798387654,-0.47496261700942527,1.495748404494541,-0.5910437672266529,-0.6273768593370848,-0.608594498161353,-0.538288938569133,1.577651815523142,-0.6227582459332163,-0.49590033110696236,1.3682746745477714,-0.6214239798387654,-0.43503727002931786,1.5475795104712873,-0.59145431064033,-0.4091730349676544,2.208964949905252,-0.6437985958841727,-0.6316362472539857,-0.6194738986237988,-0.5419838292922278,1.6228115910276337,-0.5978177335523266,-0.6046943357314196,-0.6064391452395477,1,1,1,1
15123,ΦΙΛΟΘΕΗ,0.7826089175183543,-0.1150596812479377,0.13670024760145913,0.12903542541166485,1.7757929928036211,0.532028192082772,-1.0612721538829268,-0.8087260894243202,0.4140095837501702,0.2499037753276516,0.10977510298602793,0.24145281752864767,1.1579886709159717,0.09759000104327804,0.3678241167091021,-0.7347310752074601,0.5519763831664674,0.8213260962719305,0.16834220587214835,-2.3970148208813074,-2.472483839365436,0.1542900318575255,-1.7079669594090316,1.3840026585637517,0.19988589719168634,-0.10955673198347,0.13227823479965473,0,0,0,0
15124,ΜΑΡΟΥΣΙ,-0.03095419192450344,-0.39654949659819005,-0.11432888504579433,-0.07667403998251851,0.5088015828247686,0.5460204817802207,0.7825212452746013,0.3710971060159437,0.19671866288644643,0.7132603073941042,-0.04141689851227328,-0.087736172468546,0.2028764016594568,-0.2939931747326545,0.27535244208515414,0.23421002815928835,0.608197295408582,0.9256205551677451,1.1916566674671842,-1.6497855700644959,-4.210533007421163,0.44537142413641395,0.24865074298094986,0.19453893234732772,0.08435355359487663,-0.5391038738565541,-0.08817211857636974,0,0,0,0
15124,ΨΑΛΙΔΙ,-0.1325129228353715,-0.1325129228353715,0.37417666361317237,0.22940821034215983,0.06395854946100264,-0.15319413044551614,-0.03944748858972058,0.8084820234262099,0.7774602120109929,0.9118880614769331,-0.39102801796217956,-0.65988371689406,-0.65988371689406,-0.5357964712331921,-0.21523775327595007,-0.30830318752160096,1.325512213679826,1.8115205925182252,1.9769702533993825,-2.645279647467946,-0.7529491511397108,1.1393813451885242,0.053617945655930324,-0.03944748858972058,-0.03944748858972058,-0.8563551891904341,-1.9110967773078111,1,0,1,1
15124,ΑΓ. ΘΩΜΑΣ,-0.7910055438576599,-1.032477021337259,-0.6988918755531677,-0.6707056742107838,0.25537085855393643,0.483185104455267,0.678454458084979,0.9556672011843022,0.8772107644580787,1.1869683998290206,-0.24965613044671733,-0.37286179404641656,-0.3257879320106824,-0.44637838105284083,-0.13574900749605204,-0.23890469282127189,1.1305959971442525,1.5635592961148934,1.684149745157052,-3.0116132826050683,-0.8687355320956776,1.2741422184137132,0.10049204086846553,0.0028573640536095524,-4.8429899213542054e-05,-0.7407353084738203,-0.6091028424109342,1,0,1,1
15124,ΠΑΡΑΔΕΙΣΟΣ,1.1415099329935876,-0.6898956586033179,-0.6930365916759775,-0.5340570561521301,1.554421826930146,-0.32844674501110543,-0.33158767808376505,-0.4557753395719985,-0.4214666860091013,1.4836300276771257,-0.576097237278497,-0.4738961072988808,1.218583598391927,-0.707291595621125,-0.5113456939344376,1.5355762284941883,-0.42968143404528797,-0.14772228821499922,2.7900165756671607,-0.9824856548333777,-0.6908620995487517,-0.3992385442641257,-0.5207684931524164,1.2985565866265676,-0.6162045365139965,-0.7679357649470911,-0.7444995720203234,1,1,1,1
15125,ΜΑΡΟΥΣΙ,0.13050542630263734,-0.27469570289181844,0.12995884204563043,-0.009966727748138466,0.3866712480865424,0.4256609250863686,0.5892718126837703,0.4433338160629254,0.21832329692841418,0.37082030463334203,0.1142900933447657,0.15491952311561266,0.15583049687729084,-0.0019501586453704552,0.3482281553437231,0.20666283277893344,0.6169654150387871,0.7060586489309133,0.8654790572245954,-2.4355254655924683,-4.075096041860862,0.5240460913476124,0.144716616984817,0.16257170271370938,0.16129633944735994,-0.24062528420505438,0.18224873596595814,0,0,0,0
15125,ΠΟΛΥΔΡΟΣΟ,0.4045538567580071,-0.04521005427102669,0.015843870303050293,-0.024451719915840515,0.6304533776820919,0.48555206335961587,0.01747197495835901,0.5873086043164109,0.4464775516322066,0.7061602441539474,0.08137508267922625,0.17621217885095916,0.27430548433330953,-0.06434028397090415,0.3373945397265224,0.20511103648268894,0.872633945159264,0.9528180994332184,1.2161640274294037,-3.587151731895146,-2.4250920341685474,-1.263032336441949,0.05980269599638572,0.252733097650469,0.2869232954119521,-0.475843735600183,-0.12417313005349959,0,0,0,0
15125,ΠΑΡΑΔΕΙΣΟΣ,0.2901661584118262,-0.3740084397988811,-0.1150795199381174,-0.11608562731476205,0.9214266724437298,0.36181537659144913,-0.12736840289570567,0.4820452081004854,0.43720156502718077,0.8300864956069186,-0.07016401205219529,-0.018780671030700403,0.34126204018285117,-0.1879504399322374,0.17532618784910056,0.43073373189160796,0.7121563381016415,0.8675280629806232,1.5849544873408798,-2.706524662924279,-3.437605401681856,-0.08345900238642823,-0.03265057986587315,0.3667021838494374,0.04611325476287985,-0.432650126894741,-0.14519087642483958,0,0,0,0
15125,ΛΑΚΚΑ ΚΟΤΤΟΥ,0.5577836635124528,-0.03530276351344616,-0.8402057716200232,-0.9249324040522945,0.7696002445931309,0.9814168256738091,1.1508700905383515,0.5577836635124528,0.2612404499995033,0.3883303986479102,-0.2047560283779887,-1.0520223527007013,-1.0520223527007013,-0.16239271216185308,0.30360376621563895,0.17651381756723203,1.1932334067544872,1.701593201348115,1.913409782428793,-2.2381952067524993,-0.6072075324312772,1.0237801418899448,0.04942386891882511,-1.0096590364845657,-1.0096590364845657,-1.1367489851329726,-0.755479139187752,1,0,1,1
15125,Ν. ΜΑΡΟΥΣΙ,-0.30441958166675726,-0.625535353763021,-0.09445926914227708,-0.24266654857132192,0.04139740366768068,-0.020355629427754665,0.12785165000129017,1.721079903863522,1.9063390031498282,2.239805381865179,0.6218759147647729,-0.42792564785762793,-0.42792564785762793,-0.4773280743339762,-0.03270623604684174,-0.1685629088567995,0.02904679704859361,-0.05740744928501587,0.09079983014402895,-3.1697603172949576,-1.0145794622642637,1.1406013927664298,0.05374801028676775,-0.30441958166675726,-0.30441958166675726,-0.4526268610958021,0.1525528632394643,0,1,1,1
15125,ΣΥΝ ΚΑΡΠΑΘΙΩΝ,-0.1257709315881034,-0.5706101859320029,0.030862608673833027,-0.12890360239334211,0.4569058381863001,0.4663038506020163,0.7012541609949209,0.36292571402913826,-0.006729440989031712,0.215690186182918,-0.10070956514619356,0.055923975115742854,0.05905664592098159,-0.2510777637976525,0.25641490665102146,0.04026062108954921,0.804632297567799,0.9330718005825868,1.183685465001685,-4.157518257930347,-1.7986171415855843,0.5602839747591781,0.29400695631388624,0.4287118009391515,0.4287118009391515,-0.3701192543967242,0.23135354020911164,0,0,0,0
15125,ΣΩΡΟΥ,-0.2711236082421232,-0.5383107575624008,-0.13211740256444662,-0.24209222369351113,0.4438357434381038,0.6271271119865446,0.8271484309528297,0.6377063453390049,0.4172646457156452,0.5565168800759371,-0.015745835687382838,-0.10013367382445024,-0.09988764514183487,-0.14343472196475304,0.23864782213689614,0.11538745214660236,0.8111565665828315,1.1014704120689527,1.2645874286429342,-2.3375185135285053,-3.706422103600351,0.7120070074888427,0.07085626059322277,-0.0036904302392303527,-0.0036904302392303527,-0.3075358532691961,0.07799109238906812,0,0,0,0
15126,ΜΑΡΟΥΣΙ,-0.08879849693045282,-0.45277691244595386,0.006553239264621185,-0.08033681967870453,0.36333291443161997,0.49404688391758234,0.6996530117660333,0.6060693872355037,0.3765937519157031,0.5816947050028557,0.13486762863441615,0.025623586503635987,0.06603756740750841,-0.15712338339606213,0.2947554405853614,0.14585517969265646,0.5676761053768249,0.8763378845301506,1.1323351948181175,-1.7403410853052645,-4.229589721603157,0.656965744436318,0.10569378616943323,0.008447644619490205,-0.005570955006540543,-0.4205720214131805,0.032569739471489056,0,0,0,0
15126,ΠΟΛΥΔΡΟΣΟ,0.27940046952778486,-0.07982870557936673,0.41411141019296666,0.27940046952778486,0.18959317575099693,0.054882235085815106,0.27940046952778486,-0.6186724682400941,-0.9779016433472456,-0.8431907026820639,0.5488223508581486,-0.2594432931329425,-0.2594432931329425,-0.663576115128488,-0.5288651744633062,-0.663576115128488,1.042762466630482,1.2672807010724516,1.4917989355144214,-3.5374095159857006,-1.2922271715660032,0.952955172853694,0.5937259977465424,0.6386296446349364,0.6386296446349364,0.2344968226393909,0.8182442321885122,0,0,0,0
15126,ΠΑΡΑΔΕΙΣΟΣ,-0.31170779819828254,-0.7492268101456653,-0.23427080493325902,-0.3930166411265572,0.49492754831237895,0.7078792797911936,0.9621307410113541,0.7646664081855441,0.4871838489858766,0.6756138659307671,-0.101337299828302,-0.17490244343007433,-0.18393675931099374,-0.4020509570074766,0.012236956960399123,-0.18264614275657667,0.8020942882636388,1.1905698711431734,1.4073934522852392,-3.8118598937773447,-1.426800501214621,0.9582588913481028,0.14129861240210495,0.032886821831072055,0.032886821831072055,-0.5943528236156183,-0.10391853293713613,0,0,0,0
15126,Ν. ΜΑΡΟΥΣΙ,-0.3113996740891068,-0.7939108039230344,-0.22379678884548307,-0.3809257734888082,0.5312566506352738,0.739834948834378,0.9706615988413866,0.8816681916097688,0.6313742337708438,0.7356633828703959,-0.18625269516964432,-0.3572868996929097,-0.3572868996929097,-0.4379371749965633,0.02371612501745383,-0.13202233763787724,0.9817857747453388,1.5046220422310932,1.7354486922381016,-3.4150447512917763,-1.329957030294732,0.7551306907023123,0.018154037065477722,-0.2168441789055129,-0.2168441789055129,-0.7897392379590522,-0.36006794366889777,0,0,0,0
15126,ΣΥΝ ΚΑΡΠΑΘΙΩΝ,-0.024080747250900633,-0.3937617360819637,0.03371304615126016,-0.06742609230252124,0.36303802407219365,0.45471093774458665,0.6345692085909664,0.5284478465680332,0.35681024461075395,0.5513660749861314,0.10670262143933393,0.040189936791157496,0.05712949692627359,-0.11973943977861506,0.283322446965765,0.11890906918375582,0.615387647849732,0.8236445930402769,1.04037131829838,-2.058820852892493,-4.171034535034395,0.5772736375457208,0.1532864118109032,0.12140018096833172,0.11890906918375582,-0.2844019287390818,0.14008351935265095,0,0,0,0
15126,ΣΩΡΟΥ,0.028666477276662775,-0.319276178108888,0.13112189475170835,-0.004809055165678843,0.3908108736983585,0.4303728665847622,0.6352837015348534,0.6018081690925117,0.3989261542904413,0.5815199676123047,0.22241880141264003,0.28835545622331293,0.28835545622331293,-0.0058234652396891955,0.27111048496513696,0.13315071489972904,0.5358715142818389,0.5845631978343357,0.7468688096759921,-2.4921425566390623,-4.0208585381726625,0.47805014006324875,0.1088048731234806,0.16459742719404996,0.16662624734207065,-0.33449232921904326,-0.009881105535730603,0,0,0,0
15126,ΑΝΑΒΡΥΤΑ,-1.2354234170653713,-1.6099342583164757,-0.7610430181473057,-0.9857495228979684,0.5871960103566704,1.3611850822756195,1.6108589764430226,1.5109894187760613,0.26261994793904647,0.5871960103566704,0.11281561143860468,0.08784822202186438,0.08784822202186438,-0.08692350389531771,0.6371307891901509,0.38745689502274794,0.6371307891901509,0.21268516910556587,0.4373916738562285,-3.058042844487413,-1.3103255853155922,0.4373916738562285,0.06288083260512407,0.03791344318838378,0.03791344318838378,-0.43646695572968186,0.38745689502274794,0,1,1,1
15126,ΝΕΑ ΛΕΣΒΟΣ,-0.20668268379543855,-0.5216412528370273,-0.019142546062897906,-0.14977736495838798,0.3794421002261826,0.7144412380756021,0.8636321392005653,0.7250800585538334,0.42323445428773887,0.6162177094742582,0.11446124598930783,-0.09658326256723197,-0.09880999243476873,-0.21014648581160686,0.20278819740159942,0.06448353118459384,0.6236401423660475,1.0954594598541147,1.2703814616706137,-1.64094413291884,-4.042596002272101,0.7045446608865499,0.07710166710063548,-0.1871369438470603,-0.18738435827678662,-0.49492049442658614,-0.019142546062897906,0,0,0,0
15126,ΝΕΟ ΜΑΡΟΥΣΙ,0.04110861999328431,-0.4804991156592045,-0.49262952811623917,-0.6503248900576892,0.9266287293568118,1.0964545037552966,1.3148019279819199,0.9508895542708811,0.6354988303879809,0.8417158421575694,-0.0680650921200273,-0.5775424153154816,-0.5775424153154816,-0.20149962914740818,-0.0074130298348541864,-0.18936921669037354,0.890237491985708,1.084324091298262,1.2905411030678506,-3.3796676928904796,-1.3599540187942147,0.6597596553020502,-0.09232591703409655,-0.05593467966299268,-0.05593467966299268,-0.7473681897139662,-0.7958898395421048,0,0,1,0
15126,ΣΙΣΜΑΝΟΓΛΕΙΟ,-0.09132197585498927,-0.6105306151229376,-0.011359463900220855,-0.21181343222518825,0.439935809049979,0.5615226422962707,0.8769911826109735,0.6086238479682576,0.2822015388926276,0.5264705822613037,-0.13075554339432713,-0.22386257786220817,-0.22386257786220817,-0.348735541736778,0.18909450442474657,-0.01355021765240629,1.0084364077420997,1.4202981131529617,1.6711394177781942,-3.7465946113763895,-1.4594476940947942,0.8276992231868012,-0.12637403588995624,-0.21071805534909555,-0.21181343222518825,-0.7091145339712823,-0.08255896084624753,0,0,0,0
15126,ΣΤΟΥΝΤΙΟ ΑΛΦΑ,-0.5445857172875478,-0.9982022628385757,-0.21267117176240546,-0.40905394453144805,0.41520051018932214,0.8937106466547358,1.2034975558115353,0.8854127830166072,0.48711532838643634,0.7166895557079931,-0.21820308085449117,-0.7990535355234903,-0.7990535355234903,-0.6607558082213476,0.06669023738792268,-0.12692658083507702,0.9960509648583212,1.7954118286647058,2.0692413287229483,-2.688200490470759,-0.8765002628126902,0.9351999648453785,-0.030118171723577173,-0.41735180816957657,-0.5335218991033764,-0.9428831719177186,-0.20713926267031976,1,0,1,1
15126,ΣΥΝ ΔΩΔΩΝΗΣ,-0.06007035574712951,-0.4207383443461991,0.04724496601394335,-0.08883528735319028,0.42893348155590355,0.6656909955442498,0.858194768600195,0.6811798048705903,0.3902114582400525,0.5439932079801466,0.10034945513282477,-0.023561019477898536,-0.027986393571138652,-0.2016823267308133,0.19217596756755723,0.06937183648014394,0.5871406053892377,0.7718999737820127,0.936745158755207,-1.9430670324207997,-4.180093636553679,0.4798252836281649,0.1357524478787457,0.09924311160951474,0.09924311160951474,-0.2879771215489956,0.146815883111846,0,0,0,0
15127,ΜΕΛΙΣΣΙΑ,-0.08871036986580748,-0.6391785414224245,-0.008607238012838084,-0.006542724305287326,0.3168289394207463,-3.0019456625906815,0.889628267580704,0.892380952524105,0.3843729462194486,0.644432856247259,0.05742279206699364,-0.14066729817250154,-0.02543302472937676,-0.49252925106273565,0.3978955110039061,0.43791266836859827,0.3441837460457939,0.8006133182234738,1.3945739118858267,1.1083290863339141,-2.9797177316727184,0.45807608557901064,0.3167601222971613,-0.06909748964407528,-0.28538970907180966,-0.7045548088281984,-0.0010373544184853064,1,1,0,0
15127,ΑΝΩ ΜΕΛΙΣΣΙΑ,0.5864429587908306,0.23457718351633228,0.23457718351633228,0.0,0.11728859175816614,-1.6420402846143258,-0.23457718351633228,-0.23457718351633228,-0.3518657752744984,-0.23457718351633228,-0.3518657752744984,0.0,0.0,-0.23457718351633228,1.1728859175816613,1.4074631010979937,1.5247516928561597,0.7037315505489968,0.5864429587908306,0.5864429587908306,-1.6420402846143258,1.4074631010979937,1.2901745093398276,-0.3518657752744984,-2.1111946516469904,-2.1111946516469904,-0.3518657752744984,1,1,0,1
15127,ΤΕΡΨΙΘΕΑ,-0.9149709847234343,-1.1094466645923913,-0.46216193905840014,-0.3750832764305089,-0.25897839292665403,-2.4185292260983555,1.462276505017995,1.462276505017995,0.6582501867537999,0.42604041974609,0.28961718162906047,-0.09062631184606439,-0.24446528248867216,-0.4679671832335929,0.08062839132212161,0.09514150176010348,0.22575949570194026,1.1400854532947977,1.6973888941133013,1.6973888941133013,-2.009259511747267,0.4405535301840719,0.30122766997944594,-0.3373491892917561,-0.46216193905840014,-0.7872556128691939,-0.038379114269329676,1,1,1,1
15231,ΧΑΛΑΝΔΡΙ,0.47282284541404546,0.2155659031960389,0.26468158885106013,0.27918554971563014,0.7891316282949442,0.5213734416847328,0.39898449919441625,0.886468274746458,0.8259095290586753,-1.7610225816398766,0.5490157307350658,0.6906177122927348,-1.8354731080258675,0.3236863387319245,0.259878329084222,0.8189400933185572,0.876767573648726,0.3867408958671818,-1.9836677990674318,-2.154560247046408,-2.124940145150906,0.17417310579358097,0.46067342365086666,0.6200286300330256,0.3423813791969709,0.14252810027088275,-0.43989069184925356,0,0,0,0
15231,ΚΑΤΩ ΧΑΛΑΝΔΡΙ,0.3829292190181895,0.1278016240709959,0.41340651999234707,0.42452402600807754,0.6737095056710014,0.5974204126665063,0.7220131524979682,0.7971521586732498,0.6923025760766196,-1.731888778767225,0.3714283507260545,0.595695282422686,-2.1054753171234086,0.2046657604900978,0.3946217684485267,0.6537746672979675,0.8266710539563962,0.6296228438844841,-2.2201006377683536,-2.588895147669481,-1.1127587023739605,0.36337774292156005,0.34133441202830145,0.46592715185976336,0.23341793122043517,-0.014234099336870696,-0.13844347689192812,0,0,0,0
15232,ΧΑΛΑΝΔΡΙ,0.37827660241574335,-0.03387684843603657,0.2587350180417921,0.35685636248944724,0.6732100899898782,0.5599325021587906,0.822188077698126,0.7005000889143822,0.7063698479125902,-1.581303015381512,0.33425340992918384,0.56050195638996,-1.4519054923911667,0.1722217790756676,0.37319531850684695,0.6941922881998901,0.7648046128648991,0.8232831819888364,-1.6938797364665448,-2.560501467963156,-2.483055692524114,0.5394759540083196,0.259041647243191,0.42387674508092593,0.3592217877573818,-0.08337556237614831,0.12776054487282387,0,0,0,0
15232,ΚΑΤΩ ΧΑΛΑΝΔΡΙ,0.2546492732012289,0.01928665868918151,0.314960943169941,0.4115576828759271,0.5836665947378618,0.5052123899005125,0.8494302136243819,0.8920896875046904,0.7773504129300673,-1.8516009572914782,0.3992992133700913,0.5147739961150645,-1.8633690880170806,0.13843898228590548,0.3000056103728213,0.6795278262734976,0.9126839162744945,0.8119192969365243,-2.178656923707177,-2.666544010039442,-1.1075118582872452,0.45152029346495176,0.2720562998995157,0.3764984600892367,0.1911504011609994,-0.095942954665675,0.10754763913119926,0,0,0,0
15232,ΠΑΤΗΜΑ,-1.1180726525158011,0.4812895524074638,0.6812098280228719,1.081050379253688,1.4808909304845044,1.2809706548690962,1.2809706548690962,1.2809706548690962,1.081050379253688,-1.1180726525158011,-0.11847127443876053,-0.11847127443876053,-1.5179132037466172,-1.5179132037466172,-1.5179132037466172,0.6812098280228719,1.081050379253688,0.8811301036382799,-1.5179132037466172,-0.918152376900393,-0.31839155005416864,0.2813692767920557,-0.31839155005416864,-0.31839155005416864,-0.31839155005416864,-0.5183118256695767,-0.31839155005416864,0,1,1,1
15233,ΧΑΛΑΝΔΡΙ,0.21097179502249663,-0.1817268398202567,0.1622288148637755,0.2061368512005243,0.6933979919567366,0.5776404416143989,0.7931889836311657,0.7138059525076199,0.6096297792272158,-0.7181245026741879,0.24003767823133035,0.4228660190342844,-0.7506198227800019,0.15452663691481958,0.3796888462985314,0.47751212827797174,0.7983612491151362,0.7631673557133375,-1.010357502518516,-3.0765089025336954,-3.050141592620846,0.6936228730647354,0.20709259590951884,0.385873076768496,0.2856323228780695,-0.15794566264939275,0.17004343336673078,0,0,0,0
15233,ΠΟΛΥΔΡΟΣΟ,0.25984874410565334,-0.25923386302636886,0.050002129367420045,0.13456057539063218,0.7705197780730627,0.6722371863602193,0.7869002100252033,0.6056086726089448,0.48939614862416375,-0.054699820813154144,0.14208671980107515,0.29880760928912276,-0.41861103877692574,0.21026473387214673,0.43494228024272347,0.44578878248130305,0.8300648617909792,0.7193862675197591,-0.6966356675862306,-3.1984146124928894,-3.220328974158591,0.6321715352340377,0.098257996469672,0.2228820936190658,0.1958765166168881,-0.23820493011483704,0.08652606547692267,0,0,0,0
15234,ΧΑΛΑΝΔΡΙ,0.2971954710129005,-0.08449662269090677,0.24973401117872462,0.30245462665734013,0.690018906418129,0.5640250242614623,0.7191539833931534,0.6980205665397304,0.6546889958005746,-1.1297134760750858,0.3004219468683849,0.4963335608133991,-1.0613444526973708,0.16168348508255473,0.3778573674000111,0.6041301191451337,0.8380496186677544,0.8024293252232063,-1.2495447893477771,-2.921149665315702,-2.8493605775311734,0.5909338328962024,0.21895343151740324,0.39605469122494324,0.29316237619354496,-0.13779800382350943,0.17810624718697043,0,0,0,0
15234,ΤΟΥΦΑ,0.19133857255484102,-0.37670170497784633,0.19301916509191996,0.27872938448294676,0.9946618052785823,0.8316443291819235,0.9106321784246345,0.7425729247167389,0.5207347098223165,-2.292577197247857,0.26360405164923617,0.5123317471369218,-1.9984735032590395,-0.06747267815531831,0.3207441979099207,0.5240958948964745,1.1728046142089517,0.9492858067774504,-2.6169315569040954,-1.4976569272095104,-0.3783822975149253,0.7408923321796599,0.060252354662682396,0.2501593113526045,0.17789383225820937,-0.4943431825733733,0.08714183525594571,0,0,0,0
15235,ΧΑΛΑΝΔΡΙ,-0.29893261266305066,-0.7128393071195828,-0.29893261266305066,-0.09197926543478459,2.3914609013044084,-0.4024092862771837,-0.29893261266305066,0.32192742902174754,0.4254041026358806,-0.29893261266305066,0.21845075540761452,0.32192742902174754,-0.5058859598913167,-2.3684660849457115,-2.2649894113315785,-0.19545593904891762,1.1497408179348119,1.0462641443206788,-1.333699348804381,-0.43690151081522827,0.4598963271739244,1.356694165163078,0.011497408179348441,0.11497408179348148,0.21845075540761452,0.4254041026358806,1.0462641443206788,0,1,1,1
15235,ΠΑΤΗΜΑ,-1.0032179322851507,-1.3030727386139225,-0.603411523846788,0.19620129302993708,1.0957657120162527,0.7959109056874809,1.0957657120162527,0.496056099358709,0.19620129302993708,-0.7033631259563786,-1.203121136504332,-1.0032179322851507,-2.1026855554906474,0.5960077014682996,1.1957173141258435,0.8958625077970716,1.1957173141258435,0.7959109056874809,-1.5029759428331038,-0.9365835308787563,-0.37019111892441037,0.19620129302993708,0.8958625077970716,1.1957173141258435,0.9958141099066622,-1.0032179322851507,-0.10365351329883483,0,1,1,1
15235,ΒΡΙΛΗΣΣΙΑ,-0.11613600840445006,-1.2948898140967324,-0.08283153579917604,-0.0963030078642307,0.017830297131371253,-0.02071308127697957,0.02568865583598647,0.00847510819730552,-0.0147257603591775,-0.0454107800629131,-0.08844464915961547,-0.05027547830862729,-0.133349556043131,-0.6796925897925699,4.631809479412591,0.012965598885657072,0.21728292520565268,0.16339703694543406,-0.12025229153543897,-1.3233295884562923,-0.6375942395892741,0.04814110927774423,-0.06636640327522035,0.014836636672470219,0.011094561098843925,-0.29089093769279795,-0.09031568694642862,0,1,1,1
15236,ΝΕΑ ΠΕΝΤΕΛΗ,-0.3042358056907486,-0.5687219645446515,-0.20202725177133532,-0.300285227293467,0.5748185361453944,0.83241650702455,1.016472941585079,0.8043572707156526,0.5259934390302733,0.6924242161260077,0.003504121769288561,-0.262501490314338,-0.22714887850276694,-0.24831992683691695,0.0763365799140439,0.0009716997197490848,0.977980126432079,1.225144518467132,1.2005293761456082,-2.5119000515972822,-3.192007317221604,0.9925668774374263,0.09669725319234128,-0.2616911152584854,-0.2621975996683933,-0.4907233654188356,-0.18845346958580372,0,0,0,0
15236,ΚΑΛΛΙΘΕΑ,-0.8718102093322472,-0.8222155279480582,-0.3510660547982633,-0.4130594065284995,0.5168408694250431,0.7152195949617989,0.8206082929032004,0.826807628076224,0.7152195949617989,0.8206082929032004,-0.43165741204757035,-0.7974181872559638,-0.7974181872559638,-0.8036175224289874,-0.6548334782764206,-0.7168268300066567,-2.347251980511868,1.4839371564167274,1.5025351619357983,1.4674055959553314,1.4322760299748638,1.397146463994397,-0.05969730166615329,-0.7106274948336331,-0.7106274948336331,-0.729225500352704,-0.4812520934317593,1,1,1,1
15236,ΚΡΑΣΣΑΣ,0.5341964560520189,-0.178065485350673,-0.5341964560520189,-0.712261941402692,0.5341964560520189,0.712261941402692,0.8903274267533648,-0.178065485350673,-0.712261941402692,-0.712261941402692,-0.5341964560520189,-0.356130970701346,-0.356130970701346,0.356130970701346,1.0683929121040379,0.8903274267533648,0.5341964560520189,0.356130970701346,0.5341964560520189,-3.5613097070134594,-0.712261941402692,2.1367858242080757,0.356130970701346,-0.5341964560520189,-0.5341964560520189,0.0,0.712261941402692,0,0,0,0
15236,ΟΙΚ. ΑΓ .ΔΗΜΗΤΡΙΟΥ,-0.7326523864875382,-0.8463823110867479,-0.6757874241879334,-0.7099064015676962,0.7515231295321478,0.8459189669494919,0.9107450239710413,0.931216410398899,0.7754064136979818,0.6286948109650013,-0.5904899807385261,-0.7553983714073801,-0.7372015834715065,-0.49154494633721374,-0.3334603511443123,-0.19584714237926862,1.8899596747702365,1.8194471215187265,1.4191177869295084,-2.119020167351904,-0.2726148414837351,1.5737904843844337,-0.5051925372891188,-0.7815562540651984,-0.7815562540651984,-0.624608958118289,-0.3925999119359013,1,0,1,1
15236,ΠΑΛΑΙΑ ΠΕΝΤΕΛΗ,-0.6039659318117498,-0.6039659318117498,-0.01632340356247967,-0.3101446676871148,0.2774978605621554,0.2774978605621554,0.2774978605621554,0.5713191246867906,-0.01632340356247967,0.2774978605621554,-0.3101446676871148,-1.7792509883102903,-1.7792509883102903,0.5713191246867906,0.8651403888114256,0.5713191246867906,1.4527829170606958,2.040425445309966,-0.3101446676871148,-2.6607147806841955,-0.4570552997494323,1.746604181185331,-0.01632340356247967,-0.01632340356247967,-0.01632340356247967,-0.01632340356247967,-0.01632340356247967,0,0,0,0
15236,ΠΕΝΤΕΛΗ,-0.493529432697178,-0.8541730184701196,-0.6607628925975944,-0.34121324314331286,1.549793679025236,0.4062505943746791,0.5932594394854659,0.4554604402305432,0.06869734277800832,1.6012896965817212,-0.6120674353743699,-0.6512181257475023,0.648813411810553,-0.603208520034464,-0.36178878844890067,0.49061033012758903,1.0974746080573978,0.8678858150225474,1.92163950613122,-2.1053947902199193,-2.187296891394662,0.46929177901929947,-0.3872796029108233,0.7718094493039556,-0.38910854027132,-0.6527041373529058,-0.6425306732851429,1,0,1,1
15237,ΦΙΛΟΘΕΗ,-1.105804699153159,-0.3374677041252411,0.041373341188986494,-0.1269650415666264,0.9527319375789222,1.0032288990276577,0.1363112714149678,0.6711965790238898,1.0710742304601335,0.19714440080677165,-0.46409714487270104,0.0796672497357732,-0.7912573504715863,-0.2968971066042102,0.16162805280856282,0.30296490432964,1.6045024571255393,1.595213566110623,1.0543177996096964,-2.4742769077918365,-2.52345338963551,0.3389821239021826,-0.47338603588761724,0.14728491227082463,0.14250386542491192,-0.9581386522836829,0.0516184415730852,0,0,0,0
15238,ΠΑΤΗΜΑ,-0.1223173569412984,-0.4218351386305789,0.06841556643843544,0.074782458712059,0.6718326470805654,0.6135721597165477,0.7773313674424354,0.7643237380662152,0.6562919530363445,0.2705130502205511,-0.07548989118690573,0.09942849331963409,-0.4045144531980331,-0.2205591893353824,0.10250924764558098,0.25654696394292525,1.1494864900168191,1.0189994290111577,0.07738398458730304,-3.1249574454236195,-3.1434419713793007,0.8923461956111192,-0.010177899476831766,0.1715181445467912,0.15673052378224617,-0.3299601985101185,0.031241130905343025,0,0,0,0
15239,ΝΕΑ ΠΕΝΤΕΛΗ,-0.8556423875754527,-0.7122564363308076,-0.33626660862262714,-0.46117170392907353,0.6279242546358086,0.9038625519199478,1.079112047885625,0.7980755834461207,0.4762537817636951,0.6534150904126343,-0.14699715297969562,-0.6007340298071947,-0.6007340298071947,-0.417200012214049,-0.020817515884407927,-0.1597425708681085,1.0778375060967837,1.3525012615920817,1.0778375060967837,-3.447423115184215,-0.9977537970312566,1.4519155211217023,0.46032200940317897,-0.24768595429815748,-0.24768595429815748,-0.5765177358192103,-0.13042810972475885,0,0,0,0
15341,ΑΓ. ΠΑΡΑΣΚΕΥΗ,0.147533183136798,-1.0528576066859812,0.3059674812341496,0.3166051176989319,-0.22498354881429763,-3.0119778173593588,1.0147000107002713,0.02586521607085029,0.24852424432432507,0.7090674180214943,-0.33880625898746836,-0.6109302968021809,0.2767804661839031,-0.619307435518197,0.020346942154744467,0.5909896532624107,0.5211801639622767,0.5824795440905848,1.320399088606953,0.8577948728447321,-2.8256197235419536,1.0061899015284452,0.5574146131704415,0.35636328398605577,0.044879991251648675,-0.34405859199195465,0.1254600874723747,1,1,0,0
15341,ΝΕΑ ΖΩΗ,0.3643141675659489,-0.97853266028083,-0.0496987685140141,0.46512218717283876,-0.8014185702770582,-2.745473226168261,0.949280703562596,-0.36962421962754655,0.5912722228197941,0.7756668920173968,-0.5540188888251493,-0.9519305439956784,0.43179953624722794,-0.23465348226498844,-0.9723721701937422,0.6782191397307366,0.604293258685684,-0.4907338542941573,1.1819792154885,1.0678701377390345,-2.4315682540034733,1.0639498258654332,0.9212784758940155,0.4868239136159887,0.46274199782100944,0.1436566135375344,0.39175635068115783,1,1,0,0
15341,ΤΣΑΚΟΣ,0.2310392620656774,-1.1007015918313208,0.3803464161476478,0.31197378909809165,-0.2398525315774601,-3.133934831913923,0.9059722025732384,0.23732021205710643,0.2872089005604571,0.7656378341933094,-0.06793395752634511,-0.5632317282790354,0.29869406625907025,-0.4605830598476808,-0.17183881595598557,0.561596687328886,0.09321727368232009,0.600538577275746,1.1629527850797068,0.9427606239516085,-2.775382315260345,0.9214053939807498,0.7663556570494728,0.2985146105450294,0.2671098605878842,-0.09341666892014294,-0.4257686513237598,1,1,0,0
15342,ΑΓ. ΠΑΡΑΣΚΕΥΗ,-0.1004192196813248,-0.6020821185230792,0.16907838359297447,0.08912635979162171,0.30035565447054635,-3.2303513525166467,0.6224068926283,0.6231011987802155,0.34153335009569197,0.6476689549249197,-0.6049127512962734,-0.0810854637587532,0.047094133517964654,-0.6355156301460898,0.26323697942583013,0.40188457714681325,0.49257164222009114,0.828402187085092,1.2471756130212355,1.0082808885967527,-2.8625827246635307,0.7260721419258455,0.3981460055595757,0.19706426233172453,-0.09224777035493403,-0.48244782773147593,0.288445633556918,1,1,0,0
15343,ΑΓ. ΠΑΡΑΣΚΕΥΗ,-0.1890671752259182,-0.6865426534795919,0.12014797498273781,0.07755366932833829,0.2888994607432977,-3.177171518462037,0.8546558869925737,0.8286440972799634,0.5493425052408092,0.6816774854037146,0.49926981004403426,0.19460672303508506,-0.05803278454864336,-0.4208972510395583,0.29052519760033585,0.2589859025737958,0.41863326193494205,0.5447904420411024,0.8494535290500516,0.8572570659638348,-2.9993159063020634,0.7174436962585539,0.5538945684405161,0.11429532229740047,-0.2947400709333979,-0.8003442334722624,-0.07396500574761722,1,1,0,0
15343,ΠΕΥΚΑΚΙΑ,-0.5121721585517592,-1.0055920183922413,-0.21213537917132363,-0.19631312713368348,0.012599200696639388,-3.1665014401995784,0.8060558399175571,0.8066418492522845,0.39731432894518626,0.34457348881971905,0.19133204778850046,-0.08995243288065795,-0.2953487047026163,-0.6460752915369733,0.3738739555560897,0.5813212600495941,0.8136739612690135,0.8813580394300297,1.295666639082311,1.299768704425403,-2.4205115570915807,0.678305804946981,0.47613258446602336,0.16613364639522168,-0.153827450365946,-0.7216704957168095,0.2953487047026163,1,1,0,0
15343,ΠΑΡΑΔΕΙΣΟΣ,-0.3607792155846105,-0.8978483689792006,-0.10238853530884054,-0.0038478272140257527,0.25565756695421954,-3.145111576209366,0.6736752766324496,0.6736752766324496,0.36200127229636125,0.46455495040408706,0.21798023738855504,-0.02725681895600664,-0.24707839855213193,-0.6387888603679455,0.36311598618883656,0.44671952812448257,0.6587381104732809,0.754603505226155,1.2497594162636745,1.1931319505259304,-2.7195138120623037,0.8188110254327311,0.5408013806493962,0.21329843904015885,-0.1304793253992176,-0.7509290779509586,0.1374978943518398,1,1,0,0
15343,ΚΟΝΤΟΠΕΥΚΟ,-0.15106400157457664,-0.7027839561848684,0.03828517302900136,-0.07626095198185298,0.1354911664083783,-3.2414045410939356,0.7391049456092229,0.7393580862169817,0.4240714592534036,0.4939382669948308,0.3004122723632327,0.06537121805919234,-0.13448329176637563,-0.501790313624386,0.3935680160184689,0.40141537485899154,0.6243056799906098,0.6111423683871525,0.9226318862343487,0.9184550662063286,-3.005477494662739,0.7006275732298862,0.47887640083318256,0.2738325085485593,-0.03461932200553135,-0.6430427727537931,0.23003918340628793,1,1,0,0
15343,ΣΤΑΥΡΟΣ,-0.9915470619677539,-1.2942809934392507,-0.7493599167905566,-0.7190865236434069,-0.608084082103858,-2.464852195129038,0.5221225953897297,0.50194033329163,0.15884187762393367,0.1386596155258339,0.1386596155258339,-0.335623543779511,-0.5778106889567084,-0.7190865236434069,0.07811282923153455,0.27993545021253236,0.4313024159482807,1.1780461135779727,2.156885825335812,2.156885825335812,-1.3447366486845,0.8551299200083762,0.6936718232235779,0.4313024159482807,0.2395709260163328,-0.19434770909281252,0.03774830503533499,1,1,1,1
15344,ΑΡΤΕΜΙΣ ΑΝΑΤΟΛΙΚΗΣ ΑΤΤΙΚΗΣ,-0.4661099505503437,-0.4661099505503437,-0.4661099505503437,-0.26789631980835926,2.6063011314039612,-0.4661099505503437,-0.4661099505503437,-0.4661099505503437,-0.4661099505503437,2.626162416659578,-0.4661099505503437,-0.3437484645031771,1.430592888634285,-0.4661099505503437,-0.27887491969839867,2.341816679507557,-0.4661099505503437,-0.3929525531012628,0.6685782508120034,-0.4661099505503437,-0.4661099505503437,-0.4661099505503437,-0.4661099505503437,-0.4661099505503437,-0.4661099505503437,-0.4661099505503437,-0.4661099505503437,1,1,1,1
15344,ΓΕΡΑΚΑΣ,-0.5034268440870537,-0.527219930708725,-0.49297841621775285,-0.2734514475111777,-0.4939132755534271,-0.5542025374168144,-0.465720850881524,-0.4625130002198965,-0.36895374435163003,-0.49862423338221723,-0.48392311206435873,-0.30706972244503367,2.3672695477157695,-0.49734109311756625,0.111105689804724,2.825368952771382,1.2278776538561087,0.15647386344774117,-0.494518184535334,0.15878351592411294,-0.5543491820184888,-0.4742995600794763,-0.3871010138088369,2.5194499831033768,-0.5032435383349608,-0.5293829385834223,-0.49409658130552014,1,1,1,1
15351,ΚΑΝΤΖΑ,-0.9368165189527805,-1.2874555374129255,-0.8070887114667055,-0.42538405396333173,1.0754027211111614,-1.221009587237131,0.510612144616908,0.5469992125703192,0.27157931086762116,1.1476015674060722,-0.5487836757183787,-0.6734776991002268,0.0873428126529182,-1.1580153747328064,0.43855712072497494,1.5649741808479678,0.5160773959300685,1.7535253511520081,2.2479867725900635,0.33903201786426107,-0.7660993266180011,-0.16118229969291067,-0.2559612632553535,0.8529094637043343,-0.9778059038014849,-1.333334883962879,-0.8001852361237658,1,1,1,1
15351,Π.Ε.-6 ΜΙΧΑΛΗΝΟΣ,1.035287228614692,1.035287228614692,1.035287228614692,1.035287228614692,1.035287228614692,1.035287228614692,1.035287228614692,1.035287228614692,1.035287228614692,1.035287228614692,1.035287228614692,1.035287228614692,-0.7117599696726008,-0.7117599696726008,-0.7117599696726008,-0.7117599696726008,-0.7117599696726008,-0.7117599696726008,-0.7117599696726008,-0.7117599696726008,-2.4588071679598933,-0.7117599696726008,-0.7117599696726008,-0.7117599696726008,-0.7117599696726008,-0.7117599696726008,-0.7117599696726008,0,1,1,1
15351,ΠΑΛΛΗΝΗ,-0.4093941119355005,-0.6622664620134575,-0.5112899323255633,-0.5633832682810621,1.7492470328662408,-0.6447869510934499,-0.3852617171464773,-0.34073132936283107,-0.2953222588040319,1.976637582464761,-0.48273274213309114,-0.6823820212589242,0.2631747893887456,-0.6003507078928557,0.1611220613602626,1.8609966529490907,-0.26368967889852424,0.4102286281161354,2.378540807514202,-1.1876559984995778,-1.3134645429848755,-0.4977958754214281,-0.25085463407575376,1.594285049162474,-0.3390994899232613,-0.4785589989511145,-0.48521188282012995,1,1,1,1
15354,ΣΤΑΥΡΟΣ,0.6374386620739892,0.27855433827711945,0.7466643258382539,0.48140199955361107,0.6686459945780648,-1.219397621918511,-0.18955564928401503,-0.18955564928401503,0.6218349958219515,1.41762197467588,1.2303779796514263,0.7622679920902917,-1.4378489494470403,-1.6563002769755697,1.152359648391237,1.3239999771636533,-0.2987813130482797,0.49700566580564887,-0.5172326405768092,-0.5172326405768092,-2.327257925813196,0.24734700577304383,0.09131034325266567,0.7154569933341783,-1.1413792906583218,-1.469056281951116,0.09131034325266567,1,1,0,0
15354,ΓΛΥΚΑ ΝΕΡΑ,-0.7206637731439353,-0.7990568587841578,-0.6522873669219749,-0.4676942747854271,1.533746561409521,-0.9513181208293262,-0.37093083113873887,-0.3712402266420057,-0.39173767873343046,1.5839073073766492,-0.5974470139679366,-0.5222252322361985,1.0248296329735618,-0.7024867873270114,0.8647948089088153,1.7212789108271034,-0.4177269010078407,-0.21596235843998607,2.758024567836204,0.3805134974204743,-0.8378086455683231,-0.5064460615695924,-0.4745783247331131,1.2216438474891478,-0.688022547549289,-0.7878025973528284,-0.6133035335103595,1,1,1,1
15354,ΠΑΙΑΝΙΑ,-0.2946012613412984,-0.2946012613412984,-0.2946012613412984,-0.2946012613412984,-0.2946012613412984,-0.2946012613412984,-0.2946012613412984,-0.2946012613412984,-0.2946012613412984,-0.2946012613412984,-0.2946012613412984,-0.2946012613412984,-0.2946012613412984,-0.2946012613412984,0.12513434582992103,-0.08473345775568869,-0.2946012613412984,-0.2946012613412984,-0.2946012613412984,-0.2946012613412984,-0.2946012613412984,-0.2946012613412984,-0.078971657745102,4.444732766566722,2.075065752612712,-0.2946012613412984,-0.2946012613412984,1,1,1,1
15451,ΝΕΟ ΨΥΧΙΚΟ,0.5555459562985744,0.13650670243330018,0.37222210919600224,0.5118707860125052,0.9482495952101356,0.5431938537096648,0.6996693570718144,0.6707234864766715,0.5730719584624613,-1.0340997293322725,0.3685863959811534,0.4325376591961875,-1.261331805260327,0.18423709130516233,0.14881219331432713,0.8552126262763106,0.7286152276669574,-0.20072900409787436,-1.7687002455632759,-2.482978057157432,-2.553128677520862,0.36928557159939357,0.5784323048689692,0.9436816478376332,0.4383175109736395,0.25965483465933514,-1.0174593496181563,0,0,0,0
15451,ΑΣΥΡΜΑΤΟΣ,0.5951331274616372,0.3327887284173236,0.5951331274616372,0.9886497260281075,1.250994125072421,1.1198219255502644,-0.45424446871561713,-1.765966463937185,-1.765966463937185,-1.897138663459342,0.5951331274616372,0.5951331274616372,-1.1101054663264012,0.20161652889516682,0.3327887284173236,1.250994125072421,1.3821663245945779,-0.19190006967130355,-1.765966463937185,-1.2084846159680187,-0.6510027679988523,-0.09352092002968596,0.4639609279394804,0.5951331274616372,0.3327887284173236,0.07044432937301003,0.20161652889516682,0,1,0,1
15452,ΨΥΧΙΚΟ,0.22114589877545843,-0.10683686132489731,0.03419572551825566,0.4049736761565058,0.8622078823572097,0.6216784454100128,0.7001843988676341,1.7823700754739598,1.4216677552259926,-1.4666009074593562,0.31424052540234343,0.3842189270973553,-1.3388713013658735,-0.05813798110519649,-0.897537699374835,1.2678831986701378,1.282052053906473,-0.45583675669248386,-1.4169836755113743,-1.8074668303764538,-1.8654541823621968,-0.0564849479942907,0.5102955000799321,0.6768057877276806,0.07373732707595454,-0.08246118259423887,-1.0049848515837114,0,0,1,1
15561,ΧΟΛΑΡΓΟΣ,-0.04646992054836217,-0.3624523406643022,0.08946193183786483,-0.02424553027558366,0.3754634294323586,0.46117036023678665,0.6576691772030363,0.6029883753932792,0.49445193477894256,0.6819289695552524,0.2432173051359241,0.007055653054146473,0.0350011734961551,-0.12232990615767299,0.22643899069731654,0.13968685341966378,0.5990275929684276,0.8032279313163332,0.9663901628734151,-2.412982408530191,-3.944594967873506,0.6025482884571846,0.16933771073903908,0.012171663686246477,-0.01989967178164925,-0.3542557214795399,0.11999296302942936,0,0,0,0
15562,ΧΟΛΑΡΓΟΣ,-0.03730303386443277,-0.4135168994789338,0.048596631803861215,-0.09192099722273353,0.3049065656511058,0.23795372145298535,0.6468939150614225,0.4787061479346916,0.2411207854523985,0.5253786700313067,0.2041717054592449,-0.006854769449021962,0.10371465789891143,-0.16342996857790454,0.3811939142685493,0.37313734795425263,0.5919981390715942,0.7268483904150286,1.0156624021509872,-1.1813354504945577,-4.522532407349144,0.5629945003401262,0.2117282090367921,0.07537776948310941,-0.030135467971024017,-0.4191287146357887,0.13577423557718157,1,0,0,0
15669,ΠΑΠΑΓΟΣ,-0.49634647030394763,-0.7884108797544133,-0.4880105939242832,-0.308017411355973,0.566411610354225,0.06908175820027605,1.0475107614091448,0.5365524129519349,-0.4744262027870522,1.08513246803271,-0.0711726697750306,-0.5689876787553093,0.1219197471041809,-0.4323057692284302,-0.006293970544943779,0.6434633354085838,-0.1296120147647417,1.1296345805569503,2.1582111575418956,0.34310715474448367,-3.6739472620992126,0.6166914996283916,0.15107326184999148,0.1672598577829907,-0.4550640348998951,-0.7323532137303206,-0.011101433642210579,1,1,0,0
15771,ΙΛΙΣΙΑ,0.3202185983871542,-0.3784249853735066,0.30669646450791566,0.12339642747823688,0.428395669421063,0.20302677143375308,0.4749719083384404,0.4374104253405554,0.1519431545566295,-1.3024374671214773,0.21955382395282247,0.4329030473808092,-1.2228071231659612,0.2796521967494385,0.7949957434804206,0.4824842049380174,0.4268932101011476,0.0768201885608595,-1.7802195308545745,-3.285683769409805,-1.4158731457750902,0.4539374778596248,0.8400695230778825,1.274280266533433,1.3058319122516564,-0.09746509254932686,0.4494300998998786,0,0,0,0
15771,ΖΩΓΡΑΦΟΥ,0.6532595045790132,-0.5681910052064256,-0.1309694754291757,-0.20419168152800526,0.9171246376232863,-1.7578185843734597,-0.30211594642476325,-0.27549861865443087,-0.10499057064964461,1.315058598735839,-0.0039233002597108225,0.11889946127829909,1.059591183493645,-0.36929768884139563,0.08177270889016014,0.8668856591933046,-0.1799316078775547,-0.264350771045823,1.2346173018948714,-0.4224832349212296,-3.666457779565285,0.1609371597495252,0.013559667796079472,1.2245989718853736,-0.04630476495675303,0.7339463487241352,-0.08372617410987719,1,0,0,0
15771,ΚΟΥΠΟΝΙΑ,0.36947173695150015,-0.19964995904160746,0.3211500835181231,0.1922923410291176,0.38020988215891727,-3.73786880488555,-0.11374479738227046,-0.11374479738227046,0.020482017710443595,0.38020988215891727,0.272828430084746,0.4016861725737515,0.3641026643477916,0.18155419582170046,0.7130923835888482,0.5734964958924255,0.7721521822296423,0.44463875340342,0.11712532457719772,0.025851090314152156,-2.9110316239144316,0.5896037137035512,0.4016861725737515,0.3748408095552087,0.22450677665136895,-0.3177695563231958,0.272828430084746,1,1,0,0
15772,ΖΩΓΡΑΦΟΥ,0.3013862884878659,-0.19048900382271255,0.3349772113469515,0.19632368711674641,0.05632959013845921,-2.745122734646467,0.038212707000092626,-0.09117171422908772,-0.09224417242755341,0.71156324732247,0.7459585138304048,0.2639268556986006,0.9270507410570373,-0.35361755622504504,0.09068655456787744,0.8145958385322081,0.1256946543320784,-0.08588602739379261,0.8193069941897536,0.07034815087554624,-3.736572037049467,0.49603745150938594,0.2621266580083189,0.5601551309462266,0.227424974872251,0.0900354192330947,0.1629625767287606,1,1,0,0
15773,ΓΟΥΔΙ,0.5300456092495104,0.02447628415070768,0.3776742537636126,0.36658208612287674,0.6468052686256773,0.5259590211713445,0.40511277371701176,0.26266598927808815,0.12664098610485372,-1.3404441339566835,0.2661687790593732,0.37125247249792337,-1.0899946645948055,0.32221341555993327,0.577333271296858,0.8336207236275444,0.6876711494073358,0.8645620333622286,-1.2359442388150141,-2.515630105577803,-3.1928361299595713,0.4074479669045351,0.3397273644663583,0.4775037625302353,0.47049818296766527,0.0875265002138378,0.4033613788263693,0,0,0,0
15773,ΖΩΓΡΑΦΟΥ,0.551795190512982,-0.26593185131593416,0.18020270211874972,0.05318114061730141,0.2800431791303096,-1.9951665598155028,0.1559044599232434,0.3064005943932317,0.13831323857589137,0.7663021906214955,0.16449415329017783,0.10560180356208623,0.6850531047328896,-0.17756390996569085,0.13813673802725573,0.6776989152064046,-0.10731669160870645,0.09230542889820142,0.6410456346064035,-0.36577232832749407,-4.252667410381539,0.6668735482234187,0.2991052383829586,0.6709330608420384,0.3000465746423487,0.04106143627765419,0.24992041882982718,1,1,0,0
16121,ΧΙΛΤΟΝ,-0.4792240837543401,-0.8266296001660718,-0.5706888155578907,-0.8579201663093917,0.14899420573846797,0.7611660510552145,1.8370801330601387,0.8943515377165251,-1.0175822858612038,-0.8290365667924811,-1.0994191511591176,-1.5021848999782614,-1.5037895443958675,-1.2590812707109296,-0.3492478859282419,-0.5490261159202077,0.2877959478614,1.5851509594959732,1.861149799324231,0.8478168496059467,1.009083613575365,1.170350377544783,0.500411333194215,0.10326183983669267,0.08801771786943423,-0.5281657384913278,0.27736575914696004,1,1,1,1
16121,ΠΑΓΚΡΑΤΙ,0.2913999720985115,-0.07972962234424948,0.33880974065008174,0.1632454414825481,0.42029528034809316,0.3506621827879743,0.4654827159988085,0.3247349656113343,0.13954055720676298,0.27213975362443604,0.30917863530535034,0.5165963727184703,0.5165963727184703,0.17657943888767724,0.37807095523185086,0.2617688667537801,0.500299264778868,0.4262215014170394,0.5610430307355674,-2.936168177576358,-3.8280644484527735,0.20917365476688182,0.057314239875133316,0.13583666903867156,0.14324444537485442,-0.23825603593856254,0.123984226900779,0,0,0,0
16121,ΠΑΓΚΡΑΤΙ ΧΙΛΤΟΝ,1.0910798657671639,0.027175090056468097,1.017707122614702,0.6141570352761623,0.6508434068523932,0.3206660626663152,0.4674115489712387,-0.30300225412960985,-0.5964932267394569,-2.0639480897886924,0.9810207510384711,1.3845708383770108,-1.4402797729927674,0.4674115489712387,1.1644526089196257,0.5407842921237005,0.3573524342425461,0.027175090056468097,-2.5408709202796937,-1.7093131645517943,-0.8777554088238934,-0.04619765309599368,0.06386146163269898,0.3940388058187769,0.3940388058187769,-0.6698659698919187,0.2839796910900843,0,0,0,0
16121,ΖΩΟΔΟΧΟΥ ΠΗΓΗΣ,0.7106793492823029,0.025271140175605725,0.3834123665556817,0.20125432900029824,0.4451608538625914,0.2907896355953173,0.4791225218813917,0.16420523661615247,-0.10440068316890457,0.06232023255975152,0.43589858076655497,0.7168541980129939,0.7137667736476484,0.19816690463495276,0.3216638792487721,0.18272978280822536,0.3556255472675724,0.17038008534684343,0.34327584980619047,-4.2724235763853065,-2.142100764296923,-0.011777952208540072,-0.008690527843194589,0.250653118845826,0.250653118845826,-0.3143455400123974,0.15185553915477054,0,0,0,0
16121,ΚΑΙΣΑΡΙΑΝΗ,0.3430250718545813,-0.20380310544778207,0.42583725014636886,0.0775935003894861,0.618756665495272,0.26412690198952,0.7332929120878935,0.29353346530084506,0.11735158598728461,0.541300498734794,0.1023650537217932,0.21566529765334333,0.37464613993365936,0.019295374875615758,0.280091936361693,0.3976666894961152,0.3907656746384663,0.3584751051179745,0.6602657548629217,-2.8683673421634515,-3.821994895290958,0.19702225751551555,0.0544184504943963,0.3743371392683915,0.1555646682587438,-0.2407286849472918,0.13949663366481485,0,0,0,0
16122,ΚΑΙΣΑΡΙΑΝΗ,0.00340073629059616,-0.16561496943131926,0.25776337993733694,0.11835539004046629,0.3897394735542369,0.31697881158742647,0.3705603863801188,0.43684810642566435,0.3203351518428971,0.410956338740605,0.18716036527761484,0.20645932174657114,0.15755264945257008,-0.07187718086781723,0.21616873462846842,0.12111238382174577,0.4414031396295174,0.5539604074826228,0.8678980906639678,-2.520327397233664,-4.075391759170125,0.3692418241368982,0.11631761202821625,0.1494015374035699,0.14772336727583457,-0.005229852937756968,0.6791039512937431,0,0,0,0
16231,ΜΕΤΑΜΟΡΦΩΣΗ,0.3663400324798093,-0.03501304839197515,0.39435470621587404,0.24913578521668137,0.6413412175215876,0.553866828100814,-0.2048162749146532,0.33317980642487555,0.15308547526445945,0.282867739307045,0.2920153878739233,0.442379861191985,0.442379861191985,0.22855357594120523,0.5527233720299543,-1.395725772715119,0.3646248483735196,0.532712890789908,-0.20996182723352222,-4.078273714952174,-1.9608789357375678,0.1565158434770388,0.39263952210958436,0.5555820122071037,0.5441474514985059,-0.004139734478760965,0.41036309120791103,0,0,0,0
16231,ΠΑΓΚΡΑΤΙ,-0.050722945733619046,0.14949920847803566,0.6180190493333078,0.49388131372208177,0.6020012769963753,0.2175747409099983,0.289654716426194,0.24961028558386303,0.1254725499726371,0.24160139941539685,0.28164583025772777,0.4538368828797508,0.4538368828797508,0.4538368828797508,0.7061167971864358,0.5619568461540444,0.714125683354902,0.5939923908279091,-2.88586864937065,-3.3023307301308917,-1.6925446102691877,-0.0827584904074838,0.01735258669834356,0.24560584249962994,0.24560584249962994,-0.042714059565152854,0.3417124765212242,0,0,0,0
16231,ΖΩΟΔΟΧΟΥ ΠΗΓΗΣ,0.2448367765407818,-0.09657726826028211,0.3358805218210655,0.19231153887907965,0.5238041498995998,0.39365828324893787,-0.020123866774915667,0.3755662569432404,0.19873129014884325,0.3539725481267629,0.3055326067276376,0.3347132943174721,0.3288771567995052,0.32012295052255485,0.48878732479179837,-0.0668129669186509,0.18355733260212928,0.48295118727383146,0.455521340939387,-4.298012667444657,-2.2180132560412518,-0.13801384463784713,0.19114431137548626,0.3720645744324603,0.3703137331770702,-0.04580287185397005,0.43100956336392604,0,0,0,0
16231,ΑΝΑΛΗΨΗ,0.25875377276161127,-0.025863119873377506,0.356242150272134,0.23293968249936808,0.48805475769179324,0.3877296669656394,0.41307097169194407,0.3976581632203483,0.264899984728812,0.36503596124059046,0.2695332829810095,0.3662652036340306,0.36825090288497236,0.18424277229770059,0.4355755632026176,0.002504012282933666,0.5800588229854291,0.5359006539287714,-0.8170224357128961,-3.281086091917272,-3.41214224247943,0.11597254090817835,0.252134775258472,0.37420800063779774,0.39718537768440976,0.057630805773365046,0.4322660644510479,0,0,0,0
16231,ΒΥΡΩΝΑΣ,0.15504751354146243,-0.2561184845752094,0.3783937196340637,0.2539641958499205,0.5356503466138836,0.4449186714682732,0.33459522385839957,0.3337244784155434,0.26406484298705185,0.34217070921124804,0.2213983162871007,0.3893651122140511,0.1963208475328437,0.14808154999861325,0.5195415559210449,0.24046764148565028,0.5764012333395512,0.5411360429038773,-0.4986210904106459,-3.2921466201817315,-3.4310305183172867,0.32902245302412025,0.27433963921275434,0.41043715193116986,0.4082602883240295,-0.22590361770810116,0.4065187974383172,0,0,0,0
16232,ΜΕΤΑΜΟΡΦΩΣΗ,-0.10492900400609509,0.06307632599929121,0.5075509236659114,0.39365114764269615,0.8031088330358084,0.7259957771266394,0.15434784463276668,-0.3023889930718689,0.4590076228968607,-1.3312794226533882,-0.3441058921702718,0.6243582411414396,0.1004951203421011,0.3789870255353788,0.7299146373449742,0.6210714551518685,0.2023854860188064,0.8093031604776925,0.2643287604376471,-3.049762835816083,-3.0558307484122142,-0.32880969583419073,0.07205178004773548,0.6806128475014072,0.5816300232770147,-0.24107779288179187,0.586307372569866,0,0,0,0
16232,ΠΑΓΚΡΑΤΙ,-3.585661440086648,-1.8792998160813021,0.5238904801705703,0.35209615377184206,0.8153617530493115,0.6126830533654186,0.7690351931215645,-0.24628857862822257,0.2729549472286077,-0.34473251847468483,0.19767428734601894,0.3926318937086206,-0.18065928539724774,0.3578869737628104,0.7748260131125329,0.5798684067499312,0.8558974929860901,0.6474279733112288,-1.0222584574179838,-0.47985165159728005,0.06255515422342368,0.6049619600441275,-0.4315948183392103,0.5972408667228363,0.5953105933925135,-1.4179644901341557,0.5760078600892856,0,1,1,0
16232,ΑΝΑΛΗΨΗ,0.9357312698944671,0.3858335707787344,0.6302325481635045,0.569132803817312,0.9662811420675634,0.8746315255482746,0.9662811420675634,0.7218821646827933,0.5996826759904083,-2.4247546691461217,0.569132803817312,0.11088472122086804,0.11088472122086804,-0.07241451181770955,0.08033484904777177,-0.04186463964461329,0.5080330594711194,0.4469333151249269,0.23308420991325307,-2.4247546691461217,-2.4247546691461217,-1.4777086317801376,-0.011314767471517021,0.04978497687467551,0.04978497687467551,-0.1029643839908058,0.17198446556706057,0,0,0,0
16232,ΒΥΡΩΝΑΣ,-1.1910275125272505,-0.38488471955342646,0.6313971175929468,0.5195138515813196,0.7924347853073127,0.6762564744867082,0.16588849564220012,0.007449064911042705,0.4651099506676089,-0.14579389185369793,-0.09085973849443449,0.5977791125449033,-0.21700679529143033,0.3406066764518266,0.7700581321049872,0.6600837748973498,0.6958758149721594,0.7496964381957621,-0.021873895328023578,-2.998605074171971,-3.009422224061247,-0.005276993782222952,-0.1496647347062329,0.6742415151936079,0.61554256947092,-0.7427520950569678,0.5952339008062503,0,0,0,0
16233,ΜΕΤΑΜΟΡΦΩΣΗ,0.11771268429956394,-0.20343956590202064,0.3772968865350416,0.16929672448738323,0.9164333065625723,0.6102570680284191,-2.919089681596249,0.2225447659715838,-0.06532745830237545,0.11937668559594522,-0.21342357368030823,0.01121660133116284,0.02952061559135678,-0.060335454413231654,0.3440168606074163,-3.561394181999418,1.1344174763885182,0.9347373208227662,0.2009127491186273,0.2719101377642278,0.342907526409829,0.41390491505542953,0.3373608554218912,0.3656488774603728,0.3656488774603728,-0.39646371628224764,0.13435269726337662,1,1,0,0
16233,ΖΩΟΔΟΧΟΥ ΠΗΓΗΣ,0.4566200066524194,-0.03546911423588547,0.390877682748455,0.25450149298338604,0.9162292889453133,0.6133450109591917,-0.3168306076105902,-0.14875722596325267,0.36348504778846985,0.08760208140576214,0.06138341651549064,0.18347630376571022,0.34039696975076805,0.21223857047369463,0.5344933546100915,-2.170529347688443,0.8440301296579238,0.717045700450564,0.42883604833586303,-3.7272136601287427,-1.727062153854112,0.2730893524205188,0.2910902268227948,0.39420393127931036,0.3838338623301731,-0.010815742771898824,0.389899374357027,0,0,0,0
16233,ΑΝΑΛΗΨΗ,-0.16612359292140916,-0.46942336465308426,-0.055302522480989436,-0.18362165667515964,0.42881057470610734,0.34715294385527173,-2.8724907868348173,-0.6094078746830881,0.2421645613327688,0.3821490713627727,-0.6094078746830881,-0.6560693780264227,-0.6560693780264227,0.1780049942356837,0.5279662693106933,-2.785000468066065,1.1987253798711286,1.0587408698411247,0.9829159269082061,1.0354101181694575,1.0879043094307088,1.1403985006919604,0.2188338096611015,0.19550305798943418,0.18383768215360052,-0.2652792875259953,0.11967811505651542,1,1,0,0
16233,ΒΥΡΩΝΑΣ,-0.12765657772976483,-0.011511822345533012,0.26301214492628766,0.14818721630778575,0.8503350556760964,0.7949023315154402,0.33164313674424284,0.31976469585267364,0.5599731672155167,0.6906360170227775,0.1046329330386988,0.1759035783881138,0.16798461779373436,0.12838981482183714,0.48870252186610175,-2.682841196182865,0.8635333233333954,0.6866765367255878,0.5269774980722691,-3.4140252243972333,-1.6223603899188845,0.16930444455946425,0.22605699548585026,0.23529578284595962,0.2339759560802297,-0.18308930189042094,0.07559674419264086,0,0,0,0
16233,ΚΑΡΕΑΣ,0.16399634023936158,-0.43706003024657397,0.3664950936292661,-0.19472936659033963,0.7268904014880949,0.33763484726863185,1.2586583292652351,0.31795740656819943,0.21169922678586442,0.7465678421885273,-0.061161284260131725,0.016475163594301612,0.3768704714531304,-0.15632854292040485,0.1703169727067732,0.4518832605475061,0.4908803702992722,0.6528316701246493,1.1364196824898216,-2.8827870234857738,-3.403464030140852,0.3732927549621427,-0.10635976926294315,0.17484874692869098,-0.17278603877894833,-0.44731615085407206,-0.11172634399942472,0,0,0,0
16233,ΝΕΑ ΕΛΒΕΤΙΑ,0.262345837360479,0.062020803395764025,0.2992989989656206,0.14954144930267835,0.8419270035884894,0.7485716479544474,-1.153543723089157,0.9275027462530279,0.7835799063172132,-0.43003971692533205,0.2409519016943444,0.32069293463175524,0.32069293463175524,0.27207035357235837,0.58714467883725,-1.8206455352240818,1.0091886824328145,0.8983291976173897,-0.05856319763154015,-3.5710584533623684,-1.6378246304407496,0.2954091924808689,0.20788854657395456,0.22539267575533742,0.22344777251296155,-0.1810921019012202,0.17677009469594057,0,0,0,0
16341,ΑΣΤΥΝΟΜΙΚΑ,-1.5720858430900702,-1.3097771378104348,-0.21284982482286902,-0.2545807552082655,1.0867705786080515,0.9913855948700022,1.0092702793208863,0.1686901101293278,0.06734356490765053,-0.08765703366667943,-0.5526588293896693,-0.4751585301025043,-0.6003513212586938,-1.4528546134175087,0.4608066228271035,0.49657599172887196,1.3669639683385708,1.2417711771823814,0.5383069221142684,-2.829975316135594,-0.7851597272511642,1.2596558616332656,0.5144606761797562,0.6217687828850615,0.6217687828850615,-0.2545807552082655,-0.05784922624853905,0,0,1,1
16341,ΑΓ. ΜΑΡΙΝΑ,-0.913119820471302,0.930895718615723,1.1456098567285957,0.8803747449421059,-0.9004895770528977,-0.9004895770528977,-0.8878593336344934,-0.7489266560320463,-0.7615568994504507,-0.8373383599608764,-0.9257500638897063,-0.913119820471302,-0.9383803073081106,0.3499045213691261,0.4509464687163603,0.31201379111391325,-0.8878593336344934,-0.8878593336344934,-0.9636407941449191,-0.5384225990586416,-0.11320440397236428,0.31201379111391325,1.5750381329543413,1.6634498368831712,1.6634498368831712,1.297172777749447,1.5371474026991285,0,1,1,1
16341,ΑΓ. ΚΩΝΣΤΑΝΤΙΝΟΣ,0.7822540304975324,-1.359371514535921,-1.2116732010853382,0.043762463244617376,-0.10393585020596562,-0.17778500693125712,2.2592371650033622,-0.03008669348067412,-0.10393585020596562,-0.5470307905577146,-0.03008669348067412,0.043762463244617376,0.043762463244617376,-2.4671088654152937,-0.17778500693125712,0.043762463244617376,1.889991381376905,1.7422930679263218,1.003801500673407,0.46224101802126905,-0.07931946463086828,-0.6208799472830061,0.11761161996990888,0.26530993342049186,0.26530993342049186,-1.063974887634755,-0.9901257309094637,1,1,1,1
16341,ΗΛΙΟΥΠΟΛΗ,-0.23536647835147995,-0.7815631100381917,0.25021904752305835,0.2024161241062072,0.8316247831165763,0.7036501406059927,0.8658692540396344,0.7004882880481518,0.5799627558009565,-0.07947107003352036,0.2885900039877057,0.39829021052839436,0.022940798407738088,-0.482634066518914,0.39212727757667026,0.3651711447530423,0.8606173633503392,0.8007029369153172,0.004451999552565841,-3.0361783466641383,-3.057453863027916,0.5737998228492324,0.1777643922993109,0.31731463061487186,0.2825878431999396,-1.089763348345715,0.14384146570416878,0,0,0,0
16341,ΣΥΝ. ΤΥΠΟΓΡΑΦΩΝ,0.2731671286359335,-0.07754547734606043,0.23361307532969358,0.14132028428180043,0.4129247836513145,0.3153581188292561,0.44720496318338915,0.1703265900397097,0.06748605144348593,-0.2489463750064334,0.25470857042635486,0.36545991968382663,-0.9820148296154132,-1.4883067119352842,0.354912172135496,0.42610946808672784,0.9350382872936814,0.813739190487879,0.02529506125016335,-2.9412589367178303,-2.9570805580403263,0.48675901648962905,0.813739190487879,0.9376752241807641,0.8822995495520283,0.014747313701832705,0.32326892949050406,0,0,0,0
16342,ΑΣΤΥΝΟΜΙΚΑ,-1.1121482646357752,-0.7350866915554548,0.20805106694485054,-0.1659462760719429,0.860732070476098,0.772030673900317,0.9542717250469218,0.5156030001630588,0.749774687123121,0.2928818571245976,0.16208761599194577,0.2586915006262965,-0.13691672810168726,-0.6499333508427049,0.4356104679783544,0.4288369067852948,0.9739473075600951,0.8497653523540015,0.2301457784555451,-2.8950463358089755,-2.9135929914566385,0.8368633310338879,-0.13917458183270714,0.3461026950700662,0.3443286671385506,-0.6938002233310911,0.22192073986397268,0,0,0,0
16342,ΑΓ. ΚΩΝΣΤΑΝΤΙΝΟΣ,-0.4139295824176084,0.15279279887898276,0.6028370428498051,0.623672424515121,2.7197118200458954,0.7611859435062056,1.16122527148027,0.06945127221771935,-0.05139394144111259,-0.9264799713843783,-1.0098214980456417,-0.9056445897190625,-1.088995948373842,-2.7974972449297417,-0.8389713683900517,0.2861392415370042,0.14029156987979324,0.002778050888708622,1.1737265004794595,0.8723079790545571,0.5708894576296538,0.2694709362047515,-0.24307945276201842,-0.11390008643706014,-0.10973301010399697,-0.747295689062662,-0.15973792610075502,1,1,1,1
16342,ΗΛΙΟΥΠΟΛΗ,-0.10212592879279214,-0.49607081966205624,0.2605517948751061,0.2047634588754087,0.90656145147045,0.7810644653060637,0.7715344040700308,0.31666136889399554,0.4011469679415219,-0.30643330899897747,0.08740450253055591,0.18249095621142206,-0.18072216415512968,-0.4745478723761845,0.46100431885098603,0.5917481926621769,0.6785895371837788,0.7884529397474823,0.09222307281843764,-3.1569924119700783,-3.2044285594707804,0.5917481926621769,0.19030774801176353,0.5052280861597672,0.3470719013775158,-0.4887894245603683,0.25155713033772686,0,0,0,0
16343,ΑΓ. ΜΑΡΙΝΑ,0.4152734624387523,-0.013756604892082419,0.33668823792646324,0.27630927616113116,0.5844785597197936,0.4529203108307651,0.631279969606039,0.4548746554194215,0.34080264758679246,-0.9649052581187015,0.2983213678438928,0.40406169611435505,-0.4860908338978827,0.24257111694643116,0.47945825313988893,0.46629214222683524,0.7053393434919659,0.5873586464820241,-0.7812997270265079,-3.162822898666598,-3.180103419239981,0.48346980255870997,0.33473389333780684,0.45497751566092975,0.4419142649893843,-0.1318401621435325,0.32969374150390346,0,0,0,0
16343,ΗΛΙΟΥΠΟΛΗ,0.1317157134246095,-0.23352675615122515,0.08579430384430056,0.09309307092991258,0.8831846079474133,0.5334520184285042,0.8053310923675518,1.0629167474306092,0.4933087994576381,-0.1936876524755929,0.07758319087298705,0.1888893889285703,-0.5534560467372185,0.0565992355018525,0.3643639142784925,0.39325486732570675,0.5729870068089027,0.6009656139704154,-0.43758811925312774,-3.1840533505098825,-3.191960348185962,0.6131302257797687,0.2983708952127505,0.4224499356681548,0.3829149472877564,-0.37433213784449026,0.10829883569160428,0,0,0,0
16343,ΝΗΣΑΚΙ,-0.11544590648074785,-0.4239667029045539,-0.15462315047107242,-0.013829929880843478,1.0219184581133625,0.89336812627011,1.0561985466048964,0.9900869473712238,0.8652094821520642,-0.5794513899911545,-0.03953999624949398,0.05840311372631746,-0.6100586118585957,-0.14238026172409599,0.053505958227526886,0.16736482357440768,0.961928303253178,0.8921438373954124,-0.2758277490661391,-2.9594689624033723,-2.9692632734009536,0.8443965712822042,0.17226197907319826,0.2775508222971956,0.26530793355021914,-0.262360571444465,0.02657160298417874,0,0,0,0
16344,ΑΓ. ΜΑΡΙΝΑ,0.4407484942969301,0.06519966097516978,0.39713930856090024,0.351800322138055,0.5965215982517257,0.4796234886795705,0.5194089044763243,0.3457004986634955,0.2375424346668285,-1.201014441773689,0.40333017417687106,0.5118524067391834,-0.8262849877246307,0.3101940635130745,0.5482692633037177,0.49273355704280286,0.6806445369158,0.5638374694850561,-1.1624125738152826,-3.0001892403445076,-3.027866051333554,0.48572331215413,0.37783837458169706,0.49482752629526355,0.4696998952657349,0.05791628966226292,0.3872157151470646,0,0,0,0
16344,ΗΛΙΟΥΠΟΛΗ,0.44185545330669534,0.04825277302689407,0.38871909146892214,0.3636269206010848,0.664240967664783,0.5397641200262959,0.5761723679521775,0.39265511827172017,0.28539838789547434,-1.1999597268104256,0.38379905796542463,0.4890877749402715,-0.7428886143355065,0.29327044150107034,0.5451761568801432,0.4817077246850252,0.6514488805556895,0.5309080597200003,-1.0553107418075987,-3.010040052747162,-3.078428518445777,0.6155326359801576,0.2785103409905778,0.39265511827172017,0.3813390412136759,0.00741649494786469,0.3350907262807992,0,0,0,0
16345,ΑΓ. ΜΑΡΙΝΑ,0.36861704832236597,0.0028959187963078564,0.33169408366943826,0.2895918796308057,0.5781256350860375,0.4618433572650524,0.6145473830242196,0.5572416053049698,0.4521531674466369,-1.0630249612293892,0.34322206810858763,0.4424629776282215,-0.834804283781881,0.2672041997055011,0.4959260938677549,0.44095932748398464,0.6377704241407669,0.5174784126018168,-1.0910930972551443,-3.0473419349073207,-3.066221097829406,0.5214881463197818,0.37245970980208243,0.4887419876230676,0.46819210231849695,0.059366335324315005,0.39050351153292495,0,0,0,0
16345,ΑΓ. ΚΩΝΣΤΑΝΤΙΝΟΣ,0.09260173898365545,-0.20855651900533553,0.08626762648293097,0.08281265602799036,0.3102648776449147,0.20373662195091216,0.5475061822175041,0.5417478981259365,0.4265822162945824,-1.1500359679766554,0.44097792652350165,0.550385324263288,-0.9767116168204675,0.27053271741309753,0.49395414016592454,0.5123806492589412,0.7582593799688823,0.6390628992734307,-1.0573275941024154,-2.9512272318190336,-2.96792625568458,0.640790384500901,0.5434753833534068,0.660944378821388,0.6741884322319938,0.19279588217693353,0.6425178697283713,0,0,0,0
16345,ΗΛΙΟΥΠΟΛΗ,0.06626843242358861,-0.24886661639874164,0.05859833891469429,0.19163478839655088,0.8910679706127929,0.763982455749906,0.8521885311021906,0.4057361916879284,0.33472170523488964,-0.8984441908071705,0.41195161228996346,0.5127207718378508,-0.3975077388814522,0.07486422687321155,0.290949275037579,0.26886469545162467,0.6300203053273208,0.509943669015665,-0.7929142835641074,-3.0824371959690606,-3.0976451399953167,0.8980768491640239,0.38444507005117007,0.5004221736253134,0.4558562854788068,-0.2728025978661532,0.2883044152069258,0,0,0,0
16345,ΝΗΣΑΚΙ,0.34946052182485765,-0.1107311949932764,0.23215675087121562,0.22012559487597028,0.7825821376536897,0.6517433162053966,0.6758056281958873,0.4592448202814713,0.26373853535873465,-1.0431457846247898,0.17952044339201728,0.25772295736111195,-0.6566448982775335,0.1840321268902343,0.4231513522957353,0.41112019630048996,0.839730128631105,0.740473091670331,-0.6160397467935804,-2.999712528351562,-3.2463512262540917,0.487818815770179,0.30885537034090466,0.42615914129454663,0.420143563296924,0.0020608924621486075,0.356979994321886,0,0,0,0
16345,ΚΑΝΑΡΙΑ,0.442429529649515,0.07448277538872182,0.41278560295322725,0.34919824874210614,0.6273080648469738,0.47569408861405166,0.5643995791861494,0.3777107278545661,0.26637628560591287,-1.1771245418415655,0.3376574833870628,0.4483130570854194,-0.7096104002039278,0.2432947548958262,0.4747889305469894,0.44967079418601275,0.6463163842552805,0.5247989137521771,-1.0657900995929122,-3.0537435043783168,-3.0666420068339533,0.4897240386535161,0.43088876429447165,0.5476541549454983,0.49968077739120054,0.031035188169735176,0.35870240844625945,0,0,0,0
16346,ΑΓ. ΚΩΝΣΤΑΝΤΙΝΟΣ,0.24437300341131882,-0.07809522939656763,0.2396870771338614,0.24791135590654176,0.6250806056676047,0.48708485835390947,0.8072579435973269,0.7601117873771941,0.6705054012143858,-1.0173843701554823,0.33484006991080295,0.4457722021934685,-0.8771891064258378,0.2146317162217421,0.4374522922722686,0.48651107146279227,0.7562865414364126,0.651570433807517,-1.2019524867981932,-2.9586010539536103,-2.9988617674803364,0.5767868756652373,0.2645511757489416,0.38619399666579557,0.3397172584852995,-0.08297241797106414,0.238730765648666,0,0,0,0
16346,ΗΛΙΟΥΠΟΛΗ,0.04261255996094111,-0.14316402681264243,0.3501804498661336,0.18234366224450554,0.7320988407010972,0.4350954991853896,0.7225309478200542,0.48313429469229263,0.3591503494421113,-0.6783680348459813,0.16858981622800634,0.2899824571562385,-0.22329512969137696,0.08148212479017801,0.3314433263074245,0.4948948296919079,0.9348185711181942,0.7773470007843627,-0.35844161663610835,-3.119974699427124,-3.3145218546749966,0.650572420110544,-0.13499145164341825,0.4107771047794055,0.39642526545784107,-0.18582088257395882,0.3150981759689762,0,0,0,0
16346,ΣΥΝ. ΤΥΠΟΓΡΑΦΩΝ,-0.1286284403698912,-0.42620957819843935,0.3392536223579714,0.33696257852524525,0.9173603494825504,0.4726432855078082,0.8068811246599756,0.22571967242509508,0.4405686718496414,-0.5641813290137285,0.1860082459911742,0.30386972316364447,-0.22739788560297647,-0.258199697131851,0.49631740511264566,0.5874500375699769,0.7597874458761592,0.6691639342705449,0.03454479260538623,-3.182589869393922,-3.2042275055918914,0.6154516844144083,0.2504120337333664,0.38558361986421247,0.3586002147232149,-0.48297655316487753,0.2878324163345611,0,0,0,0
16346,ΚΑΝΑΡΙΑ,0.26261471060674063,-0.1683823732713812,0.2264665680879304,0.3043241058207524,1.0272869561969566,0.8632300016885104,0.9188425286405261,0.49479701063140624,0.3460335010347642,-1.3112198021353043,0.2070021836547249,0.3432528746871634,-0.7703879775269513,0.05684836088428245,0.33491099564436105,0.33213036929676026,0.7964949693460915,0.6741474100516569,-0.6091116493661057,-3.8944216790564345,-1.6754818536710072,0.54345797171442,0.2070021836547249,0.3293497429491595,0.29320160043034926,-0.2601430427422071,0.1277543327481025,0,0,0,0
16451,ΑΡΓΥΡΟΥΠΟΛΗ,-0.38775659657453204,-0.14832614504801422,0.4112673853431777,0.15418263587628292,0.9642286254270388,0.8335391063494915,0.3075364563637736,-0.21965905159088872,0.511992312240842,0.2842518688099791,-0.053613222313829714,0.4432836932296451,-0.29022852903363877,0.00626824772717863,0.6094249511442197,0.07769658290756866,0.1412997698116835,0.9961017903572329,0.26034699511233356,-3.173938811797321,-3.2743774527824385,0.30643902703234477,-0.225337055523064,0.5461557644714092,0.5421477616957561,-0.11144297664825371,0.48851686741201633,0,0,0,0
16452,ΑΡΓΥΡΟΥΠΟΛΗ,0.1493859197166673,-0.11830506334009526,0.39150787309131174,0.2506890098314437,0.8874281232049506,0.6840651429425232,-0.37588736024346225,-0.10743957715382521,0.4784858197266774,-0.15360437915917158,0.11132968949211945,0.34966764270239126,0.28182592546971014,0.23858020930545124,0.5265966789594154,-0.36485970262157624,0.6895789717534662,0.9180244673911637,0.03516317189781848,-3.1245850796437575,-3.4110879492319723,0.17230614928372448,0.08165231677439679,0.5252993074744877,0.47459370527189415,0.02343277138826326,0.3861562157159847,0,0,0,0
16452,ΧΑΣΑΝΙ,0.13137626428886132,0.16320754320950742,0.5763900264539724,0.4050628487340243,1.10410269954037,1.017658932275478,-0.5114907413634029,0.24497024004489248,0.6054126631169144,-1.319131426134306,-0.5199166681365152,0.3404640768068308,0.3829057820343589,0.3878989238258328,0.651599224688048,-2.0343989877629416,-0.044944055222560675,1.0685265642761184,1.1234511239823313,-1.0743114426711013,-3.272074009324534,-0.14324653424220302,-0.33485835049001383,0.5717089560244656,0.528018965349069,-0.5361443789588053,0.4877617596553107,0,0,0,0
16542,ΑΡΓΥΡΟΥΠΟΛΗ,-2.1298654703620534,-0.17164636594291216,0.08944951464630667,-0.04109842564830274,0.7421892161193537,0.8727371564139632,1.0032850967085727,0.7421892161193537,0.7421892161193537,0.7421892161193537,-0.6938381271213498,-2.1298654703620534,-2.1298654703620534,0.21999745494091608,0.3505453952355255,0.3505453952355255,0.6116412758247444,0.7421892161193537,0.7421892161193537,-2.1298654703620534,-0.7591120972686545,0.6116412758247444,0.21999745494091608,0.21999745494091608,0.21999745494091608,0.3505453952355255,0.6116412758247444,0,0,0,0
16561,ΤΕΡΨΙΘΕΑ,0.055577859256274585,-1.5443017924324913,-0.36651020553258185,0.28387786358116124,0.47893708219838765,-0.029399063288929612,0.9468503984121448,0.8503059366723055,0.36294390071372223,0.594930263683053,-0.5829884390321821,-1.5120143753397735,-0.07903778917360013,-0.4971852636873611,0.34184267536966256,0.3017376356344166,0.36027446859188333,0.8581871172224964,1.1214439707619397,0.939668354846245,-3.696181872172939,0.8004765370646465,0.5823457979658127,-0.0737624828375852,-0.12746891481267686,-0.528328638442148,0.15777897477810582,1,1,0,0
16561,ΒΟΣΠΟΡΟΣ,-1.777287190546374,-1.779309473581679,-1.7287523976990542,-1.7388638128755793,-1.7065072843106994,-1.6943735860988696,0.5544051491602787,0.6575415839608332,0.7667448678673026,0.8577476044560272,0.687875829490408,0.27128552421758023,0.26926324118227524,0.14792625906397586,-0.7297445782583896,0.6534970178902232,0.5503605830896687,0.7465220375142527,0.7404551884083378,0.28139693939410515,0.6231627723606483,0.9649286053271916,0.8233687928558423,0.3885779402652696,0.3845333741946596,0.14388169299336587,0.6413633196783932,1,1,1,1
16561,ΓΛΥΦΑΔΑ,-0.17435437537532342,-1.0688373695496347,-0.8227824685534578,-0.027496268958711087,0.07791721846916402,-1.177854736889574,1.0460995568451863,0.8980701894571531,0.3406400640586374,0.7308501615373785,-0.35130487905767105,-1.1107324735273798,-0.05443527130139028,-0.6223166484448919,0.4094741703790618,0.4143394082603484,0.4891199164356786,0.8450030577520091,1.3222468551070985,1.1348450996797648,-3.5381257882981587,0.9832118523796676,0.59264136690972,-0.0110085183610178,-0.0952492113055163,-0.47338631107884266,0.24342540343070812,1,1,0,0
16561,ΚΑΡΒΕΛΑΣ,-1.5808886711081,-1.6050230113319601,-1.5277931226156083,-1.5253796885932223,-1.5145192354924852,-1.8005111671452256,0.7432482924496127,0.7384214244048407,0.6382639124758219,0.7287676883152967,-0.10748720044145038,-0.11714093653099436,0.4379488886177844,0.38847349115887153,0.9459767503300363,0.8373722193226665,0.9013282209158954,0.600855685128839,0.9206356930949833,0.8084110110540346,-1.586922256164065,0.6889460269459279,0.592408666050488,0.3003831493417827,0.28228239417388773,0.08196737031585019,0.7299744053264897,1,1,1,1
16561,ΚΑΦΕΠΩΛΕΣ,-0.2880498176710324,-0.5125122516200515,0.20075887113530255,0.19241109466612416,0.2777439207955033,-2.3582983820272747,1.003072942895226,-2.357370851308477,0.5253946227144624,0.609799918125044,0.530959807027248,-1.6014333154884333,-0.13315218763183329,-0.24445587388754522,0.37420711555045366,0.38626501489482246,0.4864383325249632,0.24064269204359934,1.4724034866068116,1.4724034866068116,-1.7257224318073117,0.9520587533613583,0.8305522291988726,-0.11645663469347649,-0.17118094710253487,-0.38729560458237555,0.3408160096737401,1,1,0,0
16561,ΣΑΜΙΩΝ ΙΚΑΡΙΩΝ,-0.021667585056225794,-0.4116841160682943,0.6023588645630839,0.41882167349858096,0.8650464692741535,1.3101241576055729,0.6264481208902998,0.5461505997995798,0.11942663057461075,0.30296382163911356,-0.7168146962130303,-0.5286890753719149,-0.5344246125926806,-0.722550233433796,0.2364315898782313,0.20316547399779017,0.3798200203973741,0.6597142367707409,0.9751687839128552,0.9636977094713237,-3.9745998376079554,0.5530332444644986,0.36605473106753644,-0.465598165943492,-0.5768675880263469,-1.0322692433551446,-0.1432609741364589,1,0,0,0
16562,ΤΕΡΨΙΘΕΑ,0.35416348715289103,-0.18356143156247526,0.37735751030933934,0.321392934149031,-0.5073367094671671,-3.106340483258104,0.7951820611085554,0.20691742129095217,-0.6450616011455521,0.8116226932743433,0.40420500728040715,0.094324001004041,0.1801806356476001,-0.6436223538852475,-0.6617236559667715,0.3950159670800004,0.45020556394629857,-0.0364260770282521,1.417324367207176,0.8376952109514009,-2.92438641615728,0.8023229417462209,0.6288382912156507,0.3706594749825368,0.21771177574323716,-0.10888664101820623,0.15222602539937485,1,1,0,0
16562,ΓΛΥΦΑΔΑ,0.12396438977894535,-0.16629247783468568,0.311935993380354,0.2454281407934594,-0.15451621388591008,-3.226775245779339,0.7761451027516132,0.7538262786963147,-0.004340809815333586,0.6670183901596259,0.4456246279226446,0.1749948668903063,0.16781695362629068,-0.7345813295341711,-0.4844759142411274,0.3679012858607257,0.4274555349731051,-0.4389410269725284,0.9794819269338052,0.8353628871797419,-3.0497948218634545,0.8333440990742376,0.6335962315240533,0.2154827838951443,0.21099658810513455,-0.12288853356634132,0.21223029194738724,1,1,0,0
16562,ΚΑΡΒΕΛΑΣ,-0.23029812783342327,-0.23029812783342327,-0.23029812783342327,-0.23029812783342327,-0.23029812783342327,-0.23029812783342327,-0.23029812783342327,-0.2454364101255777,-0.7147231611823648,-0.6314626085755155,-0.7147231611823648,-0.722292302328442,-0.722292302328442,-0.8963825486882179,-1.9863388737233363,-0.025931316889338578,-0.07891530491187905,1.0488867258536254,1.2002695487751696,0.889934761786004,1.7263248584275357,2.5627149550690675,2.222103603495593,-0.26814383356380933,-0.29085125700204095,-0.5936169028451294,-0.14703757522657396,1,1,1,1
16671,ΒΟΥΛΙΑΓΜΕΝΗ,0.1989813263661667,-0.6604027688937555,-0.21638167426940907,0.07314877737792058,1.5308054606370742,-0.4738262209640818,1.0930421139351716,1.0822006653052054,0.8413371576916574,1.5445565627596416,-0.14045167559262453,-0.8496099624468769,-1.3265539856313409,-0.6180334310494395,-0.5455711016035633,1.6040649554233892,0.3090698598807488,0.05911866738619975,-0.07050041696913009,-2.2152339071523848,-2.2682852605585793,0.4518820306203389,0.3098670252211875,0.986859690588739,-0.18106724968797544,-0.4750618272417617,-0.043954811132521955,0,0,1,1
16671,ΚΑΒΟΥΡΙ,-1.4180027994401911,-1.45597036930014,-0.962391961120804,0.3369426518641144,0.48037569355725473,-0.6755258777345234,1.8218964952754497,1.8218964952754497,1.362067038082735,0.341161270737442,0.19772822904430168,-1.6626826940931951,-0.8590357987242765,-0.055388903355357774,0.37912884059739094,1.2017595208962841,1.3367553248427693,0.7081811127169482,0.16186996862101657,-0.384441175474915,-0.9307523195708467,-1.4770634636667783,0.48037569355725473,0.37912884059739094,-0.27475708476839594,-0.6206838323812639,-0.23257089603511938,1,1,1,1
16672,ΚΟΡΜΠΙ ΠΡ. ΗΛΙΑΣ,-0.49031083497090017,-0.6151215029332914,-0.2089579732929674,0.18169236597914978,0.2902846985565975,-0.7251241255442125,1.2753722869377304,1.2711414168373105,0.7972839655902658,-0.09472448058162627,-0.201201378108864,-1.6834162032893518,-3.0901805116790158,-0.8153826876865067,-0.47973365971985005,0.7951685305400558,0.9072865882011869,0.9044660081342402,1.3543485288122379,1.3578742538959214,0.4722121128746593,0.3459911548787947,0.2211804869164035,-0.05312092459416253,-0.5981980225316113,-0.8414730533057636,-0.27735703991642474,1,1,1,1
16672,ΑΣΥΡΜΑΤΟΣ,0.1392212079286787,-0.08068748634243976,0.5931127529042672,0.8722501888324069,0.5632051704833951,-0.981433498076941,1.6516066013292507,1.6527794476986968,1.1783630912578038,0.05418984614384624,-0.03787859385766203,-0.611400468516739,-2.053415079750553,-1.6992154761778717,-1.1896137286536,0.034837881047987816,0.20255491187876085,0.5907670601653753,1.2897834963551706,1.2868513804315556,-0.6383759350139963,0.28348131137053245,0.11048647187725257,-0.06133552124658133,-1.3344602552801765,-1.217762041520303,-0.5979127352681104,1,1,1,1
16672,ΑΣΩΜΑΤΩΝ,2.4614855799402,1.5753507711617278,1.870729040754552,0.39383769279043174,0.39383769279043174,-1.9691884639521606,-0.49229711598804043,-0.49229711598804043,-0.49229711598804043,0.39383769279043174,0.09845942319760767,0.09845942319760767,-0.1969188463952164,-0.49229711598804043,0.09845942319760767,0.09845942319760767,0.39383769279043174,-0.1969188463952164,-0.7876753855808645,-0.7876753855808645,-2.5599450031378086,0.39383769279043174,0.09845942319760767,0.39383769279043174,0.09845942319760767,-0.49229711598804043,0.09845942319760767,0,1,0,1
16672,ΒΑΡΗ,0.11723118566839018,-1.070785190116592,-0.7083424234354387,-0.539042371038705,0.9807129118742233,-1.5774846377153267,0.2580572677532112,0.2779547409832224,0.02271818782583674,2.038538061955942,-0.18397539184798703,-0.10695844805251245,1.1666513686098456,-0.851226864819916,-0.45036139121184454,0.8723059887589896,0.07400564037560713,0.1638873297939338,2.9150560637262655,0.6681853582097362,-0.6447048150877304,-0.3386953992054883,-0.4194860017169995,0.43507616752365613,-1.027559644823809,-1.2893143357634396,-0.7824433582230669,1,1,1,1
16672,ΒΑΡΚΙΖΑ,0.12750425994843506,-0.40308843843761816,0.05066793282222921,0.21091946484150506,0.7137691598144613,-0.05713877171591261,1.32951487986219,1.5664786092384857,1.346396528471502,0.765841597988037,0.4154232595756313,-0.2039222237784949,-1.9692958011434378,-0.0886677330891861,-0.02970609272578096,0.7888056052874685,0.725127033694991,0.24232429644559245,-1.7729225062910021,-2.073378612605996,-2.2739102547261667,0.373405332706131,0.4123820802305715,0.43416685472273486,-0.2902544782474386,-0.37013198471870434,0.029690001829775586,0,0,0,1
16672,ΒΛΑΧΙΚΑ,-0.4905854955712573,-1.5482306721551484,-0.47699274850377765,-0.6498148183617329,0.1424481535713655,-2.478362935772683,1.1437805208756981,1.5748647850157664,0.6091324695548328,0.18322639477380437,0.04406255574960817,-0.317116152043422,-0.5184182633760965,-0.9054879179643259,-0.13199588245774704,0.5832415227596335,0.37546667472815914,1.0971768166443394,1.5852211637338463,1.4007481678180513,-0.8776551501594867,1.108827742702179,0.6233724902921924,0.22206281496660332,-0.5449564838411758,-1.4750887474587104,-0.27892700552050304,1,1,1,1
16672,ΔΙΛΟΦΟ,0.8181273068478511,-0.6460532553103053,-0.6283764840361077,-0.4755404000961218,1.5782284716383501,-0.7502102306644238,-0.528026813264124,-0.528026813264124,-0.37926998423356845,1.9361151023590288,-0.5965582957425519,-0.449977069330359,1.2638538932849273,-0.6569312684021192,0.030559159000521773,1.7343279595058803,-0.6253850304358588,-0.33902133579385685,2.749518531299416,-0.6058046068705938,-0.6732482880398402,-0.5780656734864682,-0.46792579093185205,0.7302873511314535,-0.6316398879636519,-0.6577471193840053,-0.623209427817496,1,1,1,1
16672,ΚΑΜΙΝΙ,-0.18855257762740835,-0.40194441697818784,-0.10319584188709653,1.01863554212843,1.1405737360431611,0.6711116894714463,1.01863554212843,1.01863554212843,0.8906004385179623,0.5430765858609785,0.4455260307291936,0.2504249204656238,-0.1336803903657793,-0.5177857011971825,-1.310383961642935,-0.49949497210997273,1.0917984584772686,0.908891167605172,-2.2310173256991552,-1.9952701507973414,-1.759522975895528,-1.5237758009937143,0.6589178700799732,0.6223364119055538,0.23213419137841412,-0.07271129340841374,0.22603728168267756,0,1,1,1
16672,ΚΟΡΜΠΙ,-0.17898529716488062,-0.45616482236286066,0.12459227805195466,0.023399752979676235,0.18530779309532172,-1.5939207781755216,1.959256754362394,1.959256754362394,1.4427349089934598,0.37625368823170796,-0.07515296709071667,-0.9726866677317949,-2.097243598535028,-1.052760752788989,-0.4104082023301782,0.48624556331027147,0.6639924334372301,0.817981058547219,1.0010075386779487,1.0062871486817198,-0.26785873222835993,0.1316317580569827,0.0858751380243003,-0.2819376922384161,-0.9999646527512787,-1.3528185880033103,-0.5239198174112558,1,1,1,1
16672,ΚΟΡΜΠΙ Ν. ΠΑΓΚΡΑΤΙ,-0.6649590939112995,-0.9655999401380723,-0.46766353857497983,-0.14118636962559375,-0.009655999401380665,-0.9115785380816991,1.042586962392324,1.042586962392324,0.7325510897209647,-0.019051025845967313,-0.17172020557050038,-2.28325239899135,-1.496418934257218,-0.7095854695230861,-0.33143565512847345,0.7959675182219246,0.9580317243910442,1.063725771892644,1.864651776293656,1.864651776293656,0.716109793442938,0.4225152170496052,0.27924106376965885,-0.04723610517972726,-0.7894431943020727,-1.155849225640952,-0.6179839616883662,1,1,1,1
16672,ΚΟΡΜΠΙ ΠΗΓΑΔΙ,-0.43461744277401165,-0.47639095470643156,-0.1385169611353882,-0.04759814104718015,0.053149740672185516,-0.9494145457058923,1.144175581730682,1.1626050722891026,0.7682139743389028,-0.2687520277482267,-0.35967084783643477,-1.5612736322454546,-3.0847781850748865,-0.727032026300951,-0.35721358242864537,0.5765472725313291,0.7276690951103776,0.8063015881596386,1.6810880733326672,1.6810880733326672,0.7768144032661657,0.25218823870312745,0.17724164376555054,-0.03285454860044371,-0.43461744277401165,-0.6987734741113729,-0.23557894474306976,1,1,1,1
16672,ΚΟΡΜΠΙ ΣΟΥΡΙΖΑ,-0.03958918490127683,-0.13189919797824778,0.13559004446070216,0.3212590480359733,0.40098133205699366,-0.47386583733157206,1.8412273315420065,1.8412273315420065,1.5401708116205217,0.792249910212791,0.6967929648718324,-0.6238696085816499,-2.191041876047498,-0.31861717897484815,-0.06581362043450721,0.5090260064539028,0.6013360195308738,0.20167562200444272,-2.2288050632153498,-1.6301886147768108,-1.0315721663382718,-0.43295571789973264,0.4303526998542117,0.28454483828945076,-0.08889112370374996,-0.31651922413218975,-0.022805546160009384,0,1,1,1
16672,ΚΟΡΜΠΙ ΦΑΡΟΥ,-0.7743358477315074,-0.8906215423286401,-0.44276447529914253,-0.09155024904969436,0.020806874784021708,-1.0611215134609226,1.847592279772762,1.864092276979112,1.1490923980372825,-0.3728359157103262,-0.47340732725379236,-1.7407642555320024,-1.3596928914805877,-0.978621527429173,-0.5150501773460088,0.39637823976665304,0.546449642929169,0.7695924622912345,1.6244494604106965,1.6338780302428966,0.5055925069896358,0.3602353887432199,0.2282354110924206,-0.06640739616382783,-0.737407282555391,-1.0532643719340893,-0.38855019876399277,1,1,1,1
16672,ΛΑΘΟΥΡΙΖΑ,-0.655621501596319,-1.2922443982304683,-0.48387072013027155,-0.10601900090496709,0.0565717388828912,-1.2395741585808806,1.8313298140320486,1.8313298140320486,0.9359357399890543,-0.23196957398006857,-0.38769028250928494,-0.5686011056535216,-0.8113422101255354,-0.9235527206833531,-0.35792014705517006,0.48022366649914167,0.658844479223831,1.0527262713859666,1.6618690429855483,1.6595790325660011,-0.46097061593479854,0.6061742395742432,0.4183933851713646,-0.22738955314097398,-1.159423793896725,-1.5372755131220295,-0.7495119287977583,1,1,1,1
16672,ΜΗΛΑΔΕΖΑ,-0.7578106623404068,-1.1141270418241664,-0.5601984173968275,-0.3458625109640679,-0.2014929434146136,-1.8916066514640173,1.4445931660204174,1.4483474573751314,0.8473195414068357,0.14526705807532866,0.0862222940421003,-0.4492761728257338,-0.9711226711309717,-1.118905230821075,-0.4700954248836929,0.14629095571752337,0.3039711926155089,0.7026086746433166,2.0398189953496098,2.0449384835605833,0.5142115084794897,0.6224033593380642,0.4063609568349801,-0.139717785668866,-0.9284602693728587,-1.2943330268504356,-0.5093448345011569,1,1,1,1
16672,ΧΕΡΩΜΑ,-0.6351715304283051,-0.8192330482661976,-0.30404578477018696,0.006268985252993593,0.10523673605025236,-0.8673295252891644,1.5481310467392586,1.5439688516122712,1.019532265611844,-0.21432735647734488,-0.29988358964319944,-1.3834417210356167,-2.5243456519554175,-0.854380473782981,-0.25456190937155754,0.6662081459431256,0.7772000159961261,0.90669053105796,1.5541431063671296,1.5522932418662463,0.6153368721688338,0.20281708847184862,0.09598741354583565,-0.17501773583357386,-0.8224703111427434,-1.0074567612310774,-0.4321489014563583,1,1,1,1
16673,ΒΟΥΛΑ,-0.5614183744344672,-1.1295336036674544,-0.4006475569782313,-0.13157104886135326,0.2496033076114798,-2.504711669000732,1.2333973611383895,1.070126219927002,0.5645190845728004,0.4759242795152686,0.17684388633657364,-0.42044178670651333,-0.48403335421253096,-0.7976989692962758,-0.08035608394333514,0.481633352089531,0.23439300476764202,1.151095037531322,2.2461951702250555,1.5776085980975676,-1.5202925345350344,0.4177500801454124,0.317403753438669,2.932478478281972e-05,-0.6676404619658164,-1.1349509718036157,-0.3632260447761318,1,1,1,1
16673,ΔΙΚΗΓΟΡΙΚΑ,-0.7932122579782295,-1.0864358564249181,-0.3959266569282207,-0.2440732160922647,-0.10794470009414373,-2.376033859057174,1.4236938122969456,1.4392645712049978,0.6705932453084734,0.22551620602582872,0.17772476779319282,-0.5255802038754684,-0.8231204483560726,-1.0024154246933485,-0.0017243744738658614,0.37166550745982496,0.5264481009616522,1.012070779777146,1.871545838315679,1.8612167210202382,-0.8534911365232638,0.6050727251508274,0.44951930200008666,-0.33703527175123066,-0.7804164858062657,-1.1268273300279845,-0.18009435523244566,1,1,1,1
16673,ΠΑΝΟΡΑΜΑ,-0.8320308296890759,-1.1222057859891716,-0.42785856912822834,-0.28972547197973353,-0.13822905447531322,-2.469855735760716,1.3715534249206736,1.3656899272134817,0.6549794609371195,0.08976555404619056,0.03944856209377734,-0.4773573986098706,-0.8133494532731393,-0.946164494361623,-0.016050125506851868,0.3566228799293143,0.5498455834430529,0.9750173474203548,1.8661326385017107,1.8327243376118971,-1.076661408449589,0.7517953533116816,0.575890422095928,-0.13700181076915682,-0.5951727944008869,-1.0182991522012614,-0.06950340693055372,1,1,1,1
16673,ΑΥΤΟΚΙΝΗΤΙΣΤΩΝ,-0.9956784334576336,-1.2907055357504589,-0.6296954458032427,-0.17781849165853542,-0.016487215468028373,-1.8254888401597322,1.6625531034035448,1.6625531034035448,0.8939888293293239,-0.07773334809590604,-0.1964910930694737,-0.5766652577961778,-0.9381668211119436,-1.1017388094717633,-0.259977937866664,0.36518075737155076,0.5444377309165586,0.9425375929977634,1.9157535785358684,1.9157535785358684,-0.40562422887198285,0.43763045084599145,0.2307380272127949,-0.1158254549742202,-0.6677875526815568,-1.0658874147627617,-0.22935487155272516,1,1,1,1
16673,ΚΑΛΥΜΝΙΩΝ,-0.8534346362929389,-1.173636701271294,-0.4955418855212776,-0.2387951840874734,-0.072393619047773,-2.3875018028354105,1.3562521367832723,1.3542269656063186,0.7086473981973929,0.12146026639063393,-0.02873992923343644,-0.5243443200379533,-0.9051890108150905,-1.092517344683313,-0.12864837396315515,0.32757768840059415,0.5204189882505242,0.978332693261735,1.9415266069229082,1.9396139452557852,-0.6371913583982098,0.6692690697566254,0.4967919911860637,-0.10187111062343325,-0.6025384293703344,-1.0119605356444858,-0.15981350818627688,1,1,1,1
16673,ΠΗΓΑΔΑΚΙΑ,-0.8731161558647242,-1.2014673273118275,-0.5476565309372139,-0.2890237589069614,-0.14026975462123856,-1.8700571392310268,1.5397187732622277,1.5332931143297992,0.8322537248018351,0.2282417851535436,0.09683705998537803,-0.49914280599737776,-0.9380153110822534,-1.095443954926755,-0.13416537863543135,0.4981194603155462,0.6635801778255835,1.02855760518753,1.8863830726667525,1.8661422470296023,-0.4011515072778411,0.47113169279934597,0.3114540683284944,-0.2825980999745328,-0.8997826404343031,-1.2939968159387998,-0.48982560054535623,1,1,1,1
16674,ΑΓ. ΝΙΚΟΛΑΟΣ,-0.5458027832781449,-0.8146451735147358,-0.22575231871077492,-0.21178648025692604,-0.09307685339921062,-2.9168918007760425,1.2837220541760574,1.2907049734029818,0.42676268904960857,0.22348215155469717,0.23085301073867298,-0.40924791839606706,-0.5562771621185316,-0.7401607017608751,0.10865192426749533,0.17343789709507204,0.3049495425354823,1.0645359784420405,1.7217062656870403,1.7275253650428106,-1.7689774678610755,0.6610784231086285,0.4950401214906475,-0.18812214287679324,-0.42243787693581325,-0.74442804128844,-0.07484367541779681,1,1,0,0
16674,ΓΛΥΦΑΔΑ,-0.2617766917549944,-0.8039511713261847,-0.3221090429932873,-0.2974044253965582,0.2142806087659967,-2.042210578664165,0.6298354160542271,1.0446075701679054,0.3388585771153425,1.0733275388340753,-0.13280905994837852,-0.5034463806971016,0.07592113886475653,-0.5788873410441377,0.26787533702336347,0.5850880715091875,0.11763995590826869,0.7417207916162727,2.5698284653753296,0.18947390597258693,-2.957880764491138,0.6213623447297291,0.31619566345222744,0.24041441911625552,-0.3515776364351156,-0.6832524404507053,-0.09112427130375994,1,1,0,0
16674,ΚΑΡΒΕΛΑΣ,-0.2578477068919704,-0.6377321559545155,-0.02292834128772064,-0.05957638216199839,-0.1937717453633706,-3.3740933812333047,0.8399664392975463,0.8357050391958862,0.33626894728131035,0.41351650912413257,-0.5837285946662034,-0.19710338544285042,-0.09684426305106308,-0.42404231085671834,0.310468106665804,0.3518424276528322,0.47410587056955583,0.9127201610331633,1.4055704527906279,1.3390151312028804,-2.305179275733229,0.8198216388169709,0.6544018348707066,0.028363419935898537,-0.1899752252728006,-0.5598647540969063,0.18092154357533383,1,1,0,0
16674,ΣΑΜΙΩΝ ΙΚΑΡΙΩΝ,-0.08994629904441759,-0.3874838909165148,0.11913417091975882,0.006552379400586911,0.2880068581985167,0.5614197804593628,0.6981262415897859,0.6418353458301999,0.32017308434685154,0.4488379889401909,-3.49956627076791,-0.21861120363775693,-0.24273587324900806,-0.4598578997502682,0.13521728399392624,0.21563284936476332,0.34429775395810264,0.85895737233146,1.2851598687968966,1.2851598687968966,-2.5667457124662,0.5935860066076977,0.46492110201435827,-0.08994629904441759,-0.16232030787817098,-0.492024125898603,-0.05778007289608276,1,1,0,0
16674,ΑΙΞΩΝΗ,-0.5301431856229488,-0.8276600311342113,-0.012623462013320009,0.014734408838290327,0.21535879508343278,-2.76550921645661,1.2811758470107522,1.2800359357252684,0.4615796327479258,0.32479027848987413,0.1617829646656959,-0.6190562658906824,-0.790042958713247,-0.9177130226874286,0.08882864239473498,0.26779471421568596,0.40002442333180255,1.0623128801978694,1.712062312923615,1.712062312923615,-1.646116334111554,0.615467656288234,0.4672791891753446,-0.2816425253874883,-0.6099369756068124,-0.925692401685815,-0.1391536147020178,1,1,0,0
16675,ΔΙΚΗΓΟΡΙΚΑ,-0.7505329111264363,-1.0320662442974178,-0.2641114404698118,-0.49655177248286403,0.18874644776251423,0.44923992329438317,0.7102343478176596,0.5223784760398694,0.17321702902888358,0.19375593767658864,-0.39836577016700575,-0.790107881447624,-0.7961192693445134,-0.7615537889374,-0.051709068113057095,-0.004118913929350267,0.37309567660045223,1.1470618683249474,1.590401725720532,-0.16141689723128652,-3.6865949497654436,1.3168835764120697,0.7593273489755887,0.6035322126478748,0.5714714771977986,-0.014638842748906512,0.6085417025619492,1,0,0,0
16675,ΒΟΣΠΟΡΟΣ,-0.2332024757647249,-0.5206961705208994,0.10185190429679218,-0.0647879595155831,0.2450663559438495,0.3268778332787856,0.8058565259620666,0.7077182462088787,0.34089758752924104,0.488371205024538,0.2787847522424132,-0.10613736129224277,-0.12264162895417131,-0.8907112035867167,-0.22716865747971873,0.14213651461139196,0.11640405427827756,0.9371808062827883,1.1380714621247572,0.4310499313169798,-4.384114525361591,0.8496904411501994,0.5664559122422644,-0.16203891305038784,-0.16381356548715434,-0.5734033478928648,-0.02769772358716304,1,0,0,0
16675,ΓΛΥΦΑΔΑ,-0.327531182266186,-0.763832555594555,-0.12467858022080824,-0.2450526517642192,0.11274769306307278,-0.957681142121435,0.9336429137082439,0.6270255891341597,0.7576712317787695,0.9150666680996928,0.0359950170898594,-0.3514399030847211,-0.19780342469870457,-0.5145174851212012,0.1126602754366796,0.37504428105581394,0.295144570532446,0.9211421931340189,1.640152170217937,0.04561095599310937,-3.914494937244407,1.0873668097206537,0.5915777416317246,-0.11405733861403669,-0.2767852501449441,-0.6869924619949483,0.024018802273993535,1,1,0,0
16675,ΚΑΡΒΕΛΑΣ,-0.09894450118173884,-0.48413774531715803,0.00046020698224030407,-0.12379567822273362,0.02531138402323509,-3.292320750949569,0.18684403478970119,0.1992696233101986,0.16199285774870642,0.3110999199946751,0.16199285774870642,-0.2604771519482049,-0.4592865682761632,-0.5338400993991476,0.5347605133636282,0.5720372789251204,0.7335699296915864,0.9820817001015343,1.4045517097984457,1.4045517097984457,-2.447380731555746,1.006932877142529,0.8329746378555656,0.02531138402323509,-0.1610724437842258,-0.5586912764401424,-0.12379567822273362,1,1,0,0
16777,ΧΑΣΑΝΙ,-0.6016869653357164,-0.8706463092552758,-0.6100130988716878,-0.6942836625387917,-0.28706004050673845,-0.428856617695099,-0.3286907081865952,-0.48411186752472707,-0.5981546662598498,-0.49294261521439364,-0.6604745142412111,-0.5292748342804504,-0.4291089247719466,-0.08269130826016892,0.45850737157796884,0.46027352111590214,1.6430890973775292,2.5228838743451685,2.830698508099261,-1.5405215982856981,-0.1112020079439496,1.3181175823977989,0.27558474086344675,-0.14526346331837786,-0.20682639006919631,-0.38192750140144227,-0.025417601815759937,1,1,1,1
16777,ΑΝΩ ΕΛΛΗΝΙΚΟ,-0.19855226466700648,-0.23760382299487584,0.4566461028339128,0.508714847271072,0.3177961176681551,0.040096147336639625,0.15291176028381778,0.0661305195552192,-0.0380069693190991,0.08782582973736884,-0.48926942110781174,-0.5630334757271206,-0.5717115997999804,-0.5890678479457001,-0.29835069150489485,-0.41116630445207303,1.7106350313621623,2.096811552604426,2.2920693442437727,-2.6067316948856174,-0.6216108132189246,1.3635100684477681,0.35250861395959454,-0.6064240960914199,-0.6064240960914199,-0.9448709349329544,-0.6628319025650089,1,0,1,1
16777,ΕΛΛΗΝΙΚΟ,-0.41609401933584617,-0.7924614344246163,-0.35115671137259746,-0.5406852744073456,0.2561416036328145,0.3581584986875041,0.28015688024644203,0.27516170271080753,0.14259737580358375,0.42895553414447796,-0.0450099651020742,-0.002262772729817268,0.15191530312967122,0.05566207446225224,0.3683409759716822,0.43174130623165874,0.8498953026281406,0.9474933867859228,1.2682414212375315,-2.6243467345121214,-3.510318319342067,0.9342369540952004,0.38342256968504024,0.3474957158710535,0.34807208250978056,0.03059012567762514,0.42405641771529795,0,0,0,0
16777,ΚΑΤΩ ΕΛΛΗΝΙΚΟ,-0.119078756878919,-0.8127911359187666,-0.26490866580320893,-0.3685325123494109,0.8956585069942632,-0.18547367104444895,-0.14754794046413874,0.14460959038418278,-0.23564314141840265,1.6954832975790206,-0.5148601342734425,-0.5626405822486364,0.27311908691746495,-0.5208326902703417,-0.31278865637835124,1.5482597922554542,-0.3627590415524083,-0.05726280231101179,3.7860769816936544,-0.9273646684592838,-1.1348114467515844,-0.27197619039953974,-0.44169632331142666,0.4452282422281116,-0.4848978116889979,-0.5716989588439336,-0.49087036768589715,1,1,1,1
16777,ΣΟΥΡΜΕΝΑ,0.020402681327512075,-0.4244956920585012,-0.04925489247564814,-0.13518923603683322,0.7356179460174975,0.4625007502390264,0.6477583931300944,0.40080654228522244,0.2548406715519671,0.991583276889663,-0.09817271126455085,-0.1090238911032341,0.12882697019951647,-0.1882200020226562,0.30822147559710245,0.3721909309364368,0.5484350938002115,0.7482193161527426,1.4112789100051861,-2.7187326423065556,-3.5088560516893867,0.6266686000565246,-0.002437302042619604,0.07842148965853622,-0.09195953571175641,-0.37951580143686253,-0.02991528969864009,0,0,0,0
17121,ΝΕΑ ΣΜΥΡΝΗ,0.19562070301674714,-0.5311689883585868,-0.09860350811791484,0.1446004429704507,0.35532186407272504,0.27010364230342293,0.47224790472112466,0.48586068560115603,0.4656628603116786,0.6003519199132898,0.3627369560968072,0.27879147400328036,0.3034715564117925,-0.19333960920171045,0.15716183020527638,0.18483008402647838,0.3428711498531842,0.25029317256744227,0.4518287334010776,-1.2310651370197123,-4.640292036360579,0.5084379807192568,0.29389834058965664,0.3298117340495768,0.3190764515669504,-0.1511178538705562,0.07260764652768309,0,0,0,0
17122,ΝΕΑ ΣΜΥΡΝΗ,0.36652840444580725,-0.39633072579952666,0.07534891568787828,0.40883225915080607,0.2133228544234987,-1.9106530727362856,0.5967258582347694,0.5166209244241211,0.027708438050317176,0.8840140594377051,0.6110680323660305,-0.19448408133980158,0.317387001608463,-0.6064602537691661,-0.4940576332520733,0.5033905467371439,0.5501971770414921,0.14455824434454526,0.7430938601247326,-0.2002098330278632,-4.151756755301369,0.6002280170342634,0.40138322297410456,0.36258152706859975,0.3478502241818393,-0.07090790655765647,0.3540206944476144,1,1,0,0
17123,ΝΕΑ ΣΜΥΡΝΗ,0.22691655504571845,-0.6752833416433351,0.12978701032814352,0.11159239838614164,-0.3184270856690869,-2.736056760693638,0.27979636377141576,0.1992673411278123,0.21856132539259374,0.5628297682710158,0.7891905295313292,0.35328940354922994,1.0557883178053749,-0.29567007858754984,-0.018353410166403454,0.3006294692880886,0.4429432164719038,-0.27736552941327,0.470647399005949,0.24296739095830017,-3.6588149198186692,0.7139934626532066,0.55238573120461,0.5350156485046927,0.4927997513099573,0.04420087499975404,0.25736916838671253,1,1,0,0
17124,ΝΕΑ ΣΜΥΡΝΗ,0.24659783912285121,-0.2267168496715361,0.2937168106795831,0.2068700787907047,0.2592552883449537,-3.110490299083836,0.21777211534696816,0.2214215258891072,0.20040276896919249,0.535501807863833,0.30309440992077585,0.28581745368330747,0.3146431774591905,-0.018146107927766955,0.4280520746864227,0.3999192769628445,0.4912007355864742,0.19841638095258515,0.31796922251025395,0.2848935522802343,-3.6944883759663893,0.5619253879917256,0.45539955621738865,0.37709891230693715,0.26627693900830984,-0.14448962479802357,0.3280859428739052,1,1,0,0
17124,ΑΝΩ ΝΕΑ ΣΜΥΡΝΗ,0.1807677760194849,-0.24830738464215008,0.5025741465157112,0.6634773317638243,0.8780149120946418,-2.340048792867621,1.1461868875081636,1.1461868875081636,0.6634773317638243,0.4489397514330068,0.28803656618489365,0.07349898585407616,-0.08740419939403696,-0.3555761748075588,-0.03376980431133258,-0.14103859447674133,0.01986459077137179,-0.08740419939403696,0.01986459077137179,0.01986459077137179,-3.734543065017934,-0.3555761748075588,-0.46284496497296757,0.5562085415984155,0.5025741465157112,-0.03376980431133258,0.770746121929233,1,1,0,0
17234,ΑΓ. ΙΩΑΝΝΗΣ,0.05829186439566894,-0.31747887390582086,0.3069903723536598,0.18536409473916793,0.33422013599869527,-3.189311279668898,0.09096758076971154,0.07826035773536164,0.2779452911322886,0.4939680827162369,0.5411663397009651,0.2652380680979387,0.2035172705025249,-0.08330290655851563,0.3977562511704448,0.2924678317429742,0.44495450815517296,0.2198551286895462,0.3487426766093809,0.3487426766093809,-3.5904964640390875,0.5811033263803504,0.4286166499681517,0.41772474451013747,0.41227879178113036,-0.04155060230279454,0.4939680827162369,1,1,0,0
17234,ΔΑΦΝΗ,0.15348920997175483,-0.29466887200423153,0.3114414290737808,0.2142882784356299,0.37553116876894804,-3.2672418842715256,0.26568542909581294,0.26490193594550526,0.3446615386468259,0.5980432234563259,0.2594174838933516,0.2924808948363352,0.16367462092575452,-0.10318314606903735,0.5259618536280204,0.38242590849165553,0.5433554015648506,0.1863959222846769,0.2539330318411979,0.24421771677738283,-3.4827025006061345,0.5383410454028815,0.37459097698857885,0.6876748398515231,0.1495717442202165,-0.3006234199465698,0.31833616879648824,1,1,0,0
17235,ΑΓ. ΙΩΑΝΝΗΣ,1.4096045151361134,0.8976955070077355,1.3428337749454555,0.4191718689746865,0.5638418060544456,-3.0417781642410864,-0.19289324943967845,-0.19289324943967845,0.4191718689746865,0.7085117431342045,0.48594260916534454,0.14096045151361153,0.07418971132295354,-0.18176479274123544,-0.08160868245524845,-0.22627861953500744,-0.11499405255057746,-0.0037094855661474555,0.14096045151361153,0.14096045151361153,-3.13080581782863,0.5527133493560025,0.4080434122762435,-0.04822331235991945,-0.09273713915369146,-0.45997621020231044,0.06306125462451054,1,1,0,0
17235,ΑΓ. ΒΑΡΒΑΡΑ,0.25128750091494545,-0.22230487946841287,0.3531353246533021,0.22469390249437457,0.39557191787761736,-3.272647200432194,0.30277723402711465,0.30277723402711465,0.2733545293915894,0.4046250577654713,0.32597590498974033,0.3220151562888042,0.28240766927944333,-0.022004159449644838,0.5291057312234627,0.41028327019537997,0.5749372519057232,0.22865465119531067,0.2829734905224342,0.2829734905224342,-3.5204769048621953,0.5336323011673897,0.3780314593449004,0.18112566678407757,0.13020175491489924,-0.3332058430946234,0.40009848782154434,1,1,0,0
17235,ΔΑΦΝΗ,0.13208284119866387,-0.2717156542664757,0.270532325342172,0.14273280151739526,0.32108213699586885,-3.203904729063113,0.13898281548967292,0.12188287920325915,0.25703237564237164,0.5372313316337834,0.2934822398318326,0.25598237955460934,0.19748259752214115,-0.06696641715283695,0.355882007333132,0.24773241029362025,0.39233187152259297,0.22718248686170195,0.5162314098785384,0.5526812740679994,-3.5280535212994306,0.799580354133237,0.633080974502366,0.24818240861694693,0.18923262826115203,-0.2568657095966953,0.4968814819754913,1,1,0,0
17236,ΑΓ. ΔΗΜΗΤΡΙΟΣ,0.6406643966852742,0.40637995352159323,0.6884238257090102,0.7166282129277519,0.8106428369902242,0.6797744802952628,-0.3961288774756704,0.8256851768402197,0.6432968061590235,-2.0240861077414407,0.6850392992427612,0.7764215138314843,-1.7845368456302615,0.4680535469065751,0.6448010401440231,0.7662679344327372,0.8802136587964536,-1.5570214553990784,-1.9165333778139726,-1.570308855599908,-1.2240843333858433,-0.8778598111717785,0.6538264440540204,0.5767344523227931,0.132233309755424,0.32214285036161805,0.03332992524170312,0,0,0,0
17236,ΧΑΡΑΥΓΗ,0.338183086340761,-0.036978738965358714,0.4910792264655192,0.3771149738725281,0.5211629577400666,-2.9777519526149328,0.5261179252441096,0.5339043027504631,0.44436096142739867,0.5859314615429155,-0.550879654384685,-0.9536477272133305,0.25005545001885177,-0.5530032118864178,0.5675272965278984,0.4836467752094546,0.6383125465856567,0.346677316347692,0.45427089643548485,0.45320911768461847,-3.398216337958018,0.5038205714759157,0.04690178235308503,0.26810568878358015,0.2978354938078387,-0.11165717777629386,0.45391697018519606,1,1,0,0
17236,ΔΑΦΝΗ,0.3670687988342202,-0.03500450263306593,0.5298019614348467,0.40423904767336055,0.5778513074951989,-2.8350121499424534,0.6145682606167887,0.6345132721890103,0.36616220739911925,0.26235748808005666,-1.4388613398869388,0.23017349213397173,0.07061339955619864,0.05973430233498683,0.59734302334987,0.4550081680390156,0.5950765447621176,0.29862114548409596,0.3140331998808127,0.29862114548409596,-3.476425590276399,0.4441290708178038,0.5298019614348467,-0.16102071211210262,0.11503637987614683,-0.15376798063129477,0.3353380986056858,1,1,0,0
17236,ΣΠΙΘΑΡΙ,0.1933366520912967,-0.28121694849643064,0.3699147360309161,0.30369795455355886,0.5979947611195913,-3.1101450016124175,0.4655611981648767,0.4655611981648767,0.4177379670978964,0.7708941349771353,-0.17821306619831928,0.3294489251280867,0.23012375291205073,-0.31064662915303387,0.22276633274789992,0.4471676477544997,0.2705895638148802,0.2154089125837491,0.49131216873940453,0.49131216873940453,-3.5074456904765614,0.6053521812837421,0.45820377800072587,-0.402614381204919,0.24115988315827697,-0.18189177628039468,0.38462957635921774,1,1,0,0
17236,ΥΜΗΤΤΟΣ,0.9085157890082819,-0.4956616504932699,0.4119585763924195,-0.018103148620970896,0.6433974163594649,-2.8687733379165565,1.2591283600031342,0.2530602683553435,0.14165873717717614,0.9318323885572006,0.10452489345112034,-0.3833965415540314,0.5579032180134295,-0.30049307649120915,0.07775398285791732,0.8187037018568911,0.059618849875424956,0.16670249224823702,0.9421953216900535,0.3204193337188866,-3.3083344183017287,0.07429967181363306,-0.03796543712560539,0.34200877774566324,-0.14332192397627533,-0.4792536730329196,0.021621428388298097,1,1,0,0
17236,ΥΜΗΤΤΟΣ ΣΠΙΘΑΡΙ,1.1380774087982886,0.6216389207721745,0.8540362403839259,0.5958169963708688,0.7507485427787031,-2.9676085710093187,0.311775827956506,0.311775827956506,-0.307950357674831,-0.3337722820761367,-0.4628819040826652,0.3375977523578117,0.46670737436434023,0.18266620594997746,0.311775827956506,0.15684428154867175,0.2859539035552003,0.07937850834475464,0.18266620594997746,0.18266620594997746,-3.484047059035433,0.10520043274606035,-0.0497311136617739,0.18266620594997746,0.15684428154867175,-0.20466266006960815,0.5958169963708688,1,1,0,0
17236,ΧΑΡΑΥΓΗ ΣΠΙΘΑΡΙ,-0.12463607226667127,-0.40708472524509876,0.21430231130744168,0.16588254222542556,0.3030718879578046,-2.9814024481056234,1.198837615975103,1.198837615975103,0.39184146460816754,0.3999114261218369,0.23851219584844977,-0.1730558413486874,-0.25375545648538095,-0.32638511010840515,0.1013228501160707,-0.003586649561630927,0.12553273465707876,0.7146399251549418,0.9970885781333693,0.9970885781333693,-3.2073613704883654,0.36763158006715946,0.21430231130744168,-0.052006418643647065,-0.052006418643647065,-0.42322464827243744,0.3757015415808288,1,1,0,0
17237,ΑΓ. ΙΩΑΝΝΗΣ,0.965536130525663,0.610043282468487,-0.17994082432523725,-0.6539312884014719,-0.5749328777220994,-2.115401885969862,0.7680401038272319,0.7680401038272319,1.2025313625637803,1.4790257999415837,1.7555202373193872,0.37304805043036976,-0.6144320830617856,-0.2589392350046097,-0.17994082432523725,-0.2589392350046097,-0.17994082432523725,0.7680401038272319,0.965536130525663,0.965536130525663,-2.1944002966492344,0.05705440771288003,-0.021944002966492404,-0.21944002966492349,-1.048923341798334,-1.206920163157079,-0.9699249311189616,1,1,0,1
17237,ΧΑΡΑΥΓΗ,0.2550821511564529,-0.0643637520941284,0.24618393658122778,0.13139696856082392,0.24618393658122778,-2.610142942066031,0.3502930471113615,0.3574116187715416,0.25241268678388534,0.37253858354942426,-0.3241916176907015,-2.4659918659473843,0.3787673337520818,0.15987125520154424,-0.8749910998971355,0.645713771008835,0.7774073467221666,0.5505028750539264,0.6555018070415826,0.6448239495513125,-2.7382772319492723,0.7168994876106358,0.5789771616946467,0.5273675171583411,0.516689659668071,0.14652393333870659,0.5674094827468541,1,1,0,0
17237,ΔΑΦΝΗ,0.5082925136785855,-0.4150813952509975,0.6254247107805007,0.34244645890344405,0.6396557253816678,-2.760735744224162,0.5455120903277921,0.4842092581996871,0.5520802509129463,0.6161198166181989,-0.21201576382664938,0.15306449536483366,0.09230900995215807,-0.15399701199112134,0.40621235125098193,0.41469622534013934,0.28853280743363735,-0.060127050294960405,0.2551446577924372,-0.2445828933947052,-3.7861898155813485,0.4992612928739986,0.3320468713102834,0.5011770063780019,0.25076588406900113,-0.20873168353407232,0.33450993152971614,1,1,0,0
17237,ΥΜΗΤΤΟΣ,0.4469676045119039,-0.059632048727542054,0.4045370120559994,0.25940817034376545,0.5139917250791926,-3.0688258812133307,0.6976324102625501,-0.100305960604062,0.4033208485779639,0.6389863047661725,-0.09327923828652367,-0.8909473506024611,0.1764387952866783,-0.14030422610389554,0.5285856868156183,0.6242572137544095,0.542639131450695,0.34237754540085263,0.684389741279497,0.4996680218934414,-3.2878704365350546,0.5646652033306709,0.48264173320094467,0.40413162422998755,0.3884566282908636,-0.3686727014238912,-0.5932575570344432,1,1,0,0
17237,ΥΜΗΤΤΟΣ ΧΑΡΑΥΓΗ,-0.44052937690999633,-0.9811790667540827,-0.17020453198795316,-0.17020453198795316,-0.03504210952693156,-4.495402050740644,0.37044515785613324,0.37044515785613324,0.9110948477002196,1.1814196926222629,0.6407700027781764,0.5056075803171548,0.5056075803171548,0.10012031293409003,-0.03504210952693156,-0.30536695444897477,-0.17020453198795316,-0.03504210952693156,0.23528273539511163,-0.03504210952693156,0.23528273539511163,0.5056075803171548,0.23528273539511163,0.5056075803171548,0.5056075803171548,-0.17020453198795316,0.23528273539511163,1,1,0,0
17341,ΑΓ. ΔΗΜΗΤΡΙΟΣ,0.44385731790684735,0.20953325566069222,0.478787612900063,-0.2854581329723348,0.6163256494358497,0.5148094796118167,0.5355493422640385,0.6602068325210769,0.4766772409108896,-1.8815542998185832,0.4938513026158873,0.5768107532247745,-1.8049259651772163,0.36300823928713355,0.4245728842126762,0.7092547884073839,0.8387151942259895,-0.0020861148398726905,-1.9027307911582203,-2.209826301306908,-2.21994153256536,0.5244880821828535,0.5171381659446977,0.6068653612085204,0.4992363897606747,0.27626467338731464,0.5405705721693133,0,0,0,0
17341,ΑΣΥΡΜΑΤΟΣ,0.3869395781495835,0.11394216201466244,0.3926608862276671,0.44038179678804623,0.6015536459422424,0.5139136085643253,0.4927187627296065,0.47184899121750606,0.406379022642163,-1.842810215554454,0.39506643621504317,0.487582588432236,-1.7127804865070992,0.32003928255471953,0.4456480008144641,0.6376368957528833,0.7762485869173633,0.6412127133016855,-1.8203800872937852,-2.373071450609566,-2.373071450609566,0.5262014179593003,0.42659864550902665,0.5312725773921472,0.4827064735929602,0.1785669373511977,0.4529946805056397,0,0,0,0
17341,ΕΛΗΑ,0.5956626811630159,0.22451901059221357,0.613336189285435,0.5072951405509201,0.5956626811630159,0.4719481243060818,0.11847796185769864,0.012436913123183702,-0.11127764373375039,-2.779977370219043,0.33056005932672855,0.4542746161836626,-2.2851191427913067,0.3659070755715668,0.6486832055302734,0.7370507461423691,0.9668063517338181,0.8254182867544649,-2.320466159036145,-1.413226075418628,-0.5059859918011113,0.40125409181640515,0.24219251871463274,0.3659070755715668,0.41892759993882434,0.06545743749044117,0.4542746161836626,0,0,0,0
17341,ΣΑΡΩΝΙΚΟΣ,0.45546654083978083,0.1862040960145525,0.4457424138903448,-0.012661148078139027,0.5599666656625932,0.46875161568619345,0.555447001024123,0.531889961090278,0.436292206009907,-1.8972243427857391,0.42903335068145476,0.5218919150718437,-1.8364143094681393,0.3123438272882225,0.4440988994763556,0.6307747449986274,0.7721169846016974,0.6767931485903246,-1.8613409447469753,-2.2696173170887888,-2.2696173170887888,0.533259556435269,0.4364291655444061,0.5310682038832834,0.5002523086209861,0.22496364427779747,0.49408912956852674,0,0,0,0
17342,ΑΓ. ΔΗΜΗΤΡΙΟΣ,0.9257435295057768,-0.3209716678816519,0.8932519172186527,0.1694109990443879,0.4022675537687773,0.23800440276164989,0.6453529493983725,0.526818734202753,0.3583437075287762,-2.774088395559522,0.7374125175452241,0.6056409788252208,-1.9232895108559387,-0.0514116252032889,0.28132655247781535,0.739217607116731,0.5298272168219312,0.3607504936241187,-2.4864774571660897,-1.434912499009351,-0.38334754085261197,0.6682174173041264,0.4359625591035727,0.6146664266827553,0.5274204307265887,-0.3733192654553518,0.08818196832657763,0,0,0,0
17342,ΕΛΗΑ,-0.18891487148629402,-1.1973294268683048,-1.068346169784559,-0.013028611826641001,0.4208241620005031,0.33874390749266503,0.960208691623439,1.0305631954873002,0.878128437115601,-1.70153670455931,0.1745833984769889,0.2449379023408501,-0.9979916659206979,-0.059931614402548475,-0.07165736504652534,1.1712722032150227,1.8982687431415886,1.7810112367018198,-1.4083929384598883,-0.5250530566136311,0.3582868252326264,1.2416267070788838,-0.013028611826641001,0.06905164268119708,-0.4820586375857157,-1.4670216916797727,-1.3732156865279577,0,1,1,1
17342,ΣΑΡΩΝΙΚΟΣ,0.2831635845397313,-0.14418571271911312,0.3824189051933984,0.5257877016931398,0.8097682024522428,0.647099760269844,0.6029862844237698,0.4430749344817505,0.2969490457416295,-2.349859505022826,-0.10007223687303886,0.026754006184424646,-2.2864463834940945,0.16736571044378637,0.462374580164408,0.6029862844237698,0.9062664308655303,0.7435979886831314,-2.6696822049068647,-1.514460556187795,-0.35923890746872517,0.7959827412503446,0.4568603956836487,0.5340589784142787,0.4485891189625098,-0.07250131446924245,0.3603621672703613,0,0,0,0
17342,ΑΓΡΙΛΙΟΣ,0.34445541343488295,-0.0035861911631881204,0.34965947911305983,0.4054849109335026,0.6283135413354394,0.5002619858602995,0.63430610181334,0.6079703755025662,0.4747147543492494,-1.742848020393875,0.31638499856471686,0.4370247029224533,-1.3981180939546438,0.19448370252742234,0.4379708966821218,0.5381097362470403,0.8009939024749445,0.6712076584404123,-1.8095546804505058,-3.2998098519284267,-1.36216273108724,0.5754843897539469,0.35975221254952405,0.4808650137870948,0.4447519519597462,0.028584396665541606,0.38529944406057415,0,0,0,0
17342,ΑΝΟΙΞΗ,0.4296167695141448,0.09556168271346367,0.42737979348646166,0.41563566934112517,0.5629032578302647,0.4490038950873986,0.48759173156493263,0.42066886540341225,0.3091928933572028,-1.9262918169741408,0.41936396272059706,0.5334497401324368,-1.706508922254273,0.28495898639063555,0.4998950997171899,0.5694277712443405,0.7655360030045618,0.6400789307853328,-1.9934010978046348,-2.99929465158615,-1.229100955012898,0.5410927415603543,0.416194913348046,0.5321448374496217,0.4915064396133781,0.11103410023827201,0.4523593591289233,0,0,0,0
17342,ΕΘΝΙΚΗΣ ΑΝΤΙΣΤΑΣΗΣ,0.45637382372645,0.14020887652125874,0.45504584595761105,0.4343825118744761,0.5849220717500662,0.47831201646767046,0.5142736544478308,0.4569581339447392,0.3587408981614061,-1.5492444409957287,0.4174375155440903,0.5199042801877083,-1.2381789284228792,0.30503747718955654,0.5141142971155702,0.5012594723132086,0.6522771041855807,0.5489604337699058,-1.5921115633738518,-2.717705520241796,-2.7207864286655026,0.5497041013204557,0.427742623030281,0.539877065831047,0.4810210911161021,0.09436708394093615,0.38710650330380736,0,0,0,0
17342,ΣΟΥΛΙ,0.37508117396495627,0.037299421618222306,0.38149475154116,0.4554035978955087,0.5922265861878566,0.4715902460640231,0.5717642196352064,0.5149582468174012,0.39279486441351913,-1.8253867515849695,0.5528288953626047,0.6777409538705741,-1.3990365469954211,0.19977672021538548,0.4318871467827614,0.41936540008636347,0.5900887269957887,0.46975779532796486,-2.007410191366754,-3.175902944059886,-1.317339785012825,0.5412233740342358,0.4786146405522463,0.6016942483241575,0.5213718243936051,0.06234291501101813,0.3857704699252959,0,0,0,0
17343,ΑΓ. ΔΗΜΗΤΡΙΟΣ,0.48279300317079443,0.22979863951776597,0.5083867412470355,0.3073681619007884,0.6840217980248547,0.5817519534737966,-0.1703465796044108,0.6246359170676627,0.3875653781314742,-1.914872525068117,0.5401818368037623,0.576128688639797,-1.8315220762202349,0.3792093116959047,0.24267433937131644,0.7400967847339909,0.8576072536014964,0.11917272853113842,-1.8593230771285134,-2.18547243750049,-2.2426510556256445,0.4731756436883465,0.6009341185617392,0.7152913548120488,0.3519864034341123,0.26679656889286607,0.534611125846716,0,0,0,0
17343,ΕΛΗΑ,0.42638702800258826,0.15232992251615943,0.43582312594598327,0.403822445964035,0.5269019843561438,0.43089994441029894,0.43172047466624636,0.39889926442835066,0.3049485501223743,-1.8288403804688182,0.3418724116400069,0.43336153517814113,-1.5359110790955992,0.5552102781863288,0.7603428421731767,0.9441416195053925,0.6622894765874634,0.5605437248499868,-1.637656830833076,-2.4934698877862056,-2.4934698877862056,0.4136688090354037,0.3258720716490328,0.43172047466624636,0.4460797541453257,0.15930442969171224,0.44320789824950985,0,0,0,0
17343,ΣΑΡΩΝΙΚΟΣ,0.2800747182676985,-0.01564960904638426,0.28966577753193895,0.44152421588241386,0.6280170349093129,0.5155885068673823,0.6051050600002938,0.6184259756450724,0.506530284228933,-2.00472873312471,0.31843895532466054,0.422874933979724,-1.791594082808254,0.1873611453800401,0.4058241619544075,0.6370752575477623,0.8667278432637436,0.7548321518476042,-1.9930063273573049,-2.8599315175194895,-1.1665767207552467,0.5267780760089963,0.3637300685169074,0.4729615768040911,0.44152421588241386,0.11542820089823619,0.43299882986975563,0,0,0,0
17343,ΑΓΡΙΛΙΟΣ,0.2115121418665969,0.2115121418665969,1.080201445645465,0.6619436327148989,0.7584646664681065,0.6619436327148989,-2.1693400240458565,0.5010752431262196,0.40455420937301206,-2.008471634457177,0.24368581978433276,0.3080331756198045,-2.008471634457177,0.24368581978433276,0.40455420937301206,0.24368581978433276,0.3080331756198045,-0.8984797462952901,-2.1049926682103846,-1.0968840934546613,-0.08877551869893806,0.9193330560567857,0.8228120223035782,0.9193330560567857,0.5654225989616913,0.3402068535375403,0.5654225989616913,0,0,0,0
17343,ΑΝΟΙΞΗ,0.19122474798981062,-0.031693238176584065,0.3656041403941677,0.5202085501547318,0.7664969703547001,0.624476640458368,0.7754855988291515,0.7772833245240418,0.6334652689328194,-2.375927544313509,0.12291117158397999,0.2793133070394343,-2.5359251311587436,-0.029895512481693788,0.22897698758250648,0.534590355713854,0.8653718835736655,0.7161606508977723,-2.4837910860069257,-1.3080784815486826,-0.13236587709043973,1.0433467273678032,0.15527023409200502,0.28470648412410515,0.16965203965112727,-0.2671953042072107,0.11032709171974803,0,0,0,0
17343,ΑΝΘΕΩΝ,0.4154549757738519,0.1012494601302131,0.40611727275420256,0.3756468734269258,0.49408826436037256,0.39088207309056416,0.48753549031149584,0.45034849758412043,0.11353591147185695,-2.1049057427753572,0.48311236782850403,0.5799296044006576,-1.8925958635917512,0.26687082421557223,0.1865993421168324,0.6534844930992988,0.8336857794434086,0.42724996906183,-2.0259448154863926,-2.76624446365824,-1.0445849919914927,0.677074479675255,0.5465104567513863,0.6564332414212933,0.5635476692784658,0.20150690307802693,0.5234119282290959,0,0,0,0
17372,ΕΛΗΑ,-0.10615548329597427,-0.2272624431125083,-0.18689345650699693,-0.550214335956599,-0.7520592689841556,-0.7116902823786443,-0.7116902823786443,-0.7116902823786443,-0.7116902823786443,-0.8327972421951784,-0.671321295773133,-0.671321295773133,-0.7520592689841556,-0.671321295773133,-0.671321295773133,-0.550214335956599,-0.5098453493510876,-0.550214335956599,-0.7520592689841556,0.09568944973158243,0.9434381684473205,1.7911868871630585,1.5893419541355018,1.629710940741013,1.750817900557547,1.629710940741013,1.8719248603740812,1,1,0,1
17436,ΑΛΙΜΟΣ,-0.1736404174456871,0.18153316369321856,-0.8839875797234984,-0.9550222959512795,0.11049844746543742,-1.7364041744568721,-1.7364041744568721,0.39463731237656197,0.4656720286043431,0.6077414610599053,0.9629150421988111,0.6077414610599053,0.6077414610599053,0.7498108935154676,1.460158055793279,1.2470539071099356,0.5367067448321242,-0.670883431040155,-0.5998487148123739,-1.3101958770901851,-1.5233000257735287,-1.7364041744568721,0.0394637312376563,1.1760191908821545,1.1760191908821545,0.7498108935154676,0.2525678799209997,0,1,0,1
17455,ΑΛΙΜΟΣ,-0.24042753263908376,-0.48886659573917063,-0.03177119532953366,-0.15065543420795993,0.5134725187850828,0.6822301456808001,0.8775482513113072,0.6002290170105099,0.3099195049005578,0.44747726812964417,0.20495342081765464,-0.008806239916920588,0.021813700633230175,-0.2655961958943213,0.0644960420061676,0.017522269571277227,0.5034978411816246,0.8782441590510833,1.1012825896493406,-1.7666691905914849,-4.119533258774661,0.9053845609023533,0.30957155103066974,-0.05879561255750763,-0.05763576632454737,-0.372997957066441,0.12411213838032477,0,0,0,0
17455,ΧΑΣΑΝΙ,1.2792534531066433,0.40781125072831076,0.7740695676699287,0.6225144020389144,2.323300149675853,-0.7078031629444337,-0.7920004771838861,-0.5899269230092004,0.748810373398093,-0.194199546083774,-0.7414820886402147,-0.11000223184432158,0.7740695676699287,-0.30786592030703475,0.02471347093880228,-0.6109762515690634,1.3845000959059588,0.5551565506473525,2.2222633725885106,-1.4613691253875327,-1.1014256070138737,-0.7414820886402147,-0.8214695371676944,-0.3415448460028157,-0.8214695371676944,-0.947765508526873,-0.825679402879667,1,1,1,1
17455,ΑΜΠΕΛΑΚΙΑ,-0.060427875634557045,-0.343204420518842,0.08824845208810823,-0.030303913808396102,0.37248260802849775,0.41426745830349515,0.6066721177092973,0.4200979025279134,0.20291385516833374,0.34527386831454593,0.03528858371630917,-0.0011516926863048714,-0.0016375630383397254,-0.06965941232321926,0.33021188740146545,0.2033997255203686,0.6154177840459246,0.7150212062130697,0.9215161058278826,-2.5587732257977756,-3.949820043673562,0.6615754674892358,0.2772520190296664,0.22963672453025072,0.22915085417821585,-0.08229204147612547,0.4288435688645408,0,0,0,0
17455,ΚΑΛΑΜΑΚΙ,0.03188377402884604,-0.31142938495404665,0.11283818839557856,-0.02092018523411988,0.4631889611544129,0.4927819085228135,0.6519368883874318,0.5282759606101713,0.3219558548807019,0.46183389266339303,0.11270705273515728,0.07144303158926339,0.07069992951354284,-0.08233538619808273,0.2125887140893602,0.10230362367506964,0.5628083511877733,0.7079755272741225,0.9107112582854104,-2.5699351525028242,-3.91696065635014,0.7391421025675783,0.2642124524085347,0.11952610707706349,0.1111771366969091,-0.27020907569495983,0.12179912519103221,0,0,0,0
17455,ΤΡΑΥΜΑΤΙΩΝ,-0.39977217246246355,-0.9363563433214476,-0.05949928362505908,-0.3343350784552704,0.5948716564468726,0.7519206820641362,1.2034366307137692,0.5752405282447146,-0.03986815542290113,0.26114247701018745,1.5502532289518929,-0.013693317820023867,-0.013693317820023867,-0.32124765965383173,0.26768618641090675,-0.0071496084193045486,0.6210464940497499,0.8762511606778032,1.1838055025116112,-3.6454520352192445,-1.4434938218771947,0.7584643914648556,0.06483119498860794,-0.17074234343728747,0.012481519782853402,-0.8578318305128158,-0.47829668527109537,0,0,0,0
17455,ΤΡΑΧΩΝΕΣ,1.3880235508765595,0.7736524709803774,1.1422751189180866,1.0194009029388502,1.3470654788834806,-0.5370058327981445,-0.45508968881198686,-0.37317354482582926,-1.3561672726597207,-1.3152092006666418,1.0194009029388502,1.6337719828350323,1.6337719828350323,0.6098201830080622,0.24119753507035285,0.11832331909111643,0.03640717510495881,-0.25029932884659284,-0.12742511286735642,-2.134370640528218,-1.069460768708169,-0.004550896888119997,-0.37317354482582926,-0.5370058327981445,-0.5370058327981445,-0.9875446247220114,-0.9056284807358538,0,1,0,1
17456,ΑΛΙΜΟΣ,0.7689796971737423,-1.4334865579561271,-0.4149373795040413,-0.6637209432064186,1.1553259372762577,-0.19493465944566454,-0.21152023035915637,-0.2876187321975306,-0.10371401942145955,1.7333818647023695,-0.5729881140914339,-0.5432316486289928,1.0543490790676455,-0.7925030232405904,-0.34518041948553163,2.4421711157995345,-0.335912012210345,-0.05932322668240793,1.7114303737874539,-1.3861688997617534,-0.7220143468582502,-0.057859793954746885,-0.3334729576642433,1.6446002792242662,-0.6295741795609943,-0.8900652050846599,-0.5320119977169248,1,1,1,1
17456,ΑΓ. ΠΑΝΤΕΛΕΗΜΩΝ,0.08004210585705944,-0.22019446945474053,0.31265464121065917,0.1540390919893309,0.3785084183427285,0.27618722699236276,0.5084457097807363,0.4351568287789172,0.19617134725124624,0.36222200034232427,0.23617928712180447,0.15864177533727122,0.15899582790249742,-0.03042229449350847,0.31336274634111155,0.16359851125043773,0.4255974095178104,0.4344487236484648,0.6036858498265785,-1.282352165133278,-4.66072174252148,0.6341343704360299,0.2889331193405052,0.1373986214237005,0.14447967272822407,-0.3349075005880226,0.12571488677123657,0,0,0,0
17456,ΚΑΛΑΜΑΚΙ,-0.08408564339275842,-1.0397731636799192,-1.0058274515567023,-0.931571206287165,1.7586264794777835,0.02160896026362184,-0.01349399204561394,-0.25419995073751644,-0.23452686757519747,1.5404867044132469,-0.4360795333067985,-0.0017287168210898594,0.6779570191005964,-0.5809274299234802,-0.2412774353269736,1.3813661788356673,-0.4356937865781256,-0.01330111868127748,3.3502174819822543,-0.9695672590614478,-0.5257656477232525,-0.08196403638505735,-0.35333686000645703,0.48971261550821105,-0.3728170698044395,-0.8112182269412138,-0.8328200437468974,1,1,1,1
17456,ΤΡΑΥΜΑΤΙΩΝ,-0.13510111037433076,-0.8966494958122716,0.13827523311621212,-0.18500314132895365,0.47348670192009207,0.4409418991235989,0.9030780988338023,0.741981324991161,0.32974715623558043,0.6524831173008047,0.1409873000159199,0.041183238106674076,0.03358945078749233,-0.36508438346954936,0.3953791752085084,0.07752493456275815,0.7072668686749015,0.8114102376236798,1.1466217064275597,-3.9965419621782488,-1.5611058862406744,0.8743301896968999,0.1279693788973226,-0.024448780866253874,-0.026076021006078535,-0.9047856965113948,0.05854046626480378,0,0,0,0
17456,ΕΚΤΕΛΩΝΙΣΤΩΝ,0.05853446080230475,-0.3431478952761476,0.19971847293187792,0.029743995583725116,0.4004212352729378,0.4186921074308826,0.5845141138340479,0.5034025147086265,0.1850464089262556,0.3395183280797886,0.12580449011110137,0.08289562367956443,0.09396887953286429,-0.12168277821015043,0.31377300822086646,0.17120483910963077,0.5086623112389439,0.6105362650893026,0.8062560622963776,-1.3062443231169025,-4.579775584748673,0.6299144628325773,0.2564689091800397,0.09037007138054183,0.09037007138054183,-0.3309673138375177,0.18200126356659815,0,0,0,0
17456,ΕΦΟΡΙΑΚΩΝ,-0.09882579185411,-0.3522187835515854,0.17700895583450954,0.02559812110944856,0.41023277442601996,0.5056812556035444,0.6789657005984547,0.6372069900832877,0.38352992552516496,0.5511329133071274,0.24262978664405754,-0.009058767889533506,-0.006786185004354354,-0.14655003244287218,0.28609293432310884,0.12871656952445257,0.361940388115963,0.4133575758931413,0.6011297367810687,-1.2058577297970043,-4.588313281525524,0.6934534164914717,0.32245426048597525,0.118205873680499,0.10485444923007148,-0.34767361778122713,0.1130925621888459,0,0,0,0
17456,ΚΥΘΗΡΙΩΝ,-0.4691605889393651,-0.711668268089811,-0.26882815833682283,-0.38243773411273824,0.33717744423586743,0.7017297488718094,0.8796565786832778,0.7172818717738488,0.4291722051309822,0.5625514286637274,0.0996780758504851,-0.3447436057230494,-0.34632517754359576,-0.39245435564286535,0.020335889519741406,-0.09380087686302278,0.5889109590061672,1.3541281248471937,1.5481342681675503,-0.7227392708336356,-3.927794565170887,1.0702359830591173,0.39068729083102016,-0.2725184925847644,-0.2738364691018864,-0.5221432449276691,0.028770939229322133,1,0,0,0
17561,ΑΜΦΙΘΕΑ,-0.03426918670366837,-0.6387776401563673,0.13844751428281704,0.15078442149613744,0.3728487513359044,-2.5633351654343475,-0.021932279490347976,-0.021932279490347976,-0.08361681555694991,0.23714277198938014,0.002741534936292796,1.0143679264285645,1.0760524624951664,0.5949130811756713,1.0760524624951664,0.1877951431360986,0.3975225657625452,0.16312132870945784,0.3975225657625452,0.3975225657625452,-3.723004443486464,0.6195868956023122,0.38518565854922476,0.10143679264285589,-0.15763825883687224,-0.2686704237567557,0.20013205034941897,1,1,0,0
17561,ΠΑΛΑΙΟ ΦΑΛΗΡΟ,0.1345014231418486,-1.138184415469157,-0.507363645897289,0.677276296960679,1.1758122729134073,-2.0921280694549407,0.15973672192460428,0.14511382262995123,0.050404327198337644,1.099797876580021,-0.23785805889710124,-0.2440280585994865,0.3376795133413949,-0.8588068289451528,-0.25797225792687717,1.1863629724044862,-0.029929068926718313,0.20891161955261472,2.3988296139202117,0.42930400892181586,-2.3612017564759613,0.04960222723702756,1.1009701765234743,0.5822583015439462,-0.8557218290939602,-0.55542794357887,-0.5979392415283045,1,1,0,0
17562,ΑΜΦΙΘΕΑ,-0.12951532686948186,-0.3235254308539425,4.739665087764907,-0.32825738460966103,-0.0017525754650809947,-0.6098086330749148,0.03610305458066741,0.03610305458066741,0.03610305458066741,0.09288649964929002,0.01717523955779321,-0.14134521125877825,-0.5364633498612773,-0.13188130374734114,-0.015948436732236646,-0.07036590492299999,-0.0064845292207995455,-0.11058751184660767,-0.5388293267391365,-0.5388293267391365,-1.3432614652112902,0.22538120480940946,0.14730396784005337,0.014809262679933934,-0.12005141935804477,-0.31642750022036464,-0.08219578931229636,0,1,1,1
17562,ΠΑΛΑΙΟ ΦΑΛΗΡΟ,-0.10088666986156017,-1.0529631394802117,-0.10393656778879558,0.12810983284169797,0.47719606642985013,-2.2935091213832117,0.661714891027592,0.6748040362986439,0.671627059291107,0.7896835248911774,0.38328462608706,0.35392935853741925,-0.015997844220174796,-0.7060372502571847,0.22062340330117186,0.618380924644789,0.6366803122082014,0.47795854091165896,1.3155367591786815,0.8435650549390028,-3.191195744632832,0.6650189471154303,0.6083416773009724,0.1443759551202868,-0.6529181946911681,-1.2616269893352339,-0.2917594484743758,1,1,0,0
17563,ΑΓ. ΒΑΡΒΑΡΑ,-0.4774581505832098,-1.6601878943895851,-0.37544717664971156,-0.15093766916427184,0.23619184279256047,-1.8552465349235128,0.9716098682629266,0.9792927031198427,0.5652732691638038,0.6369797278283549,0.23149677704666724,0.3339345751388831,-0.26233877458955657,-1.0421465125665494,0.24558197428434692,0.7291737461113491,1.1500223666068692,0.7944778423951367,1.1103277198461354,1.118864203020487,-2.24322969519778,0.9886828346116292,0.5695415107509795,0.24686244676049962,-0.7694058751460249,-1.8240883713371303,-0.2478267531931593,1,1,0,0
17563,ΑΜΦΙΘΕΑ,0.313408405391498,-0.20404772419782283,0.3329087709749448,0.3915839781322803,0.5989494728633977,-0.15198871250629964,0.32986183885253123,0.6999335089205331,0.5298276412863586,0.6726852302258061,0.48186022415921936,-0.907192602847376,-3.661880407119731,-0.020970631242516358,0.4551342766854775,0.6578858456312259,0.8353914055626903,0.4033364306044469,-1.0941001247565738,-1.1001069337979035,-1.9703107479592175,0.7942142943083584,0.6073938276026583,0.6156640719349236,0.24750761634386745,-0.2259856354792005,0.3690366804264199,0,1,0,0
17563,ΠΑΛΑΙΟ ΦΑΛΗΡΟ,0.1037170468908715,-0.2913099763612597,0.29993478102735655,0.39989475879499986,0.5898187165535221,-0.10286690716225803,0.6316538183599802,0.690889360740806,0.5727884981190348,0.6927404714402068,0.5142934000179694,-0.9277218348152555,-3.812862970901346,0.008940179081550417,0.43432541780385475,0.6227684870028565,0.8071391126631763,0.3547276577296203,-0.9640036045235112,-0.9466031639491437,-1.7862669771973476,0.730132907568103,0.5672351660208323,0.7390182389252268,0.1551779243342138,-0.3157446375933503,0.23218412942928715,0,1,0,0
17564,ΑΜΦΙΘΕΑ,0.57926299827936,-0.18165312418683985,0.3122795135135477,0.7395981888588289,0.9441887940326308,-0.7708239417295775,-0.5145250727078514,0.5170679819418696,0.45019020191406983,0.9700429259565928,0.38608250744955164,0.10577623021271804,-1.7005833747196113,-0.01294172249935268,0.37803606843240023,0.9081776817099693,0.621012144983105,0.09185984797813641,-1.2986571503710784,-1.8183120111590814,-3.2741238834999353,0.5999067311676257,0.8722325238054812,0.6938917770646816,0.10531454928550442,0.0044702438984176905,0.29222937038884245,0,0,0,0
17564,ΠΑΛΑΙΟ ΦΑΛΗΡΟ,0.46008506312037434,0.12569104558294658,0.4857459949218076,0.4392355560317098,0.6693820381258146,0.08559583964320704,-0.8005082116250367,0.5442849955938274,0.45607554252640037,0.5731535438704398,0.4624907754767587,0.037481592515519586,-2.069120527558396,0.2732414034411881,0.5587192697321336,0.5314545296931107,0.6493344351559449,-0.15256968363884582,-2.055488157538884,-2.0707243357959855,-2.624038177764391,0.8698580678245124,0.7688181488563688,0.8225457248156197,0.3766870347657161,0.10484153849428202,0.4777269537338597,0,0,0,0
17671,ΚΑΛΛΙΘΕΑ,0.418979150012223,-0.003234448313240754,0.3382918019789741,0.28506118049930057,0.5202147579178251,0.3945338063709753,0.4981608065893081,0.3454659789171664,0.20791663589231948,-0.8693613159500585,0.35653723962425327,0.4782325373165518,-0.8168392551556386,0.24529321203944465,0.4752211544042242,0.4110078423031205,0.5677768939154701,0.44377877399609755,-0.9880452307300295,-3.1116016044349424,-3.1294927617375947,0.466275575752898,0.4670727065238083,0.650501353918823,0.6764523890162346,0.18648267516339936,0.48531814416908736,0,0,0,0
17671,ΛΟΦΟΣ ΣΙΚΕΛΙΑΣ,0.49863941700269315,0.012285854475983219,0.388274570121632,0.5641100888812887,1.0342518659904416,0.8634045888977255,0.8983222805663099,0.7162514597229774,0.5809454045072133,-1.1574568164215908,-0.07251425386200723,0.05094472739477298,-1.4523866049794547,0.3122038847007877,0.5497688940888344,0.5497688940888344,0.8334751388960819,0.7019102649305232,-1.645057439365036,-3.3635066936260776,-1.2553510591353005,0.8528045753554767,-0.07999661636241814,0.020391747184761718,0.002309371142101989,-0.3637028611696656,-0.04009068302689323,0,0,0,0
17671,ΠΑΝΤΕΙΟΣ,0.4766400915125987,0.006982636804045382,0.3339291372871338,0.4389338527707535,0.6847403458346812,0.5339153908673003,0.7673122357377095,0.8995227184148124,0.7444021159958288,-0.833532381226201,0.46852609077068263,0.5558709222866026,-0.9480829799356042,0.16114865090045058,0.37688561180316005,0.5095733886415521,0.7296059969958643,0.6121916333187258,-1.4010351389990363,-2.8978296288019054,-2.907852806188978,0.6541935195121737,-0.013541012131389366,0.08048593764257914,0.08287240844902503,-0.20207220584061555,0.08621346757804929,0,0,0,0
17671,ΧΑΡΟΚΟΠΟΥ,0.4456113977390767,0.020270462720264792,0.3665541732578536,0.2929416612064668,0.5952320953109782,0.47261717139106474,0.5423094904929694,0.3724344626820768,0.24938396176777636,-0.5363969361061987,0.3619806148167911,0.48045755729002904,-0.47476279140045174,0.22303155360736868,0.46085659254261835,0.3820171565585887,0.6135263290752282,0.4902580396637344,-0.6705546503773652,-3.2655045944373464,-3.273344980336311,0.36394071129153216,0.35065561296273157,0.47544842185457964,0.47087486341351714,-0.07686320702801483,0.26702483004044597,0,0,0,0
17672,ΚΑΛΛΙΘΕΑ,0.428624511905831,0.008874968471875997,0.43457438731056475,0.3716048726104659,0.5425929586465049,0.3888878440242163,0.5061145558674826,0.39469605572883737,0.2627363190738495,-0.7204805915584033,0.35120529979423587,0.47402772779195407,-0.7221805559597557,0.22767455329595412,0.47863179804561706,0.29716059820123764,0.5146852097243013,0.5019354767141576,-0.8892728902426953,-3.1623377904011583,-3.208307661087732,0.39604186087990806,0.29560229749999783,0.6011000667930535,0.5808421576769361,0.16038429574241764,0.48458167345035086,0,0,0,0
17672,ΛΟΦΟΣ ΣΙΚΕΛΙΑΣ,-0.8860605894797792,-0.5374687883812029,-0.24250649514394615,-0.28638518339411656,-0.09380649607392413,-0.19375239708820122,0.2718492393441628,0.8105820228601442,0.6740705483040584,-0.8178048522017363,-0.3936441991167554,-0.2985737079080528,-1.4394196024124841,0.5399967786507599,0.8130197277629314,1.0397262837221453,1.5589574280158287,1.3883180848207215,-1.1249556699529293,-3.079995001988301,-1.0615753424804608,0.956844317027379,0.21821973148284338,0.34254268152499295,0.5278082541368236,0.461990221761568,0.8520230062075274,0,0,0,0
17672,ΧΑΡΟΚΟΠΟΥ,0.404450255079138,-0.004266823141649405,0.33240462791274766,0.25313724336929666,0.522405625571128,0.4018710560159021,0.485609052268962,0.3722962400907967,0.2462593792006675,-0.6320438751332753,0.34977123493853624,0.46772660543052624,-0.6083152437515048,0.31933668599235226,0.4969575281472001,0.3301693220579432,0.6202432433698777,0.49541000870925855,-0.8559183538221543,-3.211930724786071,-3.227577865769702,0.3535540602312823,0.370232880840208,0.5679714756882961,0.549057349224566,0.12675648927073596,0.47443252299493965,0,0,0,0
17673,ΚΑΛΛΙΘΕΑ,0.45711349906002974,0.05306023807558558,0.41068805054960233,0.28453665658318394,0.5567980485485409,0.46009644259749877,0.18528598979103186,0.39636992156975087,0.3153423280246825,0.34479211604005877,0.35932718636808975,0.47343833551054215,0.4832549315156676,0.16619515115122993,0.4660623296724369,0.1711305668223151,0.2382196787468463,0.49155293808353606,-0.4967776088855278,-3.0853760107011703,-3.602835361446483,-0.27338225559761836,-0.19663925367909643,0.4661165650094818,0.4664419770317511,0.018675034389124157,0.39051250516890257,0,0,0,0
17673,ΛΟΦΟΣ ΣΙΚΕΛΙΑΣ,-0.060029904201279766,-0.590837235746399,-0.034483027281995954,-0.15370178623865377,0.43103784102495357,0.1500221949128316,0.39981388034582893,0.6865066102177917,1.0924180990464123,0.3742670034265451,0.36007429402694296,-0.14234761871897206,-0.07138407172096146,-0.5170351468684681,-0.13950907683905164,-0.22466533323666435,0.9731993400897545,0.3856211709462268,0.6865066102177917,-4.164561462566213,-1.6921914851555235,0.7801784922551658,0.2550482444698873,0.2919492889088528,0.3174961658281366,0.039319061595935074,0.5672878512611339,0,0,0,0
17673,ΑΓ. ΕΛΕΟΥΣΑ,0.3108038594352135,-0.3633276564007531,0.265587721177923,0.055949261985030994,0.29436162734165333,0.051838703961640954,0.265587721177923,0.12993930640605172,-0.16191031325464111,0.047728145938250914,0.08883372617215131,0.4793367383942051,0.48344729641759515,-0.005709108365819604,0.40123613594979435,0.2203715829206326,0.5451056667684457,0.4464522742070848,0.6930857556104872,-4.247804988504341,-2.116480653376605,0.014843681751130596,0.20803990885046247,0.6560907333999768,0.6560907333999768,-0.05503580464650008,0.6355379432830266,0,0,0,0
17673,ΤΖΙΤΖΙΦΙΕΣ,0.2984673347662144,-0.09562487360591954,0.3193477346953964,0.19001088853211376,0.4055047246944483,0.29826461243680485,0.4353049071176498,0.28447949403695655,0.1066920111447953,0.2392724145786305,0.15210181293253092,0.30231905902499556,0.305157171636729,0.054795094815954626,0.33637641036579724,0.1950789467673521,0.42010073241193474,0.3495533617774169,0.49409438264641464,-2.932115706704118,-3.8776126510701845,0.319955901683625,0.25386842229611695,0.4101673382708676,0.41118094991791526,-0.034605452453649835,0.3578649772832078,0,0,0,0
17674,ΚΑΛΛΙΘΕΑ,0.24081225271080525,-0.2152703228231461,0.029295695941436505,-0.1161219368375045,0.28708149950410466,0.258438632441586,0.5184277334706017,0.42809253735035047,0.24521884764350044,0.344367233629142,0.18352651858576788,0.3003012843021902,0.3025045817685378,-0.003753766053777359,0.23420236031176248,0.09759791739821183,0.500801353739821,0.6307959042543289,0.7850267268986603,-2.6917766749978385,-3.9586727181477035,0.40826286015322216,0.26064192990793356,0.4104661576195698,0.41707605001861253,-0.1183252343038521,0.22098257551367692,0,0,0,0
17674,ΛΟΦΟΣ ΣΙΚΕΛΙΑΣ,0.2923558382299666,-0.10469226140583897,0.3287822693892148,0.17396993696240987,0.3488168065268013,0.23953751304905666,0.38342191612808707,0.37977927301216224,0.23407354837516942,0.36338737899050055,0.23953751304905666,0.4162057041714105,0.4216696688452977,0.06651196504262763,0.2814279088821921,0.13572218424519925,0.34153152029495165,0.3378888771790268,0.4872372449319445,-2.58351090179268,-4.120706296712955,0.19400447409999638,0.1593993644987106,0.39981381014974876,0.4016351317077112,-0.10104961828991416,0.2832492304401545,0,0,0,0
17674,ΤΖΙΤΖΙΦΙΕΣ,0.735752573297126,-0.44509434467531955,-0.05881015881616466,0.5755361695815917,0.8748306845372444,0.05326888726843842,0.20960005965671555,-0.1041159071746881,-0.3004188662688137,0.760841948478227,-0.19393718735059798,-0.07494374653104582,0.62755875853978,-0.2892899833144671,-0.02832097060396065,0.6872859587740544,0.15599703761625322,0.2799951831963399,1.3733914706162866,-2.6111437353103657,-3.5850856222617637,0.14658029050103685,0.6048400329820902,0.5811335367479791,-0.03938400217987917,0.19228114713012884,-0.1283492144362239,0,0,0,0
17675,ΚΑΛΛΙΘΕΑ,0.3039469217927237,0.21240027444019668,0.5724181932767458,0.45101160430728127,0.6659316631309873,0.5808218894204349,-0.2472997848241529,-0.27805373666914246,0.43831665906894257,-1.046008522565829,-0.21949606673173502,0.7115261847616404,-0.6345850156162887,0.013035993584595833,0.7108109765791988,0.34954144342337684,-0.6719546431488632,0.6499288800488561,0.6938247822462104,-2.72880397482815,-3.282553910083572,0.7061621233933283,0.08196418216740671,0.7447833652451756,0.7269031606841352,-0.10801299129364791,0.603440348190151,0,0,0,0
17675,ΛΟΦΟΣ ΣΙΚΕΛΙΑΣ,0.13593956735202123,-0.05477042655576354,0.5162941362072121,0.41081765912972223,0.5162941362072121,0.2755094511616291,0.47687363467320076,0.37139715759571085,0.15298627071808021,0.29468699244844543,0.09438822789725249,-0.05477042655576354,-0.018546181902888217,-0.06968629200106514,0.29468699244844543,0.19453761017284896,0.36074296799192396,0.3650046438334387,0.5770230169487972,-2.3859071118643285,-4.194988506587337,0.5003128518015318,0.27018235635973564,0.3127991147748831,0.31599537165601915,-0.07075171096144382,0.4129484970504796,0,0,0,0
17675,ΑΓ. ΕΛΕΟΥΣΑ,0.2620768393216846,0.037469847542620026,0.47427636271635326,0.3393849115629207,0.34383887457270385,0.4943191962603774,-0.06878898426220656,-0.041428925773538634,0.41573856315920327,-0.20081717348077852,-0.06751642340226852,0.5697184272117065,0.3622910070418055,-0.5682691217878884,0.5471304719478062,0.40905761864452855,-0.019159110724622886,0.6661149123520133,0.7389690215834662,-2.4440238293365635,-3.8619747675225278,0.5573109588273105,0.23980702427276884,0.5331323024884878,0.5328141622735032,-0.8008296189415658,0.5493574534526978,0,0,0,0
17675,ΤΖΙΤΖΙΦΙΕΣ,0.11817224848016,-0.3091344096605175,0.20754819960340323,0.14293339588897408,0.3245151435536108,0.11958717118923509,0.3705001315985512,0.37073595205006377,0.2702764397057323,0.40681648113147856,0.13609460279511115,0.24551529229691818,0.3146106845900851,-0.007284231724498072,0.3469180864472997,0.26626749203001954,0.46247010768843216,0.5242550659847112,0.7499352380821881,-2.123065322694784,-4.325392519370164,0.48605215283968367,0.2396197810091053,0.24763767636053083,0.24622275365145574,-0.16858542055905845,0.33677780703226157,0,0,0,0
17675,ΗΛ.ΣΤΑΘΜΟΣ,-0.8757857550353604,0.26333280195461195,0.5979203620851778,0.49146068386181596,0.6830881046638674,0.5842326891707457,-0.7130545326082215,-0.7890971599106228,0.3682716276319258,-0.801263980279007,-0.6765540715030688,0.8564652949133424,-0.38759208775394366,-0.8727440499432643,0.9842169087813767,0.8351733592686701,1.0115922546102412,0.9081742814789754,0.9081742814789754,-2.427055352004348,-2.7190590408455693,0.5051483567762483,0.5887952468088897,0.721109418315068,-0.7951805700948149,0.1675190915535862,0.5827118366246976,0,0,0,0
17676,ΚΑΛΛΙΘΕΑ,0.008256892809491073,-0.8946516715309054,0.46806694504366425,0.365440059610611,0.6394815807129263,0.45010724009287995,0.5550917701912872,-0.2009493999955912,0.25282785559488224,-0.15663954878496886,0.091883935939398,0.4978148733212182,-0.12231501615702199,0.07780741043743192,0.5384495725534947,0.46785891757319187,0.35975397541769855,0.4877602122483853,0.053398853902003024,-3.2023004014812972,-3.230037397544285,0.48672007489602326,0.5381028601027074,0.7086853858900797,0.6756783605751248,-0.4405970459798021,0.5243037045613712,0,0,0,0
17676,ΛΟΦΟΣ ΣΙΚΕΛΙΑΣ,0.5771483745852571,0.01653389747312879,0.9924183576312782,0.7536381173798161,1.677613829657213,1.2934890953396434,1.636086831352611,1.6153233322003098,1.2727255961873425,-0.39873608557289225,-0.33644558811598907,-0.024993100831473315,-1.7898905287770628,-1.0112593105657732,-0.44026308387749435,-0.48179008218209646,0.7432563678036656,0.4214221309429993,-1.4784380414925469,-0.907441814804268,-0.33644558811598907,0.23455063857228983,-1.0112593105657732,-0.710188572857408,-0.36759083684444066,-1.385002295307192,-0.5544623292151502,0,1,1,1
17676,ΧΑΡΟΚΟΠΟΥ,-0.61689351269718,-1.188873370419782,0.6698380861109203,0.5471434988459315,0.5810518211446194,0.4690651251318478,0.5391125804067687,-0.519630167156207,0.2651690292042119,-0.2024088888092725,-0.16983905291711185,0.5792671726025832,0.18441368267707386,0.1478283875653318,0.6292373317795967,0.5118966901407166,0.6626994919427756,0.5449126881683863,0.19110611470970962,-3.102908931753607,-3.1082628773797154,0.453003288253522,0.36734015823578436,0.533312472645151,0.5257277163414972,0.08179639150999236,0.42489507371645185,0,0,0,0
17676,ΑΓ. ΕΛΕΟΥΣΑ,-0.4673189446463007,-0.37222326692654095,0.6421306287508959,-0.14505025904044835,0.6743574973114811,0.6516401965228719,-0.042558250831373996,-0.07795497531595122,0.5327705993731722,-0.5956981095679763,-1.0051378330836083,0.7631134631832568,-0.04519979743470065,-1.3728411202666793,0.814359467287794,0.6970747981000903,0.6453004846748879,0.7034145099480743,0.6083188322283146,-2.748558591279203,-2.7575398497305135,0.6289228957342626,0.6062055949456533,0.7176788616060383,0.718735480247369,-0.5175083301095071,0.7435660183186396,0,0,0,0
17676,ΗΛ.ΣΤΑΘΜΟΣ,-0.04225984837308603,-0.32520910040742984,0.4165576104394965,0.3640808068040543,0.7846043818826655,0.6044812991339855,0.4151393184493494,-0.07346227215632194,0.43215882233111447,-0.05289703829918918,-0.8847252905204555,0.70943490640487,0.09105959870074011,-0.6783638059540544,0.7002160084689139,0.6789416286167075,0.7151080743654582,0.5931349632128088,0.4456325962375118,-3.1008065251252783,-3.1015156711203518,0.5101648817892043,0.3236594850848623,0.5215112177103809,0.15701017624257965,-0.6280144403038328,0.42435821638530546,0,0,0,0
17676,ΣΤΑΘΜΟΣ,-0.8787988824589898,0.44946202385307105,0.3287110323701564,0.2683355366286991,1.4758454514578454,1.2947189642334735,1.3550944599749308,-0.33541942078587406,-0.3957949165273314,-0.33541942078587406,-2.5089372674783372,0.14758454514578445,0.14758454514578445,-2.5089372674783372,-0.0939174378200448,0.02683355366286982,1.0532169812676442,0.9324659897847295,0.7513395025603576,0.5702130153359857,0.3890865281116137,0.20796004088724176,-0.9391743782004472,-0.9391743782004472,-0.9391743782004472,-0.15429293356150212,0.630588511077443,1,1,0,0
17778,ΒΟΤΑΝΙΚΟΣ,0.7307895079069571,-0.8696479856941466,0.76319217252532,-0.7292364390145738,1.4055273476069856,-0.7730753382041237,2.317884727841676,-0.8702833320592125,-0.6599836852223863,1.0046237912503773,-0.9763861750252245,-0.8613884829482893,0.6202392403854835,-0.971938750469763,0.09671383557114865,1.2886236164348528,-0.907768767598103,-0.8912497621063885,1.668560742744285,0.8739542221684821,0.07934770159267952,-0.715258818983123,-0.5634110377323633,1.0903955505342793,-0.758462371807607,-0.7921357291561019,-0.5996257805411219,1,1,1,1
17778,ΤΑΥΡΟΣ,0.6360164742879821,0.29353237757106493,0.5408360601492229,-0.07336705086535193,0.7477756862556274,0.5821452262359248,0.6862648021494041,0.6137276392021163,0.5261868611175231,-1.750503442158532,0.6001416884872335,0.6617707112953254,-1.7816133003172494,0.4235637087610455,0.11939593101682694,0.6476728262056788,0.8612282196167219,-0.45605768578486455,-1.8938844466596583,-2.1017298028137215,-2.1840330984488094,0.2508843061965195,0.6674807485523051,0.7352923634248509,0.6523589947131311,0.41021403544989965,-0.41529983364021594,0,0,0,0
17778,ΠΕΡΙΒΟΛΙΑ,1.2732389369384625,1.3705795257935973,1.7761653126899928,0.9974406018489135,1.0136640333247693,0.9163234444696343,0.770312561186932,0.2024924595319784,0.1213753021526993,-1.9714473582327012,0.25116275395954585,0.33227991133882495,-1.906553632329278,-0.5762322513091008,-0.4464447995022543,-0.4139979365505427,-0.30043391621955196,-0.36532764212297525,-2.166128535942971,-1.3819960146099397,-0.5978634932769086,0.18626902805612258,0.13759873362855513,0.2187158910078342,0.26738618543540166,0.0078112818217085786,0.28360961691125747,0,1,0,1
18120,ΑΓ. ΓΕΩΡΓΙΟΣ,0.2760480331284399,-0.08976853561754561,0.3174612295902496,0.1886920718418101,0.3901500171299884,0.30257836211178674,0.44450483748611364,0.28683271970703617,0.12549380849123595,0.2674202838655629,0.1759661416790665,0.327814528705702,0.3398933776737298,0.06790358216153188,0.33342256572657203,0.19408441513110825,0.4587406237698607,0.39101279205627615,0.37160035621480286,-3.0490865327843624,-3.7824452201289085,0.21004575126743072,0.29028381941218695,0.478153059611334,0.43544570076009276,-0.07423858694436697,0.32199079795326,0,0,0,0
18120,ΑΣΠΡΑ ΧΩΜΑΤΑ,0.7632578376411528,-0.23231650542343232,0.41288403450254346,0.33169986060457296,0.81025920147682,0.5453424234939689,0.45561254708042265,0.05396452884835824,-0.14685948026767395,-2.505473374566605,0.7248021763210616,0.9512632929838213,-1.9585484135697515,0.2035143228709354,0.647890853680879,0.6179808948763635,1.1307230458109139,0.8999890778903662,-2.4712905645043017,-1.5540518278324948,-0.636813091160689,0.2804256455111179,0.0881473389106616,0.2975170505422696,0.30178990180005755,-0.3434106381259182,0.33169986060457296,0,0,0,0
18120,ΑΓ. ΒΑΡΒΑΡΑ,0.0879546884589917,-0.024557074817066298,0.33597590247319503,0.12192050378761297,0.5822280636056993,0.6006262135753692,0.7386123383478931,0.5963804866592914,0.41735233503135016,0.5567537021092334,0.26769046123961265,0.2291251084185739,0.2280636766895545,0.053281251977690805,0.1735768479332245,0.04443598756919568,0.17039255274616627,0.22841748726589428,0.0600036529281471,-3.0485760707933798,-3.7038332581746984,0.4707777320586607,0.17782257484930217,0.2666290295105932,0.2588451968311175,-0.13636121694044467,0.24646182665922434,0,0,0,0
18120,ΑΝΩ ΚΟΡΥΔΑΛΛΟΣ,0.35187532939514315,-0.03389503735178116,0.3957938019171007,0.260477427119718,0.3839239444787338,0.21893292608543385,0.39698078766093736,0.42309447402534456,0.2865911134841252,0.42428145976918125,0.2367377122429842,0.3411924577006129,0.3411924577006129,0.0800555940565411,0.35424930088281653,0.22011991182927054,0.4551430891089352,0.4088506450993043,0.5501019486158704,-2.9716847533475894,-3.827501474653843,0.15839665314976265,0.12516105232233532,0.24979455542518778,0.2248678548046173,-0.22025179913414153,0.16551856761278277,0,0,0,0
18120,ΚΟΡΥΔΑΛΛΟΣ,0.1026910391196141,-0.28608164918259993,0.2160123358190586,0.10470705469760047,0.3818561436292007,0.3223306310370767,0.49655681940832,0.43363591215853486,0.277447757906117,0.3598921844374544,0.2554837987143707,0.2820103194773493,0.23139771786158617,0.12072907323843954,0.41464292329224217,0.27447678758066335,0.3522525464577166,0.26609440701956216,0.31808638771500014,-2.3570601781898635,-4.234395105627383,0.5091834432914978,0.26376007319242,0.4027590419904278,0.3431274233152519,-0.1463399378032288,0.294743049443579,0,0,0,0
18120,ΠΑΙΔΙΚΗ ΣΤΕΓΗ,0.2672768322725847,-0.11229567154450118,0.34214061330225215,0.1884728522413558,0.482674377691277,0.3789158039834923,0.5549113593865702,0.33951381396787783,0.11754927021324978,0.25808303460227466,0.1858460529069815,0.3657818073116208,0.37234880564755657,0.20554704791478873,0.5654185567240674,0.40518379732723525,-1.8578038292362213,0.4524661853459726,0.6008803477381204,-3.881752716371617,-2.001621092793214,-0.12148946921481123,0.42882499133660396,0.5207629680397043,0.5496577607178216,-0.03743189051483373,0.4301383910037911,0,0,0,0
18120,ΠΕΡΙΒΟΛΑΚΙ,0.257882076985499,-0.09998832859669039,0.27913063231694146,0.16450026802889645,0.39264265158754214,0.28528152991288536,0.40829948183176296,0.2931099450349957,0.14437005771489828,0.11249722471773455,0.2824856673692745,0.4619800426690913,0.26067793952910984,0.18686716837778328,0.4373764522853158,0.30205670517455047,0.5363499863291401,0.44073148733764883,-0.3879621705886084,-3.1603394688331314,-3.6311627211771995,0.26403297458144287,0.32498277803215947,0.5000037732621989,0.40438527427070775,0.07223680408973825,0.46757176775631304,0,0,0,0
18120,ΠΛΑΤΕΙΑ ΕΛΕΥΘΕΡΙΑΣ,0.029908352702117398,-0.024882631378901374,0.3914080961567729,0.2560154991301232,0.4671796498996694,0.29178812510037516,0.4769907076552237,0.3259004182196871,0.1582068002747509,0.32212693446755086,0.12258511365458441,0.20273390854995899,0.22054475186004222,0.07171855267578738,0.37812543334925325,0.2419781395721763,0.44861410983915895,0.3915590355068584,0.5474793841451294,-2.949181599934432,-3.8468179148926103,0.2836374001957608,0.2379027771198691,0.4231053596747177,0.3754085250477151,-0.12601199593615364,0.28197706734482086,0,0,0,0
18121,ΑΣΠΡΑ ΧΩΜΑΤΑ,0.2994538601291013,-0.3794606166521442,0.17601486435069302,-0.00914362931691939,0.3611733580183054,0.17601486435069302,0.2994538601291013,0.17601486435069302,-0.00914362931691939,-2.1693260554390643,0.4846123537967137,0.6697708474643261,-1.7372895702146351,0.11429536646148888,0.4846123537967137,0.7314903453535303,1.533843817913184,1.2869658263563675,-1.675570072325431,-0.8732165997657773,-0.07086312720612353,0.7314903453535303,0.608051349575122,0.7932098432427344,0.7932098432427344,-2.539643042774289,-0.2560216208737359,0,0,0,0
18121,ΑΓ. ΒΑΡΒΑΡΑ,-0.19393703305874307,-1.4070750696389687,0.2764634301050179,0.004126319852314162,0.17743175364948927,-0.16917911394486093,0.07840007719396062,0.2764634301050179,0.3754951065605465,0.6478322168132502,0.3259792683327822,0.5488005403577216,0.5488005403577216,-0.04538951837545015,0.44976886390219295,0.17743175364948927,0.5488005403577216,0.3507371874466643,0.6478322168132502,-3.9076249001410663,-1.7413069776763779,0.4250109447883108,0.5240426212438394,1.093474760863129,0.8706534888381896,-0.8376429300196792,-0.04538951837545015,0,0,0,0
18121,Γ ΝΕΚΡΟΤΑΦΕΙΟ,0.24284600701414147,-0.14449272796264503,0.32485015360832603,0.19573724194939718,0.3859170712848464,0.2725070813141657,0.42168483735252266,0.325722538146562,0.044814716834568204,0.18875816564350914,0.2620384668553336,0.35538361244658623,0.3832999176701384,0.10500924997285259,0.3963856857436785,0.27512423492887367,0.5019442148702351,0.5071785220996512,0.6624629699056602,-2.321964535399715,-4.2438276731336355,0.25244223693473755,0.10849878812579661,0.2576765441641536,0.2463355451670855,-0.2195177982509415,0.2131849327141173,0,0,0,0
18121,ΑΝΩ ΚΟΡΥΔΑΛΛΟΣ,0.07915763731856569,-0.33979967512744164,0.25592318832318245,0.09828810820651122,0.2980102242766626,0.19279263439296218,0.5000279968533675,0.4908453708271537,0.27696670629992254,0.4533496478867804,0.27581887804664584,0.17060128816294537,0.16600997514983842,-0.008842528765983793,0.40820173659122894,0.2505666564745577,0.3990191105650151,0.17327955408725773,0.3370363848880715,-0.8945833308778622,-4.770799342193388,0.52374978075442,0.25554057890542353,0.335123337799277,0.2980102242766626,-0.34898230115365547,0.12468815803187606,0,0,0,0
18121,ΚΟΡΥΔΑΛΛΟΣ,0.18531885011618435,-0.2091676495053334,0.21475814113271552,0.07023798523338065,0.2591847075758444,0.1794309919128781,0.44063779220500926,0.4727533824048614,0.3640956355620282,0.5273498857446102,0.2458032116592393,0.1783604722395497,0.1783604722395497,0.02581141879025179,0.47114760289486884,0.3121754314056005,0.4524135086116217,0.24955003051588873,0.405845902821836,-1.6977252552684825,-4.539954987955401,0.5701706726777465,0.2308159362326416,0.22385755835600696,0.21636392064270812,-0.23539538150187936,0.20779976325608088,0,0,0,0
18121,ΣΧΙΣΤΟ,0.223660312278833,-0.4867900914303992,0.6869975320892019,0.3781060522156226,0.5325517921524122,0.10010372032940132,0.4089952002029805,0.3781060522156226,0.10010372032940132,0.43988434819033845,-0.14700946356946204,-0.2087877595441779,-0.6412358313671888,-0.17789861155681996,0.5634409401397702,0.223660312278833,0.6869975320892019,0.625219236114486,0.9649998639754231,-4.069931257963918,-1.768689732905753,0.5325517921524122,0.31632775624090675,0.6869975320892019,0.5325517921524122,-0.8883490152660521,0.007436276367327558,0,0,0,0
18121,ΤΑΞΙΑΡΧΕΣ,-0.32009781048923924,1.6132666965812013,2.190371526951821,2.020490778055598,1.3314267662553592,-0.1123907318189063,0.034270729827584875,0.0345240311430365,-0.06460121697036629,0.07885176134707098,-0.12294495329605737,-0.2506932500554938,-0.24968004479368733,-0.33006099556366986,-0.09128228886460417,-0.15224347211662873,-0.05227388628505384,-0.057930948996806814,0.12908985557831004,-1.1868104781928845,-3.235595951337449,0.08940598282422203,-0.16524627297647881,-0.1619533558756077,-0.1819641597962861,-0.5196992470651202,-0.2662290640698602,0,1,1,1
18122,ΑΝΩ ΚΟΡΥΔΑΛΛΟΣ,0.8375666727119235,-0.6898935096567733,-0.5221175628519736,-0.458167249794787,1.1495785737851352,-0.4913015726225206,-0.4395492556978258,-0.4444355874818942,-0.4022776008485453,1.3355801814779562,-0.4910519060350135,-0.46394524796280945,2.2579198890400565,-0.6208071982280112,-0.3855856061409249,1.0317002778264057,-0.4629465816127809,-0.25222798175675276,2.5189284729510946,-0.7758501490699465,-1.8399291450253872,-0.42182292798481874,-0.47197024541839616,1.151718573106625,-0.5657735490103654,0.518136107324214,-0.6014758710238868,1,1,1,1
18122,ΚΟΡΥΔΑΛΛΟΣ,0.07534025018518276,-0.38169885667999626,-0.07797339730292492,-0.09248257529864488,0.4651534990035259,-0.22113062019402863,-0.02525671725180903,0.009565309937918895,0.1430497474985426,1.381649909066504,0.0037616387396309076,0.01198350627053889,1.1354775224057885,-0.3338185692941204,0.6586092056131255,0.7427624379883013,0.14498430456463862,0.18125724955393854,1.4865996299022117,-0.8919382828628152,-4.2280819433453605,0.1962500668161825,0.12515509463715466,0.04728917272679081,0.03326363399759485,-0.5006741162449,-0.0890971004329769,1,0,0,0
18122,ΣΧΙΣΤΟ,0.16142489410976998,-0.7439676028022687,-0.16247259746274612,-0.26201096414141783,0.04031693465170583,0.37093282397518024,-0.03517664007616774,0.028648138557936142,0.6340111359074422,0.7625446928797235,0.11227451056328555,-0.05073503486786066,0.46251519331719076,-0.18969978834820872,0.22754807197446486,0.623226339517746,0.28253285356783414,0.5065383785800491,1.0949285816113448,-0.28693975579628944,-4.564260723926138,0.3576728284140783,0.28907445137797777,0.5302295706492179,0.30728484528189104,-0.6575124317438843,0.1610712942281406,1,0,0,0
18122,ΤΑΞΙΑΡΧΕΣ,0.22745035095490254,-1.222265984311754,0.26772024915675413,-0.2557884274673163,-0.014169038256206863,-1.0209164933024961,-0.5779476130821288,-0.45713791847657415,-0.41686802027472253,0.06637075814749628,-0.5376777148802773,-0.3363282238710194,-0.3363282238710194,-0.2557884274673163,1.5563569916160043,1.0731182131937855,1.6368967880197074,0.9120386203863792,1.4355472970104497,-1.9471241519450821,-0.6786223585867578,0.5898794347715667,0.46906974016601194,1.5563569916160043,0.9925784167900824,-2.0276639483487853,-0.6987573076876835,1,1,1,1
18232,ΑΓ. ΑΝΝΑ,-0.28529534017010005,-0.4574288415017804,-0.19922858950425984,0.2311051638249411,0.44627204048954155,0.31717191449078125,0.44627204048954155,0.4032386651566215,0.31717191449078125,-2.4799974821490247,0.31717191449078125,0.44627204048954155,-1.9205636028210635,-0.6725957181663809,-0.5434955921676206,0.9626725444845827,1.2208727964821033,1.3069395471479435,-2.3078639808173445,-1.2607185143829558,-0.21357304794856666,0.8335724184858224,0.7475056678199822,0.8335724184858224,0.8335724184858224,0.2741385391578612,0.4032386651566215,0,0,0,0
18233,ΑΓ. ΑΝΝΑ,0.9669941990730936,-0.5402070186450614,-0.5365198496894091,-0.6125322558520861,1.107673876150287,-0.33684546932178,0.39037770008532374,-0.16723569736177687,0.21055730640197592,-0.5722570257211155,-0.4100215916724168,-0.2097799545423797,-0.11079364950217718,-0.46192558543275225,-0.29486846890358526,1.2182889448198542,-0.17914808937234566,-0.10398656835328074,0.08774621734063585,-2.31231714440777,-2.3835078680899784,0.9780557059400503,0.8841747117615202,2.55616401895921,-0.09632860206077223,0.9210464013180426,0.007195757078694565,0,0,0,1
18233,ΑΣΠΡΑ ΧΩΜΑΤΑ,0.48835612101531506,0.18399849841402252,0.4704947581866007,0.10683741099397652,0.5662316629485097,0.39762039784544617,0.5944526162178783,0.6137428880728898,0.5172915287978324,-1.8493390460068193,0.66125411319727,0.6169579333820584,-1.3152842974282601,0.21972122407145123,-0.6612011906407406,0.6919756572626586,0.7391296551304646,0.5612304813564696,-1.7075198251468273,-2.3883949761774184,-2.4684138816500587,0.5501564364026668,0.4326286689897263,0.6212446604609498,0.5294372555213581,0.3315333553792031,0.4958578934033751,0,0,0,0
18233,Γ ΝΕΚΡΟΤΑΦΕΙΟ,1.2038238505218686,-0.8417706346182997,-0.8417706346182997,-0.653074980070676,1.1662517069172533,-0.8417706346182997,-0.8417706346182997,-0.8417706346182997,-0.7123554733135136,1.2973367412711334,-0.8417706346182997,-0.6288618208588128,1.3023463604184156,-0.8417706346182997,-0.6221823286624367,1.371646091955817,-0.8417706346182997,-0.6129980268924197,1.5419731429634067,0.7473918837695047,-0.0471893754243975,-0.8417706346182997,1.3232197735320907,1.3916845685449453,-0.8417706346182997,1.1904648661291166,-0.8417706346182997,1,1,1,1
18233,ΑΓ. Ι. ΡΕΝΤΗΣ,0.47158913255139806,0.1951089167840664,0.4544368488382716,0.35561049927413035,0.6111430323790481,0.398089772129618,0.5943556908725839,0.531512642885342,0.3045915787827458,-2.0001644331721202,0.5956694828165681,0.6879268726607886,-1.643834862587085,0.32327661976385375,-0.1753074229781322,0.6855912425381501,0.7330337294042445,-0.21596198480030848,-1.91119152318786,-2.1963573634737537,-2.2227791792361016,0.5596131927983363,0.5475700999784816,0.6869050344821342,0.6419441546213432,0.38458691048311416,0.6030413153911458,0,0,0,0
18233,ΑΠΟΛΛΩΝ,0.49621103297106306,0.30419663975399663,0.6376557945977156,0.7372929895134815,0.8244129488870657,0.4719275960192307,-0.006481146402951779,0.637405449886872,0.33548972860945075,-1.949156102549543,0.5888385759832072,0.6651937127905152,-1.720090692127619,0.46516828882645256,-0.9177358938737755,0.6686985387423261,0.766332975971343,-0.7329814972711745,-1.8184761634891666,-1.9611726486700374,-1.9699347135495644,0.41184486541675874,0.5870861630073018,0.672203364694137,0.6689488834531697,0.4724282854409179,0.664693023368828,0,0,0,0
18233,ΛΑΧΑΝΑΓΟΡΑ,-0.024655540545200767,-0.3838236939757495,0.06823277499718253,-0.3714385852367651,-0.2166247259994596,-0.3714385852367651,-0.14850662793504515,0.5450594614480835,-0.3218981502808273,0.009403508487006444,0.3407051672548402,0.48932647212265346,-4.415176588515185,1.1395446809193366,1.3748617469600408,0.6503328857294511,0.8484946255532022,0.29735728666839467,0.1858913080175347,0.07442532936667474,-0.037040649284185205,-0.14850662793504515,0.2725870691904258,0.44597859153620795,0.44597859153620795,-0.46432690077914834,-0.28474282406387397,0,1,0,0
18233,Π. ΚΟΚΚΙΝΙΑ,0.9776915946022054,0.027830131614590456,0.07818258623686508,-0.43764527468996633,1.0613085667577475,0.35181741882216744,0.3939676636417186,0.24268246061370796,0.0793217820427989,-1.821312500577178,0.049702691088519706,0.13992699891847785,-0.8577806879183574,0.7409667061291586,1.0009311890432553,1.1542669445219467,0.4033090692503759,-0.13484702947275834,-1.299332982298304,-2.5043743058150936,-2.5843458513916473,0.4486490623265417,0.33564083837790726,0.8430386503408285,0.43497871265533594,0.440674691685005,0.4347508734941492,0,0,0,0
18233,ΡΕΝΤΗΣ,1.1921773567883247,1.2287243776606322,1.3200919298414007,0.8267071480652505,0.22368130367217798,0.16886077236371683,-0.4889856033378168,-0.6717207076993539,-0.6899942181355077,-1.3295670834008875,-0.9458233642416596,-0.8910028329331985,-1.3478405938370412,0.46123693934217624,0.5708780019590985,1.8865707533621658,2.2337674516490864,0.4703736945602531,-1.2930200625285801,-0.8910028329331985,-0.4889856033378168,-0.08696837374243513,-0.1783359259232037,-0.12351539461474256,0.16886077236371683,0.09576673061910199,-1.4209346355816561,0,1,1,1
18233,ΣΤΑΜΑΤΑΚΗ,0.06564484491105119,-0.31459553703047055,-0.04474752403971318,0.212834670178737,0.3068726140997585,0.212834670178737,-2.174911384163722,0.16786000134694412,-0.24508923065406332,-0.012038673980227442,0.22101188269360844,0.15150557631720124,-2.407961940837558,0.674847177268973,0.7729737274474303,1.1613913219038234,1.2636064783397163,0.748442089902816,0.005337902613874357,-0.7377662846750672,-1.480870471964009,-2.2239746592529506,0.7157332398433303,0.8220370025366589,0.8220370025366589,0.503125714456673,0.8138597900217874,0,1,0,0
18344,ΜΕΤΑΜΟΡΦΩΣΗ,0.45031367601412153,0.15850129036504024,0.4451816555532681,0.4026999306273149,0.5160320491378276,0.42280034409899075,0.46300117104234245,0.42094711448812705,0.3280005216971153,-1.68261104996612,0.5673522537463618,0.66999266296343,-1.5178161707231606,0.309468225588478,0.49236773256833694,0.5643585751441973,0.7091955970393935,0.6102616470440527,-1.9424908638587801,-2.447567210881103,-2.471231527450594,0.49749975302919036,0.42351312471855374,0.5250130849443211,0.4889463855944347,0.15750339749765208,0.43876662997720134,0,0,0,0
18344,ΑΓ. ΚΩΝΣΤΑΝΤΙΝΟΣ,0.2999332827510176,-0.07771588147872278,0.004816717326452269,0.2186511778671331,0.3637084727368347,0.2311561170800384,0.4012232903755506,0.40372427821813167,0.2899293313806934,-2.463658283301056,0.4087262539032938,0.5275231764258943,-2.0972635643629305,0.07359388299743148,0.29743229490843653,0.3086867402000513,0.5112667554491174,0.39872230253296953,-2.7312639824572296,-1.5187017101125115,-0.3061394377677935,0.9064228345769252,0.9814524698543571,1.120257295117606,0.7113457828556023,0.1911403115987414,0.5450300913239617,0,0,0,0
18344,ΙΛΙΣΣΟΣ,1.223018411083079,0.707057518907405,1.1198262326479442,0.29428880516686584,0.19109662673173103,0.08790444829659624,-0.22167208700880814,-0.5312486223142125,-0.6344408007493473,-2.0791312988412343,-0.22167208700880814,-0.11847990857367335,-1.9759391204060996,-0.22167208700880814,-0.015287730138538555,-0.11847990857367335,-0.015287730138538555,-0.11847990857367335,-2.388707834146639,-1.0816069073015984,0.2254940195434425,1.5325949463884834,1.1198262326479442,1.223018411083079,0.9134418757776746,0.3974809836020006,0.707057518907405,0,0,0,1
18344,ΜΟΣΧΑΤΟ,0.3109586026035128,0.02454936336343522,0.32050557724484874,0.29459236036122266,0.40506449549668117,0.30686704204294024,0.4487078081427882,0.4337054194206889,0.35596576876981073,-2.0266863310035967,0.3232332842852304,0.4187030306985896,-1.8739347367422219,0.17730095762480994,0.37505971805248256,0.6996568558579038,0.8605915712404236,0.7460278755443925,-2.205351142148597,-2.6908829953365383,-1.01607087254218,0.6587412502521784,0.39142596029477267,0.4841679996677502,0.6942014417771404,0.37642357157267337,0.706476123458858,0,0,0,0
18344,ΠΑΡΑΛΙΑ,0.5038527683509757,0.06426227677679545,0.345545413752922,0.520833834069106,0.6509307085225239,0.48166782765470867,0.4374348903405466,0.33801348944246096,0.3826572589917391,-1.5894744136437031,0.5219293866960821,0.4859130940842412,-1.6312423575471688,0.2096968880078794,0.39539305828033683,0.6065608271299898,0.7456960107559608,0.5265854853607308,-1.7909191529289428,-2.5042608571687888,-2.5116558374008777,0.4972794525891188,0.4316832390489218,0.513986630150505,0.5908122581172076,0.316376325059682,0.4604414955070458,0,0,0,0
18345,ΜΕΤΑΜΟΡΦΩΣΗ,0.539163882071352,0.10610691309488555,0.46860789509111667,0.5027883510059862,0.6039185990109901,0.39585683296038515,0.4142013895752463,0.3621467502920505,0.3434886115128328,-1.510252353081216,0.5194082057168861,0.5626825443980971,-1.4793645098920907,0.21946686550979694,0.4131038519999983,0.6293187543238749,0.7450305729714607,0.595451880573362,-1.551488407694109,-2.65764949246202,-2.67426934717292,0.40589146221979644,0.4306644532039679,0.5413589572218482,0.5013772312663816,0.18042588604740006,0.3925642202346409,0,0,0,0
18345,ΣΤΑΘΜΟΣ,0.37404061723782883,0.029892349422320157,0.37630773362660025,0.5477017326177231,0.7490216679406294,0.6100474333089385,0.6431473325850019,0.4051001117639979,0.29061073413103883,-1.6817805241001373,0.35771737923867425,0.47606085473254484,-1.5226289536083804,0.19017747810846286,0.4234637545130468,0.536592862312743,0.828824164825385,0.689623218554817,-1.907131893144021,-3.2030156209657914,-1.3637040947555004,0.4756074314547905,0.35136945335011416,0.4549766723169702,0.43547947137353554,0.04462860594933469,0.3878700272093348,0,0,0,0
18345,ΙΛΙΣΣΟΣ,0.5719517168805301,0.003959856109947529,0.5095839831488583,0.4271694778605777,0.6588210602925015,0.4828549544067132,0.7078242796531008,0.6855500890346466,0.5095839831488583,-2.2234592057354745,0.5274033356436216,0.7278710512097096,-1.9806705279943233,0.06410017077977392,0.4494436684790319,0.5563597834476122,0.88824522366258,0.7055968605912554,-2.8114978380626656,-1.7571861487891662,-0.7028744595156667,0.35143722975783337,0.05296307547054681,0.21333724792341718,0.24897595291294394,-0.18537076414691334,0.31802594383015204,0,0,0,0
18345,ΜΟΣΧΑΤΟ,0.4462435002774403,0.040617435617723234,0.3858437067076722,0.43025531962661934,0.6256664164699867,0.5030903648136926,0.491839422874226,0.3858437067076722,0.2715578227962483,-1.7921017908374948,0.4290710099487807,0.5853998874234746,-1.4942479068610894,0.20819725503188372,0.4450591905996017,0.4912472680353067,0.7192268810192353,0.6067174616245693,-1.9644188489630097,-3.1741911848751294,-1.3219308487355745,0.5303294874039802,0.45038858414987537,0.5735567906450887,0.5303294874039802,0.12115049371074735,0.47525908738448575,0,0,0,0
18345,ΠΑΡΑΛΙΑ,0.48254894216977456,0.1694991607863766,0.4734937832041391,0.45202012051420354,0.5971613827919607,0.49315641410094757,0.4812553480318266,0.40907279513433237,0.31127707830546925,-1.5745244559950164,0.4680606878247578,0.5637866540329043,-1.4777636144765116,0.25306534209781256,0.4553834652728681,0.4753048149972662,0.6354517692752193,0.5314468005842061,-1.7075059333760632,-2.5951702308359295,-2.618196206491403,0.5154062332736519,0.45434858996250976,0.5580948398259334,0.5179934215495478,0.1868333222348788,0.488499475204335,0,0,0,0
18345,ΓΗΠΕΔΟ,0.6223122498591623,0.2566647442816517,0.5948199562067179,0.526776529416918,0.6463680068050512,0.49138020133939586,0.46216963933367367,0.34601469865209605,0.2628505103534517,-1.8317186122921565,0.46182598566301813,0.5659530478716513,-1.5488916413426346,0.20546034735397403,0.4319281163159848,0.44842349250745145,0.6257487865657179,0.4817578985610403,-1.9698673878956896,-3.118014301555899,-1.3658960617185516,0.386222178118796,0.3638846895261849,0.4803832838784181,0.5058136555069291,0.1704076729471074,0.49722231374054027,0,0,0,0
18346,ΜΕΤΑΜΟΡΦΩΣΗ,-0.014034801955470017,-0.24560903422072858,0.11227841564376193,-0.30876564302034454,-0.3508700488867552,-0.47718326648598713,-0.3298178459535499,-0.2877134400871392,-0.4140266576863712,-2.3087249216748504,-0.014034801955470017,0.0912262127105566,-1.8666286600775386,0.5754268801742791,0.8491055183059483,0.828053315372743,0.9754187359051802,0.8491055183059483,-2.013994080609976,-1.1578711613262929,-0.30174824204260986,0.5543746772410737,0.3438526479090205,0.44911366257504715,1.3964627945692867,1.29120177990326,1.7754024473669825,0,0,0,1
18346,ΣΤΑΘΜΟΣ,0.3551725927069866,-0.49932118776339685,0.083636867135608,0.5576738117771672,0.9534716490507021,0.10511426915820292,0.15267137363680594,0.0437502633793603,0.24471738230506987,-1.3890992715566148,-0.023750142977366582,0.3797181950185236,-1.0822792426624017,0.16647827493704553,0.41500249834135816,1.0133015546850737,0.45028680166419266,0.6052309162557703,-1.6575667968390513,-3.4156455624028923,-1.3983038724234411,0.6190378175560098,0.9151191454389255,0.925857846450223,0.57608301351082,0.6420493197230758,0.2615924838942516,0,0,0,0
18346,ΛΑΧΑΝΑΓΟΡΑ,0.8999716365387458,-0.9941239095265217,-0.8459671714417609,0.9545109862236176,1.0501672288173336,-0.9863083017835182,-0.8916714862867158,-0.871282944348446,-0.815894072082813,1.2491254172316166,-0.8877636824152141,-0.803660946919851,0.8933453604088081,-0.9151183095157261,-0.8632974320892903,1.5000743875884879,-0.8089279869205708,-0.6556741133512425,1.4404379024190486,0.7578181913580312,0.07519848029701381,-0.6074212307640039,1.4635449166157544,1.473569283068737,-0.7127620307783981,0.8783937629874102,-0.9762839353305356,1,1,1,1
18346,ΙΛΙΣΣΟΣ,0.4722872974991157,-0.05228011969324526,0.4245993504816283,0.4627497080956182,0.7965653372180297,0.5104376551131056,0.4722872974991157,0.2243099730081814,0.0907837213592168,-2.5034405963920956,-0.014129762079255372,0.13847166837670416,-2.2268505036906685,-0.10950565611423009,0.21477238360468393,0.6535014961655676,1.4069710590418678,1.2257568603754159,-2.4080647023571204,-1.3525714750367337,-0.29707824771634667,0.7584149796040398,-0.14765601372821996,0.00494541672773957,0.3196858670431561,0.20523479420118645,0.7298022113935474,0,0,0,0
18346,ΜΟΣΧΑΤΟ,0.33703324249718974,-0.19347636128778428,0.29227149467783253,0.5840517767595682,0.9835918221101269,0.6918115400283911,0.8725163738176479,0.7730458231079652,0.7299419178004362,-2.1298364151029396,-0.597989934173827,-0.5001772259759724,-2.4630627599803763,0.49784396614451,0.8343859960456028,0.6719174298864545,0.5707890366649438,0.310507762307941,-2.4464843348620957,-1.4020435524104282,-0.3576027699587606,0.686838012492907,0.06846275558104663,0.21435289662191448,0.34532245505632997,0.0485686454391101,0.577420406712256,0,0,0,0
18346,ΚΗΦΙΣΣΟΣ,0.1617914534453207,-0.2820004180976439,-0.0004906488353156188,0.1915983701907437,0.492979417283354,0.3869992688551833,0.03262814754848771,-0.4906488353156049,0.41349430596222597,-0.3084954552046866,-0.22569846424517825,3.9439580004756603,1.7382461613143592,-0.5270795113377885,-0.37473304797229323,-0.14621335292405027,0.3571923521097603,0.25452408331997,-1.7094205422395674,-1.079059451067844,-0.4486983598961204,0.18166273127560267,-0.47077755748532285,-0.40785184435609656,-0.4509062796550409,-0.7291041692789888,-0.5038963538691262,0,1,1,1
18450,ΟΣΙΑ ΞΕΝΗ,0.4098241707518221,0.03828381004540775,0.3505511949192813,0.3165776599908737,0.49078238164504856,0.3744049534860355,0.49656511099456474,0.49439658748849613,0.36934506530520883,-1.920615757103197,0.4394606586680925,0.5601751338392427,-1.6155767839162187,0.2667016193512967,0.49150522281373804,0.5009021580067018,0.6765525619982558,0.5572837691644845,-1.8786909693192047,-3.133543238164215,-1.2396993761976671,0.6541444857688805,0.4141612177639592,0.5327071694290408,0.5363213752724885,0.2204397845551673,0.5970400334424083,0,0,0,0
18450,ΑΓ. ΝΙΚΟΛΑΟΣ,0.3920388233466086,0.12028244764507987,0.4342702558664843,0.37439418373214,0.5021008786466956,0.3820594779908846,0.4552413439328609,0.39550989999207786,0.2893528059181438,-1.4735202453995433,0.40910495018683235,0.5135265059380318,-1.1651729367270263,0.3181338164368262,0.5482372723927241,0.609125741881997,0.8312746471920279,0.7109439901490945,-1.4220326084917496,-2.763459103772047,-2.7954219345490765,0.5676174503299274,0.4229892567687093,0.5372455296820715,0.47693557296704364,-0.13845739063593926,0.4676793685791257,0,0,0,0
18450,ΑΓ. ΓΕΩΡΓΙΟΣ,0.47923409653889304,-0.22427306491268398,0.32289917177187594,0.34374382840747825,1.0107728407467513,0.4427559474265891,0.8127486027085296,0.7241588120072199,0.5626127230813022,-2.1211368187524915,0.1717754111637594,0.35416615672527935,-2.058602848845685,-0.11483861757577199,0.3020545151362737,0.8388044235030324,1.062884482335757,1.0576733181768565,-2.1471926395469945,-1.3446733590763067,-0.5421540786056188,0.2603652018650691,0.3854331416786828,1.036828661541254,-0.7141224958493376,-1.4280519856187157,0.5261345739689982,0,0,0,0
18450,ΠΕΡΙΒΟΛΑΚΙ,0.36042402569935905,0.05489509612771111,0.38156124724205165,0.30405810158551205,0.46354804595310184,0.3456920228059672,0.7043842671668117,0.6864496549487695,0.5602668475575439,-0.494032142117367,0.3264763668580648,0.45073760865450024,-0.48314327041355565,0.20669877811613996,0.45329969611422055,0.40205794691981417,0.6467372993231045,0.5243976231214594,-0.8655348237768131,-3.234184680288247,-3.2354657240181073,0.2982934048011413,0.19068573149288795,0.30405810158551205,0.3053391453153722,-0.02388909325868867,0.36618872248372974,0,0,0,0
18450,Π. ΚΟΚΚΙΝΙΑ,-0.1780454315815785,-0.07036355456103967,0.4052314022796735,0.27575676443354946,0.6705903135088584,0.5167590606223744,0.724431252019128,0.487274737152465,0.3129326505477831,-0.24085985984355948,0.22960738856760424,0.3731832245949893,-0.31905741339418886,0.05911108328508441,0.3783109330245388,0.2860121812926484,0.6346963545020122,0.48471088293769027,-0.5831343975159865,-4.278930248113766,-1.884290411514164,0.5103494250854376,0.23986280542670316,0.3924121312057998,0.3449808282324673,-0.12164063885653435,0.35010853666201674,0,0,0,0
18450,ΑΡΜΕΝΙΚΑ,0.3096932564140019,-0.030008583141059884,0.3144301346548095,0.3306708600518643,0.6288686235922306,0.5034541330260857,0.577214094204376,0.3884156614636145,0.26051994896180836,-0.6144491318045161,0.338565657119877,0.44976951296359907,-0.5576065929148245,0.17570727188830024,0.45653648187903856,0.41525797149485777,0.6525530147962688,0.5609733688073212,-0.7091866966206688,-3.226950264425184,-3.262815199677013,0.40533308375221316,0.26051994896180836,0.3696937141308986,0.36879145160884,0.13194753956845828,0.5021007392429977,0,0,0,0
18450,ΓΕΦΥΡΑ,0.13181182769233227,-0.029591994692487175,0.40850409463773707,0.2778438574690737,0.6160232948467906,0.46579895799511883,0.5384656139605787,0.3554015383552856,0.20517720150361385,-0.914867505348618,0.25548488640277833,0.4022156340253415,-0.7604508614220159,0.1227284956966498,0.4238758872458151,0.43715152631642795,0.7732348101566797,0.6006515022387126,-0.7772200897217374,-4.101020882295703,-1.7627616112532865,0.5754976597891304,0.36797845958007674,0.5147092072026399,0.5168053607401051,-0.049854812221317324,0.40640794110027184,0,0,0,0
18450,ΜΑΝΙΑΤΙΚΑ,-0.1558688030045836,-0.05884874726179104,0.43476206265767986,0.2594451198242126,0.547101074570387,0.2866788196818386,0.642419024072078,0.443272593863188,0.284976713440737,-0.2920373022927135,0.31221041329836297,0.39731572535344417,-0.4469289702329613,0.244126163654298,0.5692284557047081,0.3360399006737857,0.5351863308826756,0.3802946629424279,-0.6392669754774447,-4.307305925051444,-1.6205312234725309,1.0662434781063823,0.29008303216404185,0.31050830705726135,0.3683799192547165,-0.33629206456135574,0.14880821415260706,0,0,0,0
18450,ΝΙΚΑΙΑ,0.06640394363044122,0.03133226978650354,0.311905660538005,0.25557842678865056,0.49151514173877675,0.27577120869879646,0.41712068206981806,0.34697733438194267,0.24495064683594214,-0.6031461933901873,0.2353856448785046,0.3873628982022346,-0.6732895410780626,0.10253839546964974,0.5159590356300061,0.43837624197523484,0.7455190826085073,0.6583712869962984,-0.4437294940995615,-4.246349161178623,-1.8072736620320478,0.6318018371145275,0.3087173265521925,0.4426273539563182,0.43837624197523484,-0.11107998157978888,0.5382773735306937,0,0,0,0
18450,ΧΑΛΚΗΔΟΝΑ,-0.20905142689869802,0.09161817982727427,0.4537883879290136,0.36096803585262444,0.5762201406678091,0.45151058787805926,0.568247840489469,0.3632458359035788,0.24309188321573758,-0.19994022669488068,0.23455013302465882,0.35299573567428427,-0.0860502241471639,0.2613142836233723,0.5061777891009633,0.38887108647681506,0.4959276888716688,0.36666253598001025,-0.6258888362233415,-3.318248496451366,-3.348429347126511,0.3660930859672717,0.30800918466793614,0.4224686372283915,0.5517337901200501,0.03524262856615446,0.38887108647681506,0,0,0,0
18451,ΟΣΙΑ ΞΕΝΗ,0.44678394806995936,0.08483555712531127,0.38215030682984363,0.5856057688204688,0.7955245949351055,0.6839613098380362,0.6935158481083142,0.5842006896630749,0.48528311698255006,-1.6521232972449293,0.5923501487759592,0.6971690539175381,-1.3373855659887135,0.23658410612384384,0.4361053464737663,0.44369277392369294,0.5895399904611714,0.4762906103752296,-1.631047109884022,-2.596898522676534,-2.6140404883967387,0.3720337368966081,0.26018943596806005,0.35798294532266994,0.3520816128616159,-0.0031223981275418796,0.27873648084565844,0,0,0,0
18451,ΑΓ. ΝΙΚΟΛΑΟΣ,0.25169077329563483,0.09706845523005705,0.47589313449072257,0.549338735571872,0.7348855172505653,0.6034565468948242,0.49908648220055923,0.4024475334095731,0.2748841210054715,-2.6745365960954244,0.1898418460694037,0.30967414257022646,-2.1372240408175416,0.5725320832817087,0.854717813751388,0.444968670877607,0.5106831560554775,0.37925418569973646,-2.6010909950142747,-1.548370712851133,-0.49565043068799114,0.5570698514751509,0.375388627748097,0.4952209242489198,0.4952209242489198,0.004295064390710396,0.37925418569973646,0,0,0,0
18451,ΝΕΑΠΟΛΗ,-1.7977708274413489,-0.1948660193454423,0.49032494936626625,0.3992608593310327,0.55869669334094,0.4387514355922667,0.5159643533567689,-0.28121481669276727,0.31055441563975344,-1.0053069500797212,-0.29742363530745286,0.37774733644245007,0.33619381963025613,-0.743902911693792,0.5563390469969857,0.8619489543320574,0.6588966629589963,0.670095483092779,1.0222689057209475,-2.7570381836377407,-2.7579223010167238,0.5604649280989057,0.38393615809533,0.5480872847931457,0.5516237543090772,0.14758211211391484,0.44670849200311236,0,0,0,0
18451,ΑΓ. ΓΕΩΡΓΙΟΣ,0.8891461760372077,0.5060823922587054,0.8794483587263595,0.5060823922587054,0.5206291182249777,0.3994064018393757,0.3315216806634386,0.27333477679834967,0.17150769503444405,-2.0056522912509673,0.48183784898158505,0.3848596758731035,-1.5934950555399205,0.10847188251393101,0.32182386335259044,0.5933627480563388,0.5206291182249777,0.5933627480563388,-1.8941273921762134,-2.980282930991207,-1.2831649015927795,0.41395312780564797,0.3412194979742868,0.6467007432660037,0.6224561999888834,0.07452952192596246,0.1763566036898681,0,0,0,0
18451,ΑΝΑΛΗΨΗ,1.3291850954991955,-2.8485200924583043,1.0775161082728402,0.8258471210464847,0.976848513382298,-0.1304950304136659,0.9265147159370268,0.5741781338201293,0.423176741484316,-0.1304950304136659,-0.23116262530420806,-0.08016123296839482,-0.4828316125305635,-2.999521484794118,-0.4324978150852924,0.32250914659377383,0.9265147159370268,0.7755133236012136,-0.38216401764002134,-0.3318302201947502,-0.28149642274947917,-0.23116262530420806,-0.18082882785893697,-0.029827435523123738,-0.029827435523123738,-0.029827435523123738,0.6748457287106714,1,1,0,0
18451,ΓΗΠΕΔΟ,-3.7926572099828895,-0.4549049361047164,0.19696757226704056,0.06081698507547108,0.4960862865515493,0.3640614747294213,-0.770526751866991,0.7106266057625072,0.5476584786695681,-1.4698456769873252,-0.22179862773127165,-0.1207171311799549,-0.1867295370910189,-1.5647385104844798,0.5517842540390095,0.5290924895070813,1.232537189996857,1.0736948382733593,0.20934489837536507,0.40806974533679763,0.6067945922982292,0.8055194392596617,0.21759644911424805,0.3723130254683043,0.37025013778358357,-0.2589306060562451,0.08763452497684082,1,1,1,0
18451,ΝΙΚΑΙΑ,-0.1949091012636647,0.015556440938644618,0.3158327102014221,0.31946142644628955,0.4065506163231072,0.2759168315078807,0.09810973550937802,0.5888936076276942,0.4891039108938406,-1.4341156988858825,0.4573526437512508,0.5671213101584898,-1.1846414570512487,0.25686607122232685,0.4709603296695036,0.5961510401174289,0.8601401469315324,0.7385781527284745,-1.3243470324786435,-2.7667617398134356,-2.7821837838541223,0.5879864285664773,0.5036187758733102,0.6578392162801747,0.644231530361922,0.24960863873259204,0.5870792495052605,0,0,0,0
18451,ΧΑΛΚΗΔΟΝΑ,0.44029549774851384,0.14401038577602654,0.43182763501655463,0.5021829626086838,0.6619913507628924,0.43516072992168753,0.6210032917943665,0.45236670632385995,0.3599408854409861,-1.8375595771485107,0.43957482857983643,0.5426305197007016,-1.4252467290189654,0.3111155492630937,0.5116417454475743,0.5728986247851515,0.6165891931362176,0.5301989765410168,-1.758646303178338,-2.5034578890064085,-2.507241402141965,0.4943456853993172,0.4103877272484026,0.5088491524189495,0.4996606205183129,0.1330201809536965,0.4124596511083501,0,0,0,0
18451,ΚΡΗΝΗ,0.12542091487978801,-0.7845773882659447,0.5448518826255512,0.4660546753778148,0.4526482060891375,0.5722120240310151,0.6668781132939207,0.22583263383784088,0.42337285478529096,-1.0387531019227052,0.2663256431179276,0.6006665710926977,-0.6652871717381217,0.030207622788773276,0.5713912197888512,0.52296376950118,0.7675634336660282,0.6455372029976587,-0.8937443524737461,-3.0062208703896216,-3.0103248916004413,0.5418422670709501,0.4064095671139033,0.519954153946579,0.5166709369779232,0.10572161306785392,0.426382470339892,0,0,0,0
18452,ΑΓ. ΝΙΚΟΛΑΟΣ,0.7898001799445872,-0.11511847641258734,0.268488345304041,0.10127511532499787,0.1602915494352484,-0.02659382524721157,0.2094719111937905,-0.6757746004599672,-0.3216759957984641,-0.24298741698479678,0.6816033840757946,0.9373412652202134,0.14061940473183154,0.23898012824891574,0.5242262264484598,-0.33151206815017253,-3.911842404172037,0.6324230223172524,0.504554081745043,0.4029146674440557,0.30127525314306886,0.19963583884208208,-2.3675790449538154,0.48488193704162624,0.48488193704162624,0.34717692411770834,0.5832426605587104,1,1,0,0
18452,ΝΕΑΠΟΛΗ,0.006527492276750341,-0.1435529587258509,0.10635704199180648,0.04915952781724289,1.5473310474747886,1.8857543414302622,1.391760531448576,1.11798555419971,0.11291150737713845,0.06103599501117774,-0.0708936287705042,0.16579539903315024,-0.4679149636922791,-0.12360945721150747,0.2515076386874914,-0.2665192110404122,-0.0834423488244731,0.3735215327836711,-0.1741404638574001,-2.7888679629598303,-2.8642163043553133,-0.18960227963818319,-0.31217638445105794,0.2045059595567775,0.19487033522962283,-0.1321806811769416,0.14809274038558698,0,0,0,1
18452,ΑΝΑΛΗΨΗ,0.4900508542401784,0.10707322812110699,0.45460862655986084,0.36894257861217383,0.6665901020696275,0.5955376740659577,0.2849562570948336,0.054329818208217334,0.4589759152787625,0.4462099944081268,0.027118250036599102,0.47358953522277975,-0.04544593175438285,0.47879668715685486,0.6843952022313037,-0.41297007471426367,-0.13379954199062477,0.6966572051728354,-0.033519874098920543,-3.2209687483250167,-3.3066347962727036,-0.42254451536724047,-0.416497500217992,0.5532085680212183,0.5552242397376345,0.12403846506760972,0.47207778143546764,0,0,0,0
18452,ΝΙΚΑΙΑ,0.21019709112940624,-0.10402428445160534,0.2198654411472835,-0.2780545847733964,0.7032829420411475,0.6863633295098622,-0.7759746106940763,0.857976542327184,0.6863633295098622,0.8168860547512056,0.5099159416836019,0.5123330291880712,0.5074988541791325,0.3987299164780132,0.5727602167998043,-0.40132604750133166,-0.4254969225460249,0.9159866424344476,0.03374970330314589,-2.9513533647164643,-3.1882279401544573,0.25853884121879267,-0.7977283982343002,0.32138311633499494,0.31896602883052566,0.011995915762922013,0.37939321644225865,0,0,0,0
18452,ΚΑΜΕΝΑ,-1.0405850195619548,0.2817517366166187,0.6166028389802156,0.5068822107785516,0.7417656296695213,0.645861673167326,-1.5379852007428318,0.6231048021329069,0.5125714285371564,-0.8000123829123803,-0.10267683478624871,0.662116581049054,-1.0340830564092636,0.39309785560645555,0.6653675626253996,0.5645871337586861,0.7596460283394221,0.6312322560737709,0.3402694049908395,-2.748163092537482,-2.7668562366014693,0.3630262760252587,0.40122530954731955,0.51175868314307,0.40935276348818356,0.056621262454685774,0.3435203865671851,0,0,0,0
18453,ΟΣΙΑ ΞΕΝΗ,0.3942812736651761,0.1106820186645378,0.4070955087306033,0.3892230229814549,0.542993843766581,0.4377822295451789,0.47082946734549114,0.40203725804688206,0.28266254191106044,-1.578436492986113,0.6431472073042619,0.6404494736062772,-1.178834688972134,0.4452009972146368,0.5635640632137141,0.5059000054192918,0.6502287582614716,0.538947243219604,-1.5410054379265758,-2.720252280658124,-2.724636097917349,0.5065744388437879,0.425979644616496,0.5315284755501462,0.5190514571969671,-0.08861305827407961,0.42361912763075943,0,0,0,0
18453,ΑΓ. ΝΙΚΟΛΑΟΣ,0.4503220008859887,0.06970911255374981,0.43093421300847523,0.435015852561636,0.6561896958485335,0.5250670252032448,0.5709854701763031,0.51256700407169,0.4118015276030343,-1.1695786967746797,0.3712402345434994,0.5288935622843329,-0.9917722737401149,0.2827196767343259,0.5033833150770783,0.4970057532752647,0.6972611938522135,0.5875671308610186,-1.3637116780218872,-2.8772346448283037,-2.8813162843814646,0.5388425586951623,0.4153729622120499,0.5263425375636075,0.3546585738587839,-0.5221286226545574,0.43986279953101437,0,0,0,0
18453,ΝΕΑΠΟΛΗ,-2.5907733745596695,-1.8701095943980068,0.12915121508273497,-0.26605150307043496,0.26863452737208904,0.03616234022316558,2.8258285860102474,0.2918817460869814,-0.010332097206619114,-0.3822875966448967,-0.5915125650789278,-0.335793159215112,-0.8239847522278513,-0.405534815359789,0.10590399636784262,0.059409558938057924,1.6867148689805223,1.4077482444018141,-0.45202925278957373,-0.2738005759753986,-0.09557189916122483,0.08265677765295028,-0.1498154094959732,0.17564565251251965,0.3848706209465508,-0.08007375335129616,0.8730622139592901,1,1,1,1
18453,ΑΓ. ΓΕΩΡΓΙΟΣ,0.4574956386309266,0.10977987421713338,0.5069756596878602,0.446650702508859,0.5734008934355244,0.44732851101648824,0.5008753831191971,0.33277887322714894,0.20873991633100047,-1.71013596876734,0.4574956386309266,0.5754343189584121,-1.2695604388083428,0.25957555440319247,0.5239208723785909,0.5557778722371645,0.7970777009531692,0.6723609355493915,-1.71894747936652,-3.3287426849859334,-1.404444331826559,0.5198540213328154,0.4432616599707129,0.5727230849278951,0.44190604295545444,-0.5219376548933058,0.5503554041761307,0,0,0,0
18453,ΑΝΑΛΗΨΗ,-2.6536750643752436,-2.8295013876590023,-0.8074986698957796,-0.9393684123585985,0.4232855930905299,0.291415850627711,0.37932901226959026,-0.06023679593980599,-0.5877157657910814,-0.8074986698957796,0.8628514012999261,1.0386777245836847,0.5551553355533487,-0.6316723466120211,-0.2800197000445041,-0.19210653840262487,1.0826343054046241,0.9068079821208658,0.291415850627711,0.291415850627711,0.291415850627711,0.291415850627711,0.8188948204789865,1.0826343054046241,1.0386777245836847,-0.14814995758168523,0.291415850627711,1,1,1,1
18453,ΠΕΡΙΒΟΛΑΚΙ,0.4954621273819979,0.03317064552719888,0.4032672449608129,0.36507222224346486,0.7338517519282048,0.6126813350317902,0.6429739392558939,0.5139011038662349,0.38614533822545,-1.1258507334819838,0.6363885905115235,0.7654614259011825,-1.1693140351948281,0.4019501752119388,0.6679982644845013,0.5639497543234496,0.7140957056950937,0.5810716610588126,-1.3616062185304427,-3.4056984687830014,-1.444581612709509,0.516535243363983,0.40721845420743513,0.5402424988437163,-1.2615089176160132,-0.575315578452622,0.3624380827457167,0,0,0,0
18453,ΝΙΚΑΙΑ,0.43379725156932497,0.07485971443974054,0.4381745386074906,0.6176433071722828,0.8189985109279033,0.6876798997829334,0.6986231173783476,0.5913795849432888,0.46006097379831895,-1.6169617258112885,0.29591270986710655,0.41409945989757946,-1.5731888554296318,0.07267107092065771,0.3134218580197692,0.5826250108669575,0.8277530850042346,0.694245830340182,-1.6191503693303713,-3.297839948466903,-1.4035689827007123,0.4907019830654786,0.25213983948544993,0.36813794599684,-0.06740211430064352,0.03546413109624957,0.4097221728594138,0,0,0,0
18453,ΚΡΗΝΗ,-0.141720047323214,-0.3897398035980836,0.5674451193127652,0.5035074230868931,0.5962797666303153,0.4790606568828833,0.5440430867072172,0.41470506721762646,0.30291857218219664,-0.6964735881065153,0.10880706958796427,0.4924332469431964,-0.59032865450278,0.24357770378955726,0.4832395912767311,0.5981602871075469,0.8869246537224329,0.7575866342328421,-0.7775449153471635,-3.114405028386878,-3.131329712681962,0.5574156767675303,0.2905907157203455,0.4053024648314688,0.401123530437621,-0.1761962560724587,0.384616739581922,0,0,0,0
18454,ΑΓ. ΝΙΚΟΛΑΟΣ,0.9155565755748374,-0.8808144733766853,-0.7901638621789853,-0.5186499542438453,1.7874665605730047,-0.343917616717844,-0.3443555423758039,-0.4266855660722657,-0.4004100265946715,1.3412203151118633,-0.6294451457077008,-0.43281652528370435,1.3902679888033724,-0.6097384910995052,-0.3872722568558744,1.704260685560623,-0.30450430750145274,-0.19458496735351702,1.4471983243381599,-1.722507587975619,-1.722945513633579,-0.14159596274036876,-0.4144236476493884,1.5360972329040201,-0.4371957818633034,0.9628525466345069,-0.3828930002762754,1,1,1,0
18454,ΑΣΠΡΑ ΧΩΜΑΤΑ,0.36232795954682134,0.15880628262098637,0.5081824841313977,0.3628098577558012,0.631709058366573,0.4922798432350617,0.4985445199518001,0.31092548392230107,0.2018558559565221,-0.9731726102727462,0.27237362720391084,0.3893142592496945,-0.9192000108669999,0.2566316190439015,0.488264024826896,0.5309923326897785,0.7049575861315144,0.5857680957771579,-0.9885933529601022,-3.0670203282903143,-3.081959172768691,0.4638478489052489,0.3902780556676543,0.5594243270195913,0.463365950696269,-0.0521045001758734,0.4493909026358526,0,0,0,0
18454,Γ ΝΕΚΡΟΤΑΦΕΙΟ,0.3310908925951148,-0.04352911947517877,0.27986249601316865,0.2199312058034015,0.4835893241189777,0.36372674369944347,0.5209722081112087,0.44877774960769384,0.3273328248921921,-0.898984004482581,0.40130742072867037,0.5211700011482047,-0.6879388340079224,0.19204238758697523,0.41713086368834484,0.35284812666466725,0.5492566124016268,0.4351300300549746,-1.0696793954100696,-3.1012116783952783,-3.11426601883701,0.6730750535610798,0.50000614618964,0.6182863823132069,0.6186819683871987,0.07771801220332702,0.5836726008389189,0,0,0,0
18454,ΠΑΙΔΙΚΗ ΣΤΕΓΗ,0.4882731885434907,-0.013565653894081226,0.4018453879014644,0.3363275390276703,0.7182826579940444,0.5691250020473217,0.5496090470636383,0.2680216965847786,0.13977399240628796,-0.9210575606353572,0.4227553396696966,0.5719129956164194,-0.8109318146560011,0.26314270783885774,0.5691250020473217,0.48618219336666746,0.6924937174798915,0.5468210534945408,-1.3692275268677998,-3.8644817712101713,-1.6769523170569498,0.5105771370962716,0.4729392239134538,0.6193088862910789,-0.26100008315149514,-0.19687623106224986,0.4875761901512163,0,0,0,0
18454,ΠΕΡΙΒΟΛΑΚΙ,1.316577421293588,-0.44201509734204836,-0.20180011247185256,-0.15778556555464276,1.485921525534378,-0.27814172774633505,-0.24929603598138403,-0.35846205912632806,-0.34478522251363575,0.4328051063570705,-0.2783903975029295,0.21546773909356,0.6449204087320984,-0.021514538940908507,-0.04240279849483857,1.2740548929159445,-0.10830028399235606,0.009569180633392193,1.0798438130157137,-2.691233045738447,-2.694963092087363,-0.25178273354732805,-0.2711789745616917,1.485175516264595,-0.26371888186385956,0.9512815488564061,-0.2398465852307966,0,0,0,0
18454,Π. ΚΟΚΚΙΝΙΑ,0.44446664170705175,0.002103329064117893,0.353901720267316,0.25347329253216344,0.5039465736097165,0.382894450893238,0.5900280830969902,0.4447655358372159,0.2265728208173904,-0.37958447515549465,0.2848571761993986,0.40501261652538467,-0.3664331334282723,0.17576081868948584,0.4259352056368748,0.33058797811451274,0.5807623650619017,0.45253678322148366,-0.5619098945556228,-3.3144259392372297,-3.327577280964452,0.44715668887852905,0.3252078837715581,0.43669539432278404,0.4363965001926199,0.040062883594964245,0.4068059813063696,0,0,0,0
18454,ΑΡΜΕΝΙΚΑ,0.5427715491991875,0.06364144825962463,0.4221272791784343,0.33020783535309844,0.6433084408831485,0.5192171917189452,0.6392869652157901,0.3531876963094324,0.23713939847994597,-0.41319066658430487,0.2951635473946892,0.4301702305131512,-0.3775718821019872,0.19232866961509476,0.4617675393281103,0.3531876963094324,0.560006444916438,0.4399366714195931,-0.7912093793159983,-3.2764813417435152,-3.2799283208869654,0.39972191474600866,0.24288436371902944,0.349166220642074,0.20554208966498677,0.04640655254237416,0.41121184522417564,0,0,0,0
18454,ΝΙΚΑΙΑ,0.06918808013612925,-0.2577255985070816,0.02248612604424199,0.06918808013612925,-0.1176197362314198,-0.49123536896651787,-0.30442755259896886,1.0499291160657618,1.0032271619738744,-0.07091778213953254,1.0032271619738744,1.096631070157649,-0.07091778213953254,0.5829095751468891,0.7697173915144382,0.7230154374225509,0.7697173915144382,0.1625919883199038,-1.9856978999069104,-3.480160430847303,-1.5653803130799249,0.34939980468745285,0.2559958965036783,0.39610175877934006,0.44280371287122733,-0.35112950669085613,-0.07091778213953254,0,0,0,0
18454,ΚΡΑΤΙΚΟ,0.5521241456955581,-0.4210796927463211,-0.07600578271055673,0.006684739509995101,1.5825752687516657,0.33903703074259767,1.5221475794366468,0.3612998636481308,1.103924361282702,-0.29227330236430765,-0.12212165087201833,0.45035119527026357,-0.7168573299198334,0.32949581664022626,0.4010549224080115,0.9131000792352748,0.07983404762817557,0.47579443287658724,-0.7804654239356426,-3.6332884405446806,-1.6797248530841438,0.27383873437639333,-0.2700104694587745,0.32949581664022626,-0.24297702950205563,-0.30817532586825996,-0.1777787331358513,0,0,0,0
18531,ΠΡΟΦ. ΗΛΙΑΣ,0.10572608782616286,0.9541979160734049,-0.8865545248697642,0.2711061899421507,0.6018663941741264,0.14886872316076838,0.048202574046688824,-0.10998708884686476,-0.1962723595160758,-1.9723108474573365,0.14886872316076838,0.24953487227484794,-1.84288294145352,-0.1818914810712073,-0.0021305005103509508,0.10572608782616286,0.24234443305241368,0.14167828393833412,-2.274309294799575,-0.510254872229038,1.2537995503414994,3.0178539729120355,0.07696433093642584,0.17763048005050538,0.20639223694024242,-0.07403489273469349,0.2998679468318877,0,0,0,1
18531,ΚΕΝΤΡΟ,1.8029046671372608,0.7822558730238033,1.049400284108157,0.5064685545220146,0.30689596506487965,0.19689532520661632,0.39568219580762076,0.40275366551279485,0.3155388724823146,-1.4947573720422476,0.40432510322505577,0.4954684905361882,-1.4075425790117673,0.12382347158648425,0.30061021421583606,0.09789474933417934,0.17018088409818094,0.10418050018322295,-1.8420451064519074,-2.3527623629367014,-2.372405334339963,0.1890381366453118,0.17175232181044187,0.3076816839210101,0.4561825477296656,0.19139529321370316,0.698183955417845,0,0,0,0
18531,ΚΑΛΑΜΑΚΙ,1.817242830518441,1.214558972709218,1.533626897431748,1.3563669392525648,1.1791069810733816,1.0727510061658716,0.2219032069057923,-0.8062045505334702,-0.8416565421693069,-1.3734364167068565,1.6399828723392578,1.7463388472467678,-0.48713662581094047,-0.8771085338051435,-0.7353005672617969,-0.5225886174467771,-0.48713662581094047,-0.5225886174467771,-0.8771085338051435,-0.7589352283523547,-0.6407619228995659,-0.5225886174467771,-0.5225886174467771,-0.45168463417510385,-0.4162326425392672,-0.5225886174467771,-0.4162326425392672,0,1,1,1
18531,ΣΤΑΘΜΟΣ,-0.21404491079973637,-0.5060375505659291,-0.3657891172924035,-0.34337235951507766,0.541802178358814,-0.38935545239164343,0.16876433739767388,0.23199109010295185,0.8268973541935218,-1.7355104963531072,-0.4997148752954014,-0.4428107978606512,-1.8861051255238601,-0.019766343396245875,0.14002490434982026,0.637791884738645,0.8717308697481735,1.0320969061551968,-0.5347769836137828,-2.6586210858501653,-0.5666777542969003,1.5252655772563648,1.3401836284281876,1.5080219174276526,0.7711428540806858,0.018169708226920905,0.5486996422902988,0,0,0,1
18531,ΔΗΜΟΤΙΚΟ,0.586087651066698,0.3157692672894563,0.6612755458921559,0.39453753805898367,0.33546133498183817,0.16360328966650575,0.4473480832340077,0.485837124632754,0.37663565833863655,-1.7966525397115047,0.4043835719051746,0.5144801321853094,-1.711618611039856,0.3506779327441332,0.576241617220507,1.1831153397402747,0.5574446435141426,0.4276560155416259,-2.05891507761459,-2.9504286876878774,-1.2578059601290563,0.4348167674297647,0.3488877447720985,0.4643548689683375,0.3793209402966886,0.028444097777884928,0.3390417109259076,0,0,0,0
18531,ΕΥΑΓΓΕΛΙΣΤΡΙΑ,0.2672854350105938,0.07539612270819046,0.49671830841564135,-0.4251846919937314,-0.508614827777385,-0.6212455110853174,-0.27083894079397214,0.9013544669663615,0.7094651546639581,-1.5222909775487767,-0.44604222593964477,-0.31255400868579897,-2.711170412465841,0.7928952904476118,0.23808488748631507,0.9764415891716497,1.0932437792687648,-0.2624959272156068,-1.7767528916889204,-1.132950343891726,-0.4891477960945322,0.1546547517026614,1.1099298064254957,1.2392465168901587,1.197531448998332,-0.0706066149132034,1.2976476119387161,0,0,0,0
18531,ΚΡΗΤΙΚΑ,-0.30481495976836537,-0.49021787344190715,-0.5059299847701735,-0.38337551640969664,-0.33623918242489786,-0.36137856055012385,-0.18854533593919506,-0.11312720156351704,-0.1351241574230898,-0.02199695585957276,2.026862361346347,2.0991380734563716,-0.006284844531306502,1.8100352250162726,1.9231624265797898,2.143131985175517,-0.42736942812884215,-0.4839330289106007,-0.9427266796959753,-0.8390267449294181,-0.7353268101628607,-0.6316268753963035,-0.6159147640680372,-0.6033450750054242,-0.6064874972710774,-0.6819056316467554,-0.587632963677158,0,1,1,1
18531,ΠΛΑΤΕΙΑ ΙΠΠΟΔΑΜΕΙΑΣ,0.5047933472403053,-0.013717210522834474,0.28257453677038824,0.26141084053515806,0.37781116982892415,0.27199268865277315,0.7481758539454525,0.8857398794744488,0.7799213982982979,-1.5586670356946388,-1.0084109335786537,-0.9555016929905782,-2.0877594415753937,-1.1248112628724196,-1.0189927816962687,0.5577025878283808,0.8539943351216035,0.7375940058278374,-2.0877594415753937,-1.1777205034604952,-0.26768156534559684,0.6423573727693016,0.38839301794653924,0.4836296510050751,1.1608679305324414,1.002140208768215,1.3619230447671282,0,0,0,1
18531,ΡΕΤΣΙΝΑ,-0.1081938522359734,-0.1081938522359734,0.23548073721947144,0.23548073721947144,0.23548073721947144,0.23548073721947144,0.9228299161303611,1.0946672108580835,1.0946672108580835,-1.4828922100577526,-1.99840409424092,-1.99840409424092,-2.1702413889686425,0.5791553266749163,0.5791553266749163,0.7509926214026387,0.9228299161303611,0.7509926214026387,-1.654729504785475,-0.7382639329042892,0.1782016389768972,1.0946672108580835,0.40731803194719385,0.40731803194719385,0.23548073721947144,0.06364344249174902,0.23548073721947144,0,1,0,0
18532,ΠΡΟΦ. ΗΛΙΑΣ,0.4541239579018101,0.33474085556679806,0.763115516886547,0.5454169185109369,0.6296873436885925,0.48923663505916654,0.12406479262265926,-0.430715506463573,-0.5079633962097572,-2.5936564193567313,-0.009363380575295325,0.11704225719118797,-2.2635972540775806,0.37687606815562585,0.6507549499830063,0.4541239579018101,0.5735070602368221,0.4400788870388675,-2.3829803564125926,-1.3553493382739596,-0.3277183201353272,0.6999126980033054,0.812273264906846,0.9667690443992145,0.6999126980033054,0.1732225406429583,0.5664845248053508,0,0,0,0
18532,ΚΑΛΑΜΑΚΙ,1.4001125133174341,-0.49003937966110206,-0.13954763791673772,-0.08947738909611423,0.09828604398122381,-0.014372015865179014,0.2610143526482501,0.3361197258791853,0.21094410382762663,-2.3676737104344823,0.5739534077771469,0.7366817164441731,-2.1799102773571444,0.561435845571991,0.8743749007008877,0.6365412188029261,0.7366817164441731,0.5864709699823027,-2.5178844568963528,-1.4538916694581039,-0.3898988820198551,0.6740939054183938,0.2985670392637177,0.41122509911012056,0.6115060943926145,0.17339141721215903,0.461295347930744,0,0,0,0
18532,ΔΗΜΟΤΙΚΟ,0.874530752709761,0.3378868817287712,0.783492953168343,0.40017590246763607,0.4193417550026714,0.28038932412366513,0.18456006144848836,0.10789665130834696,-0.007098463901865146,-2.4747019777876664,0.4337161444039479,0.4960051651428128,-2.426787346450078,0.2708063978561474,0.5535027227479189,0.47683931260777745,0.6493319854230956,0.5055880914103305,-2.546573924794049,-1.4860634178554262,-0.42555291091680325,0.6349575960218191,0.5055880914103305,0.6493319854230956,0.4576734600727421,-0.04063870583817701,0.3858015130663595,0,0,0,0
18532,ΕΥΑΓΓΕΛΙΣΤΡΙΑ,0.4861135622777183,0.14746122705077225,0.5438463928153682,0.34389366266058086,0.4079630233791923,0.2896811266679097,0.5903142808090863,0.6142522837149411,0.49104197464068844,-1.762650593054643,0.38965749174530334,0.5114596830015646,-1.6091657508935737,0.252366004491136,0.44668626337395745,0.4544309113729105,0.6269253440768643,0.5044190939116073,-1.9851332082972937,-3.1376776423233035,-1.3021960665714356,0.5332855091804323,0.49597038700365853,0.6536795826187021,0.515684036455539,0.08339186633216082,0.41429955356015385,0,0,0,0
18532,ΚΡΗΤΙΚΑ,1.0176982473834748,-0.08831356788590637,0.3517126381890088,0.11386063490527086,0.20900143621876602,0.06629023424852327,0.44685343950250395,0.4587460396666908,0.3100885376143546,-2.0149147944841834,0.6549739423757746,0.3695515384352891,-2.3479075990814167,0.14359213531573808,0.4409071394204105,0.327927437860635,0.48847754007715805,0.32198113777854154,-2.8533431060593597,-1.6006558887650069,-0.347968671470654,0.9047185458236994,0.7203832432788025,0.8809333454953256,0.607403541719027,0.02466613367386914,0.3933367387636629,0,0,0,0
18532,ΛΑΚΚΑ ΒΑΒΟΥΛΑ,0.520748902123867,0.20873062342696855,0.5349666195212178,0.4103136088514219,0.504877961773336,0.40458243594706345,0.3947733130915269,0.33051804764458526,0.24069293385512133,-1.5467717231234375,0.490880674103076,0.5956950093347081,-1.4272988110402731,0.3522303757630201,0.5529316422791105,0.4836064931090826,0.5950337201534359,0.4895580957405317,-1.7079058536267455,-2.6322779141816337,-2.634041351998359,0.5339746857493096,0.4581468596301057,0.5554665841406538,0.5366198424743981,0.2246015637774996,0.5293456614804047,0,0,0,0
18533,ΠΡΟΦ. ΗΛΙΑΣ,0.2684313648026036,-0.10001920926393255,0.27465519206724104,0.25224941391454625,0.568419838958128,0.4364747009478143,0.4987129735941887,0.37174689739558503,0.2485151175557638,-1.4468554293314735,0.3530754156016727,0.4899996154236963,-1.2265319441633082,0.27341042661431353,0.5397902335407958,0.8472473004138851,0.7775404350499457,0.6194552225281549,-1.5651081473595847,-3.5704252920257664,-1.5171846774218765,0.5360559371820133,0.4128241573421921,0.563440777146418,0.48377578815905886,0.09665373229861039,0.5136501590293185,0,0,0,0
18533,ΚΑΛΑΜΑΚΙ,-0.3245912676915254,-0.3751769197992956,-0.2782210865927361,1.509138621215144,2.0107796712838653,2.5082052503436056,2.8201501050081883,-0.10960224623350208,-0.14754148531432973,-0.7756466656524763,0.033723768071846794,0.08009394917063614,-0.6070278252932423,-0.3456686227364297,-0.2866520286106978,-0.252928260538851,-0.32880673870050625,-0.3583150357633722,-0.9316190929847677,-1.256210360676293,-0.7419228975806295,-0.22763543448496587,-0.2992984416376403,-0.26979014457477435,-0.26135920255681266,-0.46791728199687427,-0.3161603256735637,0,1,1,1
18533,ΕΥΑΓΓΕΛΙΣΤΡΙΑ,0.5592929106939546,0.28492613800974115,0.6730159498065417,0.44795566960470856,0.4666444207875463,0.3537166476827396,0.42250715735573807,0.3616693077605429,0.25510366271797885,-1.529870891744969,0.432050349449102,0.5469662875733595,-1.2602757151074377,0.3795627929356003,0.6137686322269071,0.48811660299761517,0.6022372751140923,0.4873213369898348,-1.7092033764994332,-2.3481996137509276,-2.9871958510024217,0.42568822138685936,0.3994444431301085,0.5091911522037939,0.482947373947043,0.14416405463262297,0.4984550610987594,0,0,0,0
18533,ΚΡΗΤΙΚΑ,0.5733848904044722,-0.3515144502755356,0.32295060738957776,0.2062709982576383,0.4111717752698246,0.23757528363450012,0.2005793100072998,-0.13238445263750298,-0.2803683471463042,-2.659494035787801,0.3912508663936399,0.5790765786548107,-1.9964123546233647,0.20342515413246906,0.5733848904044722,0.5477722932779489,0.8408942381703821,0.638839305283365,-2.514355985404169,-1.4557019708412062,-0.39704795627824363,0.6616060582847191,0.7498272261649659,0.9262695619254597,0.7925148880425047,0.15789164812976098,0.77259397916632,0,0,0,0
18533,ΛΑΚΚΑ ΒΑΒΟΥΛΑ,0.4919158107996746,0.004740845702470621,0.5320361020429738,0.4393773341715448,0.6447550155360523,0.47090042014842265,0.3772864072473913,0.1900583814453286,0.030532461501734363,-2.4454626552275847,0.5291703669541666,0.7078011874898081,-1.900972988354239,0.2722094539911316,0.6151424196183791,0.5387228172501902,0.7622501541771427,0.5845745786711036,-2.806545276417277,-1.728392053006079,-0.6502388295948808,0.4279143938163164,0.3744206721585842,0.5434990423982021,0.5033787511549029,-0.0239165051856002,0.5148416915101313,0,0,0,0
18533,ΚΑΣΤΕΛΛΑ,0.3995193516514331,0.07370016845873223,0.3908522403743859,0.34623266750366133,0.5491072722108405,0.4418918956725528,0.5173278641950008,0.44253390391529707,0.33146647792054384,-1.2205884489136518,0.38346914558282713,0.4871534767860216,-1.0328010379109622,0.22039905192579065,0.4348298050023662,0.4537690481633212,0.6576066652346169,0.5500702845749569,-1.5194432859110947,-2.870549632766344,-2.881463772892996,0.6377044097095455,0.5028826787332554,0.5953318656884257,0.528563008443025,0.11799873720808467,0.4624361594403684,0,0,0,0
18533,ΜΥΡΤΙΔΙΩΤΙΣΣΑ,0.506947418432828,-0.014828239861791121,0.5395583970762418,0.2771654458376977,0.40510082359262833,0.22147592846202196,0.3775069185866629,0.22900153891819436,0.06143127942742245,-2.570525550777935,0.3895478953165387,0.5626369358085037,-1.8987393907236132,0.22348275791700128,0.5862171819045106,0.5631386431722486,0.7738557359450755,0.6203332826391588,-2.767194837365907,-1.6366809110608986,-0.5061669847558902,0.6243469415491173,0.6158179163654552,0.7914154936761444,0.6153162090017105,-0.05697165841635651,0.4668108293332419,0,0,0,0
18533,ΠΕΙΡΑΙΑΣ,1.8814597124314916,1.434281787821894,1.970895297353411,1.1659750330561356,0.7187971084465382,0.6293615235246187,0.09274801399310179,-0.26499432569457615,-0.35442991061649565,-2.053706024132966,0.0033124290711822975,0.09274801399310179,-1.6065280995233684,0.7187971084465382,1.076539448134216,0.5399259386026992,0.2716191838369408,0.18218359891502128,-1.1593501749137711,-0.9208552817886523,-0.6823603886635339,-0.44386549553841514,-0.6227366653822541,-0.5333010804603346,-0.6227366653822541,-0.980479005069932,-0.5333010804603346,0,1,0,1
18533,ΤΟΥΡΚΟΛΙΜΑΝΟ,0.5526437461526147,-0.1522557225517839,0.5327508777106501,0.24430428530216303,1.1360237358963163,0.5366429606666866,0.6966508155259673,1.50360934841088,0.7247603035417869,-0.37323954372230395,-0.7365006196190492,-0.5397342035083122,-0.7494742294725044,0.14094786013630337,0.3848517253812609,0.3234433054082397,0.39090607664620663,0.6564326249802562,-0.42383662215077916,-2.428691798171388,-3.3809547614149986,0.33771427624704037,0.14397503576877624,0.5764286975506159,0.09381041100208284,-0.30015487488117304,0.10894628916444722,0,0,0,0
18534,ΠΡΟΦ. ΗΛΙΑΣ,2.228138444495364,1.8138158219716993,2.218351295931813,1.39669687128702,0.09407400294771391,0.025097908309353514,-0.017779123492870516,-0.14594416420604017,-0.2074633837483616,-0.9857747218974282,-0.06718092100412863,-6.904513977798155e-05,-0.7821088208368641,-0.16039185970461567,-0.028498381443426524,0.07170337765959703,0.19054732450271797,0.13741708944344036,-0.9540830027392626,-1.9980455161847173,-2.019950086779332,-0.09421209322726987,-0.16412029725263513,-0.09700842138828449,-0.09933869485579666,-0.287158736337278,-0.0667148663106262,0,1,0,1
18534,ΔΗΜΟΤΙΚΟ,0.24274800257563983,-0.10981981258861645,0.27840092770460956,0.23086369419931657,0.6072001261162193,0.4685498617257815,0.5358942758582799,0.36555252246431336,0.23086369419931657,-1.108101716199769,0.20709507744667008,0.28236236383005064,-1.2586362889665301,-0.026629653954353738,0.23482513032475766,0.5002413507293102,1.1459554391762066,0.9954208664094454,-1.2190219277121193,-3.6949195061127953,-1.6211076944443892,0.45270411722401716,0.49627991460386905,0.6309687428688658,0.5557014564854853,0.06448337693079115,0.5121256591056333,0,0,0,0
18534,ΕΥΑΓΓΕΛΙΣΤΡΙΑ,0.5689638815478812,0.1315681165926185,0.5572453078049405,0.28185882484583336,0.31818640344894966,0.22121520572611508,0.6170100338939383,0.4822464358501199,0.31320600960819983,-1.6024878330190362,0.011745700071049529,0.14621633377129442,-1.5383286417764357,0.22590263522329138,0.5091991554588835,0.573358346701484,0.797183105191652,0.7154460533346404,-1.7823679399731764,-3.3104699560526476,-1.3260759748574216,0.6583180063378044,0.5179880857660891,0.6427908961284079,0.5704287032657489,0.1429937259919857,0.5566593791177935,0,0,0,0
18534,ΚΡΗΤΙΚΑ,0.5183818349144849,0.13713843542934603,0.4691654423027232,0.3878726943071766,0.5840036917301671,0.4659822925318133,0.41750047294410775,0.21084059550964585,0.11706010610514475,-1.2568363065545305,0.5090772432764404,0.622446346655772,-0.8058084697840578,0.3775886719703906,0.6045717364037392,0.5095669586258111,0.6011437289581438,0.48508119115727305,-1.305318126142236,-2.9649634451597513,-2.972064317725627,0.43072278737711833,0.3523683314777963,0.4657374348571279,0.4461488208822974,0.09379862701003351,0.4987932209396544,0,0,0,0
18534,ΚΑΣΤΕΛΛΑ,-0.19981731994765933,-0.10881617905583382,0.39819017734147977,0.5671922961405843,1.3472020752133744,1.152199630445177,0.7621947409087818,0.0731861027278172,-0.09581601607128731,-2.0718407897223554,-0.6418228614222404,-0.49882106859222886,-1.9938398118150766,-0.06981569010219431,0.25518838451146825,0.8531958818006073,1.7502071277343159,1.5292043569970253,-1.9678394858459836,-0.9928272620049959,-0.017815038164008305,0.9571971856769793,-0.06981569010219431,0.0991864286969102,-0.14781666800947332,-0.8888259581286239,0.0211854507896312,0,1,1,1
18534,ΠΑΡΑΣΚΕΥΑ,1.1607467347251266,0.09998313363116404,0.5147614530074451,0.7297025989027168,1.4279708620543834,0.3544269766098911,0.3277045638769654,0.17317930763874306,1.0770939644307505,-0.7969604589696454,0.17201746360687672,0.30795321533523773,-1.2210335306008573,0.04537646413344636,0.31143874743083677,0.2579939219649854,0.4090336461076088,0.3695309490241534,-0.29039646107592404,-3.750367987973865,-1.8339062574103482,0.08255547315316904,0.03724355591038203,0.16504639941567872,0.10927788588609472,-0.3124714976813844,0.07209887686637204,0,0,0,0
18534,ΠΑΣΑΛΙΜΑΝΙ,0.4908518195446909,0.04135328292812003,0.33053504312264864,0.2789890496136541,0.5834598756794946,0.38513884980590557,0.4594000268951349,0.5603078616457937,0.570354962075513,-0.9201105451506677,0.3925649675148285,0.5166248162991882,-0.6392285635719941,0.5323507126239662,0.47425226231298084,0.3667919707603312,0.6044277374458653,0.3737812580157881,-1.3150052750839816,-3.0675690543897955,-3.0763056634591166,0.33752433037810553,0.30781985954241375,0.46769980551099,0.46507882279019364,0.08809414144898794,0.3908176457009643,0,0,0,0
18534,ΠΛΑΤΕΙΑ ΑΛΕΞΑΝΔΡΑΣ,0.4152136308440375,-0.21376014205457178,0.15988764382579015,0.13319851626290716,0.48727427526382155,0.3520493622785477,0.734593524013204,0.6438504902994018,0.48638463767839213,-1.1888029356852305,0.6207199130782366,0.7434898998674984,-1.029557807893362,0.21682444929327388,0.4961706511181159,0.3556079126202655,0.321801684373947,0.1687840196800845,-1.555333620882157,-3.6842363628147905,-1.4926141711093819,0.6990080205960266,0.6047064365405067,0.7497173629655044,0.6180510003219483,-0.23155289376316043,0.3885245032811545,0,0,0,0
18535,ΚΕΝΤΡΟ,0.09001302220209317,-0.2829220432530155,0.05864465221054197,0.16390296040441377,1.4263055838421743,1.28898183076805,0.9843601044056529,0.7466575673585649,0.3332921583587902,-0.8294287559947076,-0.42791362010285217,-0.3045313648027508,-1.1465978303537252,0.22454847572141276,0.499195981869661,0.38836107456618013,0.6295489860567738,0.3681459027938471,-1.2051521210046208,-3.5814804165867993,-1.4139260501706115,0.7536283162455764,0.24058119816153892,0.2363987488293321,0.36117515390683574,-0.04312828153982414,0.4413387661074666,0,0,0,0
18535,ΤΕΡΨΙΘΕΑ,0.4763449552197133,0.026565445552101417,0.3601692313870458,0.3087874478382888,0.6767716917830633,0.4529209068371918,0.5301824857763153,0.4990133891382826,0.27837396566420836,-0.835212850585507,0.3286223275170369,0.47710056968366565,-0.48819690801540905,0.27856286928019647,0.377737267673937,0.41551799087155245,0.5989434019959755,0.4429090151898237,-1.0214718159497511,-3.1313363029205856,-3.2061421348518646,0.5564400883986581,0.28177423075199376,0.4523541959892275,0.3571467735312366,0.053200855406420305,0.4529209068371918,0,0,0,0
18535,ΔΗΜΟΤΙΚΟ,1.3424303927721224,-0.0987128456481537,0.2584723976091953,0.13196929062221752,0.3155228184072441,0.18653925834209029,-0.056545143319161106,-0.37404313732569355,-0.478222166609087,-1.544816990224782,0.41226048845610946,0.5437245015994393,-0.4955853381563193,0.8562615894496196,0.7719261847916344,0.73719984169717,0.10716475984045719,0.012907542869767863,-1.1801903877329047,-3.5812689674073064,-1.3525818766661393,0.876105214075028,0.3452882553453565,0.6925516862900014,1.0125301333747099,0.1790978991075622,0.380014598439821,0,0,0,0
18535,ΠΑΣΑΛΙΜΑΝΙ,0.49297564258079185,0.003576680141695421,0.4356881386163491,0.5175274299941244,1.049482823949664,0.5568102898554566,1.7074707266269775,0.5977299355443443,0.0019398943141399146,-1.1830930448360466,0.07068489907147119,0.19180705031057865,-0.860646236807612,0.011760609279472953,0.28510384248124254,0.32274991651501916,0.6419231528883429,0.49788600006345834,-1.2976680527649322,-3.579347496377308,-1.6315723615862554,0.3162027732047971,0.2540049117576879,0.39476849292746147,0.23600026765457732,-0.1797433325445213,0.14597704713902449,0,0,0,0
18536,ΚΕΝΤΡΟ,0.48933999851157384,-0.4213653815123336,-0.1832611123076097,0.4736981122134533,0.7874048318590932,0.6640077288405867,0.9725004863868529,1.0003082842501785,0.8682212443993826,-0.4526491541085747,0.5023749037600076,0.6040471646977912,-0.38660563418317684,-0.23018677120197134,-0.02771124300963314,0.5562525121202007,0.7656799897783702,0.5588594931698874,-0.8541242357603354,-2.9101632902799586,-3.0935209574412603,0.6318549625611166,-0.061601996655560994,-0.08593381978597073,-0.056388034556187475,-0.3223001016242368,0.21126201987831966,0,0,0,0
18536,ΤΕΡΨΙΘΕΑ,0.4738097672209637,0.17500255443665372,0.5906842647069269,0.4386898443310929,0.6229255053927099,0.3765103087227972,0.4657494570495179,0.3560716650737741,0.11512596459162823,-1.0133174594107754,0.3192245328614507,0.5005815117189799,-0.5363198181934329,0.3367844943063861,0.5601702333435966,0.48302155027404453,0.47064321679646715,0.33246647100025445,-1.3426387035584155,-3.974042106315041,-1.7968947553634649,0.3802525955881113,0.2884226332777116,0.4867638371393586,0.3917673244044624,0.036825808640441035,0.46171930196379507,0,0,0,0
18536,ΠΑΣΑΛΙΜΑΝΙ,-0.28007909346244686,-0.5265884452647421,-0.10903178813024202,-0.13586273798627416,1.0363143838491298,-0.22977106248238663,0.025122961149918667,0.21629347887414763,0.4275872089904007,0.06704632029996888,1.1905923455213145,1.490763597035674,1.1486689863712645,-0.3806951554225674,-0.2515712092404127,-0.12077032869225607,-0.31529471514848906,-0.1274780661562641,-0.31529471514848906,-3.7882257871386487,-1.3876942422067735,1.0128373027251016,0.47621830560445894,1.108422561587216,0.020092158051912643,-0.30691004331847904,0.055307779737954824,0,0,0,0
18536,ΑΓ. ΒΑΣΙΛΕΙΟΣ,0.15594123319675282,0.2712950221368169,1.072363000887262,0.6750332834270412,0.5404538629969664,0.17516686468676348,0.30974628511683827,0.014953268936674488,-0.2734312034134857,-1.8947927924043864,0.38024026724687743,0.6878503710870483,-1.3372494791940768,0.0790387072367101,0.7006674587470554,0.7519358093870839,0.8416554230071337,0.5212282315069557,-3.1444588392550807,-1.7260344715476266,-0.3076101038401709,1.1108142638672833,0.29052065362682755,0.6109478451270056,0.16875832085675993,-0.9911881123738845,0.3161548289468418,0,0,0,0
18536,ΒΡΥΩΝΗ,0.38209040972627417,-0.03382712698475569,0.3792801560998483,0.31113150565902076,0.8078438341297945,0.2254187700530315,0.7902797489646328,0.5745927831364468,0.23033671389927676,-0.6211701349077641,0.08701377895155703,0.3378289151100666,-0.5719906964453112,0.21909569939357326,0.3905211706055518,0.38911604379233883,0.39895193148482944,0.5148748935748968,-1.272446412831961,-4.092535926950329,-1.641994764706964,0.808546397536401,0.21207006532750858,0.46920827214547633,0.30551099840616897,-0.05841684621598212,0.4586698210463793,0,0,0,0
18536,ΖΑΝΕΙΟ,1.349914592337837,-0.29166157347160077,-0.09712375263555248,-0.05175534753215172,1.381743735185249,-0.1819222899230607,-0.07455831554223796,0.007864912577552943,1.1138088610667358,0.7328092705648781,-0.03916620894324994,0.2083410063328945,0.8845915263820147,-0.22254007669102682,-0.031090157773011058,-0.019688673767967936,-0.022301513852456985,-0.019688673767967936,0.4076294455043774,-2.959133768818148,-2.968872536405789,-0.058881275035303667,-0.15175586349305076,1.281030626474035,-0.044629420028999764,-0.24059242636567843,0.10762789762168026,0,0,0,0
18536,ΠΕΙΡΑΙΚΗ,-0.00942862138942149,-0.6242458953864245,-0.2591981389507039,-0.316837258387923,0.2691604558904705,0.14427569710982924,0.5477495331703625,1.0472885682929274,0.8743712099812703,0.06742353786020389,0.06742353786020389,0.19230829664084512,-0.6050328555740181,0.048210498047797534,0.3267995753276895,0.31719305542148635,0.7975190507316449,0.5861756127951752,-1.09496537079038,-3.8712496236830964,-1.7626185042715001,0.34601261514009585,0.7302734113882227,0.8935842497936766,0.6726342919510037,-0.00942862138942149,0.6246016924199878,0,0,0,0
18536,ΦΡΕΑΤΤΥΔΑ,0.1922979708504747,-0.10173737653042869,0.8422708440082611,0.5637110412263526,1.0202396068967028,0.7107287149168043,0.6952531703178094,0.014329207962033177,-0.2642305948198753,-1.9046383223133363,0.7571553487137891,1.0511906960946926,-0.9142034679776617,-0.6356436651957533,-0.07078628733243886,0.25420014924645434,0.5559732689268552,0.2774134661449467,-2.980188671943483,-1.7550413911897185,-0.5298941104359541,0.6952531703178094,0.6178754473228348,0.9428618839017281,0.6488265365208247,-1.1076477754650982,0.42443113983539843,0,0,0,0
18537,ΚΑΛΛΙΠΟΛΗ,0.4374700634677274,0.035841650711064585,0.45200864854489164,0.3102574440425401,0.5810385911047244,0.4556432948141827,0.5519614209503959,0.09763063728901271,-0.08591899931018612,-0.20222767992750024,0.28663224329214815,0.44473935600630954,0.2393818417913643,0.1739582089441251,0.4556432948141827,0.3084401209078945,0.4992590500456755,0.3738637537551337,-1.7106058816832925,-4.009519647009892,-1.8659870096954858,0.2775456276189205,0.43928738660237293,0.6010291455858253,0.5156149582574853,-0.056841829155857594,0.3938543082362346,0,0,0,0
18537,ΤΕΛΩΝΕΙΟ,-0.24435902384332495,-0.6157773042837684,-0.3899148364483636,-0.4652023257268319,0.2525384053945656,0.1872892480198931,0.5536883625084387,1.979131492847438,1.6328090421664838,1.9841506587993358,0.5135350348932556,-0.3497615088331805,-0.284512351458508,-0.460183159774934,-0.30458901526609955,-0.19416736432434611,0.14211675445281216,0.3830367201439106,-1.3385372013570638,-3.060111122858038,-1.240663465295055,0.5787841922679281,-0.02853488791171592,0.2625767372983614,0.24250007349076985,-0.08876487933449054,0.3529217244325233,0,1,1,1
18537,ΤΕΡΨΙΘΕΑ,0.12548232093666484,-0.9189457187391851,-0.10378237069949733,-0.282099353083179,0.5840117042089892,0.22737773944162581,0.558537849582749,0.6094855588352295,0.30379930332034655,-1.4029489566377498,0.7113809773401905,1.0170672328550734,-0.8425241548604644,0.558537849582749,1.2208580698649953,0.8387502504713916,0.8387502504713916,0.558537849582749,-3.0332756527171254,-2.073760461795409,-1.114245270873694,-0.15473007995197782,0.3292731579465868,0.6349594134614697,0.558537849582749,-0.38399477158814,0.6349594134614697,0,0,0,0
18537,ΠΕΙΡΑΙΑΣ,0.6661083515250285,-0.3938397287533906,0.42676523662344995,-0.05192099317970704,-0.8383340849991793,-1.111869073458126,1.2131783284429223,0.8028758457545019,0.529340857295555,-1.282828441244968,-0.8041422114418109,-0.530607222982864,-1.7957065446054932,0.2899977423939765,0.8028758457545019,0.3241896159513449,0.01646275393502968,-0.29126410808128556,-2.4795440157528605,-1.2942257324307578,-0.10890744910865495,1.0764108342134489,0.8712595928692386,1.1447945813281855,1.2473702020002906,0.3925733630660816,1.1789864548855538,0,0,0,1
18537,ΑΓ. ΒΑΣΙΛΕΙΟΣ,0.8632862119247483,0.6421122215460868,1.0654442195072915,0.944104138808251,1.0880822942645751,0.1778053082741988,0.2577177121674102,0.05601246608001267,-0.08072150545398069,-0.7211526403375357,0.07072721467224706,0.1961421488275986,-0.4116901584054679,0.009151651332435475,0.27265884150721736,0.1506396185654584,0.3172558487790662,0.17848445051691733,-1.0179378004055246,-3.86739227010482,-1.86788431716774,0.13162363576934014,0.18006911574992718,0.9271255827402882,0.3043521461674145,-0.11852709029864442,0.2525109549732349,0,0,0,0
18537,ΒΡΥΩΝΗ,0.19780376187301255,0.0775467100225924,0.4606513180603594,0.3434006925061998,0.4430422497536908,0.3335224346756296,0.48040783372149987,0.4125484973201914,0.26351565091984924,0.3025991927712358,0.3038876611839189,0.4275806288014939,0.3829137238284807,0.22400261959756837,0.4464781655208456,0.32879805049579164,0.4920040494356476,0.4030997289605155,-1.8392647985789259,-3.072758558987521,-3.179701437240216,0.3240736663159537,0.24461811420049753,0.35800333451660793,0.3588623134583967,0.019995120922748473,0.46236927594393684,0,0,0,0
18537,ΖΑΝΕΙΟ,0.42836142419094103,0.07382954444600286,0.4452438946549857,0.3371960836850998,0.5414739763000403,0.4182319419125142,0.47394409444386165,0.2751530047297356,0.17301405842226533,-0.42335921072011284,0.3625197893811668,0.4773205885366706,-0.07178176330638247,0.24434249613285408,0.4899824413847041,0.37898019808361033,0.5229032587895912,0.3844670009844249,-0.6495843149383115,-3.320391142350179,-3.344448662761443,0.2574264107424887,0.32115773674425735,0.4401791535157723,0.3979729773556606,-0.006362190258209358,0.37222720989799246,0,0,0,0
18537,ΠΕΙΡΑΙΚΗ,0.7215458984254342,-0.6254078879367552,-0.3860325534635025,-0.213046471910566,2.1353564676580827,-0.5945509112273124,-0.5459277964124329,-0.14665721899024983,1.654268148960862,1.2143224658762317,-0.5711744137201589,-0.3299289594463339,0.6041958809395231,-0.6497194453441949,-0.5847327822743079,-0.2897213837340297,-0.5674341741190143,-0.3640586458067781,2.7337948038412145,-1.4384424712355566,-0.8757701762383701,-0.3130978812411833,-0.5309668380078547,1.3985292662326019,-0.5449927365121469,-0.5094604603012733,-0.3808897240119287,1,1,1,1
18537,ΦΡΕΑΤΤΥΔΑ,0.3737906517147114,-0.07312283778875762,0.2714851541175317,0.2954162646665796,0.6430156453914999,0.48806170458641496,0.5472912031953084,0.19011937825076897,0.07704488090651776,-0.5218311605834052,0.42823392821379525,0.5305394258109749,-0.10243844821134127,0.26191270989791254,0.45096848323539074,0.3277232639077942,0.4958393155148555,0.37319237395098515,-0.7778940434582174,-3.2804899291248986,-3.288865817817065,0.30558698664992495,0.41447353964809275,0.5383170367394154,0.49344620445995074,0.09319838052712508,0.4449857055981288,0,0,0,0
18537,ΑΓ. ΝΕΙΛΟΣ,0.1233926390755028,-0.22399562268115375,0.11600139946365905,-0.007801864034723872,0.2712174313123779,0.21578313422354975,0.4301290829670187,0.27491305111829983,0.10676234994885435,0.20654408470874505,0.2508915223798076,0.4024119344226046,0.3968685047137218,0.18991379558209662,0.4670852810262375,0.33034734820712797,0.32849953830416706,0.13078387868734656,-2.227021557490812,-3.5907052658759846,-1.887024535345999,-0.1833438048160131,0.6481706515164095,0.9844720538553005,0.9826242439523395,0.542845487047636,0.7202352377318861,0,0,0,0
18538,ΚΑΛΛΙΠΟΛΗ,0.7519497011028262,-1.7958328155749816,-0.3627051499437147,-0.04423233535898871,1.3888953302722782,0.6723314974566448,1.2296589229799153,0.8315679047490078,-0.12385053900517021,0.7519497011028262,0.035385868287192784,0.9111861083951892,1.4685135339184596,-0.9200325754669851,0.6723314974566448,-0.2034687426513517,-0.2830869462975332,-1.3977417973440742,-0.6015597608822592,-0.9465719766823775,-1.2915841924825002,-1.6365964082826185,-0.2034687426513517,1.1500407193337336,1.1500407193337336,-1.4773600009902557,0.2742404792257373,0,0,1,1
18538,ΤΕΛΩΝΕΙΟ,0.16037412055701514,-0.41481843421687725,-0.16923060184150746,-0.2726360049469263,1.4787930101511055,0.9876173454003659,1.0845599108116961,0.6127727591432226,0.42535046601465093,1.265519366246179,-0.6022407273454489,-0.16276776414741878,-0.1563049264533301,-0.6927204550626904,-0.41481843421687725,0.1086714190043057,0.031117366675241568,0.09574574361612835,0.1409856074747491,-3.691477145119837,-1.2097474705897846,1.2719822039402677,-0.279098842641015,-0.0011968217952018248,-0.3889670834405225,-0.2532474918646603,1.045782884647164,0,0,0,0
18538,ΠΕΙΡΑΙΑΣ,-0.028094730895098403,-0.2809473089509849,0.47761042521667463,0.22475784716078812,0.9833155813284477,0.7304630032725612,0.9833155813284477,0.47761042521667463,0.22475784716078812,0.47761042521667463,0.22475784716078812,0.47761042521667463,0.47761042521667463,-0.5337998870068714,-0.2809473089509849,-0.5337998870068714,-1.0395050431186446,-1.5452101992304175,-1.2923576211745311,-1.5452101992304175,-1.798062777286304,-2.0509153553421906,1.2361681593843343,1.4890207374402207,1.4890207374402207,0.7304630032725612,0.22475784716078812,0,0,0,1
18538,ΑΓ. ΒΑΣΙΛΕΙΟΣ,1.436879860920925,-0.7784766934515885,0.302185040388662,-0.1300796531474382,-0.2921789132234758,-0.8865428668356136,-0.45427817329951337,-0.9946090402196386,-2.6156016409800142,-2.291403120827939,0.19411886700463696,0.7344497339247622,0.7344497339247622,0.3562181270806746,1.0586482540768374,0.6263835605407372,0.302185040388662,-0.3462119999154883,0.03201960692859939,-0.22013479763412522,-0.4722892021968514,-0.724443606759576,0.7884828206167748,1.4909129476129377,1.4909129476129377,0.2481519536966495,0.4102512137726871,0,1,0,1
18538,ΒΡΥΩΝΗ,0.20012176534199966,0.07837770928901384,0.5617732259699869,0.41496421720020993,0.2932201611472241,-0.00039785639232992856,0.14283044484647692,0.12850761472259623,-0.0039785639233001,0.12492690719162607,0.6369680841203605,0.8482298284476006,0.8482298284476006,0.4292870473240906,0.6942594046158833,0.5510311033770764,0.5725153485628974,0.2323481331207312,-1.8140262208287217,-3.8604005747781747,-1.903543909102976,0.05331275657222264,0.06405487916513315,0.23592884065170136,0.23592884065170136,-0.17227181787889814,0.4078028021382696,0,0,0,0
18538,ΑΓ. ΝΕΙΛΟΣ,0.3210477369313368,0.019109222807911646,0.3628135428371252,0.2459948977472509,0.48371455993282847,0.38181227409502144,0.09997159138490798,0.41101693536749,0.5713285437502342,-0.4900881777652905,0.17298324456607944,0.5383555390877697,0.19009780412897767,0.30299109152093956,0.5418098538619326,-0.27419350438010615,0.3502523982038054,0.4333129670916327,0.2591840996122367,-3.3196430207284964,-3.3398978664497245,-0.21609821045100197,0.11583003648447425,0.8481447686070197,0.4339410243232987,0.06872574410952494,0.4874829033228244,0,0,0,0
18538,ΒΑΣ. ΠΕΡΙΠΤΕΡΟ,-2.06735037788981,0.3357010467220904,0.5907541582151946,0.507471509564385,0.6948574690287065,0.6115748203778969,0.760789565877264,0.5525829442502402,0.46756524041920544,0.5213519510061866,-1.0280523249349158,0.6566862550637521,-2.06735037788981,0.542172613168889,0.7295585726332104,0.6393357032615001,-0.7192125028548304,0.6098397651976718,0.39122281248929675,-2.0586751019886838,-2.0656153227095846,0.4276589712740259,-1.0089667179524386,0.5491128338897898,0.5491128338897898,0.2940597223966856,0.5838139374942938,0,0,0,0
18538,ΥΔΡΑΙΙΚΑ,0.3250084512777352,-0.16825658760838505,0.21715166434928326,0.07837593183467509,0.5414410703808288,0.47241272674661955,0.6528930835402291,0.4594699123152053,0.29552759618395835,0.4386176001757046,0.24591347419687043,0.3846892067114786,0.38397016146528895,0.15387568268459145,0.4450890073914117,0.296246641430148,0.5148363962718107,0.3983510663890825,-1.9773744270216191,-3.95115362781229,-1.7853893462889745,0.3803749352343405,0.1869517640093167,0.3429845824324772,0.35089408014056367,-0.07621879609610605,0.3933177496657548,0,0,0,0
18538,ΧΑΤΖΗΚΥΡΙΑΚΕΙΟ,-0.5236186562866472,0.012221792962819658,0.23861438277071936,0.2622806692792375,1.3085091464388214,-0.142055603050256,-0.15053974349670587,0.4312936776466735,1.137040202678992,0.26094106815611384,-0.918131187046567,0.4326332787697971,-0.35415911421150326,-0.09048095980999481,0.08813252327316079,-0.13848333338859287,-0.6037714568202132,0.08656965529618317,1.969825567554205,-2.3441365826117107,-2.3604350629430484,0.13568836314405097,-1.4834428610047545,1.716194421576124,0.03879054857143905,0.23839111591686543,0.7521281466347917,0,0,0,0
18539,ΚΑΛΛΙΠΟΛΗ,-1.3176471169822996,0.0397192650510214,0.5683757503956524,0.4592999694510736,0.6982595418165924,0.5784472075211972,0.3682768003353014,0.2532151533632762,0.38081861486899865,-0.1457475680533495,-0.2791468680935835,0.677641558833166,-0.03220614102480277,-0.7487998168819572,0.743866140120946,0.5554538808760856,0.08333057467955943,0.6199682147274523,0.08371062966542904,-3.060199227194473,-3.07568646786866,0.2857098546551281,0.12542166436461902,0.6368806615986501,0.615882623629354,0.239723201364905,0.6454318987807164,0,0,0,0
18539,ΑΓ. ΒΑΣΙΛΕΙΟΣ,0.5460509866213538,0.0047782604921799135,0.4509887515664092,0.29966519372384454,0.449048705953043,0.30742537617730936,0.4509887515664092,0.21236314112236487,0.06879976573326499,-0.42009172883502105,0.36950683580502824,0.5150102568074943,0.08432013064019471,0.22788350602929458,0.5382908041678889,0.3636866989649296,0.4180079761391836,0.26862446390998507,-0.6975182515463897,-4.25944199768676,-2.048760021255958,0.16192195517484329,0.25116405338968917,0.40054756561888766,0.49172970944709976,0.06491967450653256,0.48008943576690244,0,0,0,0
18539,ΠΕΙΡΑΙΚΗ,-0.1905398102575031,-0.0846471146093114,0.4493416925055015,0.3289679444609759,0.4459024425613722,0.32064133933308386,0.5212039150223086,0.26271712974774825,0.1474117500419395,-0.1787739551854818,0.2833526294125241,0.43305050855962585,0.10795088226192959,-0.08645724615885314,0.4891645865954197,0.40535549585163727,0.6033838873715035,0.4462644688712806,-0.3415047814892841,-3.3506674694474703,-3.3613472455897666,0.3968478775687911,0.36752374646621494,0.4971291654134034,0.479027849917986,0.08079890901880352,0.527901401755613,0,0,0,0
18539,ΑΓ. ΝΕΙΛΟΣ,-0.886408144904655,0.30957464980298693,0.6959690911700713,0.5822780951387537,0.7625955011100598,0.6461929651393241,-0.8006072739644955,0.190266892468589,0.4517368151981949,-0.34429383844527206,-0.9737584672387678,0.7416779072916913,0.07037809086145856,0.26773946216625,0.7823510063829633,0.5545816514718399,-0.8385688331163493,0.6837671614426897,0.47168600189534265,-2.8557608666191983,-2.8824889031648913,-0.4391977363249068,0.31286723401513755,0.7062342066550114,0.7062342066550114,0.35896341298524587,0.725989711927915,0,0,0,0
18539,ΥΔΡΑΙΙΚΑ,-0.4655723855721728,-2.3994884487181265,-0.1811729645212972,-0.9206114592535737,1.0133046038923803,0.6151454144211544,1.6958632144144816,0.6151454144211544,-0.40869250136199764,0.27386610916010373,0.5013856460008042,1.411463793363606,1.411463793363606,-1.0343712276739239,0.2169862249499286,-0.579332153992523,0.7289051828415046,0.1601063407397535,0.89954483547203,0.5203456074041948,0.14114637933636287,-0.2380528487314723,-0.9774913434637488,-0.2380528487314723,-0.2380528487314723,-2.3994884487181265,-0.12429308031112209,1,1,1,1
18539,ΧΑΤΖΗΚΥΡΙΑΚΕΙΟ,-0.8671556322643597,0.4026366150179414,0.7564634451781188,0.6481933013102554,0.740439463885675,0.6278385142630971,-0.18028983956663475,0.01069869421627617,0.49704818047071825,-0.2985208366703415,-1.0390886207265266,0.8045353890554501,-1.285944548745255,0.4823234409046888,0.8465442048761811,0.5676403142725651,-0.04733410289689857,0.7274470466215314,0.32511519200855127,-2.637589024791661,-2.672235470829377,0.01849414457476233,-1.184603694084935,0.7815821185554631,0.7763851516498056,0.4281883689707572,0.7711881847441482,0,0,0,0
18540,ΛΕΥΚΑ,0.8167939128832785,0.0062960026319979195,0.3948493079210013,0.45252518917483775,1.0566041559913353,0.46466747996511915,0.5405567974043776,0.46466747996511915,0.5162722158238149,-2.264312375150616,0.21878609146192166,0.45859633456997845,-2.249134511662764,0.018438293422279275,0.2703908273206174,0.33413785396959456,0.4889520615456818,0.5648413789849404,-2.689292552810463,-1.6399962570169824,-0.590699961223502,0.45859633456997845,0.3219955631793132,0.9078610938103886,0.3462801447598759,-0.05137987862183852,0.38270701713072,0,0,0,0
18540,ΚΑΛΑΜΑΚΙ,0.3087625053138622,0.04048192864987263,0.3457667227847573,0.40867389248527897,0.5539154460585423,0.45030363714003596,0.680654890896358,0.6010958233339335,0.4318015284045884,-1.805103417711021,0.43827726646199505,0.5418890753805014,-1.7061171359763765,0.5779681874146241,0.8823278761127364,0.8305219716534833,0.5391137590701842,0.42255047403686463,-2.32223735686678,-2.7736888100117003,-1.219974228952492,0.3337403521067164,0.26435744434878805,0.38092072938210764,0.3781454130717905,0.06823509175304396,0.34761693365830204,0,0,0,0
18540,ΑΠΟΛΛΩΝ,1.3252480241948208,0.3057556247621128,0.6663078148053876,0.8528003268967367,0.728471985502504,0.3927854637380757,1.2506510193582814,1.3998450290313604,1.2630838534977045,-1.434841154757145,0.6290093123871179,0.7533376537813505,-1.8699903496369592,-0.3034532480696273,-0.1169607359782783,-0.06722939942058523,0.04466610783422419,-0.06722939942058523,-2.5910947297235087,-1.7042192277779822,-0.8173437258324558,0.06953177611307074,-0.15425923839654812,-0.0796622335600085,0.10683027853134054,-0.42778158946386,-0.15425923839654812,0,1,0,0
18540,ΠΛΑΤΕΙΑ ΙΠΠΟΔΑΜΕΙΑΣ,1.4397433011359129,0.7217710480628587,1.1149463295076265,0.8585276676958215,-0.2355252893678801,-0.3209981766384818,1.4739324560441536,1.6106890756771164,1.4568378785900333,-1.3124836689774613,-0.2868090217302411,-0.2013361344596394,-1.9620776122340342,0.055082527352165636,0.24312287934748936,-0.047484937372556386,-0.4235656413632038,-0.49194395117968515,-2.3210637387705613,-1.397956556248063,-0.4748493737255648,0.4482578087969334,-0.3722819090008428,-0.30390359918436144,0.24312287934748936,0.14055541462276733,0.3456903440722114,0,1,0,1
18540,ΡΕΤΣΙΝΑ,0.6470477969277177,0.45311740266780615,0.8859132825405357,0.24026696994351293,0.4696724363241401,0.136206758389414,0.3325021574573733,0.4885924747885217,0.06998662376407835,-1.9331724486523256,0.5950176911506683,0.9450384027417283,-2.098722785215665,-0.024613568557829753,0.22844194590327443,1.7065699509330885,0.9426733979336805,0.5902876815345729,-2.5528037083608237,-1.6880002835513803,-0.8231968587419369,0.041606566067505915,0.10782670069284159,0.22134693147913131,0.16695182089403415,-0.39355431861327134,0.24499697955960834,0,0,0,0
18540,ΓΕΦΥΡΑ ΚΑΛΑΜΑΚΙ,0.9756767292969186,0.7012676491821602,1.2500858094116771,0.33538887569581566,0.2439191823242295,0.15244948895264335,0.42685856906740177,0.42685856906740177,0.33538887569581566,-2.2257625387085964,-0.030489897790528932,0.06097979558105721,-2.2257625387085964,0.15244948895264335,0.5183282624389879,0.5183282624389879,0.7012676491821602,0.5183282624389879,-2.683111005566527,-1.6159645828980223,-0.5488181602295171,0.5183282624389879,0.42685856906740177,0.5183282624389879,0.2439191823242295,-0.12195959116211508,0.42685856906740177,0,0,0,0
18540,ΚΑΜΙΝΙΑ,0.38183341346266675,0.11858922064812369,0.4213933014366519,0.3891593186430344,0.508327376243681,0.40136916061031375,0.36522802838716684,0.29587612601302005,0.23971085296353498,-2.023993847770059,0.3901361060004167,0.4936755658829457,-1.842311399296942,0.3691351778166962,0.584028396440813,0.5356774222503867,0.653868692493651,0.547398870538975,-2.2696558681517196,-2.706768210580321,-1.073091355358342,0.5605854998636366,0.48488447966650455,0.5908659079424894,0.6060061119819159,0.31345829844590234,0.6646133534248568,0,0,0,0
18541,ΛΕΥΚΑ,-0.3491743760183947,-0.5401843820024079,-0.4446793790104013,-0.48561009457840415,1.6427871149577438,1.58821282753374,1.7110049742377484,1.288054246701719,1.001539237725699,1.0834006688617048,0.251142785645647,-0.8812736784024316,-0.8812736784024316,0.264786357501648,-0.7994122472664259,-0.8266993909784278,0.7968856598856849,1.069757097005704,1.1789056718537114,-1.1132143999544477,-1.7271751334744905,-0.28095651673838995,-0.4173922352983994,-0.8266993909784278,-0.8266993909784278,-0.9085608221144336,-0.5674715257144098,1,1,1,1
18541,ΑΠΟΛΛΩΝ,2.2445217146665644,-0.41935979935156387,-0.14411779237114966,-0.5592388331235619,1.9415891258094502,-0.16182550352835248,-0.06651285689696552,-0.018143471387022266,1.8878717738426336,0.17533407065275078,-0.17347218603443218,0.1176948766175604,-0.6900857457683962,-0.1393640444094845,-0.3661178221809138,0.02796788384113003,0.11115847317027076,-0.38323131484290845,-0.7874187352834908,-2.7170838766224312,-1.2858492090640854,0.1453854584942601,0.05280621694083062,1.5656865057407758,-0.01695503439660597,-0.3006349440089759,-0.040604930505890265,0,0,0,1
18541,ΠΕΙΡΑΙΑΣ,0.5935268891482908,0.25391945058926885,0.5440008043584333,0.6359778189681685,0.7350299885478832,0.6430529739381481,-2.1940841690236805,0.5864517341783111,0.1477921260395745,0.43433590232374925,0.7208796786079239,0.8199318481876386,-1.939378590104414,0.3034455353791262,-2.1940841690236805,0.6642784388480869,0.7845560733377406,-0.648162808083133,-2.0808816895040065,-1.2059208582165264,-0.33096002692904636,0.5440008043584333,0.47324925465863715,0.5581511142983926,0.5298504944184741,0.19731821082943188,0.4237231698687798,0,0,0,0
18541,ΚΑΜΙΝΙΑ,0.2736761883237056,0.07042029834957954,0.3175443660159631,0.12474934918383682,0.39706949839654254,0.33430425954454346,0.33717256347057567,0.30725221663431806,0.23441979341448038,-1.6957800250448465,1.6487748352156213,1.7738553828920065,-1.6821696417095564,0.21574769726854517,0.3767664059005106,0.415854077049381,0.5061212888392184,0.3489832266954142,-1.8340772672823606,-2.110896716771195,-2.1301874667050984,0.4102861929576714,0.3205813937023501,0.3871147965356072,0.3110766218690277,0.052141890977805604,0.28919877427635055,0,0,0,0
18542,ΛΕΥΚΑ,-0.4195429768977674,-0.6162558428869194,-0.23616657639940536,-0.3478594748847713,-0.03945371041025339,-0.07946310688262329,0.03389684978909141,-0.02945136129216092,-0.18448777262259425,-0.06612664139183332,-0.47622295523362473,-0.4695547224882297,-0.4278782678295111,0.6073648658930598,1.3942163298496677,1.4358927845083864,1.8676608547727114,1.8476561565365266,2.0093608006123547,-2.585051560964788,-1.1647179861956567,0.25561558857347455,-0.3645300567482588,-0.4245441514568136,-0.4278782678295111,-0.742952265049424,-0.3495265330711201,0,1,1,1
18542,Π. ΚΟΚΚΙΝΙΑ,0.18490067055385936,-0.028583584283789612,0.3576899008727955,0.23125875673698856,0.37902515644571294,0.2523306140929564,0.418929986313577,0.39535584589658795,0.22348850933697545,0.35610951157109794,0.20768461631999957,0.2844651965608073,0.2864406831879293,0.20807971364542396,0.487676920937422,0.36769903311688024,0.5807881906291048,0.5065098934493182,-0.2799971823621807,-3.1825138340382733,-3.6287104135508916,0.4008872084525295,0.19728038675049048,0.27867043578791617,0.2795923295472398,-0.0993060055347566,0.3342474595642813,0,0,0,0
18542,ΝΙΚΑΙΑ,0.41746431234556214,-0.09848629903927016,0.37777580377749814,0.21902176950524205,0.7349723808900743,0.6952838723220103,0.8672674094502878,0.5497593409057756,0.24548077521728473,0.41746431234556214,0.15287425522513534,0.2983987866413701,0.2983987866413701,-0.058797790471206125,0.2057922666492207,0.06026773523298594,0.5629888437617969,0.6423658608979249,0.8143493980262024,-4.133484670125779,-2.0035347103063432,0.12641524951309266,-0.25724033331152624,-0.20432232188744087,-0.20432232188744087,-0.6276664132801238,-0.09848629903927016,0,0,0,0
18542,ΠΕΙΡΑΙΑΣ,-0.48763594589464265,-0.5484496666297713,-0.2443810629541281,-0.3660085044243854,1.4584031176294738,1.944912883510503,2.1881677664510177,1.5800305590997312,-0.061939900748742165,0.12050126145664376,0.059687540721515116,0.1813149821917724,0.1813149821917724,-0.061939900748742165,0.1813149821917724,0.059687540721515116,-0.061939900748742165,-0.30519478368925673,-0.18356734221899945,-3.0418122167700457,-1.4302486172891367,0.1813149821917724,-0.2443810629541281,-0.2443810629541281,-0.2443810629541281,-0.5484496666297713,-0.061939900748742165,0,1,1,1
18542,ΚΑΜΙΝΙΑ,-0.9263309425134617,-1.1674001998422663,-1.046865571177864,-1.1674001998422663,-0.3236577991914506,-0.2031231705270484,-0.08258854186264618,-0.44419242785585283,-1.046865571177864,-1.046865571177864,-0.3236577991914506,-0.2031231705270484,-0.2031231705270484,0.15848071546615827,0.39954997279496274,0.39954997279496274,0.39954997279496274,0.15848071546615827,0.15848071546615827,-1.8906079718286795,-0.504459742188054,0.8816884874525717,1.3638270021101806,1.604896259438985,1.604896259438985,1.2432923734457784,2.207569402760996,0,1,0,1
18542,ΚΑΡΑΒΑΣ,-0.002070046978747173,-0.32144872369976557,0.053821221447431046,-0.07393024924097631,0.36920766470943667,0.38517659854548764,0.5887805049551368,0.44506010043067856,0.2374639605620166,0.38517659854548764,0.12168919025064745,0.20552609288991477,0.20552609288991477,0.1296736571686729,0.4490523338896913,0.30932416282424574,0.6566484737583532,0.6646329406763787,0.8123455786598497,-2.8884548378449506,-3.7148471638605858,0.7085475087255187,0.04982898798841831,0.06979015528348197,0.06979015528348197,-0.3094720233227274,0.3931610654635131,0,0,0,0
18543,ΛΕΥΚΑ,0.2104497420697016,-0.15638401717905026,0.20742555609073413,0.14996602249035257,0.41911857461845575,0.06619607087295415,0.29452211228499675,0.4345419231111897,0.37829206390239517,0.510146572585376,0.23373597410775096,0.3456308553295467,0.353493738874862,0.023857467167409833,0.3229494604872908,0.1783933706926466,0.5116586655748597,0.49230387530946806,0.7472427533364242,-2.9005303744941155,-3.824721609666569,0.4287959697511516,0.16448211518939632,0.30268741442820885,0.10762741878480823,-0.2773514563377483,0.2754697406175018,0,0,0,0
18543,Π. ΚΟΚΚΙΝΙΑ,-0.03499249264816327,-0.5006745749042908,-0.3305215063876288,-0.4469420269516607,3.9233052065289202,-0.16036843787096683,-0.026037067989391594,-0.11559131457710842,-0.31261065707008545,-0.19619013650605355,-0.11559131457710842,0.09933887723341196,0.09933887723341196,-0.14245758855342347,0.09038345257464028,-0.03499249264816327,0.20680397313867216,0.21575939779744382,0.3590461923377908,-2.7395307395972113,-1.140987438006466,0.45755586358427924,0.3053136443851607,0.4306895896079642,0.4306895896079642,0.009784630645695137,-0.3305215063876288,0,0,1,1
18543,ΓΕΦΥΡΑ,-2.2201067170021536,-1.5030086257029258,-0.1665985464634561,-0.2643846498224417,0.8112624871263998,0.35492733811780036,0.5830949126221001,-0.2643846498224417,-0.6881244310447125,-2.187511349215825,0.15935513139982918,0.6482856481947571,-1.8941530391388681,-0.13400317867712758,0.7786671193400713,0.35492733811780036,1.3327883717076563,1.495765210639299,0.09416439582717213,0.3331970929269141,0.5722297900266579,0.8112624871263998,0.28973660254514333,0.7460717515537427,0.7460717515537427,-1.0466734766943264,0.2571412347588148,0,1,1,0
18543,ΜΑΝΙΑΤΙΚΑ,0.15417050100278432,-0.3429675316425586,0.37380163184311493,0.14675053036628666,0.24321014864075619,-0.03132876490965707,0.26843804880484823,0.3159258608784332,0.13784656560248948,0.36489766707931776,0.18533437767607447,0.34115376104252526,0.3099898843692351,0.03248298256422277,0.5667208683920539,0.332249796278728,0.5949167568107451,0.401997520261806,0.6424045688843301,-4.342331704714795,-1.9501331715079508,0.4420653616988934,0.0814547887651073,0.21649825434936462,0.21649825434936462,-0.4453631264262263,0.7433161695406981,0,0,0,0
18543,ΠΕΙΡΑΙΑΣ,-0.3954447334180345,0.05745061344461373,0.6915040990523212,0.48770119296412956,0.46505642562099714,0.32918782156220266,0.46505642562099714,0.7141488663954537,0.6462145643660564,0.2159639848465406,0.5556354949935268,0.5556354949935268,-0.055773223271048326,0.012161078758348912,0.32918782156220266,0.05745061344461373,-0.12370752530044556,-0.10106275795731315,-0.2142865946729752,-4.29034471643681,-1.9239665290794723,0.4424116582778647,0.30654305421907024,0.4424116582778647,0.4424116582778647,-0.12370752530044556,0.012161078758348912,0,0,0,0
18543,ΚΑΡΑΒΑΣ,0.21268899497647592,-0.15566401610404762,0.2291516993823094,0.08963027954287087,0.3526219824260603,0.27853981259980976,0.448928803200186,0.7551351051486882,0.2941793817853515,0.4645683723857278,0.21392369780691345,0.3019991663781224,0.28389019153170564,0.06082054683266232,0.32628165537672676,0.1954031553503508,0.46086426389441526,0.44069745099726926,0.5777494651758328,-2.8938233264042967,-3.8511295876035123,0.22956326699245522,0.1081508219994335,0.22338975284026769,0.22338975284026769,-0.16965731484900604,0.29870662549695576,0,0,0,0
18543,ΑΓ. ΣΟΦΙΑ,0.14726681628833987,-0.15820599470507737,0.23627876121357402,0.09820909664204604,0.27016399024761206,0.14119782004343753,0.31896883505036827,0.3928082893633466,0.29722159850613494,0.4436361329144036,0.23400288762173566,0.3080952167782516,0.2858422305469431,0.09745047211143325,0.38952091639735786,0.25119837698229225,0.44085450963549005,0.3697966786014253,0.513682464574318,-2.806058481387256,-3.962960890571763,0.3187159602068307,0.2297040152815965,0.3842105446830683,0.3842105446830683,-0.04137781699070753,0.41556702528173034,0,0,0,0
18543,ΟΔΗΓΗΤΡΙΑ,0.3463326623888246,-0.09450853450596652,0.3141544728344603,0.17739716722841195,0.4042534035866804,0.2851941022355324,0.4267781362747354,0.446085050007354,0.32219902022305136,0.47021869217312723,0.185441714617003,0.2546248221588863,0.2144020852159309,0.04707549953323647,0.2932386496241235,0.15648134401807515,0.5217037954601101,0.542619618670447,0.6954660190536774,-2.7620804485627684,-3.946237824163375,0.2755406453692231,0.04868440901095468,0.15487243454035693,0.15969916297351158,-0.24413711593376058,0.304501015968151,0,0,0,0
18544,ΜΑΝΙΑΤΙΚΑ,0.17645670860771964,-0.20957264642069404,0.2847289200089062,0.1332893563497302,0.2557147979994379,0.05367743620179887,0.2680988744668939,0.3362112950379018,0.3399265179781386,0.5028655812142381,0.325950203107724,0.30135896555091857,0.29764374261068177,0.08163006594262809,0.46075972122488773,0.3033050347100902,0.44483733719530144,0.2426230600195559,0.4055621232556553,-1.896991522800625,-4.475356243324961,0.4683670824834678,0.2063554075077205,0.27269867429766326,0.27128335127281117,-0.18869663180412538,0.3372727873065409,0,0,0,0
18544,ΑΓ. ΣΟΦΙΑ,0.11910713139637769,-0.14972401156723417,0.4375040163439055,0.27872562253102223,0.33417204576726717,0.08130275191711978,0.25226255689554167,0.3177901479929221,0.30266839620121894,0.4627069359967441,0.2514224595737804,0.32115053727996723,0.3257710725496543,0.07122158405598433,0.42658275116100874,0.2690645033307674,0.42742284848277007,0.23252026983415144,0.4148213886563507,-2.0311219636516364,-4.422038941384259,0.34635345693280584,0.16489243543236784,0.27914567119190287,0.2799857685136642,-0.1799675151506405,0.386258079716467,0,0,0,0
18545,ΜΑΝΙΑΤΙΚΑ,-0.09697241414564323,0.0683506002788678,0.4384050221011745,0.28461617147372237,0.3913071865965173,0.14908974685828016,0.28846089273940867,0.6431364294989701,1.096813538849954,1.2765542580207887,0.5383677750090183,-0.06813700465299596,-0.0344956935782408,-0.14791497091598674,0.17023571381955485,-0.0979335944620648,0.09045774755656405,0.17696397603450587,0.31729630223205596,-2.0270224895201676,-4.155075710077536,0.4028413503935762,0.10968135388499557,0.1279437798970055,0.1289049602134271,-0.2892084774299584,0.21733354932421206,0,0,0,0
18545,ΡΕΤΣΙΝΑ,-0.5566499024558264,-0.8860021011967762,-0.46045297312059835,-0.7571960432733355,-0.08870890721497164,-0.04305612719147363,0.566734577408107,0.7509761539315097,0.6694533324609775,0.34336204657884883,-0.4066479109500471,-0.6544772882204649,-1.1044832627378025,0.06781491000845012,1.2368521698958814,0.8797822118549505,1.3363100120899307,1.395006443548714,1.3037008835017179,-3.1197274094893577,-0.9381767069379169,1.243373995613524,0.29281789726711893,-0.04631704005029492,-0.17186218511491447,-0.9088284912085253,0.05640171500257562,0,0,0,0
18545,ΠΕΙΡΑΙΑΣ,0.20079246169732687,-0.49268726197673657,-0.49014045806607354,-0.3667702803936624,1.6679762322313385,-0.4938108519373232,-0.4857210042210995,-0.3985304232795776,2.0285737035822717,1.9452033285067445,-0.5175560531043871,-0.4705150867544939,0.15712226522919345,-0.5291664826971155,-0.5180803950859942,-0.5082677094302044,-0.5125373512804335,-0.29733242082940914,3.238080843155085,-0.4866198761895688,-0.48190079835510496,-0.4771817205206412,-0.4691667788017899,0.33914383884422633,-0.5082677094302044,-0.5420503142451755,-0.5305896966471919,1,1,1,1
18545,ΑΓ. ΣΟΦΙΑ,-0.1087939975529904,-0.1178288984589196,0.38538770351374335,0.23398466712044486,0.2556136723194875,-0.031312877662749046,0.16991900615112868,0.3317258678300426,0.4661542419152317,0.6534230970563097,0.2597204454585462,-0.029670168407125552,-0.045275906335548725,0.01933732438564195,0.3199531181647409,0.1926431508539203,0.4469893005996243,0.37580523285593964,0.5496586290760925,-2.2842886217503677,-4.221042834130465,0.593190424350115,0.33939184435628555,0.4133137608593427,0.41468268523902896,-0.05212052823397994,0.46943966042647867,0,0,0,0
18545,ΑΓ. ΔΙΟΝΥΣΙΟΣ,-0.2593737649859579,-0.6461116623306926,0.0019356251118358612,-0.20188569916444324,0.16394744697246796,0.12736413235877686,0.6133995979406732,0.7022447905739231,0.6081734101387173,0.8381256734247758,0.5350067809113351,0.6813400393660995,0.6813400393660995,0.06464987873530635,0.14826888356660034,-0.029421501699899388,0.456613963881997,0.5088758419015557,0.7283757295837024,-4.100621799423526,-1.884718171394235,0.33118545663505594,-0.07123100411554638,-0.018969126095987637,-0.008516750492075889,-0.6043021599150457,0.6343043491484966,0,0,0,0
18545,ΠΑΠΑΣΤΡΑΤΟΥ,0.30855809203875895,-0.0733516499488293,0.3836501160966322,0.2339267552450445,0.44814633307885454,0.31362565194450504,0.39470661043644173,0.4149768500594259,0.2371515660941556,0.5527223420428866,0.3509413203413623,0.18739734156501264,0.33896345147323526,0.29335541232152085,0.47394481987174353,0.32053596090688596,0.4177409736443783,0.06900071467621868,0.20997101750879046,-2.4099574537619146,-4.203873660396014,0.32882833166174313,0.10493432128059972,0.15054236043231412,0.1500816731681554,-0.27559335891451237,0.27907410713260017,0,0,0,0
18546,ΜΑΝΙΑΤΙΚΑ,0.09136709508498864,-0.31961091066214714,0.14945708827988638,-0.002724780119920564,0.15345729739210986,-0.040118039212444556,0.13015173126002516,0.21085160204575135,0.2732896486235007,0.45695142351515344,0.26163686555745835,0.26807198456407877,0.2625064762340287,0.18737211377835256,0.5593915612151378,0.4004267295380823,0.5317379417002014,0.2240696843296203,0.3854694259010727,-1.676899254653111,-4.534092093592572,0.4442551076372267,0.26755021815813657,0.40425301651499174,0.410340291250984,-0.0672498923214387,0.568087667980841,0,0,0,0
18546,ΠΕΙΡΑΙΑΣ,0.6453245808949775,-1.2333325914780193,-0.5739551875589041,-0.08794856656679743,0.8698539555053658,-1.2589118873197092,-0.7387995385386829,0.11100151220190117,1.3729134403919323,1.5974428150023208,-0.39774226064948526,0.30142515902336986,1.011961154625865,-0.6734302269432534,0.03710576865924169,-0.19595003789837667,0.6055345651412377,0.4634273660207387,2.236925211044566,-2.171240105673313,-0.723167746635428,0.7249046124024568,0.26731943123445007,0.5600602614226781,-0.7757474103100126,-1.3981769424577983,-0.576797331541314,1,0,1,1
18546,ΑΓ. ΣΟΦΙΑ,0.14523414588340824,-0.23646475467800898,0.28833560076154974,0.17003459722683117,0.3005932951037013,0.04375183923675811,0.22163093852751564,0.2863401621477111,0.2983127938307429,0.47191595323470337,0.26724096398668423,0.32168793187856676,0.31427630274145185,0.05543940826067006,0.40806191759186733,0.25213264305333466,0.40464116568242964,0.20509730429856704,0.3627369547918185,-1.341652684085488,-4.697125244584698,0.35161951108614614,0.1802968529551441,0.33109499962952027,0.33622612749367675,-0.15037583162382825,0.4089171055692267,0,0,0,0
18546,ΠΑΠΑΣΤΡΑΤΟΥ,0.21544718195284274,-0.12073875586467449,0.2881817496316012,0.13044922786313085,0.27845561558153464,0.0750525513170997,0.2873359988446389,0.3359666690949716,0.29410200514033735,0.45521753005665694,0.2323621976920889,0.25731184590747697,0.25731184590747697,-0.006139524231281822,0.40827836138024887,0.24716283646392928,0.3896718440670781,0.08266430839976047,0.23363082387253237,-1.260810816689865,-4.729234794022288,0.40658685980632425,0.2260190667898716,0.3469614293254816,0.3486529308994062,-0.13511651924303372,0.45521753005665694,0,0,0,0
18546,ΤΑΜΠΟΥΡΙΑ,0.298239640328522,-0.1651046139998516,0.30486673335824843,0.14526424289233666,0.260133855407595,0.019349475327534307,0.20490808015987463,0.265656432932367,0.2822241655066831,0.4440356869825037,0.22202807048666792,0.3059712488632028,0.31701640391274694,0.06850041529800541,0.49705243122031517,0.32474801244742774,0.4440356869825037,0.16293649097160717,0.3131505996454065,-1.5601076967572673,-4.622929191995837,0.398750551279373,0.20435582240739741,0.31701640391274694,0.31756866166522413,-0.1640000984948972,0.3943324892595554,0,0,0,0
18546,ΧΑΛΚΗΔΩΝ,0.11376711259131085,-2.053262614233589,0.5976669545036671,0.5064974190709043,-1.9200148316780126,-1.7306627196253515,0.7239016958721078,0.702862572310701,0.6958495311235655,0.8641625196148198,-1.821832255058114,0.7940321077434639,0.7800060253691926,0.4714322131352264,0.303119224643972,0.20493664802407363,0.31714530701824317,0.3451974717667856,0.3942887600767348,0.06467582428136166,-2.41794075596464,0.7519538606206503,0.5906539133165315,0.14181927733985325,0.14883231852698883,0.07870190665563287,0.3522105129539212,1,1,0,0
18547,ΚΑΛΑΜΑΚΙ,-0.5263061073567182,1.5699721566392926,1.85249525600501,1.7446620119722933,1.904255213140714,1.7921086393466887,1.1106025370599197,1.3478356739318964,-0.5586560805665332,-0.8282391906483246,-0.6794293138831757,-0.6643326597185955,-0.8454925096935593,-0.23515634846838337,-0.008706535999678541,-0.46807615557905125,-0.48964280438559454,-0.4831728097436316,-0.8735291531420656,-0.7326270476059826,-0.5917249420698996,-0.45082283653381655,-0.6384526811507435,-0.6362960162700891,-0.5349327668793356,-0.5349327668793356,-0.5414027615212985,0,1,1,1
18547,ΑΠΟΛΛΩΝ,2.8764445627190263,-0.6686905087717778,-0.6604301602624499,-0.5150480264982789,2.3930076662106106,-0.6484526549239245,-0.4233581580447391,-0.39011025529469423,1.4525669884236283,1.202691446016459,-0.6282148010760711,-0.5164935874874111,1.0430602110736973,-0.5792722361583033,-0.7442726976321282,-0.4809740888973012,-0.4555735172311179,-0.34674342562072274,0.8152811009289803,-0.7686407257346455,-0.5615124868632483,-0.35438424799185103,-0.3434392862169916,0.8384100767550985,-0.34674342562072274,-0.604053281686287,-0.5850544801148329,1,1,1,1
18547,ΚΡΗΤΙΚΑ,0.6667200560024253,0.10073149427081707,0.5965975793277128,0.5164576059851842,0.47137887098001185,0.3060901759610466,0.20090646094897782,0.02560026926219651,-0.11464468408722854,-2.6290363477090635,0.5164576059851842,0.7468600293449539,-1.8276366142837774,0.36619515596794305,0.6967725460058736,0.5064401093173682,0.6617113076685173,0.49642261264955206,-2.6841325793820516,-1.6757045814885667,-0.6672765835950817,0.3411514142984029,0.3261251692966788,0.5415013476547244,0.6717288043363333,0.16083647427771353,0.6817463010041495,0,0,0,0
18547,ΛΑΚΚΑ ΒΑΒΟΥΛΑ,0.3796516669804581,-0.15234123852253864,0.32774992010211695,0.18502011618667882,0.35370079354128753,0.17204467946709354,0.600234091213408,0.781890205287602,0.600234091213408,-2.3322146074128667,-0.12639036508336807,0.09419205914958181,-2.384116354291208,0.18502011618667882,0.5223814708958963,0.6521358380917491,0.9894971928009666,0.7948656420071872,-2.5917233418045726,-1.4888112206398232,-0.3858990994750738,0.7170130216896756,0.4056025404196287,0.6391604013721639,0.5872586544938228,0.029314875551655375,0.44452885057838454,0,0,0,0
18547,ΠΕΙΡΑΙΑΣ,0.36581230752529187,0.2296281901374293,0.6955212233064328,0.32280679677123003,0.3586447223996149,0.20812543476039838,0.5091640100388315,0.43748815878206165,0.28696887114284514,-2.171512826964358,0.09344407274956673,0.29413645626852214,-2.3865403807346675,0.5306667654158623,0.652515712552371,0.7385267340604947,0.9248839473280962,0.7600294894375257,-2.644573445259039,-1.6435007227061544,-0.6424280001532702,0.3586447223996149,-0.06424280001532677,0.08627648762388976,0.7241915638091407,0.28696887114284514,0.6883536381807559,0,0,0,0
18547,ΝΕΟ ΦΑΛΗΡΟ,1.098832839618297,0.284311434649673,0.5725546420470427,-0.02906517436832094,1.2918737681496655,0.4747159923816753,0.06566841635557066,0.5002594961266454,1.1458774118825426,-1.346840471927068,0.26714573144491094,0.41126733514359576,-1.6864050308854326,0.35631365048125174,-0.6025637022571119,0.5441404234316515,0.6300861114909891,-0.31098109184721173,-1.0596518128494448,-2.312455216708256,-2.534261879961598,-0.16234836478072256,0.5426757729875592,1.151677427641148,0.3193458732723614,0.307218567595277,0.08060785088531239,0,0,0,0
18648,ΑΝΑΣΤΑΣΗ,-0.258680201957244,-1.0174085537697612,-0.21803404025300202,-0.6515930984315833,-0.12319299627643739,-0.09609555514027605,0.2290737384936599,0.2697199001979019,0.2561711796298212,0.5406943115595152,0.16133013565325657,0.16133013565325657,0.16133013565325657,-0.20448531968492137,0.8929610463296125,0.5813404732637572,0.8794123257615317,0.4729507087191118,0.7710225612168865,-1.586454817629149,-0.441587929626333,0.7032789583764831,0.3374635030383052,0.4458532675829505,0.4458532675829505,-3.971029637611346,1.2587765016677903,1,1,0,0
18648,ΔΡΑΠΕΤΣΩΝΑ,0.5463232610531913,-0.5844723782203334,-0.10875780258667543,-0.16335451382294722,0.9400235630393492,-0.09103572601362069,0.08586715493534733,0.13331145858608134,1.211973993680575,1.1209794749534554,-0.07760509399188861,-0.09532717056494336,0.7553325049416845,-0.33127714969229555,-0.02006794852600683,-0.1366521921702728,0.01315101114904646,0.0923837929577262,1.8625251991829344,-0.6498771720303067,-3.890871462623664,0.07982734408533763,-0.12004271233274616,0.98349430692034,-0.2781109199731313,-0.7868060416956579,-0.49093478124057804,1,0,0,0
18648,ΚΟΠΗ,0.14382634275315487,-0.216472387213825,0.24853558464287212,0.0877615518200779,0.25100903130168434,0.08858603403968197,0.3400531110189242,0.3821017042187319,0.4076606530264582,0.5808019191433135,0.27739246232901466,0.21143388476068883,0.21060940254108476,-0.029314923363700455,0.42415029741853966,0.2609028179369332,0.4192034041009152,0.22380111805474992,0.3821017042187319,-0.8785316095558956,-4.7362839150833524,0.5906957057785623,0.2848128023054513,0.15124668272959152,0.1578425404864241,-0.6435541769687347,0.3796282575599197,0,0,0,0
18648,ΛΙΠΑΣΜΑΤΑ,0.16067647737057864,-0.22343573735480304,0.34937998435536716,0.17025533559315675,0.2986120357757032,-0.06730034832678006,0.19994979608314883,0.22198116999507847,0.4097267911576092,0.5811883533417571,0.34842209853310935,0.19994979608314883,0.21144442595024257,0.025614576432227483,0.5821462391640149,0.41738987773567165,0.5198836607172572,-0.004079884057764616,0.15492916243703178,-0.5740219483011614,-4.629710519740727,0.48539977111597615,0.26891757528571114,1.029478918158412,0.19803402443863322,-0.7339888806182155,-0.60084275132438,1,0,0,0
18755,ΑΓ. ΓΕΩΡΓΙΟΣ,1.4397851943462043,-0.5602230256801476,-1.0682502357915167,0.05003768207039142,0.6222661330200105,-1.9328734683849047,-0.09406619002850657,-1.1202392840790125,1.248577150980112,1.7004282753580124,0.16378553268598645,-0.94089451347651,1.2248506054529327,-0.34842871487135557,-1.4485728038007148,0.05980743611099468,-0.02114195451114657,-0.28946127084057166,1.6787952485538196,0.11354108333431256,-1.828895371809913,0.05980743611099468,0.1739042065137541,1.2625339424666882,-0.0647569279066968,-0.2646879659518991,0.18437180012868615,1,1,1,0
18755,ΧΑΡΑΥΓΗ,1.2548184066405943,-0.6575777022844682,-0.5403942765558701,-0.4210915761066485,1.5504572301675839,-0.5696901329880196,-0.4887213723383128,-0.44764484172387337,1.615593762022044,1.769428174095544,-0.4885343775100225,-0.41616737896167016,1.4740386770062748,-0.5951837612449328,-0.49046665740235573,-0.5193885241779246,-0.5675708582673961,-0.345670328696221,2.0870700557513606,-0.5696901329880196,-1.484531164593676,-0.486477434398829,-0.5238140684474621,1.5424787841605305,-0.5345974368788703,-0.6297778044786412,-0.5168952598007204,1,1,1,1
18755,ΤΑΜΠΟΥΡΙΑ,0.8025111611022535,-0.39358827646416267,-3.0273072303363677,0.07795092488413602,0.5839929946237736,-0.3360834958119311,-0.25557680289880697,0.3079700474930622,1.0555321959720723,1.4350637482768005,1.2165455817983206,-0.0025557680289881412,-0.0025557680289881412,-0.1980720222465754,0.19296048618859912,0.06644996875368972,0.08945188101458233,-0.12906628546389753,0.6069949068846663,0.21596239844949175,-3.015806274205921,0.7565073365804683,0.560991082362881,-0.1750701099856828,-0.1750701099856828,-0.41659018872505527,0.1584576177972602,1,0,0,0
18755,ΑΝΑΣΤΑΣΗ,0.3393354471136046,-0.035358738098005445,-2.598964070406277,0.3755849310782627,0.5143089177891658,0.25603134454097687,0.4118344150429208,0.42054823330365587,-0.7934609267819607,0.6390907952828926,0.48503048843309576,-0.20824089239099017,0.4592375863813198,0.19329185306368402,-0.6348694344365815,0.4752710119810724,0.43274757886868503,0.32086215240084615,0.5268568160846243,0.09012024485658024,-3.8115790195701758,0.6160863150745519,0.4330961315991145,0.35746018909593363,0.3518833454090632,-0.0541805855411933,0.4379758698251261,1,0,0,0
18755,ΚΟΠΗ,-0.13204578084921606,-0.3732812671842903,0.0979694503074826,-0.03386854803843005,0.10918970548585814,-0.0647242497789628,0.5383644660587227,0.5720252315938493,0.4990935729344083,0.8300911006964868,0.6982531023505743,-0.05630905839518113,-0.028258420449242275,-0.31717999129241253,0.025037791648041558,-0.13204578084921606,-0.3199850550870064,0.5215340832911594,0.6954480385559804,0.12321502445882757,-4.687469383269687,0.6505670178424782,0.4093315315074039,0.20736693829664415,0.20175681070745638,-0.27229897057891034,0.23822264003717689,1,0,0,0
18755,ΕΥΓΕΝΕΙΑ,0.4168059314839499,-0.7701375380161222,-0.5666222018503916,0.4150547239201391,-0.25240553040090474,-1.0298166024783575,0.5250055416765479,-0.031878463615297496,-0.187360678030788,0.8546078224366586,0.6368326532513254,0.004646722715614194,0.5059924309837446,-0.2198831042158464,-0.393252653033119,0.5911761703376859,0.5441437386239092,-0.12919556966135673,0.6549701601622234,0.09620986105200927,-4.364866321501534,0.7496604548625664,0.6070621246665413,0.5014893258196595,0.5016144120742174,-0.009988369067662067,0.35013495780458026,1,0,0,0
18755,ΚΕΡΑΤΣΙΝΙ,1.355375922406809,-0.015571251855822402,1.9037547921118614,1.391934513720479,1.3370966267499738,-1.5693113826868044,-0.6370673041882152,0.16722170471252842,-0.41771575630619423,0.0941045220851881,-0.4908329389335346,-0.14352632145366798,-0.07040913882632766,-0.8381395564134011,0.5510869135060652,0.05754593077151793,0.07582522642835302,0.6790419831039107,1.190862261495293,-2.538114052499064,-0.8564188520702363,0.8252763483585914,-0.07040913882632766,-0.2349227997378434,-0.2532020953946785,-1.6058699740004747,0.11238381774202318,0,1,1,0
18756,ΑΓ. ΓΕΩΡΓΙΟΣ,0.6158719473713391,-1.105399211563196,-0.12098421376858026,0.17856973904870133,-0.1629877311163403,-2.773996213638993,0.2754785469711315,-0.030089766297792423,0.5255595347829682,0.9689731093709846,-0.5202601431066408,-0.4784506373863532,0.40352622110287106,-0.7039891543229398,0.10077107643229595,0.32107127942712965,0.4016831106418839,0.07661662881199054,1.3837699689068317,0.25520433190027275,-2.7808836264142607,0.5457367440400909,0.41477889549626634,1.8995498805420281,0.31078866317109605,-0.07868967897961175,0.07778069857682453,1,1,0,0
18756,ΤΑΜΠΟΥΡΙΑ,0.25320343800442463,-0.9874840700856681,-0.6223164343429787,0.26538969972656273,-1.8048040373118257,-2.5084555977849368,0.9291207476616352,0.6087061075536943,0.6196317215114733,0.36224946962148785,-0.6969047604008928,-0.8414590373807377,0.2221074598168999,-0.49436068626052876,-0.2569386906395627,1.0577068196262647,1.1728459821043968,0.5469343671000978,1.0005574543086515,1.000347346347925,-2.3426804167717137,0.8011649995791854,0.6732092514967355,0.25215289820079206,0.24984171063280036,0.2536236539258777,0.28661060375994113,1,1,0,0
18756,ΧΑΛΚΗΔΩΝ,0.2956589479243657,-1.5322829416862973,0.35055560531203417,0.38910006688209925,-0.12949814333332205,-2.7849779427134127,0.4381566543349094,-0.437269828900357,0.21798601779074966,0.5660541859083073,-0.40106139530423524,0.31843522067031327,0.38384400394072676,-0.826218486561923,0.6022626195044289,0.5210856474098979,0.6355510181331215,0.4860452278007478,0.754104437810746,0.6524872209442107,-3.1546543695899465,0.7196480251950818,0.5432779131623596,0.38734804590164174,0.38734804590164174,0.03460782183619754,0.5824063817259105,1,1,0,0
18756,ΑΝΑΣΤΑΣΗ,0.2254236953511894,0.4951827989293438,-2.0675286850631234,0.5289026868766131,0.630062350718421,-0.44897406359419667,-0.381534287699658,-0.381534287699658,-2.640766780166701,0.5963424627711518,0.5289026868766131,0.6975021266129596,0.6975021266129596,0.46146291098207454,0.2591435832984587,0.12426403150938149,0.0905441435621122,0.0905441435621122,0.2254236953511894,-1.1739516544604867,-2.5733270042721625,0.4277430230348052,0.3940231350875359,1.1021407819801912,1.1021407819801912,0.6637822386656903,0.3265833591929973,0,0,0,0
18756,ΚΕΡΑΤΣΙΝΙ,0.3657391281976608,-0.8307972799700434,0.4666275268627286,0.18212224262723742,0.13773134721460759,-2.1181332469363086,0.23458420993307266,0.23861974587967538,0.5170717261952625,0.6845464679792751,-0.2638044794723623,-1.0466984531132886,0.3334548406248391,-0.47365234869570333,-0.9619521982346315,0.5917291412074127,0.7188485235253982,0.5493560137680842,0.6905997718991792,-0.10843634552815788,-3.5931216354196,0.8015770104307538,0.650244412433152,0.5735692294477005,0.5776047653943032,0.1780867066806347,0.904483177069123,1,1,0,0
18756,ΑΓ. ΠΑΝΤΕΛΕΗΜΟΝΑΣ,0.4528392463222778,-2.24663657609511,0.3404146225899973,0.4900999787592622,-0.5018064157701158,-2.368055169725973,0.7836888533058463,0.16631706241029426,0.29159021456912115,0.8325132613267223,-1.7314105861906013,0.5434213717294295,0.5459910774147388,-0.9566443220698565,0.5999548968062335,0.4772514503327158,0.5838942362730505,-0.3084360629505933,0.45091196705829584,0.4534816727436051,-2.2691215008415657,0.754779664346117,0.6410701877711817,0.5575547529986306,0.5601244586839398,0.26653558413735573,0.5896760740649963,1,1,0,0
18756,ΑΜΦΙΑΛΗ,-0.0972610350508698,-0.36645841867493006,0.5125534462199606,0.4136646114192854,0.5565040394647052,-3.003494013359602,1.2816888280029899,1.2816888280029899,0.45761520466402994,0.47409667713080916,-0.20164369400713808,0.1664425244175974,0.12798575532844594,0.007121623905398466,0.32026960077420324,0.17193634857319046,0.3037881283074241,0.2323684142847142,0.36971401817454086,0.36971401817454086,-3.3550987593175585,0.4191584355748785,0.24884988675149342,-0.0038660244057876674,0.007121623905398466,-0.3499769462081509,-0.3444831220525578,1,1,0,0
18756,ΔΗΜΑΡΧΕΙΟ,0.2614399188075661,-1.6523002868638175,-0.3660158863305924,0.29281270906447404,-1.8875962137906268,-1.809164238148357,1.6889018754968768,1.6889018754968768,0.8888957239457247,0.02614399188075668,0.32418549932138196,-0.13071995940378295,-0.005228798376151247,-0.3817022814590464,-1.5424955209646396,0.7163453775327311,0.8104637483034548,1.3124283924139817,0.5437950311197375,0.5437950311197375,-1.6993594722491794,0.48104945060592164,0.38693107983519787,-0.30327030581677655,-0.30327030581677655,-0.11503356427532899,0.2300671285506582,1,1,0,0
18757,ΑΓ. ΑΝΤΩΝΙΟΣ,0.3254615636152102,-0.1411631983210258,0.2996442099834923,0.12370372597474752,0.28530123574364896,-3.152231590405467,0.41151940905427015,0.41151940905427015,0.3551037103775531,0.6046714621508269,0.48992766823208034,0.27860784776505537,0.18011942465146458,-0.057017749447278325,0.5147888235811421,0.41821279703286374,0.5912846861936398,0.14856488132380927,0.17725082980349594,0.17725082980349594,-3.6255497403202965,0.46411031460036234,0.29390702028755494,0.24896570100271254,0.16577645041162126,-0.2750309578928968,0.28530123574364896,1,1,0,0
18757,ΧΑΛΚΗΔΩΝ,0.044763472807600894,-0.6500147873619359,0.4234158780483137,0.3727658791923143,0.5009627728485335,-2.7105964649587673,1.0081613820824036,1.0081613820824036,0.5889889777568911,0.680508286034628,-1.413956494245182,-0.42470962003697293,-0.06282411096928062,-0.812094783701134,0.10205036806542092,-0.0027427330159571738,0.1083379541303036,0.8296637999071228,0.9934903479310105,1.0032710373652725,-2.8559095651249446,0.7625962152150408,0.6019134602235944,0.02834588697151833,-0.15574066059476918,-0.252150313589637,0.28334243293620504,1,1,0,0
18757,ΚΕΡΑΤΣΙΝΙ,0.19496050293276213,-0.20439861976548906,0.28243916790476004,0.13030235925780717,0.28243916790476004,-3.3193997768118484,0.24820838595919564,0.24820838595919564,0.24060154552684798,0.4573964978487558,0.2976528487694553,0.21397760401363125,0.17213998163571922,-0.07127891219940533,0.3356870509311935,0.16072972098719776,0.31666994985032443,0.06184079536667841,0.16453314120337156,0.16453314120337156,-3.4487160641617582,0.8111145779529212,0.6475675086574468,0.4916272797943202,0.3927383541738008,0.020003172988766374,0.708422232116228,1,1,0,0
18757,ΑΜΦΙΑΛΗ,0.17869889905215233,-0.23894655893319422,0.31304703120531024,0.20716637749882286,0.3527178398793801,-3.26797809623457,0.2899975567210706,0.2927524739901032,0.3309539934540223,0.5698053206791512,0.10560176084715325,0.3503302449128851,0.30257834558298624,0.037922626604585,0.5260021361015325,0.3856850165321372,0.5389502472659858,0.17621947351002298,0.262172892303841,0.2599689584886149,-3.54549009580179,0.5290325450974683,0.36529862874129576,0.18705548143488465,0.3073535355159761,-0.15519707395460228,0.338300439504776,1,1,0,0
18757,ΑΓ. ΜΗΝΑΣ,0.19031542684243524,-0.2167723821512592,0.3708340027762907,0.2234718999731434,0.3667815449492042,-3.202328584943024,0.6419802719340818,0.6405066509060503,0.5281430475186505,0.599245262121169,0.03300638210007548,0.23931332602448174,0.17889486387519132,-0.08635692117047385,0.4588828592011712,0.34246679798668483,0.4861448482197535,0.3247833456503072,0.46404053279928137,0.46367212754227355,-3.459475454334516,0.5281430475186505,0.36346589763613335,-0.427131783902752,0.13689666457629435,-0.29892675446401384,0.11000308081471996,1,1,0,0
18757,ΚΟΚΚΙΝΟΒΡΑΧΟΣ,0.3070915870796433,-0.1292790151180513,0.3741757478722696,0.19665078217345466,0.35993923786483123,-3.2431920221995734,0.11425158788797797,0.11144742682590678,0.2309478290095562,0.5773695725238901,0.42896474093119913,0.3262893051199769,0.26761762751356416,0.047383131792434065,0.5359542706840694,0.40911990879961835,0.586429169801351,0.06140393710279004,0.07973883635479402,0.08038595044604122,-3.553806785998229,0.5193450090087246,0.3681360163539624,0.41688527789458474,0.3692145398393744,-0.15947767270958724,0.3170140031454337,1,1,0,0
18758,ΑΓ. ΑΝΝΑ,-0.7995191351019726,-0.019730622432773907,0.9993989188774659,0.8295439953257593,0.9993989188774659,-3.0848399247067526,0.27365515461108303,0.27365515461108303,0.33542058135715813,0.2504931195813048,-0.012009944089514514,0.0729175176863388,0.04975548265656063,-0.5061333580581157,0.13468294443241394,0.05747616099982002,0.2659344762678236,0.16556565780545152,0.3971860081032333,0.3971860081032333,-3.092560603050012,1.0302816322505035,0.7754992469229435,0.7368958552066466,0.11152090940263576,-0.591060819833969,-0.050613335805811475,1,1,0,0
18758,ΑΓ. ΑΝΤΩΝΙΟΣ,0.10904293555475114,-0.37045155444492434,0.27528872254805964,0.12702397892973896,0.3134590076072444,-3.1859043986864397,0.5080959157189547,0.4888530447387046,0.36708668083089224,0.6125121500544104,0.4784429669952906,0.2699259552256949,0.14815959131788256,-0.11556237818193894,0.40147148307429004,0.260146791284912,0.4440581647518928,0.24342757551518648,0.3942159743440318,0.3920077760348228,-3.5647681371664466,0.4598310098176716,0.2718186966335883,0.3945314312453474,0.3610929997058963,-0.2537325009581612,0.1699261175086573,1,1,0,0
18758,ΚΕΡΑΤΣΙΝΙ,0.10481905314934205,-0.41240875739103094,0.01698791551041078,-0.1879514056470955,-0.012289130369232976,-3.1351740241979003,0.2999993590136337,0.2999993590136337,0.16337314490862956,0.39758951194577963,0.24144526725434623,0.4268665578254234,0.3683124660661358,0.01698791551041078,0.8562632307268652,0.905058307192938,1.1099976283504442,0.4951796648779255,0.4561436037050671,0.4561436037050671,-3.3889084218214793,0.18289117549505873,-0.012289130369232976,0.22192723666791708,0.25120428254756083,-0.3148186044588851,0.1926501907882733,1,1,0,0
18758,ΑΜΦΙΑΛΗ,0.04756976405590448,-0.4242767824489381,0.2571042905505424,0.10231656703100725,0.2917641370383772,-3.0926911001203137,0.20117590189971798,0.20314521135925406,0.2878255181193051,0.6942909905675501,0.550531400021417,0.3122449554175524,0.17793805027719237,-0.04971412324517741,0.44458255109837636,0.3027922700117793,0.5001170778572935,0.16651605541188316,0.21338562054884164,0.21338562054884164,-3.550752480408404,0.6383626019167257,0.44300710353074746,0.9770838289569299,0.23110940568466629,-0.3167524859582686,0.17793805027719237,1,1,0,0
18758,ΑΓ. ΜΗΝΑΣ,0.8676044791054458,-0.7078167726728285,-0.42088497914146655,-0.3832960420557471,1.3384691457546323,-2.047936511093165,0.20905676696097342,0.2662686990450383,2.039664167028842,1.9862896206333425,0.19423050407333467,-0.23215537391293545,0.6955326162977324,-0.6131031168141479,-0.3337588813488129,-0.3550389292581297,-0.25901707373289273,-0.3090775143064495,1.1484313408595448,-0.37858652325614417,-2.2350962767218285,0.5749166070412358,-0.3160545791947501,0.977580464407284,-0.5162963414889772,-0.7476732558472456,-0.4422522403618871,1,1,0,1
18758,ΚΟΚΚΙΝΟΒΡΑΧΟΣ,0.9687895658477726,0.4127652401624983,1.16218933130352,0.992964536529741,1.16218933130352,-2.5607561537196206,0.6786899176641512,0.6786899176641512,0.12266559197887698,0.025965709251003197,-0.14325908552277591,-0.19160902688671283,-0.31248388029655505,-0.8201582646178924,-0.19160902688671283,-0.16743405620474439,-0.022384232112933694,-0.07073417347687058,0.14684056266084544,0.14684056266084544,-3.4068801275885163,0.7512148297100566,0.557815064254309,0.24354044538871922,0.0017907385690347506,-0.4091837630244288,0.24354044538871922,1,1,0,0
18863,ΠΡΟΦ. ΗΛΙΑΣ,0.11950707458370866,-0.5900710403485763,0.4491040096262197,0.32629241281101656,0.6495913172476198,-2.623285254289162,0.3409878175581349,0.35463355053760187,0.07752020387765629,0.28220619856966156,0.3367891304875296,0.47534580381750247,0.20243114422816208,-0.2919642583356045,0.45225302492917363,0.4050177953848647,0.7062735927007905,0.35673289407290454,0.3378388022551809,0.3199943822051087,-3.778973870473253,0.7891976623452439,0.49633923917052863,0.46274974260568674,0.13105346402787305,-0.8000053938788381,0.012440554283275129,1,1,0,0
18863,ΑΓ. ΝΙΚΟΛΑΟΣ,0.31068717147401836,-0.32395772904954245,0.34874244687441636,0.04722757254818591,0.2819993484798722,-3.054570105471948,0.3598662966068404,0.3657209543607478,0.24277314152869267,0.6485009238744747,0.4757885201342067,0.41197275061661615,0.17603004313414844,-0.22091575258077245,0.43304951853068274,0.33469126826503864,0.5864415516830563,0.22930742869470566,0.29429412976307767,0.2978069244154221,-3.637108551985733,0.562437454892036,0.3311784736126942,0.4037762297611458,0.2749737591751833,-0.45451659696167723,0.27380282762440183,1,1,0,0
18863,ΙΚΑΡΙΩΤΙΚΑ,0.4993544629848567,0.13354828661222917,0.18580631180831883,-0.5458060409369362,-0.4412899905447569,-1.643224570054819,-0.6503220913291156,-0.6503220913291156,0.7083865637692153,2.4851594204362635,0.2380643370044085,-0.02322578897603976,-0.5458060409369362,-0.4412899905447569,-0.4935480157408466,-1.0161282677017431,-0.9116122173095638,-0.0754838141721294,-0.12774183936821906,-0.12774183936821906,-1.904514696035267,0.44709643778876706,0.2903223622004981,0.44709643778876706,0.44709643778876706,1.1264507653379325,2.5896754708284426,1,1,0,1
18863,ΜΠΛΑΖΑΚΗ,0.014827460093696643,-0.4872006837586916,0.351914937863801,0.2322128525273863,0.4568043905666126,-3.0261659854427796,0.37633576463811974,0.3747343989480005,0.36312449769463584,0.6653822717046463,0.5636955503820733,0.37153166756776196,0.16735754207755624,-0.191748713931688,0.47962385165081206,0.4195726382713398,0.65737544325405,0.304274308582753,0.35551801066656935,0.3535163035539203,-3.592248756899938,0.5312678951571582,0.2930647487519182,0.2750493847380765,0.11571349857121006,-0.5344409716172098,0.1089076943882032,1,1,0,0
18863,ΝΕΟ ΙΚΟΝΙΟ,1.2055599334664122,-0.6856234517073455,-0.4901626903427715,-0.38276951820616417,1.303355165098057,-0.9237561377493878,-0.5445077859046538,-0.335558027073646,1.7075062814962072,1.4597756549492025,-0.429721605541251,-0.4140276757966501,0.8316293594690222,-0.6621474080398021,-0.44904718844989167,-0.41584350237867007,-0.3800457783331343,-0.18017515241222623,3.042268521179572,-0.3644815504872492,-1.0027445940672548,-0.5229772707178459,-0.5517710922327335,1.166389960054268,-0.6468425839913484,-0.7106559181594774,-0.6236259441212364,1,1,1,1
18863,ΝΕΟΚΤΙΣΤΑ,-0.6152487409855751,-0.9154117372086663,-0.25764215249337497,-0.2398427295367496,-0.0982564105635934,-2.276258528710659,1.5562808597227176,1.571653088639803,0.8483492648569366,0.28524024768369827,0.24155075497198147,-0.18887165470641334,-0.4914618449690443,-0.6880645621717698,-0.04809440041310377,0.067601848804961,0.279576794924772,1.0093531361464114,1.843498821068263,1.8418806917085697,-1.829654825435332,0.30708499403955664,0.13070889383299633,-0.2519786997344487,-0.6192940643848082,-0.9502015184420703,-0.5124975266450561,1,1,1,1
18863,ΠΑΠΑΔΟΠΟΥΛΟΥ,0.015993471745650717,-0.6243151900713235,0.14119052575460345,-0.07525183880324703,0.14198626974194847,-2.581845398940118,0.6106794782881761,0.2204996764933256,7.859199874994856e-05,0.5234128876760036,0.5287178475916372,0.32315065086083555,0.04225302332803699,-0.33784735462710974,0.532961815524144,0.8281828348291533,1.2692902518140863,0.40458178556581115,0.5085589999122295,0.5000710640472158,-3.6417763900837095,0.7027205328244189,0.145699741682892,0.3228854028650539,-0.061458943022599695,-0.7033590928142641,0.26293935581839434,1,1,0,0
18863,ΠΕΡΑΜΑ,0.9259456426053033,-0.8544595113862464,-0.5972678732716348,-0.5056400514792628,1.5660201095353021,-1.5164507195518846,-0.11100668067609319,-0.05278208498382227,1.7121757272934517,1.4457420898626063,-0.17147576191659225,-0.23788612843181284,0.9015203586981149,-0.7139811217794976,-0.4450389416771033,-0.4122958583853047,-0.355523576871299,0.2520718638902221,2.34115979504397,-0.35908834803613193,-1.7096085052611645,-0.3054847520019777,-0.3905111457113257,1.4404609473961874,-0.47566956798233423,-0.7979512869955617,-0.5729746179261067,1,1,1,1
18863,ΤΕΡΜΑ,-0.19044360712727165,-0.7205678250200428,-0.022077975693516005,-0.18248036780270213,0.050728783845405356,-2.295014000049217,1.0370328544742307,1.039308065709822,0.5899538466805417,-0.15859064982899354,-0.20068205768743247,-0.031178820635881174,-0.15062741050442402,-0.5442389542617176,0.3180661040273822,0.39997370850866876,1.2144993308503516,0.08940737485045733,1.0825370791860565,1.0916379241284218,-3.193722438107778,1.1018763746885825,0.7173656758736541,0.09054498046825298,0.25777300628421296,-0.9901803564376109,-0.4009006464194662,1,1,0,0
18883,ΝΕΟ ΙΚΟΝΙΟ,-0.7288108888134949,-0.884984650702101,-0.7288108888134949,-1.7439403410894343,-1.6658534601451314,-2.0562878648666465,-0.18220272220337366,-0.18220272220337366,-0.6507240078691918,-0.963071531646404,-0.963071531646404,0.20823168251814153,0.5986660872396566,0.4424923253510506,0.6767529681839597,0.6767529681839597,0.7548398491282627,1.0671873729054748,1.379534896682687,1.379534896682687,-1.041158412590707,0.7548398491282627,0.6767529681839597,0.8329267300725658,0.9110136110168688,0.5205792062953537,0.9110136110168688,1,1,0,1
18900,ΑΓ. ΑΝΤΩΝΙΟΣ,-0.25404954615282327,-0.36633037235429416,-0.13156137211485505,0.49108684591148355,0.8585513680253883,0.7564778896604147,0.9504174985538645,0.9912468898998539,0.878966063698383,-2.264897069942802,0.20528110648955764,0.3073545848545312,-2.1832382872508234,-0.10093932860536298,0.07258558461509204,1.0422836290823407,1.2464305858122877,1.1239424117743195,-2.254689722106305,-1.4006749531193592,-0.546660184132414,0.3073545848545312,0.18486641081656294,0.2767325413450391,0.062378236778594685,-0.2642568939893207,0.011341497596107914,0,1,0,0
18900,ΑΓ. ΠΑΡΑΣΚΕΥΗ,-0.9813173078377091,-0.9335775469158746,-0.5646793943380626,-0.5212796116818493,-0.4474999811662869,-1.6019341998215577,1.7572089777693427,1.774568890831828,0.8848733463794578,0.8588334767857299,-0.8337580468065843,-0.5863792856661691,-0.707898677103566,-0.5646793943380626,-0.7816783076191285,-0.004822198072912467,0.06027747591140731,1.4968102818320637,1.8049487386911773,1.800608760425556,-0.829418068540963,0.5854148460515869,-0.07426185032285357,-0.5776993291349265,-0.5776993291349265,-0.35636043758823926,-0.07860182858847488,1,1,1,1
18900,ΣΑΛΑΜΙΝΑ,3.902657820508226,1.7805449120890482,-0.28978123127365474,-0.20623573184553018,-0.1032344311807191,-0.9830372076926472,0.566274023140553,0.605471740337995,0.2000471763323358,0.022369932685536657,-0.3252594570582008,-0.5933489535107785,-0.6857640093850396,-0.45658611540583494,-0.1959356017790491,-0.1060955784214083,0.2827343315882536,0.6366582452615073,0.5087649636027002,-0.49063376757003635,-1.4708628122301552,0.015789294031951506,-0.4940671442588634,-0.609657492782707,-0.6185270492288435,-0.581046020375815,-0.31123983557882373,1,1,0,1
18900,ΤΣΑΜΗ,0.21415033910313594,-0.3075167699480186,0.1978855465154426,0.4378285417540743,0.6818004305694741,0.255931457677027,1.2080933063198809,1.2719587304256859,0.9062247246235177,-1.7353864972107467,0.26309393514683693,0.34053822278915646,-1.8398392936454744,0.08552418120779978,0.29144540846483447,0.4837877721853545,0.9245785731399055,0.6109217472744802,-2.053221434933561,-2.652183613346414,-1.1476156898444716,0.35695223365747086,0.2895055708167609,0.37426155420951146,0.23653308119629188,0.005543182794922545,0.2992047590571285,0,0,0,0
18900,ΑΓ. ΝΙΚΟΛΑΟΣ,0.10994301707997116,-0.09780059529202494,0.41993543866630906,0.43616540838287127,0.5911616191760403,-1.9926495597006613,1.1494725774257797,1.1494725774257797,0.7169438844793973,0.7339853526817876,0.31768662945196724,0.2519552520998904,-0.8354527189097767,0.35988455071502895,0.5578901812570878,-0.897126603832713,1.151907072883264,1.07643771370125,1.0415432788106411,-2.3943413101855753,-1.4392075923658902,-0.48407387454620515,-1.3507542574106264,0.25763574150068713,0.2292332944967033,-1.3588692422689075,0.2990221642779207,1,1,0,0
18900,ΑΓ. ΔΗΜΗΤΡΙΟΣ,0.4303018172059789,0.1539229407802885,0.6125071505532859,0.4569160793803046,-0.298519516183249,-2.517739531334718,1.4273130232749507,-0.21662947872378518,0.38526229660327377,0.606365397743826,0.34227002693705527,0.2849470007154306,0.2910887535248904,0.3770732928573274,0.6636884239654507,-1.3139559806806003,0.2010097123194802,1.1161308809289883,1.2553439446100767,-2.128761853402265,-1.840099471357655,-1.5514370893130451,0.27061624416002444,0.3258920194451625,0.3258920194451625,0.002426371480280478,0.33817552506408205,1,1,0,0
18900,ΑΓ. ΦΑΝΟΥΡΙΟΣ,-0.16121360458461692,-0.39465174752140014,-0.041647726495045015,0.5077859513927496,0.823781486343761,0.7497645141930737,1.1995599603395584,1.225181219930181,1.0856876954923471,-2.225148404940322,-0.3007071290224508,-0.22669015687176342,-2.284931343985108,-0.08150301919156898,0.09499899132160858,0.8664835856614653,1.0372919829322824,1.0059771100992991,-2.1682122725167168,-1.3170170927838118,-0.4658219130509072,0.38537326668199745,0.23733932238062275,0.3341307475007524,0.15762873698757482,-0.15551999134225633,0.11207983104869028,0,1,1,0
18900,ΑΓ. ΑΘΑΝΑΣΙΟΣ,-0.9156275576149965,-0.9853388389072371,-0.8970378826037324,-0.09768185711937416,-0.037265413332765694,-0.15809830090598262,0.8364493121966491,1.6358053376810073,1.2593644187029083,-0.12556636963627038,-0.1441560446475345,-0.3765269822883363,-0.8505636950755721,-0.9063327201093644,-0.5670711511537938,-0.07909218210811002,-0.014028319568685511,2.109842050468243,2.9417300072223136,-0.3486424697714401,0.1927818149316281,0.7342060996346963,-0.09303443836655813,-0.9156275576149965,-0.9249223951206286,-0.7390256450079872,-0.5345392198840816,1,1,1,1
18900,ΑΓ. ΜΑΥΡΑ,-0.2569244144592181,-0.5344027820751736,-0.12479185845162032,0.5490841771871284,0.41695162117953066,0.3244588319742122,1.2097469572251176,1.3683060244342349,1.2493867240273968,-1.8953681089534309,-0.01908581364554207,0.07340697555977639,-2.2124862433716657,0.15268650916433507,0.3508853431757318,1.0908276568182795,1.355092768833475,1.236173468426637,-2.133206709767107,-1.3844555590573862,-0.6357044083476654,0.11304674236205574,-0.032299069246301854,0.04698046435825683,-0.0058725580447822915,-0.2701376700599779,-0.032299069246301854,0,1,1,0
18900,ΑΛΩΝΙΑ,-0.08575486390594608,-0.35973270056136997,0.30103737607818176,0.2885024423749924,0.42459600829533367,-2.4512759241792463,1.7622525049071092,1.6906243123174558,0.6949924353212749,0.7343879412455842,0.1774787438610298,0.027059539422757867,-0.03919653872267143,0.07540856942077384,0.38878191200050705,-0.9596188134997163,-1.3249225957069481,1.3002506627038453,1.2536923375205706,-2.136111876784772,-1.2389687645993641,-0.3418256524139566,0.1273390090482725,0.16852521978732313,-0.13410389390396205,-0.32750001389602595,-0.01591737613103411,1,1,1,0
18900,ΑΜΠΕΛΑΚΙΑ,0.061302322467505756,0.16340651540851386,0.4858408089064342,0.5986928116307063,0.8190229121876186,0.7061709094633465,0.6524318605470264,0.5933189067390743,0.5019625235813302,-2.217233351584465,0.07742403714240177,0.19027603986667388,-2.426815642358113,-0.7017921721442391,-0.5459489302869109,0.5449537627143862,0.7384143388131384,0.6255623360888664,-2.448311261924641,-1.4362258406672797,-0.42414041940991865,0.5879450018474424,0.44822347466501017,0.5557015724976503,0.7061709094633465,0.3998583306403221,0.7437882437047705,0,0,0,0
18900,ΓΗΠΕΔΟ,-0.42012982445738595,-0.6548230367404773,0.04925660010879668,0.04925660010879668,0.20571874163085754,-1.9847512396779947,2.239726581417649,2.239726581417649,0.7533362369580706,0.12748767086982712,0.04925660010879668,-0.8112851782625381,-0.967747319784599,-1.12420946130666,0.4404119539139489,0.5186430246749792,0.6751051661970402,0.4404119539139489,0.5186430246749792,0.5186430246749792,-2.2976755227221166,0.5186430246749792,-0.18543661217429463,-0.49836089521841637,-0.49836089521841637,-0.26366768293532505,0.3621808831529184,1,1,0,1
18900,ΑΓ. ΜΗΝΑΣ,0.3191128630624884,0.08419617318425188,0.33372490597357496,0.205588529676355,-0.31032898541508325,-2.204274547352062,1.117155206667981,0.6293377740978631,0.740614100882291,0.7675901801027583,0.4472492393597084,0.4427532261562972,0.44162922285544437,0.2988808036471379,0.5169374440125825,0.42589317664350507,0.8788665068871861,0.7642181702001999,0.2719047244266706,-2.3852390787893643,-2.0733281628027105,-1.7614172468160565,-0.028204156901028777,0.6405778071063911,0.280896750833493,-1.2893358604578777,0.4450012327580028,1,1,0,0
18900,ΑΓ. ΑΝΔΡΕΑΣ,0.6072578576122797,0.15084209388053416,0.24239451846389315,0.10641224077390407,-2.0302597858994886,-2.824611705078633,0.9317304212091844,0.06332874685232337,0.5049345595485255,0.6166823719076255,0.5049345595485255,0.4820464534026858,0.4631974248119942,0.31913699201170875,0.550710771840205,0.20335010209746066,0.8078653761846398,0.6463022739787122,0.8092117353696893,-2.329151524980455,-1.4594034914385445,-0.5896554578966341,0.4120357757801172,0.47262193910734,0.47262193910734,-0.5815773027863377,0.4470411145914015,1,1,0,0
18900,ΑΓ. ΓΕΡΑΣΙΜΟΣ,-0.08480884820461786,-0.36696909199438926,-0.13907043354880466,0.41439773696190085,0.87019505385307,0.7616718831646965,1.4562201755702877,1.792642004704246,1.6515618828093601,-1.6692471402548728,-0.06310421406694312,0.012862005414918413,-1.940555066975807,-0.35611677492555194,-0.20418433596182883,0.8267857855777206,1.0546844440233052,0.9353089562660942,-2.070782871801855,-1.3870868964651013,-0.7033909211283476,-0.019694945791593674,-0.17162738475531675,-0.07395653113578049,-0.09566116527345521,-0.3344121407878772,-0.09566116527345521,0,1,1,1
18900,ΑΓ. ΓΕΩΡΓΙΟΣ ΣΤΕΝΟΥ,-1.9554581327165108,-0.15739954932413242,0.042694240875226,-0.00976654402622992,-1.6026245351491968,-1.9698500294593881,1.1787255740952494,1.1805825930298142,1.0733397495586963,0.4586664822177437,0.44845287807763723,0.46330902955415576,-0.8203553089637701,0.46238052008687336,0.28178542870044543,0.6374045546696068,1.4108529409158508,1.41828101665411,0.333317704134619,-1.9689215199921057,-0.47262851346650914,1.0236644930590875,-0.29156916734644,-0.16111358719326205,-0.1889688712117342,-0.5241607889006826,-0.2906406578791576,1,1,0,1
18900,ΑΓ. ΛΑΥΡΕΝΤΙΟΣ,0.11838526616409656,-0.11059035151954699,0.14274437442831395,0.45454096021029666,0.6689011129354098,0.5636697652339906,0.9095691025858776,0.9719284197422742,0.8627996147185802,-2.017421346442485,0.4243356659626671,0.5071566340610062,-2.016446982111916,0.11741090183352786,0.2294627998489279,0.7975172045704776,0.9543898617920377,0.42141257297096096,-2.145063073746984,-2.370141234108353,-1.1468268170793552,0.07648759994964263,0.2440782648074583,0.3376172405420531,0.40972020100413664,0.1505392890728635,0.443822952574041,0,0,0,0
18900,ΑΓ. ΧΑΡΑΛΑΜΠΟΣ,0.3452784971400399,0.03501264011560445,0.32588688107601266,0.21923299272386298,0.30649526501198543,-2.4858974482079335,1.2663802601813325,-0.3334280651009126,0.17075395256379494,0.5973695059723937,0.29679945697997184,0.28710364894795826,0.28710364894795826,0.4034533453321215,0.6749359702285025,-1.4290543727184504,1.1597263718291828,1.0821599075730741,1.2275970280532782,-2.592551336560083,-1.5308603570545931,-0.46916937754910315,0.26771203288393103,0.29679945697997184,0.29679945697997184,-0.9151765470217291,0.20953718469184937,1,1,0,0
18900,ΑΙΑΝΤΕΙΟ,-1.011820769570941,-1.0868734090720822,-0.9367681300697998,0.3766530612001718,0.451705700701313,0.2640741019484599,2.2529690487287026,2.2529690487287026,1.727600572220714,-0.5990312523146643,-0.6365575720652348,-0.7866628510675173,-1.1243997288226528,-1.1619260485732235,-0.7491365313169467,-0.11118909555724622,-0.07366277580667561,0.9770741772093016,1.2772847352138665,-0.8992418103192291,-0.41139965356181113,0.07644250319560685,0.6393372994541661,0.15149514269674808,0.15149514269674808,-0.14871541530781685,-0.8617154905686585,1,1,1,1
18900,ΑΙΑΝΤΕΙΟ ΚΑΤΣΟΥΛΗ,-0.7691143712945974,-0.4484945220519521,-0.19321688733544184,-0.256344111538657,-0.18934065427033214,-0.5996676115912305,0.7658739224888441,1.4685796024351598,1.1103049177028776,0.6290982700485447,0.43750160711597946,-0.5780714559427621,-0.6572573599871461,-0.5891464075573613,-0.2508066357313574,-0.12732092522857694,0.8422910886295782,1.935388812990514,2.099298096886581,0.8295548942727892,-2.429803365903739,0.6567856490850426,-0.28347774299442485,-0.9440986068052639,-0.9479748398703736,-0.9230561987375255,-0.5874851648151714,1,1,1,1
18900,ΑΙΑΝΤΕΙΟ ΜΑΙΝΕΜΕΝΗ,-0.8474437477612996,-0.8892164199467036,-0.8474437477612996,-1.4531474944496587,-0.32528534544374854,-0.596807714648875,2.097529641309688,2.097529641309688,1.1367581810453944,-0.011990304053217883,-0.074649312331324,-0.555035042463471,-0.9101027560394057,-0.9309890921321078,0.029782368132186203,0.6563724509132475,0.7399177952840557,1.1158718449526923,1.4918258946213292,-0.19996732888753627,0.41617958584717396,1.0323265005818842,0.3848500817081209,-0.9727617643175118,-0.9727617643175118,-0.9309890921321078,-0.6803530590196832,1,1,1,1
18900,ΑΛΥΚΗ,-0.9230974062930627,-0.9386013083449057,-0.38932020707961223,-0.1722655783538108,-0.11467965644696551,-1.5122456842630954,2.053651787660786,2.053651787660786,0.42352722906701157,0.14888667843436482,-0.7326208953704206,-0.5089217371938294,-0.6329529536085731,-0.9851130145004345,0.25741399279726557,0.2507694633464757,0.32385928730516395,1.3736949405299588,1.7037065699191876,1.6948471973181343,-0.916452876842273,0.5099061119272795,-0.17891010780460062,-0.7104724638677878,-0.7126873070180512,-0.7503396405725269,-0.6152342084064668,1,1,1,1
18900,ΑΜΠΕΛΑΚΙΑ ΝΤΟΡΟΝΤΟ,-0.15197426994244728,-0.15197426994244728,-0.047763341981912046,-0.047763341981912046,2.518430759046268,2.5835625890216023,1.7238224333471868,1.033425035608641,0.9552668396382396,0.9813195716283734,0.4732912978207641,-0.2040797339227149,-0.2040797339227149,-0.7642134717105917,-0.6990816417352572,-0.7121080077303241,-0.5297388837993875,-0.4255279558388523,-0.3994752238487185,-0.5167125178043206,-0.6209234457648558,-0.725134373725391,-0.7381607397204579,-0.7381607397204579,-0.8553980336760602,-0.881450765666194,-0.8553980336760602,0,1,1,1
18900,ΒΑΣΙΛΙΚΑ,-1.7947920217199023,-0.43798752324006385,-0.282723947850009,-0.33730591734580023,-0.887919974489154,-1.8383100784800601,1.7851213424398669,1.789915704625308,1.67005664998928,0.1882299375967846,0.2424431100013881,0.2822731958496682,-0.7455642972906714,-0.10570134407987514,0.010838536735462981,0.656233446314076,1.3034723413486278,1.2168050249194997,-0.30411417913890015,-1.8622818894072657,-0.5359031509504192,0.7904755875064274,-0.0643960698668439,-0.012764477100554865,-0.10570134407987514,-0.3937318722975304,-0.2266667899894666,1,1,1,1
18900,ΒΡΟΝΤΟΥ,-2.2534037921447574,-0.08967494736360085,0.15592626546987934,0.0806997438634986,0.13392325124508814,-0.28859408947691595,1.4894873303102651,1.3940418226594817,0.8204767626645866,-0.8475895859986384,0.08545715234453453,-0.28234999084555623,-0.9415484034990981,-0.41080001983352654,-0.1747136239621182,0.11905634974185084,0.610556113438876,1.6149639789975878,1.75292882494763,-1.1092470524556148,-2.32060218693939,1.0173145385674485,0.020934799820484653,-0.3899863577289943,-0.4021772169616489,0.10597347641900201,0.10894685671964946,1,1,1,0
18900,ΕΡΓΑΤΙΚΕΣ ΚΑΤΟΙΚΙΕΣ,-0.7167960711387847,0.05012559938033475,0.5407299033153598,0.4505038244307574,0.5632864230365103,-2.572069818203419,0.8339646596903172,0.7211820610845643,0.5576472931062226,0.6760690216422631,-0.2769439365763486,-0.36717001546095085,-0.36717001546095085,-3.4517740873282916,-0.09649177880714398,-0.18671785769174626,0.8114081399691666,0.7324603209451396,0.709903801223989,0.7023849613169386,0.6948661214098888,0.6873472815028384,-0.05137873936484283,0.06140385924091003,0.07832124903177297,-0.7788265003719488,-0.006265699922541683,1,1,0,0
18900,ΗΛΙΑΚΤΗ,-1.1843563775317216,-0.5492184162617807,-0.5074690459627867,-0.0947662543186333,0.45618855044677886,-0.9530238011209026,1.7647917637529502,1.7456281183698055,1.5841059644261568,0.7717042833621267,-0.5136287891216547,-0.4691417551964972,-0.8134029561865621,-0.5238950277197679,-0.39933133272932697,0.0031052203167132152,1.5060825510804958,1.4198461468563444,0.8565718557731964,-2.171284114763677,-0.6446944352242341,0.881895244315209,-0.3137793444117164,-0.23575593106605552,-0.28024296499121304,-0.7572808518502097,-0.5786483002430387,1,1,1,1
18900,ΚΑΚΗ ΒΙΓΛΑ,-0.7646480713604946,-0.8990588651543315,-0.7646480713604946,-0.9797053414306337,-0.9528231826718664,-1.1141161352244706,1.0902208829944553,1.0902208829944553,0.49881339030157273,-0.7377659126017272,-0.4151800074965185,-0.5764729600491229,-0.791530230119262,-0.8721767063955642,0.04181669140252709,0.6063420253366423,0.6869885016129444,0.7407528191304792,1.9504499632750119,1.9504499632750119,-1.9743452155050272,1.2246316767882923,1.0902208829944553,0.09558100892006187,-0.17324057866761203,-0.36141568997898377,0.310638278990201,1,1,1,1
18900,ΚΑΤΣΟΥΛΗ,-0.7845631094717662,-0.8538272260637719,-0.4864262597931331,-0.19259152915748173,-0.130641014938545,-0.8473740474992993,1.9588982042376757,2.3942726513874257,1.0446979076040606,-0.0678300769110119,-0.4287778646171781,-0.6425931810533695,-0.8387698094133359,-1.0155869020798844,-0.22141572674545926,0.10554532052115137,0.18685537043350584,1.4921182880741592,1.9528752375775014,1.0197456171547665,-1.0551663972753162,0.48628285582503344,-0.2450773814818587,-0.769075480917032,-0.7948881951749224,-0.7720869642471192,-0.4946002859747984,1,1,1,1
18900,ΚΟΙΜΗΣΗ ΘΕΟΤΟΚΟΥ ΒΑΣΙΛΙΚΑ,-0.17809765037175707,0.013044325514898788,-0.06571324788284368,-0.14004623850543207,-0.4435726168810013,-1.3293740884668463,1.7934964342368969,1.964285329357844,1.8350875123233452,-0.1427009881705245,-0.18252223314691116,-0.1807524000368495,-1.1815930237767003,-0.3488865454927042,-0.2665893058748385,0.750179815855567,1.3616571553818595,1.2864392482042404,-0.8488643990851142,-2.143497319095195,-0.6285201768824414,0.8864569653303124,-0.019697587021241338,0.0325124897255767,-0.26393455620974604,-0.8444398163099601,-0.7143570827204304,0,1,1,1
18900,ΚΟΥΦΟΥ,-0.18978269599815956,-1.1726460931152054,0.2840978704689875,0.24101781897197413,-1.3082684774576547,-2.4746209828027204,0.8728585742615036,0.8537118847072753,0.5936360182623428,0.576084886170967,0.38142687570298067,0.22187112941774598,0.21868001449204127,0.17719552045788026,0.39578689286865176,-2.409203126825774,0.9717831369583491,0.8872185914271746,1.003694286215396,-1.9512781349871506,-0.453847456100223,1.0435832227867046,0.29367121524610157,0.2537822786747929,0.2537822786747929,0.05433759581824953,0.38142687570298067,1,1,0,0
18900,ΛΙΒΑΔΙ-ΜΥΛΟΙ,-0.8424278747392324,-0.8279667429786288,-0.42305505368172996,-0.36159524369916496,-0.3055583581268263,-1.6377901215724266,2.082336023842832,2.087758948253058,0.44461285195448186,0.2548104975965605,-1.267223620206961,-0.5025912783650495,-0.49174542954459677,-0.7375846694748568,-0.18625402110184716,-0.22602213344350688,-0.18625402110184716,1.346625945522127,1.673809051605782,1.673809051605782,-0.9960773996956449,0.858562748601758,-0.08141081583747158,-0.5116294857154267,-0.5116294857154267,-0.3471341119385615,0.02162474795682858,1,1,1,1
18900,ΜΕΛΙΣΣΑ,-0.8763562348660997,3.344060544429111,-0.23322448348042626,-0.9824621467108741,-0.9629733057597931,-1.0301015357024055,0.7758643924311017,1.2739125500698387,1.172137491769749,-0.6619789844042085,-0.1422765590420482,-0.12928399840799418,-1.3267650035133054,-0.386969784316732,-0.2613750315208766,0.4683737907584902,1.087685847648398,1.0465427389738935,-1.0257706821577208,-0.4786395176792243,0.06849164679927222,0.615622811277769,0.0071378882495729,0.0699352646475006,-0.18341966771655255,-0.6901295324446589,-0.5580384993317765,0,1,1,1
18900,ΜΠΑΤΣΙ,0.32579022367074223,-0.21701713177937398,0.34674068300390465,0.8647884046966471,1.0009663903622026,0.37435719757943686,2.261803124776157,2.0561077058687447,1.8589829294158073,0.48863243030577713,-0.5369877834131267,-0.5055620944133832,-1.3121547787401349,-0.8636244902892493,-0.8064868739260791,0.32579022367074223,0.5257718809418377,0.4943461919420941,-1.195022665195636,-1.6197456134952006,-0.8988593537132041,-0.17797309393120772,-0.4398538355957375,-0.4350923675654733,-0.5665088852007646,-0.7226850365934296,-0.6265033823820932,0,1,1,1
18900,ΜΠΛΕ ΛΙΜΑΝΙ,-0.6848860754921442,-0.7294947413882259,-0.6152530360446021,-0.23662338404859212,0.6718701774935585,0.6087652354942235,1.572747625346134,2.349591221682775,2.1678925093743455,-0.398737804012401,-0.37262541421957274,-0.3900336740814583,-1.3474879664851618,-0.6152530360446021,-0.42811424252933283,0.6577259663557765,1.0069791798348546,0.9112337505944843,-1.19190164396956,-1.8001027228941853,-0.6522455882511089,0.4956115463919676,0.09195752084449707,0.15832651156793562,-0.20071884808345322,-0.5793485000794633,-0.44987456735668974,0,1,1,1
18900,ΜΠΟΣΧΟΥ,-0.23909193050344063,-0.7779135495741966,-0.37559340733469876,-0.43306771336891275,-1.4931493579999702,-2.134147521131551,0.4226608431404951,-0.0012121638618328497,-1.9273996702584757,0.1744037712427098,0.7675066793457789,0.6852864915468339,0.6852864915468339,0.62781218551262,0.8553146468980501,-0.2750133717748244,-0.9303801114149586,1.3653991129516991,1.4899267760258292,-1.7461959554006068,-0.7547641763104159,0.23666760277977494,0.8042263748676378,0.8273757481314185,0.8321652736342696,0.48412642042708504,0.829770510882844,1,1,0,0
18900,ΞΕΝΟ,-0.9175238689408748,2.426623992806237,2.7856937148457397,2.6603748267081904,-0.2758200587613673,-0.9189459272459817,0.10351399412590942,0.10475829514287799,0.07133992497286486,-0.07530983774128851,-0.3908290241868912,-0.3766084411358218,-0.5026383584259245,-0.38602957740715527,-0.3490560614743748,-0.20720574553995735,0.15257500565209892,0.12555589785506702,-0.09041920723304976,-0.9203679855510887,-0.9296113645342837,-0.04526885604590437,-0.36736506215262665,-0.34425661469463886,-0.3611435570677838,-0.5095708926633209,-0.4624652113066534,0,1,1,1
18900,ΠΑΤΡΙΣ,0.16819466917733014,-0.6187485107891872,0.5230614993886464,0.4859415380694711,0.037532405333832924,-2.4658377860313525,1.642599532774975,-0.28169926201107504,-0.6811100458054018,0.8200211899420492,0.34637048350937183,0.2186778165714086,0.21570821966587458,0.29291773920975933,0.5720598483299579,-1.667016218442699,-0.710806014860742,1.1333136634758891,1.339700648410504,-2.51186653806713,-0.8021211197059134,0.907624298655303,0.3107353206429635,0.25134338253228294,0.2394649949101468,-0.0723426801709261,0.30628092528466244,1,1,0,0
18900,ΠΡΟΦΗΤΗΣ ΗΛΙΑΣ,-0.9475145406397549,-0.8768735882683544,-0.7029881670464452,-0.29951965061748415,0.9462063748550993,0.8633391038040332,1.5914843051707777,2.129442327076059,1.9922358618931464,-0.7287992842590724,-0.19899214147356795,-0.13242662866205585,-1.5303023977038097,-0.7043466468997414,-0.5807249802497904,0.6419068877167583,1.1445444334363393,1.0725450012116426,-1.4623784050390014,-0.8012515431015343,-0.14012468116406726,0.5210021807733995,0.09036406727851522,0.006138316374152985,-0.31582140885703813,-0.8700811890018735,-0.7070636066063337,0,1,1,1
18900,ΡΕΣΤΗ,-0.29844843884576033,0.6997998024027061,1.0048013751001612,0.8730272149623657,1.9366570088111705,-0.9202472251737214,0.9744697269866022,1.0122157779723646,0.9144804673842298,0.8457287316601626,-0.48380851065084357,-0.6866935346993165,-1.071231429116771,-0.6145716158515204,-0.12319891641186344,-0.012656909953559253,1.0587243050798218,1.0927631546294827,0.46793120349016565,-1.9552304624708317,-2.0462254068115087,0.6148711876847407,-0.8663242951940607,-0.490885895210674,-0.49931135301999596,-0.9364241041676196,-0.49021185858592825,0,1,1,1
18900,ΣΠΙΘΑΡΙ ΓΑΛΗΝΗ,-2.2286234279641413,-0.6775486648816409,-0.5167029074992067,-0.5688690990826989,0.5109710666955888,-1.340928734518383,1.2047814147560345,1.2465143680228283,1.1395736752766694,1.2578170428659181,-1.3565785919934306,-0.692329085830297,-0.9166437096393133,-0.4097622147530478,-0.15067012988837006,0.09190266097486847,1.3534550607689873,1.2647725350770505,1.0482828400055582,0.9694539282793923,0.890625016553226,0.8117961048270602,-0.5662607895035242,-0.5088779787616828,-0.5114862883408575,-0.7488424600457468,-0.5958216314008364,1,1,1,1
18900,ΣΤΕΝΟ,-0.32332357820032087,-0.1133900324349822,0.23161703502433403,0.16814875374644095,-1.5829248527923527,-2.1386791619308267,1.5880481233608439,1.6043220416372268,1.5172565788585786,0.8573491927512543,-0.09548872233096108,-0.02957935331161057,-0.4885038487056067,-0.5080325506372662,-0.36807685346037367,0.10549416838236701,0.9753351002550299,1.0705375221718696,0.30484966726805685,-2.1647174311730395,-0.4742641702137717,1.216189090745496,0.003782179154974256,0.3992383932710773,-0.25741420918097035,-0.8091000387503486,-0.6886730435051157,1,1,1,1
18900,ΣΤΡΟΦΗ,-1.0243344795744205,-1.0755783166944748,-0.8867081741662743,-0.8881722837982758,-0.8266796792542106,-1.8661975179753139,0.9317159887796556,0.9756392777397023,0.03421678436270308,-0.1531892485334958,-0.014098833493348197,0.23772802321091907,-0.5294654239578952,0.5539757037232547,0.8511899590195702,0.9126825635636354,0.9082902346676307,1.6828042299964527,1.6139910772923798,0.9639264006836898,-1.6055860034790372,1.498326416364257,0.39878008273109,-0.6641635101020381,-0.6670917293660412,-0.7812922806621624,-0.5807092610779495,1,1,1,1
18900,ΨΙΛΗ ΑΜΜΟΣ,-1.8807919901988124,-0.16813131929623204,0.027776246276181093,-0.029618548325111817,-0.7367224178130405,-1.8631909198544159,1.6432483983205721,1.6417178704645377,1.5192756419817794,0.3315860256990249,-0.2232303221134732,-0.1734881667923527,-0.8897752034164882,-0.10308388541476673,0.046142580548594825,0.6767200572347996,1.5055008912774692,1.3922418299309178,-0.06635121686993928,-1.8685477673505366,-0.48418532156735167,0.9001771242158333,-0.07170806436605995,-0.006660630484594653,-0.13522497039149076,-0.5614769782970928,-0.42219894339795533,1,1,1,1
18901,ΠΑΛΟΥΚΙΑ,1.7689556268193025,0.1517116136206781,0.31526717131163523,0.011711385612438962,1.8160662861847385,-0.10398440328854343,0.009880229241344277,0.14779959773697582,0.13573061256385174,1.085684597259472,-0.1247097640341151,0.06972574882393877,-1.2576129170781953,-0.2254233644443228,-0.6133788119748832,0.01720485472572302,0.08570674988076511,-0.31281946397384186,-1.265769886367617,-1.323284843296091,-1.3865429724793619,-0.5813335754807262,-0.05138027480982338,3.1092788560801083,-0.445411832117198,-0.32979927759671984,-0.7032719429195314,0,0,1,1
18902,ΣΕΛΗΝΙΑ,-1.1564068064872746,-1.1769486265674227,-0.7610131916112295,-0.5008168039293516,0.042303091523078894,-0.6772433579510504,1.728480578102057,1.4783365704594005,0.450080073114107,-0.12407108245939846,0.08586340502637199,-0.7033212713861322,-0.9740070991089369,-0.8080699851281647,0.22586829223929733,0.2812292257886331,0.42793569969437273,1.2398474961955517,2.181857486537669,2.145290133061661,-0.6588868378794286,0.245535992316035,0.13277451187607225,-0.5694352241970808,-0.9520084123564376,-1.1561154331528043,-0.44705842371960186,1,1,1,1
18902,ΚΑΜΑΤΕΡΟ,-0.8153544387633355,-1.0178564964117605,-0.44254295827213264,-0.26911811915784045,-0.15073230084029973,-2.201714679587168,1.860788138467388,1.861826610557893,0.5035051161776886,-0.04065425924679693,0.01438476154995447,-0.5090051720644362,-0.6824300111787284,-0.9275094245378478,0.18780960066424662,0.27504125626664505,0.4141965163942807,1.1515117006526485,1.626093446013316,1.626093446013316,-1.6689784971582344,0.24388709355150276,0.10577030551437189,-0.02300023370821629,-0.3740038002988195,-0.7042379250793279,-0.04376967551831116,1,1,1,1
18902,ΑΜΠΕΛΑΚΙΑ,1.2821197791120955,-1.0505118094012802,-0.6007665023643315,-0.5325047640630712,0.12842529584340112,-2.2426035204644332,1.6102738647999244,1.6458268534984974,0.5443952636167054,0.6563871780172105,0.12167022799067224,-0.26016887063200195,0.01998868031275342,-0.8787908739871725,-0.02231937623854847,0.2507275769664923,0.23330661250419152,0.8355742410580185,1.7443086321935448,1.335449262159955,-1.6389137723626634,-0.27510112588540264,-0.32700848938531923,-0.12897834233426753,-0.7927526413366257,-1.1009970533532538,-0.5570363262650866,1,1,1,1
18902,ΑΜΠΕΛΑΚΙΑ ΝΤΟΡΟΝΤΟ,-0.8409855176196366,-0.3545116295024938,-0.2942527033160378,-0.30663467445024106,3.1548141448448135,3.3741126113772584,1.0595094740235225,-0.11127468544392244,-0.16135287980892243,-0.1470448242760653,-0.3319489265468345,-0.5396908866873564,-0.5396908866873564,-0.3922078527332905,-0.27939433795499385,-0.3008564212542795,-0.29452785823013117,0.006766772702148966,0.04088598204973137,-0.11732809355397739,-0.9048214576893069,-0.19519693424241144,-0.2227124256517521,-0.21583355279941693,-0.3407538837978235,-0.40679106318024105,-0.33827748957098286,0,1,1,1
18902,ΑΜΠΕΛΑΚΙΑ ΑΓ. ΑΝΝΑ,-1.649205448807668,-0.9916753917796108,-0.8846356150541131,-0.8999270117291842,-0.8387614250288998,-1.3739603086563883,0.9656233826294898,0.9656233826294898,0.9197491926042766,0.9350405892793476,0.8280008125538499,0.2622191355762193,0.1551793588507216,0.03284818545015279,0.7668352258535656,0.5986298624277835,0.69037824247821,-0.1353571779756293,-1.159880755205393,-1.159880755205393,-1.5727484654323125,1.7149018197079737,1.5925706463074047,1.149120142730343,-0.33414533475155356,-0.47176790482719344,-0.10477438462548709,1,1,1,1
18902,ΑΜΠΕΛΑΚΙΑ ΑΓ. ΓΕΩΡΓΙΟΣ,-1.3580726951607371,-0.960946744590269,-0.6167709207625299,-0.047557058278192094,0.7599323745484267,0.6672696527486507,2.0572104797452893,2.1101606064880185,1.938072694574149,0.7466948428627443,0.4157565507206875,-0.669721047505259,-1.2256973783039145,-0.25935756524910847,-0.19316990682069712,0.4951817408347811,-0.5373457306484363,0.6143195260059217,-0.669721047505259,-0.6961961108766235,-1.834623835845299,0.13776838532135974,0.6540321210629684,-0.007844463221145273,-0.6829585791909413,-0.669721047505259,-0.16669484344933255,1,1,1,1
18902,ΑΜΠΕΛΑΚΙΑ ΑΓ. ΠΑΝΤΕΛΕΗΜΟΝΑΣ,-1.8451632525553074,-0.586346391752214,-0.42482813873674585,-0.4171367933550569,0.3519977448138393,0.4673679255391737,1.5851767876779694,1.6902918412277186,1.6210697327925179,1.1775354824484545,-0.0018041427438529446,-0.5504534466376655,-0.5812188281644214,-0.6888976635080668,-0.8683623890808093,-0.8965639888136688,-1.3349706755699395,-0.28638392186634454,-0.4094454479733679,-0.786321371676127,-1.8067065256468626,0.8955194851198592,0.7545114864555617,0.798095776951799,0.813478467715177,0.5442813793560634,0.7852768679823174,1,1,1,1
18902,ΑΜΠΕΛΑΚΙΑ ΑΓ. ΤΡΙΑΔΑ,0.2732481571095979,0.1391081527103407,0.1391081527103407,-1.3364318956814885,-1.3364318956814885,-1.3364318956814885,0.9439481791058838,0.9439481791058838,0.2732481571095979,-1.2022918912822311,1.2122281879043981,0.9439481791058838,0.6756681703073695,0.5415281659081123,0.8098081747066266,-1.2022918912822311,-1.2022918912822311,-1.068151886882974,-1.068151886882974,-1.068151886882974,-1.2022918912822311,1.4805081967029126,1.3463681923036555,1.078088183505141,0.40738816150885504,0.2732481571095979,0.5415281659081123,0,1,0,1
18902,ΑΜΠΕΛΑΚΙΑ ΑΓ. ΧΡΙΣΤΟΦΟΡΟΣ,-0.4763128236238963,-0.4763128236238963,-0.18751683793193388,-0.29581533256641984,1.0398661012589065,1.951378431099163,2.1228510476037656,-1.6134470172859985,-1.017805296796326,-0.4221635763066534,0.17347814418301916,-0.034093970533078846,-0.6838849383399943,-0.7831585584216064,0.13737864597152386,0.03810502588991177,-0.21459146159055537,1.5001347034554717,1.6535575708543266,1.6535575708543266,-0.025069095980205017,-0.27776558346067215,-0.36801432898941044,-0.6207108164698776,-0.9726809240319568,-1.171228164195181,-0.6297356910227514,1,1,1,1
18902,ΑΜΠΕΛΑΚΙΑ ΑΡΧ. ΛΙΜΕΝΑΣ,0.6064234445274475,0.3998186116915978,0.6064234445274475,0.3998186116915978,-0.607379948383169,-0.6332055524876502,0.5289466322140038,0.47729542400504144,0.42564421579607903,0.47729542400504144,0.6322490486319287,-1.769532133084823,-0.736507968905575,-0.7623335730100562,-0.6332055524876502,-0.6848567606966126,-0.7623335730100562,-0.5557287401742066,-0.5299031360697254,-0.5299031360697254,-0.736507968905575,-0.7623335730100562,-0.7881591771145374,-0.5557287401742066,2.491692544154575,2.078482878482876,1.9235292538559887,0,1,0,1
18902,ΑΜΠΕΛΑΚΙΑ ΚΑΛΑΜΙΑ,0.4625313033733427,0.1579375182250438,0.38638285708626796,0.1579375182250438,0.5386797496604174,0.4625313033733427,0.4625313033733427,0.08178907193796904,0.005640625650894314,0.005640625650894314,-0.22280471321032988,-1.9742189778130488,-0.6035469446457036,1.6047579976794637,2.137797121688987,1.9855002291148374,1.6809064439665384,-0.2989531594974046,-0.22280471321032988,-0.22280471321032988,-0.5273984983586288,-0.9081407297940025,-0.9081407297940025,-0.9842891760810772,-1.1365860686552267,-1.1365860686552267,-0.9842891760810772,1,1,1,1
18902,ΑΜΠΕΛΑΚΙΑ ΚΥΝΟΣΟΥΡΑ,-2.139504799013548,-0.8356358565047952,-0.686052421417749,-0.7359135664467644,0.625295692845356,1.014212624071676,1.2859558644798101,0.8596430744817284,0.6626915516171176,0.7649068989265991,0.6826360096287237,-1.5461571731682646,-0.8306497420018937,-0.5987954176169721,-0.18494791387614423,-0.2447812879109627,-0.740899680949666,1.4031295552979963,1.557699104887944,1.5975880209111564,0.8471777882244745,0.14662870056680816,0.04690641050877736,-0.2796840894312735,-1.0051637496034476,-1.1173513259187322,-0.5489342725879567,1,1,1,1
18902,ΑΜΠΕΛΑΚΙΑ ΝΑΥΠΗΓΕΙΑ,-1.5231407555940577,-1.5231407555940577,-1.4059760820868226,-1.2888114085795872,-1.2888114085795872,-1.4059760820868226,0.46865869402894084,0.46865869402894084,0.23432934701447042,0.23432934701447042,0.11716467350723521,-0.11716467350723521,-1.2888114085795872,-1.2888114085795872,0.35149402052170564,0.46865869402894084,0.46865869402894084,0.9373173880578817,1.4059760820868226,1.4059760820868226,-0.35149402052170564,0.46865869402894084,0.46865869402894084,0.585823367536176,1.2888114085795872,1.054482061565117,1.054482061565117,1,1,1,1
18902,ΑΜΠΕΛΑΚΙΑ ΝΕΑ ΠΟΛΙΤΕΙΑ,0.5264056014831506,0.23997524982288929,0.25845462734935776,0.3577812815541258,0.4663476245221281,0.31620268211957175,-0.0395253352649464,1.9285283713039463,1.1038861491852905,-2.7328946097477265,-0.5015097734266583,-0.45300140741967854,-0.9334652231078588,-1.0605109436023297,-0.16888097795022572,0.734298598655921,0.849794708196349,0.8798236966768602,1.2932997688315924,1.2771303134959324,0.5264056014831506,-0.4021831192218902,-0.48072047370938126,-0.5523280616244466,-1.1043994652276923,-1.2591642520118658,-1.069750632365564,1,1,1,1
18902,ΑΜΠΕΛΑΚΙΑ ΝΤΡΕΝΙΑ,-1.9720428382919257,-1.1531729005461,-0.9856767769162719,-0.8926233748997008,0.22401744929915274,0.2984601709124096,2.1781388916471465,1.992032087614004,1.7128718815642907,1.1917728302714925,-0.22263888038038868,-0.2970816019936456,-0.2970816019936456,-0.07375343715387488,-0.2412495607837029,-0.07375343715387488,-0.9856767769162719,-0.4831884060267878,-0.40874568441353093,-0.5017990864301021,-1.6370505910322697,0.4287349337356092,0.3542922121223523,0.4287349337356092,0.577620376962123,0.2984601709124096,0.5403990161554946,1,1,1,1
18902,ΑΜΠΕΛΑΚΙΑ ΟΤΕ,-0.3469443332443554,-0.3469443332443554,-0.3469443332443554,-0.3469443332443554,-0.3469443332443554,-0.3469443332443554,-0.3469443332443554,-0.3469443332443554,-0.3469443332443554,-0.3469443332443554,-0.3469443332443554,-0.3469443332443554,-0.3469443332443554,-0.3469443332443554,-0.3469443332443554,-0.3469443332443554,-0.3469443332443554,2.7755546659548433,2.7755546659548433,2.7755546659548433,-0.3469443332443554,-0.3469443332443554,-0.3469443332443554,-0.3469443332443554,-0.3469443332443554,-0.3469443332443554,-0.3469443332443554,1,1,1,1
18902,ΑΜΠΕΛΑΚΙΑ ΦΟΙΝΙΞ,0.18334373394784587,0.06698387593527748,0.25149736506949305,0.6437963149404379,0.8316343714464411,0.7318973502928111,1.1807139454841464,1.433381065740009,1.155779690195739,-1.4340582924268548,0.33627383305007863,0.3994406131140443,-1.380865214478252,0.1068786843967295,-1.5770146894137245,0.8815028820232562,1.1192094491060744,-0.41175382560214674,-1.5687032709842552,-1.5515263395633523,-1.5343494081424494,-1.5171724767215464,0.6338226128250749,0.7086253786902974,0.30967729407577727,-0.08594622316695526,0.08693128016600349,0,0,0,1
18902,ΚΑΜΑΤΕΡΟ ΜΥΛΟΙ,-1.069390612950089,-1.1848847991486986,-1.069390612950089,-1.127137706049394,-1.069390612950089,-1.8778499163403561,0.6341486334794028,0.6341486334794028,0.3165396214332263,0.3742867145325311,0.2587925283339215,-0.37642549575843137,-1.127137706049394,0.11442479558565949,0.6918957265787076,0.6630221800290551,0.8073899127773171,1.6447227627172367,1.9912053213130656,1.9912053213130656,-0.7517816009039126,0.4897809007311407,0.3454131679828787,0.08555124903600708,-0.43417258885773613,-0.6362874147053029,-0.31867840265912656,1,1,1,1
18903,ΑΓ. ΠΑΡΑΣΚΕΥΗ,-0.9842070734257257,-1.1098505296077332,-0.7957418891527144,-0.2931680644246841,-0.23034633633368037,-0.9213853453347219,2.156879331124463,2.156879331124463,1.2773751378504103,-0.10470288015167281,-0.1675246082426766,-0.48163324869769547,-0.8585636172437181,-0.9213853453347219,0.14658403221234229,0.7119795850313763,0.7748013131223801,0.8376230412133838,0.6491578569403725,-1.2354939857897407,0.20940576030334607,1.654305506396433,0.4606926726673612,-0.4188115206066917,-0.4188115206066917,-0.8585636172437181,-1.2354939857897407,1,1,1,1
18903,ΑΙΑΝΤΕΙΟ ΚΑΚΗ ΒΙΓΛΑ,1.5533939978332394,-0.8075214037980132,-0.5357986162747906,-0.21055990490646076,-0.13460181944888902,-0.4532805143458832,1.2264289663408736,1.5471792453867108,0.8076237042498077,-0.2185009774770251,-0.17706929450016778,-0.42324254418766166,-0.7767929055901774,-0.854822575196592,-0.23783576286622518,0.013861711218183009,0.09983245339516193,0.5552357021157852,2.095803780805263,2.038489952687277,-1.9703706393484752,0.2400096474668625,0.13056095160299777,-0.8983258423222922,-1.0132987625830712,-1.1514043725059289,-0.44499417775051175,1,1,1,1
18903,ΓΙΑΛΑ,-0.9079160962693057,-0.8818034154218644,-0.670472882051874,0.03760585906711629,0.09954756712383758,-0.11421205283661234,1.7841191176076105,1.8078027118645923,1.0122768534890543,-0.34861890881596935,-0.4069169869870012,-0.5878839379762457,-0.8654070809362616,-0.9315996905262873,-0.3492261804635843,0.374034351845779,0.4511578510928731,0.6849574354246152,2.14119484640518,2.14119484640518,-1.1453593104867372,-0.016441317570611104,-0.09660117505577982,-0.8301853253745967,-0.9230978874596786,-1.01965407943045,-0.43849511266297675,1,1,1,1
18903,ΣΑΛΑΜΙΝΑ,-0.758600796603995,-0.758600796603995,-0.5589690080239963,-0.5988953657399961,-0.758600796603995,-1.3974225200599908,0.9981589428999935,0.918306227467994,0.15970543086399897,0.1996317885799987,0.15970543086399897,-0.27948450401199815,-0.27948450401199815,-0.3992635771599974,-1.4373488777759906,0.35933721944399766,0.35933721944399766,2.0761706012319863,2.3955814629599845,2.3955814629599845,-0.31941086172799793,-0.1996317885799987,-0.23955814629599842,-0.5190426503079966,-0.5589690080239963,-0.6388217234559959,-0.31941086172799793,1,1,1,1
18903,ΑΓ. ΑΘΑΝΑΣΙΟΣ,-0.7316582758605239,-0.8876375371967588,-0.6536686451924065,0.0014442524197797715,0.07943388308789719,-0.045349525981090676,-0.216926713450949,1.4988451612476341,1.171288712441541,-0.7628541281277709,-0.8252458326622648,-0.7160603497269005,-0.638070719058783,-0.606874866791536,-0.40410182705443076,-0.35730804865356036,-0.2949163441190664,2.044772575924456,2.668689621269395,-0.6536686451924065,0.43038722109442556,1.5144430873812575,0.8905260420363182,0.266608996691379,-0.8720396110631353,-1.0124209462657465,-0.8876375371967588,1,1,1,1
18903,ΑΙΑΝΤΕΙΟ,-0.81898766471228,-1.3165831663685132,-0.979172517985177,-1.2893176594284457,-0.12303560006705497,-0.6240392900907967,1.5912831487896943,2.3785746616841457,1.4495025127013428,0.07600260059543838,0.27981226497244355,0.03851252855284546,-0.38478446669170374,-0.8844248813684422,-0.19665246880523743,0.272314250563925,0.39909885783523924,1.034385169538814,2.0759275346493955,-1.1938883851382092,-0.2153975048265339,0.7630933754851414,0.1073579335765161,-0.5258834651065535,-0.5926839571097191,-0.8121712879772631,-0.5088425232690112,1,1,1,1
18903,ΑΙΑΝΤΕΙΟ ΚΑΤΣΟΥΛΗ,-0.922903116827638,-1.1579822126233572,-0.9061117528422296,-0.1169176455280296,-0.016169461615578546,-0.16729173748425513,1.6629669369252724,2.5361178641665147,2.0827510365604853,-0.5199103811778338,-0.6206585650902848,-0.5870758371194679,-0.7214067490027359,-0.6710326570465104,-0.35199674132374875,-0.08333491755721259,0.0006219023698299625,1.1424346533776086,1.6125928449690468,-1.090816756681723,-0.08333491755721259,0.9241469215672979,0.10137008628228102,-0.6878240210319189,-0.7214067490027359,-0.5870758371194679,-0.049752189586395566,1,1,1,1
18903,ΑΙΑΝΤΕΙΟ ΜΑΙΝΕΜΕΝΗ,-0.6075229319158977,-0.7206651547314267,-0.4953819677093556,-0.5394373465047828,-0.15445341134928808,-0.7567104646549581,2.1859885871577833,2.1734728545454463,0.9849788856778979,-0.03680552479331765,-0.07084831749887505,-0.45433036474088934,-0.7121544565550373,-0.7096513100325699,-0.029796714530408767,0.3702060997598907,0.44279734891144695,1.4150194582378068,1.871593383935871,-0.28111262538614135,-2.075368052690814,0.6180176054841688,0.0918562064615096,-0.6956336895067521,-0.7021418704651675,-0.7451959906516077,-0.3667202364545284,1,1,1,1
18903,ΚΑΚΗ ΒΙΓΛΑ,-0.6809503221343711,-0.8192461251253048,-0.5349714189772744,-0.15465796075220667,-0.07782695909057682,-0.4389326669002371,1.988926985607266,1.988926985607266,1.2321416192402121,-0.09703470950598428,-0.17386571116761412,-0.34673546490628127,-0.6233270708881488,-0.742415123463675,-0.039411458259761896,0.44462385220850614,0.544504154368625,0.8940852119290408,1.5471487260528944,1.566356476468302,-2.021651301129812,0.13729984556198677,0.05278574373419392,-0.9498588279500756,-1.0343729297778683,-1.164985632602639,-0.4965559181464595,1,1,1,1
18903,ΚΑΤΣΟΥΛΗ,-0.8379712433111932,-0.9351049844861797,-0.4910650248290985,0.09867554659046254,0.16805679028688147,0.01541805415475981,1.833206639000936,1.833206639000936,1.3614141818652874,-0.456374402980889,-0.4216837811326795,-0.49800314919874034,-0.6853325071790715,-0.7547137508754904,-0.3523025374362606,0.23743803398330043,0.31375740204936126,1.7985160171527266,2.3188753448758685,-0.04008694080237535,-1.4068974416218285,0.31375740204936126,-0.10253006012915239,-0.9975481038129568,-0.9975481038129568,-0.8310331189415513,-0.48412690045945656,1,1,1,1
18903,ΠΕΡΑΝΙ,-0.07591546515251865,-0.8384274603499025,-0.1697630953306582,-0.18575985047465926,-0.08231416721011907,-0.24761397036479668,1.1441037271632954,1.3957860080955788,1.2859416227734382,0.6322075625552616,-0.9397402429285758,-0.7787062411456319,-0.776573340459765,-0.36705640877333795,-0.0897793196106529,-0.1495005388149235,-1.2692733988949978,1.760512025378803,1.887419616187878,1.755179773664136,-1.9336719625425083,0.5191638262043208,0.3304021155051083,-0.7979023473184331,-0.7936365459466995,-0.8480255134363032,-0.36705640877333795,1,1,1,1
18903,ΑΓ. ΖΩΝΗ ΚΑΚΗ ΒΙΓΛΑ,-0.42258133177711465,-0.5196851271641963,0.4028009290130796,1.0825274967226515,1.1796312921097332,0.7426642128678655,1.3738388828838966,1.519494575964519,0.9368718036420289,-0.13126994561586963,-0.32547753639003296,-0.6653408202448189,-1.0052041040996047,-1.0052041040996047,-0.03416615022878793,-0.8109965133254414,-0.8109965133254414,0.25714523593245714,1.7137021667386823,1.7137021667386823,-1.539274978728554,-0.42258133177711465,-0.5196851271641963,-1.1023078994866864,-1.1023078994866864,-1.247963592567309,0.7426642128678655,1,1,1,1
18903,ΑΙΑΝΤΕΙΟ  ΝΑΤΟ,1.2354435622774784,1.2354435622774784,1.2354435622774784,1.2354435622774784,1.2354435622774784,1.2354435622774784,1.2354435622774784,1.246634466257999,0.27924298883080134,-0.7988140946259855,-0.7838928893186251,-1.049987717299885,-1.2626148929297705,-1.257641157827317,-0.5886737865473269,-0.2977102830537997,-0.22683455784383794,0.6510296877391973,1.2665294066678126,-0.7814060217673984,-0.3629905562735013,0.05542490922039577,-0.4344879983712698,-1.1494624193489542,-1.1507058531245675,-1.1668704922075415,-0.8348736741187731,0,1,1,1
18903,ΑΙΑΝΤΕΙΟ 16Η ΣΤΑΣΗ,-0.7126289053533166,-0.7126289053533166,0.4191934737372451,2.1169270423730877,2.1169270423730877,1.9282899791913273,-0.9012659685350769,-0.9012659685350769,-0.9012659685350769,-0.7126289053533166,-0.7126289053533166,-0.7126289053533166,-0.5239918421715564,-0.5239918421715564,-0.33535477898979604,0.4191934737372451,0.6078305369190053,0.23055641055548481,-1.0899030317168372,-1.0899030317168372,0.23055641055548481,1.5510158528278066,0.7964676001007657,-0.7126289053533166,-0.7126289053533166,0.23055641055548481,0.6078305369190053,0,1,1,1
18903,ΑΙΑΝΤΕΙΟ 17Η,-0.622050939860219,-0.8301147779690052,-0.13656865093971768,0.8806323353699042,0.9731051523071425,0.8806323353699042,-2.702689320948082,1.5857375645163465,1.2505236031188576,0.0599360850519138,-0.4139871017514327,-0.4486644081028971,-0.6451691440945285,-0.7607601652660765,-0.5411372250401354,-0.1018913445882533,-0.009418527651014955,1.6435330751021204,2.2330472830770147,-0.8069965737346957,-0.17124595729118205,0.4645046591523316,-0.04409583400247934,-0.4139871017514327,-0.4139871017514327,-0.5180190208058258,-0.3908688975171231,1,1,1,1
18903,ΑΙΑΝΤΕΙΟ ΑΓ. ΖΩΝΗ,-1.1453946209341266,-1.328116362530708,-1.0540337501358357,0.08797713484279839,0.17933800564108912,-0.04906417135463771,1.0929467136239965,1.275668455220578,0.8645445366282696,-0.0033837359554923455,-0.14042504215292845,-1.1453946209341266,-0.8713120085392543,-0.6429098315435274,0.27069887643937984,0.4534206180359613,-0.23178591295121917,1.915194550808613,2.0522358570060493,2.0522358570060493,-1.4194772333289987,-0.5058685253460914,-0.5515489607452367,-0.41450765454780064,-0.41450765454780064,-0.5515489607452367,0.2250184410402345,1,1,1,1
18903,ΑΙΑΝΤΕΙΟ ΑΓ. ΠΑΡΑΣΚΕΥΗ,-0.8970061392577897,-0.9904309995642044,-0.7593273977535995,-1.0051822932967962,-0.23319792129115818,-0.6560683416254568,2.0434184114388447,2.0434184114388447,0.8633149128314997,-0.4347989356365796,-0.4593844251908993,-0.6806538311797764,-0.8822548455251978,-0.9560113141881569,-0.1545243547173352,0.31751704472560277,0.39619061129942573,1.4336982704917165,2.318775894447225,-0.19877823591511062,0.3543952790570823,0.9075687940292751,0.1503357157562289,-0.7642444956644634,-0.7642444956644634,-0.7249077123775519,-0.26761760666720574,1,1,1,1
18903,ΑΙΑΝΤΕΙΟ ΑΓ. ΧΑΡΑΛΑΜΠΟΣ,-1.2707421052083931,-1.2707421052083931,-0.9434176999412327,0.04392148971708696,0.33368407798637645,-0.14388759527226733,1.744935202334953,1.8898164964695976,1.1493121042258578,-0.1546195429859447,-0.49804186982362114,-0.6321912162445885,-0.7770725103792332,-0.8521961443749749,-0.18681538612697687,0.4088077119821181,0.5053952414052146,1.0366266532322455,2.6678827057112082,-0.5034078436804598,0.054653437430764354,0.6127147185419886,-0.05803201356284822,-0.8146343273771041,-0.8146343273771041,-0.8843919875160071,-0.6429231639582659,1,1,1,1
18903,ΑΙΑΝΤΕΙΟ ΒΕΡΔΗ,-1.0625532141337073,-1.0625532141337073,-0.5625281721884332,-0.43752191170211474,-0.43752191170211474,-0.5208594186929938,-0.5208594186929938,2.4792908329786503,2.854309614437606,-0.43752191170211474,-0.47919066519755427,-0.47919066519755427,-1.1042219676291467,-1.1042219676291467,0.14584063723403826,0.5208594186929938,0.6041969256838727,0.8958782001519493,1.0625532141337073,-0.06250313024315925,0.416687534954395,0.8958782001519493,0.5625281721884332,-0.6458656791793123,-0.6458656791793123,-0.5208594186929938,-0.35418440471123575,1,1,1,1
18903,ΑΙΑΝΤΕΙΟ ΖΑΡΜΠΑΛΑ,-0.7457454002775024,-0.44859523410350827,-0.2519894129495941,-0.34741047924253615,-0.2699208884945765,-0.34228720051539835,0.9872036291768682,2.129694785328604,1.9087533902207852,1.3048469102594136,0.5030537894623434,-0.882152696387547,-0.8853547455920082,-0.5773176121228463,-0.22829424883658167,-0.276965396744391,-0.5427354807146659,1.1050390399010384,1.3279016645315338,0.041318294179046575,-2.3743076256664395,0.9788783012452692,0.41787928062367696,-0.5773176121228463,-0.6208654813035178,-0.862299991319888,-0.4710095785347363,1,1,1,1
18903,ΑΙΑΝΤΕΙΟ ΝΑΤΟ,-1.208528043979559,-1.0791580878430238,-1.2597274612491416,-0.756418903982975,0.022543658761392017,-1.378126113685052,2.0312065112841315,2.0024068390699914,0.9724757041738301,-0.1173404634215753,-0.105454884412565,-0.4327654448145408,-0.6910482194334183,-0.753218940403626,-0.05699829306813842,0.2890549111557382,0.3823109926110498,1.4172706417033307,2.0778345520117876,-0.13882593316863237,0.319454565159553,0.7777350634877385,0.14917078897277092,-0.7198478916475587,-0.7417904990488084,-0.7244192681894858,-0.27779578004321426,1,1,1,1
18903,ΑΙΑΝΤΕΙΟ ΥΠΑΠΑΝΤΗ,-2.3833479273854383,-0.16224132583352435,0.08454829656113273,-0.03884651463619582,-0.03884651463619582,-0.6558205706228386,1.0717067861397611,1.0717067861397611,0.4547327301531184,-0.2856361370308529,-0.2856361370308529,-0.5324257594255101,-0.6558205706228386,-0.7792153818201671,-0.5324257594255101,-0.16224132583352435,-0.03884651463619582,2.9226289540996895,1.935470464521061,-0.6558205706228386,0.2696405133571256,1.1951015973370898,-0.03884651463619582,-0.6558205706228386,-0.6558205706228386,-0.6558205706228386,0.20794310775846128,1,1,1,1
18903,ΑΙΑΣ ΚΛΑΜΠ,-0.15242694941761584,-0.05804098619979102,0.16219292797513354,0.09327619292719798,0.16668749765217283,0.10376352217362295,0.547227730308165,1.097063420799303,0.9966846980120927,1.0985616106916496,0.36145218365720816,-1.0768101129953604,-1.0768101129953604,-0.7397173872174146,-0.3726608635925404,-0.4280938896093582,-1.3674589521105671,1.708324896876645,1.835671037726091,1.6963393777378735,-2.0191715552812624,0.6191408451407934,0.3929141713964831,-0.8595725786051287,-0.8715580977439001,-0.97643139020815,-0.8805472370979787,1,1,1,1
18903,ΔΕΗ ΧΑΛΙΩΤΗ,-0.35275424543590794,-0.40445511512700133,-0.004533681928249538,-0.021260433887132692,0.08670314693838585,-0.004533681928249538,0.3345631986927453,0.795309184469254,0.7785824325103708,0.9078346067381043,0.5079131735393525,-1.1510764980189676,-1.1510764980189676,-1.102416855956762,-0.5413103584269544,-0.6142998215202626,0.399949592713834,2.09999583726214,2.2611809015931956,0.8682986475625623,0.7580541460153779,0.6478096444681934,0.19770795539279223,-1.4308694398766493,-1.438472508948869,-1.5327505654443923,-0.8940927633779445,1,1,1,1
18903,ΔΗΜΗΤΡΑΝΙ,-0.8875740614253077,-0.9776808935562732,-0.7661257224661803,0.11143646872235355,0.17020179402515714,-0.010011870236773898,2.1016221523106355,2.1016221523106355,1.325919858313628,-0.370439198760636,-0.39786301723527767,-0.5388997979620064,-0.8366441128295445,-0.891491749778828,-0.4370399007704801,0.13102491048995474,0.1937079241462786,0.3504154582870882,1.9018200462811032,1.9018200462811032,-1.0168577770914757,-0.10011870236773943,-0.14713096260998232,-0.7857141642337815,-0.828808736122504,-0.9149978798999494,-0.3821922638211967,1,1,1,1
18903,ΚΑΚΗ ΒΙΓΛΑ ΛΙΜΝΙΩΝΑΣ,-0.9408011200355565,-0.8616483224176079,-0.2647934430822663,-0.14713387905558611,-0.5771261039530903,0.7599143963500943,2.096954896653279,1.8466609149965227,0.49892409069091265,0.5866339475108016,0.41335349867150883,-0.5471763967462989,-0.5471763967462989,-0.6220506647632773,-0.5878224279555158,-0.23270447107498993,-0.18991917506528802,-1.0242324472544753,2.12690460386007,2.12690460386007,-0.9236870016316757,0.04967848258904266,-0.025195785427935675,-0.6669752255734642,-0.8680661168190632,-0.9964220048481689,-0.4829984527317461,1,1,1,1
18903,ΚΑΚΗ ΒΙΓΛΑ ΠΑΡΑΛΙΑ,-1.0560806736190842,-0.48251961811906424,-0.0728331499047642,0.25491602466667584,0.33685331830953585,0.17297873102381583,0.5826651992381159,1.483975429309576,-0.7283314990476443,-1.3838298481905242,-1.3838298481905242,-1.3018925545476643,-1.2199552609048043,-0.5644569117619243,-0.0728331499047642,1.074288961095276,1.2381635483809958,1.074288961095276,0.9923516674524159,0.9923516674524159,-2.5309519591905643,0.17297873102381583,0.09104143738095583,0.8284770801666959,0.9104143738095559,0.5007279055952558,0.09104143738095583,1,1,0,1
18903,ΚΑΚΗ ΒΙΓΛΑ ΠΟΡΤΟ-ΦΙΝΟ,-0.9775093055508365,-0.9399899940283514,-0.43139488227910866,-0.47725181858436827,-0.8190944346781216,0.5607824668710534,1.9406593684202282,1.6946994373283815,0.29397847382227027,0.37318590925862777,0.2689655994739469,-0.9441588064197386,-0.9441588064197386,-0.9566652435939003,-0.1770973264044873,-0.20627901314419794,-0.08955226618535536,1.4862588177590197,1.8531143082010963,1.8614519329838708,-0.9941845551163855,0.44405571991221077,0.36067947208446605,-0.6565107514140194,-0.8857954329403173,-0.9983533675077727,-0.6398355018484704,1,1,1,1
18903,ΚΑΚΗ ΒΙΓΛΑ ΧΑΡΟΥΠΙΑ,-0.8845026454386766,-0.8631321117233797,-0.4326685040295424,-0.4784625048480357,-0.8142851775169868,0.6953903827993433,2.2050659431156734,1.762390601870238,0.12296537256817669,0.19928870726566558,0.13823003950767446,-0.6555326413462099,-0.6555326413462099,-0.7501735763710962,-0.3502393025562544,-0.08768703119689263,-0.023575430051001968,1.6005851323115614,1.9119843378773163,1.9119843378773163,-0.9028202457660739,-0.27086303447086596,-0.3288687688409575,-0.744067709595297,-0.8509203781717815,-0.9608259801361655,-0.4937271717875335,1,1,1,1
18903,ΚΑΜΠΟΛΙ,-0.6991215313515823,-0.126288473268198,0.523877047656443,0.40931043603976625,0.523877047656443,0.47805040300977236,-0.8996131016807667,0.6670853121772892,0.747281940308963,0.8647127172160567,0.1859055433872464,-1.4294836804078972,-1.4294836804078972,-1.143067151366205,-0.3697425229536363,-0.45566748166614396,-0.7649973330311715,1.4948290811077793,1.6409015109190423,0.5324695435276938,1.0523155437383651,1.5721615439490362,1.1568575768385827,-1.2977320770487188,-1.2948679117583017,-1.3321020605337217,-0.6074682420582408,1,1,1,1
18903,ΚΑΝΑΚΙΑ,-0.6627404772978617,-0.9639644480982925,-0.055543509130326414,-0.1172808544970814,-0.024335620263615104,-0.08132393906369662,-0.3676223977974395,2.6893938464069334,1.7142603913833165,0.7391269363596996,-0.2360065186639179,-0.43275190499753263,-1.1227176218985195,-1.0338429818650592,-0.6220345352978034,-0.25432419256394406,0.6656300966373718,1.700917888172186,1.8304984702057048,-0.39611655719748023,0.09744298955322576,0.5910025363039317,-0.01619443186360346,-1.0487684939317472,-1.0555528175984235,-1.0257017934650474,-0.5114500595309786,1,1,1,1
18903,ΚΟΛΩΝΕΣ,-0.9391576944418244,-0.3821671393943699,0.3955177865209439,0.31985114508053497,0.4133835213054849,0.32195299623165746,-0.15937091737538814,0.8348046771055401,1.1826610426163089,1.249920279452228,-0.5250930176706979,-1.0232317404867233,-1.1419863305251428,-1.048453954300193,-0.6806300028537606,-0.7352781327829448,1.501091492011363,1.8163691646797335,1.957193191804939,0.1485502762640537,0.44648767693566377,0.7444250776072739,0.022439207196705502,-1.331152934126165,-1.3448149666084612,-1.3364075620039713,-0.7069031422427915,1,1,1,1
18903,ΚΥΡΙΖΑ,-0.71106963168188,-0.831650833010287,-0.5022582830400044,0.13593978252741806,0.2241699298408866,0.038886620482602656,1.7887845421997288,1.9564218220953191,1.4270409382145077,0.30651806733345727,0.038886620482602656,-0.5110812977713513,-0.8492968624729808,-0.9845830883536325,-0.5140223026818003,-0.022874482636825327,-0.2787419098458841,0.8506039757665133,1.8446636354982588,1.8446636354982588,-1.2169224762790996,-0.09051759557715121,-0.1581607085174771,-0.9316449999655514,-1.1581023780701205,-1.258096545025385,-0.4375561750101275,1,1,1,1
18903,ΠΕΡΙΣΤΕΡΙΑ,-1.371858733001831,-0.8799602621811109,-0.06590293371020063,-0.13749379096579842,-0.05435602124962034,-0.13749379096579842,0.07035063332464676,0.4617909657383185,0.3636422098233861,0.46410034823043456,0.3243827074574131,-1.2425333134433318,-1.3937978666769337,-0.644403247985273,0.02531767472838364,-0.06012947747991049,1.32203594405155,2.0748946364813845,2.2342420284373925,0.48026602567524695,0.8128171045399593,1.1453681834046716,0.4490893620316802,-1.2921850370238273,-1.2979584932541173,-1.3522289818188447,-0.2979958741678644,1,1,1,1
18903,ΣΑΤΕΡΛΙ,-0.9954831416237584,-0.6399172693230163,-0.45392896688878204,-0.48128018783499293,-0.45392896688878204,-0.48128018783499293,-0.44845872269953985,-1.427632432573891,-0.5359826297274148,-0.5031611645919617,-0.5359826297274148,-0.8259055717572507,-1.132239246354813,-0.4976909204027195,0.24626228933421773,0.19155984744179588,1.969389208945506,2.4617111859773027,2.5929970465191152,0.3775481498760302,0.5772120627833699,0.7768759756907098,0.6072984058242019,-0.23511919931909459,-0.23511919931909459,-0.20776797837288366,0.2900242428481552,1,1,1,1
19001,ΚΕΡΑΤΕΑ,-0.48724288897765206,-0.48724288897765206,-0.48724288897765206,-0.48724288897765206,-0.4872177300884547,-0.48724288897765206,-0.48724288897765206,-0.48724288897765206,-0.48724288897765206,-0.48724288897765206,-0.48724288897765206,-0.3366920960208071,1.8463447196318397,-0.48724288897765206,-0.48724288897765206,-0.48724288897765206,-0.48724288897765206,-0.4732545465839345,-0.45926620419021696,-0.4452778617964994,-0.4312895194027819,-0.41730117700906433,-0.4033128346153468,2.107166923940598,2.107166923940598,2.107166923940598,2.107166923940598,1,1,1,1
19001,ΧΑΡΑΚΑΣ,-1.119639113109028,-1.2386618768366344,-1.0341868724840797,0.2384411396803287,0.3208415145686717,0.14993703331877514,2.0665087159069007,2.084819910326533,1.7857370681392137,-0.4055025307433887,-0.4695917112120999,-0.5947182064129171,-0.8312378009998275,-1.0677573955867379,-0.9182159744930783,0.8640736156844143,0.9708889164655997,0.5436277133408582,0.4932719286868709,0.44291614403288354,0.39256035937889616,0.3422045747249088,0.18045569068482809,0.22318181099730222,-1.1806764278411337,-1.296647325832135,-0.9426309003859207,1,1,1,1
19002,ΠΑΙΑΝΙΑ,-0.8471673900279549,-0.8471673900279549,-0.8471673900279549,-0.6716578522571243,1.353787090684752,-0.8471673900279549,-0.8471673900279549,-0.8471673900279549,-0.7699124621667673,1.5223820990006036,-0.8471673900279549,-0.7419982506633327,0.4517397727740677,-0.8471673900279549,-0.7072548742660913,1.2516910755223427,-0.8471673900279549,-0.609085628917621,2.403088276618142,1.6088137171878438,0.8145391577575454,0.02026459832724704,-0.7740099611030513,0.6180299379382593,0.6180299379382593,0.6180299379382593,0.6180299379382593,1,1,1,1
19003,ΠΑΡΑΛΙΑ,5.003689064310952,-0.19353456923623166,-0.191081548729182,-0.18999131739271552,-0.1898096121699711,-0.19017302261545993,-0.18808341255389915,-0.18808341255389915,-0.18844682299938798,-0.19044558044957657,-0.1940796849044649,-0.19435224273858154,-0.19439766904426764,-0.19444309534995374,-0.1964418528001423,-0.1930803061793706,-0.1929894535679984,-0.19335286401348722,-0.19494278471250087,-0.19653270541151452,-0.19439766904426764,-0.19226263267702073,-0.19244433789976514,-0.19226263267702073,-0.19262604312250955,-0.1928986009566262,-0.19253519051113735,1,1,0,1
19003,ΚΟΥΒΑΡΑΣ ΑΝΑΤΟΛΙΚΗΣ ΑΤΤΙΚΗΣ,-0.6523061687113134,-0.6523061687113134,-0.6523061687113134,-0.4633809722253224,2.276694115602927,-0.6523061687113134,-0.6523061687113134,-0.6523061687113134,-0.5709783698430582,1.8702950262730618,-0.6523061687113134,-0.5292348978575822,1.2548187194987,-0.6523061687113134,-0.4722574576475213,2.0475848297056296,-0.6523061687113134,-0.6431897782777036,-0.634073387844094,-0.6249569974104842,-0.6158406069768745,-0.6067242165432648,-0.597607826109655,1.0449018345142655,1.0449018345142655,1.0449018345142655,1.0449018345142655,1,1,1,1
19003,ΜΑΡΚΟΠΟΥΛΟ ΜΕΣΟΓΑΙΑΣ ΑΝΑΤΟΛΙΚΗΣ ΑΤΤΙΚΗΣ,-0.24786712429759827,-0.24786712429759827,-0.24786712429759827,-0.24786712429759827,-0.24786712429759827,-0.24786712429759827,-0.24786712429759827,-0.24786712429759827,-0.24786712429759827,-0.24786712429759827,-0.24786712429759827,-0.24786712429759827,4.986421869249449,-0.24786712429759827,-0.24786712429759827,-0.24786712429759827,-0.24786712429759827,-0.21982629040359625,-0.1917854565095942,-0.16374462261559217,-0.1357037887215901,-0.10766295482758809,-0.07962212093358605,-0.051581287039584006,-0.023540453145581963,-0.023540453145581963,-0.023540453145581963,1,1,1,1
19005,ΝΕΑ ΜΑΚΡΗ,3.857039324073942,-0.43809606750693314,2.2402753648346176,1.4190704772471154,0.5753446840690359,-0.26838110910904356,-0.07474442324173722,-0.43809606750693314,-0.43755728986122555,-0.41977762755287523,-0.43809606750693314,-0.4366952456280934,-0.4170837393243373,-0.43809606750693314,-0.43809606750693314,-0.43809606750693314,-0.43809606750693314,-0.43809606750693314,-0.43809606750693314,-0.43809606750693314,-0.43809606750693314,-0.43809606750693314,0.41252607953620346,-0.012731116220794078,-0.4379883119777916,-0.43809606750693314,-0.30404818925488575,0,1,1,1
19006,ΑΓ. ΠΑΝΤΕΛΕΗΜΟΝΑΣ,-0.8995377391068365,0.49186580971522703,-0.936403483282413,-0.9284802949249622,-0.9259265399998335,-0.946683983878444,-0.3129598770734211,0.4510712118086834,2.195875153731254,2.481699262659124,-0.346355133786643,-0.3020245675222288,1.2975427481455846,-0.5616563182436501,-0.2925953185679073,1.6372576340832226,-0.3827625116936065,0.03441627363960295,1.7779105976518512,0.003181886478413041,-0.6877725230077,-0.37988135229089715,-0.39009637199141206,-0.35964775557641565,-0.58529492152497,-0.621964223013998,-0.5107776624276238,1,1,1,1
19006,ΝΕΑ ΠΕΡΑΜΟΣ,-0.7850995492209178,-0.7375155690799945,-0.5652083614889493,-0.3068362159038862,-0.15025241044636345,-1.527882523694014,1.1316186371760748,1.1284857788562377,0.7304945511682418,0.5309373872480467,-0.4358745123605764,-0.9032023968253461,-0.06832520985590419,-0.7769422954824738,-0.1931075478403627,0.7810340580259927,-0.10343686725181529,0.6130419194415156,2.823716793094175,1.2462930737889832,-2.466498698424102,0.4016035381196738,0.22173018213355006,-0.01719459765478784,-0.17413306631832992,-0.4450366451827417,0.04759054797807172,1,1,1,1
19007,ΜΑΡΑΘΩΝΑΣ ΑΝΑΤΟΛΙΚΗΣ ΑΤΤΙΚΗΣ,-0.45924118904137085,-0.45924118904137085,-0.45626988734336443,1.827850763415033,-0.42817758038039455,-0.45005716561116915,0.4116203268106955,0.20011766957987415,1.2743782925772897,-0.45599976900718203,-0.45599976900718203,-0.45708024235191164,-0.45978142571373565,-0.45897107070518844,-0.4541089406539052,-0.41089000686472077,-0.45572965067099963,2.9734226271646027,-0.42682698869948255,-0.45221811230062836,-0.45221811230062836,-0.45654000567954683,2.777586833432361,-0.45059740228353395,-0.45329858564535797,-0.45599976900718203,-0.45572965067099963,1,1,1,1
19009,ΠΑΛΑΙΑ ΠΕΝΤΕΛΗ,-0.4181581788003958,-0.6206742474570897,-0.4181581788003958,-0.4181581788003958,-0.31690014447204884,-0.31690014447204884,-0.21564211014370185,-0.4181581788003958,-0.5194162131287428,-0.4181581788003958,-0.4181581788003958,-0.31690014447204884,-0.31690014447204884,-0.21564211014370185,-0.11438407581535491,-0.11438407581535491,3.0246149883634006,1.9107766107515842,-0.06375505865118143,-2.038286728053947,-0.11438407581535491,1.8095185764232373,1.8095185764232373,-0.31690014447204884,-0.31690014447204884,-0.21564211014370185,0.088131992841339,0,1,1,1
19009,ΠΕΝΤΕΛΗ,-1.0745979424784025,-0.5984358344874253,0.025865595989633457,-0.06936682560856196,1.0099339525043194,1.2109801758782874,1.3591194983643693,0.9887711921491649,0.7771435885976195,0.8935387705509694,-0.19634338773948917,-0.42913375164618905,-0.42913375164618905,-0.9264586199923207,-0.8947144794595888,-0.9476213803474752,1.4014450190746783,1.390863638897101,-0.6354706651089458,-2.6618049691149928,-0.5719823840434822,1.5178402010280283,0.36446976167210604,-0.23866890844979824,-0.23866890844979824,-0.4397151318237663,-0.5878544543098481,0,0,1,1
19009,ΑΓ. ΑΝΔΡΕΑΣ,-0.6994342577195449,-0.6994342577195449,-0.6994342577195449,-0.6199438720362617,0.5321034026775281,-0.6994342577195449,-0.6994342577195449,-0.6994342577195449,-0.6656351960904323,0.34921292475110766,-0.6994342577195449,-0.6573732032477604,-0.047237549987409325,-0.6387211284968797,-0.29334479133124397,0.0005818631322981239,-0.6994342577195449,-0.43705339410984123,3.3683454001990243,2.3597876602717913,1.3512299203445586,0.34267218041732567,-0.6658855595099072,0.329183851193115,0.329183851193115,0.329183851193115,0.329183851193115,1,1,1,1
19009,ΡΑΦΗΝΑ,-0.4678196435114913,-0.4678196435114913,-0.4678196435114913,-0.4678196435114913,-0.4678196435114913,-0.4678196435114913,-0.4678196435114913,-0.4678196435114913,-0.4678196435114913,-0.4678196435114913,-0.4678196435114913,-0.4678196435114913,-0.4678196435114913,-0.4678196435114913,-0.4678196435114913,-0.4678196435114913,-0.4678196435114913,-0.4678196435114913,-0.4678196435114913,-0.4678196435114913,-0.4678196435114913,-0.4678196435114913,2.058406431450562,2.058406431450562,2.058406431450562,2.058406431450562,2.058406431450562,0,1,1,1
19010,ΑΓ. ΔΗΜΗΤΡΙΟΣ,-0.8778674488378809,-0.9393305008070819,-0.761526671896179,0.22554067460920457,0.2840769145798722,0.10700478866860254,2.253821389592839,2.253821389592839,1.9106526827648,-1.5451805845034923,-0.8537212498499805,-0.9254281438140484,-0.6225031019658432,-0.31957806011763806,-1.5144490585188917,0.605294531418911,0.6828550493800457,0.5101731414665761,0.4382833217525999,0.36639350203862364,0.2945036823246474,0.22261386261067118,0.16627273163890355,0.12676076965870287,-0.6678686879431107,-0.7527462359005788,-0.6678686879431107,1,1,1,1
19010,ΠΑΡΑΛΙΑ,-0.5028170739155898,-0.6244234939947347,-0.3393461485632967,-0.1519526487692046,-0.034333324430359566,-0.26957197310804965,1.3910534027268304,1.3910534027268304,1.1797373284909394,0.24077628165032885,0.16701501045478195,-0.5127848132663394,-3.130313166773179,-0.18384941469160326,-0.901526647945573,0.7770406587206563,1.0581309084117945,0.545789105783266,0.5418020100429661,0.5378149143026664,0.5338278185623665,0.5298407228220666,0.4142149463533715,0.5298407228220666,-2.1714166412310694,-0.6423654248260839,-0.3732364623558453,1,1,1,0
19010,ΚΙΤΕΖΑ,-0.6102484614437476,-0.6128088118724715,-0.2144609576701785,-0.10457925177077795,3.2102211032837604,-0.43379764439752566,0.22165206535579188,0.23978788089258615,0.7407631147795619,2.4344349233804197,0.05864308806037046,-0.03971704090977257,-0.821050646742015,-0.5904057456211373,-0.45193345993431994,2.006429676712075,-0.012193273800990681,-0.16965482516751032,-0.8086756196698496,-0.6868456117697375,-0.5650156038696253,-0.4431855959695133,-0.23131659799261084,-0.4446791337196022,-0.5827246943349657,-0.6083281986222047,-0.4803106771860098,1,1,1,1
19010,ΛΑΓΟΝΗΣΙ,-0.06777148487936348,-0.31174883044507234,-0.06777148487936348,-0.39307461230030866,-0.31174883044507234,-0.4744003941555449,2.2093504070672525,2.2093504070672525,1.9653730615015437,0.0948800788311091,0.013554296975872812,-0.23042304858983606,-0.23042304858983606,-0.23042304858983606,-0.06777148487936348,-2.2635675949707434,1.3960925885148898,0.908137897383472,0.44051465171586335,-0.027108593951745332,-0.494731839619354,-0.9623550852869627,-0.9623550852869627,-0.9623550852869627,-0.31174883044507234,-0.5557261760107812,-0.31174883044507234,1,1,1,1
19012,ΒΙΛΙΑ ΔΥΤΙΚΗΣ ΑΤΤΙΚΗΣ,2.8694338758894147,-0.42115696631691324,-0.42115696631691324,-0.21929425854429696,2.7081363037872643,-0.42115696631691324,-0.42115696631691324,-0.42115696631691324,-0.42115696631691324,-0.42115696631691324,-0.42115696631691324,-0.42115696631691324,-0.42115696631691324,-0.42115696631691324,-0.23590550104436914,2.35737427012632,-0.42115696631691324,-0.4156466346663257,-0.41013630301573817,-0.4046259713651506,-0.39911563971456304,-0.39360530806397553,-0.38809497641338797,-0.3825846447628004,-0.37707431311221284,-0.3715639814616253,1.1165866781644065,0,1,1,1
19012,ΚΑΖΑ,2.9965918766495214,-0.2754220474861692,-0.2754220474861692,-0.2754220474861692,-0.2754220474861692,-0.2754220474861692,-0.2754220474861692,-0.2754220474861692,-0.2754220474861692,-0.2754220474861692,-0.2754220474861692,-0.2754220474861692,3.8889593105047098,-0.2754220474861692,-0.2754220474861692,-0.2754220474861692,-0.2754220474861692,-0.2754220474861692,-0.2754220474861692,-0.2754220474861692,-0.2754220474861692,-0.2754220474861692,-0.2754220474861692,-0.2754220474861692,-0.2754220474861692,-0.2754220474861692,-0.2754220474861692,1,1,1,1
19013,ΑΓ. ΜΑΡΙΝΑ,1.0639691819976815,-0.5702499190130011,-0.5669262674980581,-0.3713734650984483,2.3469664963884616,-0.5596006682406325,-0.5496297136958033,-0.5497653729413111,-0.44422247993618014,2.3332649125921656,-0.5610929199412192,-0.44632519824155226,1.2184172330084035,-0.5752014814740387,-0.3780885977510884,2.501889354758461,-0.5581762461627998,-0.2510437143329583,-0.32862384535777744,-0.40620397638259664,-0.4837841074074158,-0.5613642384322349,-0.5140869913727386,0.9211878261006372,-0.5808313401626158,-0.5652305269292095,-0.5638739344741307,1,1,1,1
19013,ΠΑΡΑΛΙΑ,-0.18699317075483818,0.19311406014124877,0.5236420870074113,0.49058928432079507,0.6062740937239519,0.6062740937239519,1.9283862011886022,1.9283862011886022,1.7465957864122128,0.044376448051475614,-0.021729157321756894,-0.23657237478476256,-0.4927315956060385,-0.7488908164273145,-2.269319740011662,0.3914308762609463,0.5236420870074113,0.42448367894756256,-2.104055726578581,-1.476052475532872,-0.8480492244871632,-0.22004597344145443,-0.3026779801579951,-0.22004597344145443,-0.021729157321756894,-0.23657237478476256,-0.021729157321756894,0,1,1,1
19013,ΚΙΤΕΖΑ,-0.9549083059361138,-0.9915247082230303,-0.27750486362815874,0.7386002998337738,0.820987204979336,0.6653674952599409,2.331413799314641,2.331413799314641,2.011020279304122,0.22597066781694303,0.15273786324311003,-0.02119004761974329,-0.2912360144857524,-0.5612819813517615,-0.6894393893559693,-1.2203772225162584,0.4273608803949837,0.20766246667348479,-1.577387144813694,-1.055603412225134,-0.5338196796365742,-0.012035947048014169,-0.0669605504783889,-0.030344148191472412,-0.5063573779213868,-0.6162065847821363,-0.5063573779213868,0,1,1,1
19013,ΠΑΛΑΙΑ ΦΩΚΑΙΑ ΑΝΑΤΟΛΙΚΗΣ ΑΤΤΙΚΗΣ,1.3858038369268872,-0.5396882918476655,-0.5396882918476655,-0.5396882918476655,-0.5396882918476655,-0.5396882918476655,-0.5396882918476655,-0.5396882918476655,-0.5396882918476655,-0.5396882918476655,-0.5396882918476655,-0.40894391438957783,1.4862344978372328,-0.5396882918476655,-0.5396882918476655,-0.5396882918476655,-0.5396882918476655,-0.5259812200173822,-0.5122741481870988,-0.4985670763568154,-0.484860004526532,-0.47115293269624864,-0.4574458608659652,2.0107057270357043,2.0107057270357043,2.0107057270357043,2.0107057270357043,0,1,1,1
19013,ΑΝΑΒΥΣΣΟΣ,0.76095054032254,-0.6936359916339625,-0.6936359916339625,-0.5152788608878617,2.0708322303529605,-0.6936359916339625,-0.6936359916339625,-0.6936359916339625,-0.602640202664631,2.125214329086111,-0.6936359916339625,-0.5973904456087081,0.7974296214034405,-0.6936359916339625,-0.5055870017076962,2.1276372938811527,-0.6936359916339625,-0.6847069176670508,-0.675777843700139,-0.6668487697332274,-0.6579196957663157,-0.6489906217994039,-0.6400615478324923,0.9655564563482556,0.9655564563482556,0.9655564563482556,0.9655564563482556,1,1,1,1
19013,ΚΟΡΩΠΙ,0.6424273053749859,0.3991234515567563,0.7843545534356199,1.8589465744661338,1.9603231802237295,1.6359180417994235,1.1695856553144834,1.1695856553144834,0.9871077649508112,0.30788450637492026,-0.3713387522009707,-0.5335413214131237,-0.46257769738280674,-0.39161407335248977,-1.8311618751103482,-0.8376711386859107,-1.3648294886254082,-1.4053801309284464,-1.08604382279202,-0.7667075146555937,-0.4473712065191674,-0.12803489838274107,-0.20913618298881761,-0.16858554068577933,-0.24968682529185587,-0.4118893945040089,-0.24968682529185587,0,1,1,1
19013,ΛΥΚΟΥΡΙΖΑ,-0.9642712609883348,-0.5319503819843397,0.04447745668765372,1.9659035855942986,1.773760972703634,1.1492974808089746,0.9571548679183101,0.9571548679183101,0.9091192146956439,-1.012306914211001,-1.060342567433667,-1.2524851803243315,-0.9882890875996679,-0.7240929948750042,-0.4358790755390075,1.1012618275863084,1.1973331340316407,0.7650122550276456,0.5128250756086484,0.2606378961896513,0.008450716770654124,-0.24373646264834303,-0.29177211587100915,-0.4358790755390075,-1.3005208335469978,-1.2524851803243315,-1.1083782206563333,1,1,1,1
19013,ΣΑΡΩΝΙΔΑ ΑΝΑΤΟΛΙΚΗΣ ΑΤΤΙΚΗΣ,-0.018164986074702266,-0.20680137992737985,0.1327441290074398,1.038198819500292,1.1136533770413632,0.7741078681065435,1.4154716072056472,1.4154716072056472,1.2268352133529696,-1.1122560704202322,-1.1122560704202322,-1.1499833491907676,-1.206574267346571,-1.2631651855023742,-0.4331650525505929,1.1891079345824342,1.3022897708940406,-0.03702862545997002,-1.3763470218139808,-0.6846802443541631,0.006986533105654656,0.6986533105654725,0.6231987530244015,0.660926031794937,-1.3386197430434452,-1.3386197430434452,-0.3199832162389864,0,1,1,1
19016,ΑΡΤΕΜΙΣ ΑΝΑΤΟΛΙΚΗΣ ΑΤΤΙΚΗΣ,-0.6449424587172148,-0.6449424587172148,-0.6449424587172148,-0.6449424587172148,-0.6449424587172148,-0.6449424587172148,-0.6449424587172148,-0.6449424587172148,-0.6449424587172148,-0.6449424587172148,-0.6449424587172148,-0.6449424587172148,-0.6449424587172148,-0.6449424587172148,-0.6449424587172148,-0.6449424587172148,-0.6449424587172148,-0.3100684897678917,0.024805479181431375,0.3596794481307545,0.6945534170800776,1.0294273860294008,1.3643013549787237,1.699175323928047,2.03404929287737,2.03404929287737,2.03404929287737,1,1,1,1
19018,ΜΑΓΟΥΛΑ,0.03337158778469641,-0.3675991689966158,0.017636709312229142,-0.053055110556757955,0.4377195867747333,0.7795886049033637,1.2317552833487524,0.9999536590226492,0.734149346095068,0.8681644573776428,0.0972321677314904,-0.3335964803951378,-0.7683396592636969,-0.05328537707098918,0.20929520465735485,-0.4312294824291786,0.9598105300416717,1.0393292329561892,0.8659385477400743,-2.64485823923872,-3.183528371530307,0.36426456873497154,-0.3081904083249589,0.117342109974351,-0.060884172040619716,-0.3967662607992381,-0.15421886580901092,0,0,0,0
19100,ΑΓ. ΤΡΙΑΔΑ,0.7749454292189776,0.7749454292189776,0.7749454292189776,0.7749454292189776,0.7749454292189776,0.7749454292189776,0.7749454292189776,0.7749454292189776,-0.5124691022419613,-1.1917930992746564,-0.6045513831696668,-0.8755860213719697,-1.1483580611012105,-1.0093659389461833,0.18596631158705004,0.6498525192794531,0.7732080276920397,1.1745477804146807,1.6940308369690944,1.7061926476576594,-1.0927612122391996,-0.559378943469283,-0.6445116182892371,-1.0944986137661374,-1.3325226229566214,-1.509737578704281,-0.807827361821394,1,1,1,1
19100,ΒΑΡΕΑ - ΠΑΧΗ,-1.167767710639541,-1.167767710639541,-1.167767710639541,-1.167767710639541,-1.167767710639541,-1.167767710639541,-0.5166598073533529,1.0340221971025843,0.23506202786023525,-0.5824959106847756,-0.4381772208961203,-0.5521815467214369,-0.7165858273569669,1.0208177808976946,1.235993971729491,-0.46774767408735257,1.3202418666705489,1.3144765581867237,1.4403834563657438,1.4403834563657438,0.45600352717585696,1.3031319189121,1.2192559793570954,0.18391816227791544,-0.6520515678767306,-0.7002197903706245,-0.5709652937171253,1,1,1,1
19100,ΒΛΥΧΑΔΑ,-0.9594071594611551,-1.1217579221665173,-0.6288375341936105,-0.4107398228484554,-0.33543254135259465,-2.017621166974419,1.4665631230126446,1.4646070897270378,0.7139793163754388,-0.06158788136764652,-0.21660351925198323,-0.9647862509965738,-0.956473109532745,-0.8752977281800639,-0.27235046789177625,-0.3471687410662353,0.07729048191043432,1.7995777898871974,1.9032475540243565,1.516930980117019,1.0477274957320943,0.5785240113471698,0.23328413643757442,-0.41758593934807914,-0.41660792270527575,-0.6102552179803462,-0.18921905325348842,1,1,1,1
19100,ΓΕΡΜΑΝΙΚΟΣ ΔΡΟΜΟΣ ΒΟΡΕΙΟ,-1.1931415127211609,-1.1931415127211609,-1.1931415127211609,-1.1931415127211609,-1.1931415127211609,-1.1931415127211609,0.5382567856975509,2.1426009272790534,3.047226523959983,0.22139476673310207,0.1558421872634695,-0.025274433990268224,-0.7065793329724047,0.018476388711936003,0.095445428650999,0.5540188666037322,0.5980643076406315,0.7808013297351915,-0.48620481862056125,-0.5086694666410533,-0.6492024122905578,0.29519665957419405,0.4656333661952388,0.4454520102686328,0.020244098720105873,0.033722887532401116,0.12240300627558948,1,1,1,1
19100,ΓΗΠΕΔΟ-ΝΕΟ ΜΕΛΙ,-1.6815323811358882,-1.6815323811358882,-1.6815323811358882,-1.6815323811358882,-1.6815323811358882,-1.6815323811358882,0.4695295685224658,1.3913415907032336,1.591417042126816,0.3517318854877187,0.49050036558742505,0.3488220619715282,0.21326442161382525,-0.053134938230513316,0.20854850074275785,0.22841557164640344,0.2954418512607229,0.5736811826536987,0.962794823887727,0.9641995662748535,-0.07641352636003744,0.8330568305624051,0.7528861757542594,0.3509291755522179,0.08272371835300248,-0.08694909426348586,0.19640751296830777,1,1,1,1
19100,ΗΡΕΜΟ ΚΥΜΑ,0.3315261673231646,0.3315261673231646,0.3315261673231646,0.3315261673231646,0.3315261673231646,0.3315261673231646,0.3315261673231646,1.7411138410143274,0.3623811970468191,-2.4860252311263373,2.02368095532569,0.8917885491474171,-0.8913073790932474,-0.8701960429665365,-0.42198613750713443,-0.4674567076262042,-0.4024987503132474,0.8414461322298756,1.0476876466985134,1.0817905742878158,-0.8247254728474667,0.27306400574150347,0.18537076336901176,-0.7792549027283969,-1.287550918702284,-1.4174668333281977,-0.920538459884078,1,1,1,0
19100,ΚΑΝΤΗΛΙ,-1.3992941278510183,-1.3992941278510183,-1.3992941278510183,-1.3992941278510183,-1.3992941278510183,-1.3992941278510183,1.243538432096941,1.243538432096941,0.6681511938585378,-1.1708315479622406,0.572253320818804,0.05327659613318554,-0.5362132704934137,-0.18364756078850983,0.3353291638971086,0.425585985581564,0.4340475626144817,1.5143088971503071,1.5650783593478133,1.5763604620583702,-0.3528791014468637,0.5919970005622786,0.5581506924306079,0.08994342994249555,-0.18364756078850983,-0.2992891135717183,0.2507133935679317,1,1,1,1
19100,ΚΟΥΜΙΝΔΡΙ,-0.3224075886395178,-0.3224075886395178,-0.3224075886395178,-0.3224075886395178,-0.3224075886395178,-0.3224075886395178,-0.3224075886395178,-0.2813185567764909,2.320986794548544,0.08065624773112672,-0.03674098616323576,1.516815742372161,1.8592243412307183,2.5792607091161415,1.2722381717589057,-0.49067695722143734,-0.4515445459233165,0.3408867828636302,-0.35371351767801446,-0.35371351767801446,-1.238106013015545,-0.6432933612841085,-0.6804691520173234,-0.7704736980030013,-0.8193892121256523,-0.8800444496377395,-0.7137317016207261,1,1,1,1
19100,ΛΑΚΚΑ,-0.7819436478499655,-0.7819436478499655,-0.7819436478499655,-0.7819436478499655,-0.7819436478499655,-0.7819436478499655,-0.13679655247551342,3.066880669813976,3.5019058349360512,0.11948852912018891,0.03785024669529349,-0.01968313896904785,-0.0838112605395785,-0.07357804965066404,-0.08699492614946301,-0.1927381053349125,-0.21206750368063984,0.03671322326319188,0.16838053670055803,0.17156420231044253,-0.3255424422043803,-0.18773520223366544,-0.20706460057939277,-0.10950799010507484,-0.34669107804147015,-0.38466766067366387,-0.04424284510244257,1,1,1,1
19100,ΜΕΓΑΡΑ ΔΥΤΙΚΗΣ ΑΤΤΙΚΗΣ,-0.9455695737162251,-1.3330465627975223,-1.3322343594955088,-1.3250645648294581,-1.222474885682021,-1.3333266329016649,0.24836928024371022,-0.23525577558974423,0.5854896646001667,0.09769156421498744,0.5689375214453386,0.06892836451954167,-0.057215210386288705,0.031819075720646184,0.19014270559246213,0.27057883950221895,0.41240634024003536,3.8366554615292108,0.12152553007752333,0.1197610884214249,-0.3548737170690518,0.16913744778176656,0.15695439825156315,0.14211068273200497,0.3556641371407431,0.18322497402013974,0.5796642064340005,1,1,1,1
19100,ΝΕΚΡΟΤΑΦΕΙΟ ΒΛΥΧΟ,-1.1392255040690582,-1.1392255040690582,-1.1392255040690582,-1.1392255040690582,-1.1392255040690582,-1.1392255040690582,-1.1392255040690582,-1.1392255040690582,-1.1248659975654034,-1.05511982311908,0.764434786701179,0.5121177438512445,-1.3217963724726693,0.6700723153914474,0.8464891095792065,0.8752081225865161,0.8239241707877489,0.37672811110249926,0.6141728079307912,0.8516175047590832,1.0890622015873752,1.3265068984156672,1.2300930690339849,1.2998392434803083,0.48134737277198425,0.2762115655769156,0.5777612021536666,1,1,1,1
19200,ΕΛΕΥΣΙΝΑ,0.44121577228354275,-0.9769918568698617,0.04336094342975318,-0.003725441589866931,-0.08601577171831791,-1.2316662406294643,0.5515569369277624,0.3654578282752023,0.5219395120754966,0.031951436450736635,1.6826942764951338,0.7717367749761932,-0.3691548063089903,-0.24965056611167444,1.1146131505114056,-0.4030286275472104,0.3146175381096363,1.509334798692201,0.3075235441330457,-1.303345138101265,-3.4619588302530775,0.3708965569905884,0.9899657646810616,-0.35656296700054196,-0.0789217777417273,-0.4114231870861759,-0.08441962307358503,1,1,0,0
19300,ΑΓ. ΠΑΡΑΣΚΕΥΗ,0.12845244079672785,0.0013943277155683198,0.3402159625986604,0.44845065151964814,0.6696258854016666,0.4531565075596911,0.6413907491614089,0.542567772320507,0.5613911964806788,-1.7162431269001068,0.5660970525207217,0.6931551656018813,-1.8150661037410087,0.03433531999586894,0.2602164099179303,0.9049186874038139,1.0272709444449304,0.9566831038442862,-1.8103602477009657,-2.977412545631616,-1.179775538335211,0.6178614689611942,0.057864600196083665,0.16139343307702847,0.28374569011814504,-0.09272279308529059,0.24139298575775855,0,0,0,0
19300,ΜΕΛΙΣΣΙΑ,-0.4003241168833747,-0.3510556158223423,0.30080455206208667,0.17573835706100435,0.679793021762336,0.7783300238844009,0.994353451613543,0.16815858766699937,0.5774661349432687,0.694952560550346,-0.07439403294116025,-0.06302437885015276,-1.3553750605280033,0.2780652438800717,0.5660964808522613,0.5812560196402712,1.3278633049497626,1.1724780323726602,0.03551262327191208,-3.5989868011534796,-1.491810909620093,0.6153649819132937,-0.26009838309428246,-0.0971333411231752,-0.06681426354715525,-1.154511171586871,-0.032705301274132806,0,0,0,0
19300,ΑΓ. ΓΕΩΡΓΙΟΣ,-0.828394030389131,0.18998005188908879,1.0579901757101218,0.9896429218659459,1.5500904033881877,1.3758049060855393,1.4783257868518032,-0.4080584192474497,-0.5550050150124277,-1.6280569003659882,-1.1462087607645486,-1.0607746934593287,-2.044975148815461,0.15238906227479207,0.44286489111253935,0.18656268919688,0.21048422804234154,0.08404180843061626,-1.8911938276660651,-0.8796544707722629,0.13188488612153934,1.1434242430153416,-0.14150412925516395,0.09087653381503384,0.7606796214879569,0.15580642496700087,0.5829767614930997,0,1,1,1
19300,ΝΕΑ ΖΩΗ,-0.40828051014613037,0.8588556641011418,1.2241791982087222,1.0862248566576078,1.4055636102481504,-0.13748124710135046,0.355577788442447,0.020910774679558566,-0.32142036916950284,-0.6075478923866288,-0.4159446402323034,-0.3776239898014383,-0.9498790362356903,-0.5283518814961743,-0.3878428299163357,1.3110393391853497,0.39645314890203637,1.1833038377491327,-0.382733409858887,-2.5644557743894723,-2.5644557743894723,1.162866157519338,0.2329517070636787,0.28915532769561414,0.24827996723602472,-0.2064584178769076,0.07711439531149403,0,0,0,0
19300,ΠΑΡΑΛΙΑ,-0.07912955012154102,1.5517523506651827,-0.5462612298379645,-0.3689143506745539,0.19611280634007222,-0.4604253403228738,-0.2504466353933956,-0.19688787788604564,0.6792057051812027,1.5822560138812891,-0.15290585185351982,-0.3150008994088771,0.3642376477869855,-0.7040999522933999,-0.583149380703954,2.0483236123227324,-0.3405388500084082,-0.22561807231051817,2.520775698414058,-1.3705695241894968,-0.9937074059672494,-0.6168452877450019,-0.6257126317031725,1.4698180924916868,-0.8016407358332758,-0.9037925382314003,-0.8768358125985618,1,1,1,1
19300,ΝΕΟΚΤΙΣΤΑ,0.1497081017156931,-0.08683998352473268,0.04143468276686236,-0.04870427192452875,0.4555938444110351,0.20011124501945915,1.192973163114279,1.3124472805750578,1.1665715166218302,-1.5266631089058589,0.07263662862157468,0.14784131863036845,-1.7749452592540396,0.19051064629493228,0.08810425989997907,1.0252293687329623,1.2463098226949838,0.8692196394594008,-1.5442642065674914,-1.9642904007655417,-2.1336342949342795,0.6774743482667671,0.46359434334814087,0.38252262078546956,0.24811423864209348,-0.06497195309664372,-0.7860835906277727,0,0,0,0
19300,ΑΣΠΡΟΠΥΡΓΟΣ,-0.018368182118961098,-0.36365769249595986,-0.007038275391377526,0.02649703676753962,0.7314656449429334,0.47784537990729264,0.7008385441365511,0.6940224237790477,1.0400995747306911,-0.06929217465657603,-0.283984818983808,0.18975069279681198,-0.8029793699382511,-0.11191564729216448,0.166091181689211,0.7531257607456667,0.9796330136925714,0.8722412507265721,-0.5230034395202636,-3.024216672041487,-3.061902244151417,0.8540346359049739,0.17817843512318385,0.5261640997749284,0.21895398179518247,-0.2499950988010573,0.10741195887816989,0,0,0,0
19300,ΒΕΛΑΝΙΔΙΕΣ,2.226840355714506,0.10400588817348828,0.07057542411772423,-0.013000736021685916,0.4884562248147749,0.43831052873112886,-2.1191199715348215,0.5386019208984211,-0.14672259224474216,-0.07986166413321404,-2.1191199715348215,-0.3473053765793265,-0.7484709452484951,-0.7317557132206132,-0.631464321053321,0.2377277443965445,1.8758204831289833,1.742098626905927,0.20429728034078046,0.41602355269395264,0.6277498250471253,0.8394760974002975,-0.38073584063509053,-0.7484709452484951,-0.6983252491648491,-0.6147490890254389,-0.43088153671873664,1,1,0,1
19300,ΓΕΡΜΑΝΙΚΑ,-0.12490405408935758,-0.2891398825162091,0.005580558220416213,0.09236939966433041,0.8969742838839517,0.7902963329424738,1.0931532275644662,1.2308702433278995,1.1015910315937356,-0.3042073897113331,-0.19903618948936763,-0.05499082070398224,-1.190176812784624,0.2996982986692366,0.5061231472424353,0.5055204469546304,0.7755301758912523,0.6625238719278224,-1.2468306398382902,-2.7553894602141042,-2.7599097123726417,0.7194790491253911,0.0007589559179765348,0.09749235211067257,0.11828551203994368,-0.12821890567228486,0.15655698031555865,0,0,0,0
19300,ΓΚΟΡΥΤΣΑ,0.13782845424077625,-0.2202413444053643,0.035522797484736086,-0.10514748055481912,1.352708128218753,1.5445312346363282,1.275978885651723,-0.6166757643350199,0.035522797484736086,0.1250402471462712,-1.2305097048712608,-0.6294639714295249,-2.2152016511481474,-1.8571318525020069,-1.4351210183833412,-0.45042907210645466,1.4166491636912781,1.5061666133528133,-0.2202413444053643,0.27423599658216335,0.7687133375696903,1.263190678557218,-0.4760054862954647,-0.32254700116140445,-0.2202413444053643,-0.14351210183833418,0.4063808032253816,1,1,1,1
19300,ΘΕΣΗ ΒΛΑΒΙΑΝΟΥ,-0.09031786515616805,-0.38428395777405294,0.19028613234272207,0.16356194210473252,0.8316666980544709,0.5443816529960834,1.2926589796597905,2.0409363063234975,1.8137806893005863,-1.0724318564022834,-0.5446290992019901,-0.4110081480120425,-2.335149845147289,-0.5847153845589744,-0.2773871968220948,0.5777868907935704,1.1590380284698427,0.7848993651379892,-1.9676922293749328,-1.1481503954099208,-0.3286085614449078,0.4909332725201043,-0.350878719976566,-0.11704205539415759,0.15688089454523516,-0.4310512906905346,-0.0034642468827020658,0,1,1,1
19300,ΚΑΜΠΟΛΗ,-1.0358327442374673,-0.3680538848403467,-0.08509674102800738,-0.1530064555429688,0.4751584037204244,0.32802068893800795,0.5826821183691133,0.17522383127934474,-0.10207416965674775,-1.5621330317284183,-0.6396927429001924,-0.47557759948903555,-1.912999890055719,-0.29448502744913846,-0.305803313201632,0.028086116496928323,0.33367983181425476,0.11863240251687689,-1.7658621752733026,-0.10773331253299452,1.5503955502073137,3.2085244129476216,0.5600455468641261,0.7128424045227894,0.48647668947291794,-0.08509674102800738,0.33367983181425476,0,0,1,1
19300,ΚΑΤΩ ΦΟΥΣΑ,-1.0410790304656679,-1.2567501339636706,-1.0410790304656679,0.1810572226896814,-0.1783946164736566,-0.3221753521389918,1.6188645793430334,1.4750838436776983,1.2594127401796953,-0.034613880808321396,1.2594127401796953,1.4031934758450306,-0.5378464556369946,-1.4005308696290057,-1.2567501339636706,0.612399429685687,1.2594127401796953,1.1156320045143602,-0.825407926967665,-0.1783946164736566,0.4686186940203518,1.1156320045143602,-0.9691886626330002,-0.8972982948003326,-0.7535175591349974,-0.6816271913023298,-0.3940657199716594,1,1,1,1
19300,ΚΟΥΤΑΛΑ,0.7065649825662741,-1.205556151129783,-0.32641999770630853,0.17908329051218935,0.7834893959908281,0.398867328868058,1.6076795398253354,1.7285607609210631,2.761545741193646,-0.17257117085720047,0.552716155717166,0.6955757806484806,-0.5791716418155575,-0.7440096705824589,-0.722031266746872,-0.4363120168842428,-0.16158196893940702,-0.23850638236396104,-2.0627139007176707,-1.48394926638055,-0.9051846320434295,-0.32641999770630853,-0.04070074784367928,0.04721286749866817,0.0582020694164616,-0.19454957469278733,0.08018047325204847,0,1,1,1
19300,ΜΑΚΡΥ ΛΙΘΑΡΙ,-0.055821920222020364,-0.3389629670548467,-0.08253333973455115,-1.3646814763360289,-2.306259014152739,-2.321618080372444,0.37022522100284566,0.380909788807858,0.2814097511236808,0.33750373209999546,0.5471883752733621,-0.13662396424742598,-2.3429872159824687,0.30878895612402485,0.5124635299070721,0.8289938511305619,1.084087907475231,0.943185169546631,-0.7509866130356341,-0.2980054571356327,0.15497569876436862,0.6079568546643697,0.47172861515046266,0.576570936737146,0.9117992516194073,0.6587085517381781,1.0219838571085968,1,1,0,0
19300,ΡΟΥΠΑΚΙ,-0.10776985125435734,-0.2235084064515408,0.14744850123173953,0.04951587760335352,0.6519498956810008,0.8240739008460428,1.0080685270569498,0.8507827981992391,0.6845941035571295,0.7795590719240493,-0.09886688546995862,-0.16118764596074972,-2.8113037944501045,-0.03357846971770127,0.1741573985849357,0.18602801963080068,0.874524040290969,0.8329768666304416,0.6489822404195346,-2.8528509681106318,-1.047032741508423,0.7587854850937855,0.025774635511623577,0.12370725914000959,0.12370725914000959,-1.5025678241434914,0.09403070652534716,0,0,0,0
19300,ΣΙΔΕΡΑ,0.5060765069148735,-0.5882662077188162,-0.32496312785737785,-0.23948045652511707,-0.07934611792675204,-0.2037655633702591,-0.12136767167709356,0.07832039696033681,0.9563172329054821,-1.0558502503470046,0.19663883378430003,1.9696330690189374,-1.1053438258898212,-0.3719888796889183,1.8517944868055003,-0.4260067987024079,-0.055696140693688716,2.364210660188539,-1.137973939405584,-1.3748164650294499,-1.3863329756820721,-0.09099972989666731,1.783380929476233,-0.4196315874482777,-0.20671324169206123,-0.31673704881979065,-0.20109208768304326,0,1,1,1
19300,ΤΡΥΠΑ ΑΛΕΠΟΥ (Θ. 14),0.07519009501739937,-0.15643836340477218,0.09220453937562233,0.2758832000609837,0.5457941582891569,0.40039799740979715,1.0395997365948548,1.138592867406334,1.005570847878409,-1.0578172224733562,0.08756423636883424,0.17534330158057537,-1.5373151998414576,0.10187183730643082,0.272789664723125,0.8474138537303819,1.1308590290616871,1.003250696375015,-1.503673003042244,-2.4939910030742665,-2.500178073749984,0.7403001926570238,0.14247448861582648,0.2619622910406195,0.10844559989938059,-0.22024252974810823,0.024146761942730514,0,0,0,0
19300,ΨΑΡΙ,-0.32824016864475414,1.5818583354068623,-0.4992486149269978,-0.507552875239004,-0.4819283005619561,-0.489342818697676,-0.5008501508443133,-0.5000197248131126,-0.3958012578974338,2.474151105931937,-0.5381600061032558,-0.38921716579291454,1.5620467429482188,-0.5245172927335312,-0.29798893465101695,2.59313929297397,-0.4790218094527539,-0.17621288878995342,-0.5085019335603762,-0.6318795153387553,-0.5471167440112055,-0.4623539726836556,-0.3102673766837691,1.84344253523506,-0.48169103598161306,-0.5146114965042095,-0.4901139285837909,1,1,1,1
19400,ΑΓ. ΔΗΜΗΤΡΙΟΣ,0.9181127902513807,-0.5719771713967652,-0.5577833117068914,-0.3493856147649136,1.9867645067151452,-0.5422629230740389,-0.4832323851114799,-0.4832323851114799,-0.40775288825598316,2.0836011195526014,-0.5431914933341241,-0.0027636019645392376,0.8876026245628671,-0.5867016426638305,-0.4689058725273083,2.217049931216274,-0.5267425344411863,-0.5388139478222939,-0.5424287391919113,-0.5460435305615287,-0.5496583219311459,-0.5532731133007633,-0.46214057491811616,2.3703966770246296,-0.5820587913634044,-0.5886914360782988,-0.5764873698028933,1,1,1,1
19400,ΑΓ. ΜΑΡΙΝΑ,0.33749516074041574,-0.8544952376684636,-0.8006734780693714,-0.42893561052781576,1.4094730641426236,-0.5783662101600778,-0.2150971909198285,-0.2138714365604289,-0.20283964732583237,1.3644544494883106,-0.729468293009703,-0.5574169538357935,1.0452011549719566,-0.8362203544919603,-0.9094313194124645,1.4416769741304862,-0.43751589104361305,-0.794879002915846,2.653502306718741,1.5809300981725816,0.5083578896264224,-0.5642143189197368,-0.5336818921492373,0.9565011122372209,-0.9641445367274836,-0.833768845773161,-0.8425719907179401,1,1,1,1
19400,ΚΟΡΩΠΙ,-0.2925305356947306,-0.2989445897422988,-0.25404621140932143,-0.14792277171319312,-0.1776606586610093,-0.1939873416911829,0.004848333783431158,0.005431429605937357,-0.027221936454409817,-0.20739854560882548,-0.21497879130140607,-0.21031402472135646,-0.293696727339743,-0.2977783980972864,-0.2773700443095694,-0.1531706341157489,-0.14034252602061253,-0.1694973171459225,-0.16381213287648705,-0.15812694860705162,-0.15244176433761616,-0.1467565800681807,4.978655699761313,-0.0528781526446826,-0.4243101915811317,-0.23130547433157966,-0.302443164677336,1,1,1,1
19443,ΑΓ. ΜΑΡΙΝΑ,-1.066235670938832,-1.2145375621161887,-0.7755639642312132,0.2566171983631888,0.35153040871669705,0.16763606365677483,1.8879380013141116,1.8879380013141116,1.609130445900681,-0.20015262646306956,-0.277269609875295,-0.41370734975846307,-0.7459035859957419,-1.0780998222330207,-2.4840017505943615,0.7905040066016726,0.956602124720312,0.5116964511882421,0.4657228649232616,0.41974927865828104,0.3737756923933005,0.32780210612831995,0.24475304706900028,0.32780210612831995,-0.3632847067581618,-1.0543715196446437,-0.906069628467287,1,1,1,1
19500,ΛΑΥΡΙΟ,-0.6684688016738993,-0.6684688016738993,-0.6684688016738993,-0.3892773388470182,1.9986819696604476,-0.6684688016738993,-0.6684688016738993,-0.6684688016738993,-0.38768133009046796,1.99416911731434,-0.6684688016738993,-0.5484379362243769,1.1920371301860542,-0.6684688016738993,-0.6074077080396741,1.4271457304613226,-0.6684688016738993,-0.6684688016738993,-0.6684688016738993,-0.668441284281545,-0.6684137668891907,-0.6683862494968364,-0.6042156905265735,1.3208460437966032,1.3208460437966032,1.3208460437966032,1.3208460437966032,1,1,1,1
19600,ΜΑΝΔΡΑ ΔΥΤΙΚΗΣ ΑΤΤΙΚΗΣ,0.310412957272021,-0.08135105903978568,-0.47311507535159236,-0.47311507535159236,-0.47311507535159236,-0.47311507535159236,-0.47311507535159236,-0.47311507535159236,-0.47311507535159236,-0.47311507535159236,-0.47311507535159236,-0.47311507535159236,-0.47311507535159236,-0.47311507535159236,1.7357558211986177,0.6313203729235126,-0.47311507535159236,-0.22390055071155698,3.545031982694518,2.205649630012482,0.8662672773304446,-0.47311507535159236,-0.47311507535159236,-0.47311507535159236,-0.47311507535159236,-0.47311507535159236,-0.47311507535159236,1,1,1,1
